USE [YBNF]
GO
INSERT [dbo].[CMS_Articlecategory] ([Id], [Title], [ParentId], [ClassPath], [ClassLayer], [SortCode], [LinkUrl], [ImgUrl], [SeoTitle], [SeoKeywords], [SeoDescription], [IsHot], [Description], [EnabledMark], [DeleteMark], [CreatorTime], [CreatorUserId], [CompanyId], [DeptId], [LastModifyTime], [LastModifyUserId], [DeleteTime], [DeleteUserId]) VALUES (N'2021011211164796431794', N'公告', N'', NULL, 1, 99, N'', NULL, NULL, NULL, NULL, NULL, N'', 1, 0, CAST(N'2021-01-12T11:16:47.963' AS DateTime), N'9f2ec079-7d0f-4fe2-90ab-8b09a8302aba', N'2020101619434422287774', N'2020101619392209546893', NULL, NULL, NULL, NULL)
GO
INSERT [dbo].[CMS_Articlecategory] ([Id], [Title], [ParentId], [ClassPath], [ClassLayer], [SortCode], [LinkUrl], [ImgUrl], [SeoTitle], [SeoKeywords], [SeoDescription], [IsHot], [Description], [EnabledMark], [DeleteMark], [CreatorTime], [CreatorUserId], [CompanyId], [DeptId], [LastModifyTime], [LastModifyUserId], [DeleteTime], [DeleteUserId]) VALUES (N'2021011211165664517119', N'通知', N'', NULL, 1, 99, N'', NULL, NULL, NULL, NULL, NULL, N'', 1, 0, CAST(N'2021-01-12T11:16:56.647' AS DateTime), N'9f2ec079-7d0f-4fe2-90ab-8b09a8302aba', N'2020101619434422287774', N'2020101619392209546893', NULL, NULL, NULL, NULL)
GO
INSERT [dbo].[Sys_APP] ([Id], [AppId], [AppSecret], [EncodingAESKey], [RequestUrl], [Token], [IsOpenAEKey], [DeleteMark], [EnabledMark], [Description], [CreatorTime], [CreatorUserId], [CompanyId], [DeptId], [LastModifyTime], [LastModifyUserId], [DeleteTime], [DeleteUserId]) VALUES (N'201806291558018946', N'system', N'87135AB0160F706D8B47F06BDABA6FC6', N'A4F1DAA293D5A0655136A176A9C03666', N',localhost:5001,localhost:9528,', N'0099', 1, 0, 1, N'', CAST(N'2018-06-29T15:58:05.543' AS DateTime), N'9f2ec079-7d0f-4fe2-90ab-8b09a8302aba', NULL, NULL, CAST(N'2020-10-15T17:14:18.207' AS DateTime), N'2020100517554098226223', NULL, NULL)
GO
INSERT [dbo].[Sys_APP] ([Id], [AppId], [AppSecret], [EncodingAESKey], [RequestUrl], [Token], [IsOpenAEKey], [DeleteMark], [EnabledMark], [Description], [CreatorTime], [CreatorUserId], [CompanyId], [DeptId], [LastModifyTime], [LastModifyUserId], [DeleteTime], [DeleteUserId]) VALUES (N'201807031608165724', N'wmsapp', N'B8548D08B8BA023677939E3AE8A4388E', N'39641FFDAED557D2D6F2F1FC08A37696', N',192.168.1.110,localhost,192.168.1.110:809,192.168.1.107:809,192.168.1.88:809,192.168.31.246:809,192.168.1.110:810,192.168.1.110:811,192.168.1.110:809,192.168.31.246:809;192.168.31.246:809', N'00990l', 1, 0, 1, N'', CAST(N'2018-07-03T16:08:16.413' AS DateTime), N'9f2ec079-7d0f-4fe2-90ab-8b09a8302aba', N'5AB270C0-5D33-4203-A54F-4552699FDA3C', N'80E10CD5-7591-40B8-A005-BCDE1B961E76', CAST(N'2020-10-15T17:14:18.207' AS DateTime), N'2020100517554098226223', NULL, NULL)
GO
INSERT [dbo].[Sys_APP] ([Id], [AppId], [AppSecret], [EncodingAESKey], [RequestUrl], [Token], [IsOpenAEKey], [DeleteMark], [EnabledMark], [Description], [CreatorTime], [CreatorUserId], [CompanyId], [DeptId], [LastModifyTime], [LastModifyUserId], [DeleteTime], [DeleteUserId]) VALUES (N'201807031638418753', N'crmapp', N'393C2FA175AE2EBB3D4916E586827F51', NULL, N',192.168.1.110,localhost,192.168.1.110:809,192.168.1.107:809,192.168.1.88:809,192.168.31.246:809,192.168.1.110:810,192.168.1.110:811', N'00990l1', 0, 0, 1, NULL, CAST(N'2018-07-03T16:38:41.517' AS DateTime), N'201806202328082008', N'201806131523019338', N'201806122217567448', CAST(N'2020-10-15T17:14:49.340' AS DateTime), N'2020100517554098226223', NULL, NULL)
GO
INSERT [dbo].[Sys_APP] ([Id], [AppId], [AppSecret], [EncodingAESKey], [RequestUrl], [Token], [IsOpenAEKey], [DeleteMark], [EnabledMark], [Description], [CreatorTime], [CreatorUserId], [CompanyId], [DeptId], [LastModifyTime], [LastModifyUserId], [DeleteTime], [DeleteUserId]) VALUES (N'201807031645057091', N'crmwapp', N'CADB0412E4A16A6448F16E062870CB45', N'B2CA7B802B4619B9566A74BFB3FEBBA6', N',192.168.1.110,localhost,192.168.1.110:809,192.168.1.107:809,192.168.1.88:809,192.168.31.246:809,192.168.1.110:810,192.168.1.110:811', NULL, 1, 0, 1, NULL, CAST(N'2018-07-03T16:45:05.187' AS DateTime), N'201806202328082008', N'201806131523019338', N'201806122217567448', CAST(N'2020-10-15T17:14:18.207' AS DateTime), N'2020100517554098226223', NULL, NULL)
GO
INSERT [dbo].[Sys_APP] ([Id], [AppId], [AppSecret], [EncodingAESKey], [RequestUrl], [Token], [IsOpenAEKey], [DeleteMark], [EnabledMark], [Description], [CreatorTime], [CreatorUserId], [CompanyId], [DeptId], [LastModifyTime], [LastModifyUserId], [DeleteTime], [DeleteUserId]) VALUES (N'201904071956284182', N'zhantucar', N'B5B54305A3D65371F201C958FF7BF8D0', NULL, N',192.168.1.110,localhost,192.168.1.110:809,192.168.1.107:809,192.168.1.88:809,192.168.31.246:809,192.168.1.110:810,192.168.1.110:811', N'zhantucar', 0, 0, 1, NULL, CAST(N'2019-04-07T19:56:28.920' AS DateTime), N'9f2ec079-7d0f-4fe2-90ab-8b09a8302aba', N'5AB270C0-5D33-4203-A54F-4552699FDA3C', N'80E10CD5-7591-40B8-A005-BCDE1B961E76', CAST(N'2020-10-15T17:14:18.207' AS DateTime), N'2020100517554098226223', NULL, NULL)
GO
INSERT [dbo].[Sys_APP] ([Id], [AppId], [AppSecret], [EncodingAESKey], [RequestUrl], [Token], [IsOpenAEKey], [DeleteMark], [EnabledMark], [Description], [CreatorTime], [CreatorUserId], [CompanyId], [DeptId], [LastModifyTime], [LastModifyUserId], [DeleteTime], [DeleteUserId]) VALUES (N'201909031645057091', N'wxapplet', N'818C57B349758BB399CD67DCF9506B73', N'Q2CA7B802B4619B9566A74BFB3FEBBA8', N',192.168.1.110,localhost, 192.168.1.110:809, 192.168.1.102:809, 192.168.1.88:809, 192.168.0.64:812, 192.168.1.110:810, 192.168.1.110:811, api.qichetester.com, doc.api.qichetester.com, opp.api.qichetester.com, cms.api.qichetester.com,192.168.4.229', N'009900', 1, 0, 1, N'', CAST(N'2019-09-03T16:45:05.187' AS DateTime), N'201806202328082008', N'201806131523019338', N'201806122217567448', CAST(N'2020-10-15T17:14:18.207' AS DateTime), N'2020100517554098226223', NULL, NULL)
GO
INSERT [dbo].[Sys_APP] ([Id], [AppId], [AppSecret], [EncodingAESKey], [RequestUrl], [Token], [IsOpenAEKey], [DeleteMark], [EnabledMark], [Description], [CreatorTime], [CreatorUserId], [CompanyId], [DeptId], [LastModifyTime], [LastModifyUserId], [DeleteTime], [DeleteUserId]) VALUES (N'2020030615305549714879', N'wmspda', N'B679197AD12EB30D641730D50CB0D68C', N'9A511437956FAB1C5B2CDAF18BFAB6B0', N'172.20.88.11,netcoreapi.ts.yuebon.com,localhost:8080,localhost', N'F7468', 0, 0, 1, NULL, CAST(N'2020-03-06T15:30:55.497' AS DateTime), N'9f2ec079-7d0f-4fe2-90ab-8b09a8302aba', N'201806131523019338', N'201906060900443360', CAST(N'2020-10-15T17:14:31.970' AS DateTime), N'2020100517554098226223', NULL, NULL)
GO
INSERT [dbo].[Sys_FilterIP] ([Id], [FilterType], [StartIP], [EndIP], [SortCode], [DeleteMark], [EnabledMark], [Description], [CreatorTime], [CreatorUserId], [LastModifyTime], [LastModifyUserId], [DeleteTime], [DeleteUserId]) VALUES (N'2020042315450071372463', 0, N'192.168.1.101', N'192.168.1.199', 99, NULL, 0, N'', NULL, NULL, CAST(N'2020-12-30T11:38:29.337' AS DateTime), N'2020100517554098226223', NULL, NULL)
GO
INSERT [dbo].[Sys_Items] ([Id], [ParentId], [EnCode], [FullName], [IsTree], [Layers], [SortCode], [DeleteMark], [EnabledMark], [Description], [CreatorTime], [CreatorUserId], [LastModifyTime], [LastModifyUserId], [DeleteTime], [DeleteUserId]) VALUES (N'201806291944303740', N'77070117-3F1A-41BA-BF81-B8B85BF10D5E', N'QuestionType', N'问题类型', 0, 2, 99, 0, 1, NULL, CAST(N'2018-06-29T19:44:30.390' AS DateTime), N'9f2ec079-7d0f-4fe2-90ab-8b09a8302aba', NULL, NULL, NULL, NULL)
GO
INSERT [dbo].[Sys_Items] ([Id], [ParentId], [EnCode], [FullName], [IsTree], [Layers], [SortCode], [DeleteMark], [EnabledMark], [Description], [CreatorTime], [CreatorUserId], [LastModifyTime], [LastModifyUserId], [DeleteTime], [DeleteUserId]) VALUES (N'77070117-3F1A-41BA-BF81-B8B85BF10D5E', N'', N'Sys_Items', N'通用字典', 0, 1, 1, 0, 1, NULL, NULL, NULL, NULL, NULL, NULL, NULL)
GO
INSERT [dbo].[Sys_Items] ([Id], [ParentId], [EnCode], [FullName], [IsTree], [Layers], [SortCode], [DeleteMark], [EnabledMark], [Description], [CreatorTime], [CreatorUserId], [LastModifyTime], [LastModifyUserId], [DeleteTime], [DeleteUserId]) VALUES (N'9EB4602B-BF9A-4710-9D80-C73CE89BEC5D', N'77070117-3F1A-41BA-BF81-B8B85BF10D5E', N'OrganizeCategory', N'机构分类', 0, 2, 2, 0, 1, NULL, NULL, NULL, CAST(N'2020-10-19T15:55:04.537' AS DateTime), N'2020100517554098226223', NULL, NULL)
GO
INSERT [dbo].[Sys_Items] ([Id], [ParentId], [EnCode], [FullName], [IsTree], [Layers], [SortCode], [DeleteMark], [EnabledMark], [Description], [CreatorTime], [CreatorUserId], [LastModifyTime], [LastModifyUserId], [DeleteTime], [DeleteUserId]) VALUES (N'D94E4DC1-C2FD-4D19-9D5D-3886D39900CE', N'77070117-3F1A-41BA-BF81-B8B85BF10D5E', N'RoleType', N'角色类型', 0, 2, 3, 0, 1, NULL, NULL, NULL, CAST(N'2020-10-16T16:45:28.830' AS DateTime), N'2020100517554098226223', NULL, NULL)
GO
INSERT [dbo].[Sys_Items] ([Id], [ParentId], [EnCode], [FullName], [IsTree], [Layers], [SortCode], [DeleteMark], [EnabledMark], [Description], [CreatorTime], [CreatorUserId], [LastModifyTime], [LastModifyUserId], [DeleteTime], [DeleteUserId]) VALUES (N'0DF5B725-5FB8-487F-B0E4-BC563A77EB04', N'77070117-3F1A-41BA-BF81-B8B85BF10D5E', N'DbType', N'数据库类型', 0, 2, 4, 0, 1, NULL, NULL, NULL, NULL, NULL, NULL, NULL)
GO
INSERT [dbo].[Sys_Items] ([Id], [ParentId], [EnCode], [FullName], [IsTree], [Layers], [SortCode], [DeleteMark], [EnabledMark], [Description], [CreatorTime], [CreatorUserId], [LastModifyTime], [LastModifyUserId], [DeleteTime], [DeleteUserId]) VALUES (N'9a7079bd-0660-4549-9c2d-db5e8616619f', N'77070117-3F1A-41BA-BF81-B8B85BF10D5E', N'DbLogType', N'系统日志', NULL, NULL, 16, NULL, 1, NULL, CAST(N'2016-07-19T17:09:45.977' AS DateTime), NULL, NULL, NULL, NULL, NULL)
GO
INSERT [dbo].[Sys_Items] ([Id], [ParentId], [EnCode], [FullName], [IsTree], [Layers], [SortCode], [DeleteMark], [EnabledMark], [Description], [CreatorTime], [CreatorUserId], [LastModifyTime], [LastModifyUserId], [DeleteTime], [DeleteUserId]) VALUES (N'954AB9A1-9928-4C6D-820A-FC1CDC85CDE0', N'77070117-3F1A-41BA-BF81-B8B85BF10D5E', N'AuditState', N'审核状态', 0, 2, 6, 0, 1, NULL, NULL, NULL, NULL, NULL, NULL, NULL)
GO
INSERT [dbo].[Sys_Items] ([Id], [ParentId], [EnCode], [FullName], [IsTree], [Layers], [SortCode], [DeleteMark], [EnabledMark], [Description], [CreatorTime], [CreatorUserId], [LastModifyTime], [LastModifyUserId], [DeleteTime], [DeleteUserId]) VALUES (N'2748F35F-4EE2-417C-A907-3453146AAF67', N'77070117-3F1A-41BA-BF81-B8B85BF10D5E', N'Certificate', N'证件名称', 0, 2, 7, 0, 1, NULL, NULL, NULL, CAST(N'2020-04-23T19:20:47.243' AS DateTime), N'9f2ec079-7d0f-4fe2-90ab-8b09a8302aba', NULL, NULL)
GO
INSERT [dbo].[Sys_Items] ([Id], [ParentId], [EnCode], [FullName], [IsTree], [Layers], [SortCode], [DeleteMark], [EnabledMark], [Description], [CreatorTime], [CreatorUserId], [LastModifyTime], [LastModifyUserId], [DeleteTime], [DeleteUserId]) VALUES (N'00F76465-DBBA-484A-B75C-E81DEE9313E6', N'77070117-3F1A-41BA-BF81-B8B85BF10D5E', N'Education', N'学历', 0, 2, 8, 0, 1, NULL, NULL, NULL, NULL, NULL, NULL, NULL)
GO
INSERT [dbo].[Sys_Items] ([Id], [ParentId], [EnCode], [FullName], [IsTree], [Layers], [SortCode], [DeleteMark], [EnabledMark], [Description], [CreatorTime], [CreatorUserId], [LastModifyTime], [LastModifyUserId], [DeleteTime], [DeleteUserId]) VALUES (N'FA7537E2-1C64-4431-84BF-66158DD63269', N'77070117-3F1A-41BA-BF81-B8B85BF10D5E', N'101', N'婚姻', 0, 2, 12, 0, 1, NULL, NULL, NULL, NULL, NULL, NULL, NULL)
GO
INSERT [dbo].[Sys_Items] ([Id], [ParentId], [EnCode], [FullName], [IsTree], [Layers], [SortCode], [DeleteMark], [EnabledMark], [Description], [CreatorTime], [CreatorUserId], [LastModifyTime], [LastModifyUserId], [DeleteTime], [DeleteUserId]) VALUES (N'8CEB2F71-026C-4FA6-9A61-378127AE7320', N'77070117-3F1A-41BA-BF81-B8B85BF10D5E', N'102', N'生育', 0, 2, 13, 0, 1, NULL, NULL, NULL, NULL, NULL, NULL, NULL)
GO
INSERT [dbo].[Sys_Items] ([Id], [ParentId], [EnCode], [FullName], [IsTree], [Layers], [SortCode], [DeleteMark], [EnabledMark], [Description], [CreatorTime], [CreatorUserId], [LastModifyTime], [LastModifyUserId], [DeleteTime], [DeleteUserId]) VALUES (N'15023A4E-4856-44EB-BE71-36A106E2AA59', N'77070117-3F1A-41BA-BF81-B8B85BF10D5E', N'103', N'民族', 0, 2, 14, 0, 1, NULL, NULL, NULL, NULL, NULL, NULL, NULL)
GO
INSERT [dbo].[Sys_Items] ([Id], [ParentId], [EnCode], [FullName], [IsTree], [Layers], [SortCode], [DeleteMark], [EnabledMark], [Description], [CreatorTime], [CreatorUserId], [LastModifyTime], [LastModifyUserId], [DeleteTime], [DeleteUserId]) VALUES (N'BDD797C3-2323-4868-9A63-C8CC3437AEAA', N'77070117-3F1A-41BA-BF81-B8B85BF10D5E', N'104', N'性别', 0, 2, 15, 0, 1, NULL, NULL, NULL, NULL, NULL, NULL, NULL)
GO
INSERT [dbo].[Sys_Items] ([Id], [ParentId], [EnCode], [FullName], [IsTree], [Layers], [SortCode], [DeleteMark], [EnabledMark], [Description], [CreatorTime], [CreatorUserId], [LastModifyTime], [LastModifyUserId], [DeleteTime], [DeleteUserId]) VALUES (N'2019111411143998775145', N'77070117-3F1A-41BA-BF81-B8B85BF10D5E', N'sysIndustry', N'行业', 1, 2, 67, 0, 1, NULL, CAST(N'2019-11-14T11:14:39.987' AS DateTime), N'9f2ec079-7d0f-4fe2-90ab-8b09a8302aba', CAST(N'2020-04-23T19:10:26.177' AS DateTime), N'9f2ec079-7d0f-4fe2-90ab-8b09a8302aba', NULL, NULL)
GO
INSERT [dbo].[Sys_Items] ([Id], [ParentId], [EnCode], [FullName], [IsTree], [Layers], [SortCode], [DeleteMark], [EnabledMark], [Description], [CreatorTime], [CreatorUserId], [LastModifyTime], [LastModifyUserId], [DeleteTime], [DeleteUserId]) VALUES (N'2020031518363999932307', N'2020031518574467761393', N'Unit', N'单位', 0, 2, 11, 0, 1, NULL, CAST(N'2020-03-15T18:36:40.000' AS DateTime), N'9f2ec079-7d0f-4fe2-90ab-8b09a8302aba', NULL, NULL, NULL, NULL)
GO
INSERT [dbo].[Sys_Items] ([Id], [ParentId], [EnCode], [FullName], [IsTree], [Layers], [SortCode], [DeleteMark], [EnabledMark], [Description], [CreatorTime], [CreatorUserId], [LastModifyTime], [LastModifyUserId], [DeleteTime], [DeleteUserId]) VALUES (N'2020031518502068403513', N'2020031518574467761393', N'StoreTemperatureLayer', N'存放温层', 0, 2, 15, 0, 1, NULL, CAST(N'2020-03-15T18:50:20.683' AS DateTime), N'9f2ec079-7d0f-4fe2-90ab-8b09a8302aba', NULL, NULL, NULL, NULL)
GO
INSERT [dbo].[Sys_Items] ([Id], [ParentId], [EnCode], [FullName], [IsTree], [Layers], [SortCode], [DeleteMark], [EnabledMark], [Description], [CreatorTime], [CreatorUserId], [LastModifyTime], [LastModifyUserId], [DeleteTime], [DeleteUserId]) VALUES (N'2020031518574467761393', N'', N'WMS', N'仓储系统', 0, 1, 2, 0, 1, NULL, CAST(N'2020-03-15T18:57:44.677' AS DateTime), N'9f2ec079-7d0f-4fe2-90ab-8b09a8302aba', NULL, NULL, NULL, NULL)
GO
INSERT [dbo].[Sys_Items] ([Id], [ParentId], [EnCode], [FullName], [IsTree], [Layers], [SortCode], [DeleteMark], [EnabledMark], [Description], [CreatorTime], [CreatorUserId], [LastModifyTime], [LastModifyUserId], [DeleteTime], [DeleteUserId]) VALUES (N'2020031518590238738718', N'2020031518574467761393', N'BillingWays', N'计费方式', 0, 2, 1, 0, 1, NULL, CAST(N'2020-03-15T18:59:02.387' AS DateTime), N'9f2ec079-7d0f-4fe2-90ab-8b09a8302aba', NULL, NULL, NULL, NULL)
GO
INSERT [dbo].[Sys_Items] ([Id], [ParentId], [EnCode], [FullName], [IsTree], [Layers], [SortCode], [DeleteMark], [EnabledMark], [Description], [CreatorTime], [CreatorUserId], [LastModifyTime], [LastModifyUserId], [DeleteTime], [DeleteUserId]) VALUES (N'2020031518590238738819', N'2020031518574467761393', N'OutStockBillStatus', N'出库单状态', 0, 2, 1, 0, 1, NULL, CAST(N'2020-03-15T18:59:02.387' AS DateTime), N'9f2ec079-7d0f-4fe2-90ab-8b09a8302aba', NULL, NULL, NULL, NULL)
GO
INSERT [dbo].[Sys_Items] ([Id], [ParentId], [EnCode], [FullName], [IsTree], [Layers], [SortCode], [DeleteMark], [EnabledMark], [Description], [CreatorTime], [CreatorUserId], [LastModifyTime], [LastModifyUserId], [DeleteTime], [DeleteUserId]) VALUES (N'2020031518590238738223', N'2020031518574467761393', N'OutStockType', N'出库类型', 0, 2, 1, 0, 1, NULL, CAST(N'2020-03-15T18:59:02.387' AS DateTime), N'9f2ec079-7d0f-4fe2-90ab-8b09a8302aba', NULL, NULL, NULL, NULL)
GO
INSERT [dbo].[Sys_ItemsDetail] ([Id], [ItemId], [ParentId], [ItemCode], [ItemName], [SimpleSpelling], [IsDefault], [Layers], [SortCode], [DeleteMark], [EnabledMark], [Description], [CreatorTime], [CreatorUserId], [LastModifyTime], [LastModifyUserId], [DeleteTime], [DeleteUserId]) VALUES (N'201806291944581505', N'201806291944303740', N'', N'系统异常', N'系统异常', N'', 0, NULL, 1, 0, 1, N'', CAST(N'2018-06-29T19:44:58.420' AS DateTime), N'9f2ec079-7d0f-4fe2-90ab-8b09a8302aba', CAST(N'2018-06-30T13:28:59.707' AS DateTime), N'9f2ec079-7d0f-4fe2-90ab-8b09a8302aba', NULL, NULL)
GO
INSERT [dbo].[Sys_ItemsDetail] ([Id], [ItemId], [ParentId], [ItemCode], [ItemName], [SimpleSpelling], [IsDefault], [Layers], [SortCode], [DeleteMark], [EnabledMark], [Description], [CreatorTime], [CreatorUserId], [LastModifyTime], [LastModifyUserId], [DeleteTime], [DeleteUserId]) VALUES (N'201806291945335901', N'201806291944303740', N'', N'新需求', N'新需求', N'', 0, NULL, 2, 0, 1, N'', CAST(N'2018-06-29T19:45:33.393' AS DateTime), N'9f2ec079-7d0f-4fe2-90ab-8b09a8302aba', CAST(N'2018-06-30T13:29:10.963' AS DateTime), N'9f2ec079-7d0f-4fe2-90ab-8b09a8302aba', NULL, NULL)
GO
INSERT [dbo].[Sys_ItemsDetail] ([Id], [ItemId], [ParentId], [ItemCode], [ItemName], [SimpleSpelling], [IsDefault], [Layers], [SortCode], [DeleteMark], [EnabledMark], [Description], [CreatorTime], [CreatorUserId], [LastModifyTime], [LastModifyUserId], [DeleteTime], [DeleteUserId]) VALUES (N'B97BD7F5-B212-40C1-A1F7-DD9A2E63EEF2', N'9EB4602B-BF9A-4710-9D80-C73CE89BEC5D', N'', N'Group', N'集团', NULL, NULL, NULL, 1, 0, 1, NULL, NULL, NULL, NULL, NULL, NULL, NULL)
GO
INSERT [dbo].[Sys_ItemsDetail] ([Id], [ItemId], [ParentId], [ItemCode], [ItemName], [SimpleSpelling], [IsDefault], [Layers], [SortCode], [DeleteMark], [EnabledMark], [Description], [CreatorTime], [CreatorUserId], [LastModifyTime], [LastModifyUserId], [DeleteTime], [DeleteUserId]) VALUES (N'2C3715AC-16F7-48FC-AB40-B0931DB1E729', N'9EB4602B-BF9A-4710-9D80-C73CE89BEC5D', N'', N'Area', N'区域', NULL, NULL, NULL, 2, 0, 1, NULL, NULL, NULL, NULL, NULL, NULL, NULL)
GO
INSERT [dbo].[Sys_ItemsDetail] ([Id], [ItemId], [ParentId], [ItemCode], [ItemName], [SimpleSpelling], [IsDefault], [Layers], [SortCode], [DeleteMark], [EnabledMark], [Description], [CreatorTime], [CreatorUserId], [LastModifyTime], [LastModifyUserId], [DeleteTime], [DeleteUserId]) VALUES (N'D082BDB9-5C34-49BF-BD51-4E85D7BFF646', N'9EB4602B-BF9A-4710-9D80-C73CE89BEC5D', N'', N'Company', N'公司', NULL, NULL, NULL, 3, 0, 1, NULL, NULL, NULL, NULL, NULL, NULL, NULL)
GO
INSERT [dbo].[Sys_ItemsDetail] ([Id], [ItemId], [ParentId], [ItemCode], [ItemName], [SimpleSpelling], [IsDefault], [Layers], [SortCode], [DeleteMark], [EnabledMark], [Description], [CreatorTime], [CreatorUserId], [LastModifyTime], [LastModifyUserId], [DeleteTime], [DeleteUserId]) VALUES (N'2B540AC5-6E64-4688-BB60-E0C01DFA982C', N'9EB4602B-BF9A-4710-9D80-C73CE89BEC5D', N'', N'SubCompany', N'子公司', NULL, NULL, NULL, 4, 0, 1, NULL, NULL, NULL, NULL, NULL, NULL, NULL)
GO
INSERT [dbo].[Sys_ItemsDetail] ([Id], [ItemId], [ParentId], [ItemCode], [ItemName], [SimpleSpelling], [IsDefault], [Layers], [SortCode], [DeleteMark], [EnabledMark], [Description], [CreatorTime], [CreatorUserId], [LastModifyTime], [LastModifyUserId], [DeleteTime], [DeleteUserId]) VALUES (N'A64EBB80-6A24-48AF-A10E-B6A532C32CA6', N'9EB4602B-BF9A-4710-9D80-C73CE89BEC5D', N'', N'Department', N'部门', NULL, NULL, NULL, 5, 0, 1, NULL, NULL, NULL, NULL, NULL, NULL, NULL)
GO
INSERT [dbo].[Sys_ItemsDetail] ([Id], [ItemId], [ParentId], [ItemCode], [ItemName], [SimpleSpelling], [IsDefault], [Layers], [SortCode], [DeleteMark], [EnabledMark], [Description], [CreatorTime], [CreatorUserId], [LastModifyTime], [LastModifyUserId], [DeleteTime], [DeleteUserId]) VALUES (N'D1F439B9-D80E-4547-9EF0-163391854AB5', N'9EB4602B-BF9A-4710-9D80-C73CE89BEC5D', N'', N'SubDepartment', N'子部门', NULL, NULL, NULL, 6, 0, 1, NULL, NULL, NULL, NULL, NULL, NULL, NULL)
GO
INSERT [dbo].[Sys_ItemsDetail] ([Id], [ItemId], [ParentId], [ItemCode], [ItemName], [SimpleSpelling], [IsDefault], [Layers], [SortCode], [DeleteMark], [EnabledMark], [Description], [CreatorTime], [CreatorUserId], [LastModifyTime], [LastModifyUserId], [DeleteTime], [DeleteUserId]) VALUES (N'19EE595A-E775-409D-A48F-B33CF9F262C7', N'9EB4602B-BF9A-4710-9D80-C73CE89BEC5D', N'', N'WorkGroup', N'小组', NULL, 0, NULL, 7, 0, 1, NULL, NULL, NULL, NULL, NULL, NULL, NULL)
GO
INSERT [dbo].[Sys_ItemsDetail] ([Id], [ItemId], [ParentId], [ItemCode], [ItemName], [SimpleSpelling], [IsDefault], [Layers], [SortCode], [DeleteMark], [EnabledMark], [Description], [CreatorTime], [CreatorUserId], [LastModifyTime], [LastModifyUserId], [DeleteTime], [DeleteUserId]) VALUES (N'e5079bae-a8c0-4209-9019-6a2b4a3a7dac', N'D94E4DC1-C2FD-4D19-9D5D-3886D39900CE', N'', N'1', N'系统角色', NULL, 0, NULL, 1, 0, 1, NULL, NULL, NULL, NULL, NULL, NULL, NULL)
GO
INSERT [dbo].[Sys_ItemsDetail] ([Id], [ItemId], [ParentId], [ItemCode], [ItemName], [SimpleSpelling], [IsDefault], [Layers], [SortCode], [DeleteMark], [EnabledMark], [Description], [CreatorTime], [CreatorUserId], [LastModifyTime], [LastModifyUserId], [DeleteTime], [DeleteUserId]) VALUES (N'04aba88d-f09b-46c6-bd90-a38471399b0e', N'D94E4DC1-C2FD-4D19-9D5D-3886D39900CE', N'', N'2', N'业务角色', NULL, 0, NULL, 2, 0, 1, NULL, NULL, NULL, NULL, NULL, NULL, NULL)
GO
INSERT [dbo].[Sys_ItemsDetail] ([Id], [ItemId], [ParentId], [ItemCode], [ItemName], [SimpleSpelling], [IsDefault], [Layers], [SortCode], [DeleteMark], [EnabledMark], [Description], [CreatorTime], [CreatorUserId], [LastModifyTime], [LastModifyUserId], [DeleteTime], [DeleteUserId]) VALUES (N'cc6daa5c-a71c-4b2c-9a98-336bc3ee13c8', N'D94E4DC1-C2FD-4D19-9D5D-3886D39900CE', N'', N'3', N'其他角色', NULL, 0, NULL, 3, 0, 1, NULL, NULL, NULL, NULL, NULL, NULL, NULL)
GO
INSERT [dbo].[Sys_ItemsDetail] ([Id], [ItemId], [ParentId], [ItemCode], [ItemName], [SimpleSpelling], [IsDefault], [Layers], [SortCode], [DeleteMark], [EnabledMark], [Description], [CreatorTime], [CreatorUserId], [LastModifyTime], [LastModifyUserId], [DeleteTime], [DeleteUserId]) VALUES (N'7a6d1bc4-3ec7-4c57-be9b-b4c97d60d5f6', N'954AB9A1-9928-4C6D-820A-FC1CDC85CDE0', N'', N'1', N'草稿', NULL, 0, NULL, 1, 0, 1, NULL, NULL, NULL, NULL, NULL, NULL, NULL)
GO
INSERT [dbo].[Sys_ItemsDetail] ([Id], [ItemId], [ParentId], [ItemCode], [ItemName], [SimpleSpelling], [IsDefault], [Layers], [SortCode], [DeleteMark], [EnabledMark], [Description], [CreatorTime], [CreatorUserId], [LastModifyTime], [LastModifyUserId], [DeleteTime], [DeleteUserId]) VALUES (N'ce340c73-5048-4940-b86e-e3b3d53fdb2c', N'954AB9A1-9928-4C6D-820A-FC1CDC85CDE0', N'', N'2', N'提交', NULL, 0, NULL, 2, 0, 1, NULL, NULL, NULL, NULL, NULL, NULL, NULL)
GO
INSERT [dbo].[Sys_ItemsDetail] ([Id], [ItemId], [ParentId], [ItemCode], [ItemName], [SimpleSpelling], [IsDefault], [Layers], [SortCode], [DeleteMark], [EnabledMark], [Description], [CreatorTime], [CreatorUserId], [LastModifyTime], [LastModifyUserId], [DeleteTime], [DeleteUserId]) VALUES (N'41053517-215d-4e11-81cd-367c0e9578d7', N'954AB9A1-9928-4C6D-820A-FC1CDC85CDE0', N'', N'3', N'通过', NULL, 0, NULL, 3, 0, 1, NULL, NULL, NULL, NULL, NULL, NULL, NULL)
GO
INSERT [dbo].[Sys_ItemsDetail] ([Id], [ItemId], [ParentId], [ItemCode], [ItemName], [SimpleSpelling], [IsDefault], [Layers], [SortCode], [DeleteMark], [EnabledMark], [Description], [CreatorTime], [CreatorUserId], [LastModifyTime], [LastModifyUserId], [DeleteTime], [DeleteUserId]) VALUES (N'e1979a4f-7fc1-42b9-a0e2-52d7059e8fb9', N'954AB9A1-9928-4C6D-820A-FC1CDC85CDE0', N'', N'4', N'待审', NULL, 0, NULL, 4, 0, 1, NULL, NULL, NULL, NULL, NULL, NULL, NULL)
GO
INSERT [dbo].[Sys_ItemsDetail] ([Id], [ItemId], [ParentId], [ItemCode], [ItemName], [SimpleSpelling], [IsDefault], [Layers], [SortCode], [DeleteMark], [EnabledMark], [Description], [CreatorTime], [CreatorUserId], [LastModifyTime], [LastModifyUserId], [DeleteTime], [DeleteUserId]) VALUES (N'63acf96d-6115-4d76-a994-438f59419aad', N'954AB9A1-9928-4C6D-820A-FC1CDC85CDE0', N'', N'5', N'退回', NULL, 0, NULL, 5, 0, 1, NULL, NULL, NULL, NULL, NULL, NULL, NULL)
GO
INSERT [dbo].[Sys_ItemsDetail] ([Id], [ItemId], [ParentId], [ItemCode], [ItemName], [SimpleSpelling], [IsDefault], [Layers], [SortCode], [DeleteMark], [EnabledMark], [Description], [CreatorTime], [CreatorUserId], [LastModifyTime], [LastModifyUserId], [DeleteTime], [DeleteUserId]) VALUES (N'8b7b38bf-07c5-4f71-a853-41c5add4a94e', N'954AB9A1-9928-4C6D-820A-FC1CDC85CDE0', N'', N'6', N'完成', NULL, 0, NULL, 6, 0, 1, NULL, NULL, NULL, NULL, NULL, NULL, NULL)
GO
INSERT [dbo].[Sys_ItemsDetail] ([Id], [ItemId], [ParentId], [ItemCode], [ItemName], [SimpleSpelling], [IsDefault], [Layers], [SortCode], [DeleteMark], [EnabledMark], [Description], [CreatorTime], [CreatorUserId], [LastModifyTime], [LastModifyUserId], [DeleteTime], [DeleteUserId]) VALUES (N'49b68663-ad01-4c43-b084-f98e3e23fee8', N'954AB9A1-9928-4C6D-820A-FC1CDC85CDE0', N'', N'7', N'废弃', NULL, 0, NULL, 7, 0, 1, NULL, NULL, NULL, NULL, NULL, NULL, NULL)
GO
INSERT [dbo].[Sys_ItemsDetail] ([Id], [ItemId], [ParentId], [ItemCode], [ItemName], [SimpleSpelling], [IsDefault], [Layers], [SortCode], [DeleteMark], [EnabledMark], [Description], [CreatorTime], [CreatorUserId], [LastModifyTime], [LastModifyUserId], [DeleteTime], [DeleteUserId]) VALUES (N'fa6c1873-888c-4b70-a2cc-59fccbb22078', N'0DF5B725-5FB8-487F-B0E4-BC563A77EB04', N'', N'SqlServer', N'SqlServer', NULL, 0, NULL, 1, 0, 1, NULL, NULL, NULL, NULL, NULL, NULL, NULL)
GO
INSERT [dbo].[Sys_ItemsDetail] ([Id], [ItemId], [ParentId], [ItemCode], [ItemName], [SimpleSpelling], [IsDefault], [Layers], [SortCode], [DeleteMark], [EnabledMark], [Description], [CreatorTime], [CreatorUserId], [LastModifyTime], [LastModifyUserId], [DeleteTime], [DeleteUserId]) VALUES (N'27e85cb8-04e7-447b-911d-dd1e97dfab83', N'0DF5B725-5FB8-487F-B0E4-BC563A77EB04', N'', N'Oracle', N'Oracle', NULL, 0, NULL, 2, 0, 1, NULL, NULL, NULL, NULL, NULL, NULL, NULL)
GO
INSERT [dbo].[Sys_ItemsDetail] ([Id], [ItemId], [ParentId], [ItemCode], [ItemName], [SimpleSpelling], [IsDefault], [Layers], [SortCode], [DeleteMark], [EnabledMark], [Description], [CreatorTime], [CreatorUserId], [LastModifyTime], [LastModifyUserId], [DeleteTime], [DeleteUserId]) VALUES (N'34a642b2-44d4-485f-b3fc-6cce24f68b0f', N'0DF5B725-5FB8-487F-B0E4-BC563A77EB04', N'', N'MySql', N'MySql', NULL, 0, NULL, 3, 0, 1, NULL, NULL, NULL, NULL, NULL, NULL, NULL)
GO
INSERT [dbo].[Sys_ItemsDetail] ([Id], [ItemId], [ParentId], [ItemCode], [ItemName], [SimpleSpelling], [IsDefault], [Layers], [SortCode], [DeleteMark], [EnabledMark], [Description], [CreatorTime], [CreatorUserId], [LastModifyTime], [LastModifyUserId], [DeleteTime], [DeleteUserId]) VALUES (N'1950efdf-8685-4341-8d2c-ac85ac7addd0', N'00F76465-DBBA-484A-B75C-E81DEE9313E6', N'', N'1', N'小学', NULL, 0, NULL, 1, 0, 1, NULL, NULL, NULL, NULL, NULL, NULL, NULL)
GO
INSERT [dbo].[Sys_ItemsDetail] ([Id], [ItemId], [ParentId], [ItemCode], [ItemName], [SimpleSpelling], [IsDefault], [Layers], [SortCode], [DeleteMark], [EnabledMark], [Description], [CreatorTime], [CreatorUserId], [LastModifyTime], [LastModifyUserId], [DeleteTime], [DeleteUserId]) VALUES (N'433511a9-78bd-41a0-ab25-e4d4b3423055', N'00F76465-DBBA-484A-B75C-E81DEE9313E6', N'', N'2', N'初中', NULL, 0, NULL, 2, 0, 1, NULL, NULL, NULL, NULL, NULL, NULL, NULL)
GO
INSERT [dbo].[Sys_ItemsDetail] ([Id], [ItemId], [ParentId], [ItemCode], [ItemName], [SimpleSpelling], [IsDefault], [Layers], [SortCode], [DeleteMark], [EnabledMark], [Description], [CreatorTime], [CreatorUserId], [LastModifyTime], [LastModifyUserId], [DeleteTime], [DeleteUserId]) VALUES (N'acb128a6-ff63-4e25-b1e8-0a336ed3ab18', N'00F76465-DBBA-484A-B75C-E81DEE9313E6', N'', N'3', N'高中', NULL, 0, NULL, 3, 0, 1, NULL, NULL, NULL, NULL, NULL, NULL, NULL)
GO
INSERT [dbo].[Sys_ItemsDetail] ([Id], [ItemId], [ParentId], [ItemCode], [ItemName], [SimpleSpelling], [IsDefault], [Layers], [SortCode], [DeleteMark], [EnabledMark], [Description], [CreatorTime], [CreatorUserId], [LastModifyTime], [LastModifyUserId], [DeleteTime], [DeleteUserId]) VALUES (N'a4974810-d88d-4d54-82cc-fd779875478f', N'00F76465-DBBA-484A-B75C-E81DEE9313E6', N'', N'4', N'中专', NULL, 0, NULL, 4, 0, 1, NULL, NULL, NULL, NULL, NULL, NULL, NULL)
GO
INSERT [dbo].[Sys_ItemsDetail] ([Id], [ItemId], [ParentId], [ItemCode], [ItemName], [SimpleSpelling], [IsDefault], [Layers], [SortCode], [DeleteMark], [EnabledMark], [Description], [CreatorTime], [CreatorUserId], [LastModifyTime], [LastModifyUserId], [DeleteTime], [DeleteUserId]) VALUES (N'486a82e3-1950-425e-b2ce-b5d98f33016a', N'00F76465-DBBA-484A-B75C-E81DEE9313E6', N'', N'5', N'大专', NULL, 0, NULL, 5, 0, 1, NULL, NULL, NULL, NULL, NULL, NULL, NULL)
GO
INSERT [dbo].[Sys_ItemsDetail] ([Id], [ItemId], [ParentId], [ItemCode], [ItemName], [SimpleSpelling], [IsDefault], [Layers], [SortCode], [DeleteMark], [EnabledMark], [Description], [CreatorTime], [CreatorUserId], [LastModifyTime], [LastModifyUserId], [DeleteTime], [DeleteUserId]) VALUES (N'34222d46-e0c6-446e-8150-dbefc47a1d5f', N'00F76465-DBBA-484A-B75C-E81DEE9313E6', N'', N'6', N'本科', NULL, 0, NULL, 6, 0, 1, NULL, NULL, NULL, NULL, NULL, NULL, NULL)
GO
INSERT [dbo].[Sys_ItemsDetail] ([Id], [ItemId], [ParentId], [ItemCode], [ItemName], [SimpleSpelling], [IsDefault], [Layers], [SortCode], [DeleteMark], [EnabledMark], [Description], [CreatorTime], [CreatorUserId], [LastModifyTime], [LastModifyUserId], [DeleteTime], [DeleteUserId]) VALUES (N'3f280e2b-92f6-466c-8cc3-d7c8ff48cc8d', N'00F76465-DBBA-484A-B75C-E81DEE9313E6', N'', N'7', N'硕士', NULL, 0, NULL, 7, 0, 1, NULL, NULL, NULL, NULL, NULL, NULL, NULL)
GO
INSERT [dbo].[Sys_ItemsDetail] ([Id], [ItemId], [ParentId], [ItemCode], [ItemName], [SimpleSpelling], [IsDefault], [Layers], [SortCode], [DeleteMark], [EnabledMark], [Description], [CreatorTime], [CreatorUserId], [LastModifyTime], [LastModifyUserId], [DeleteTime], [DeleteUserId]) VALUES (N'930b8de2-049f-4753-b9fd-87f484911ee4', N'00F76465-DBBA-484A-B75C-E81DEE9313E6', N'', N'8', N'博士', NULL, 0, NULL, 8, 0, 1, NULL, NULL, NULL, NULL, NULL, NULL, NULL)
GO
INSERT [dbo].[Sys_ItemsDetail] ([Id], [ItemId], [ParentId], [ItemCode], [ItemName], [SimpleSpelling], [IsDefault], [Layers], [SortCode], [DeleteMark], [EnabledMark], [Description], [CreatorTime], [CreatorUserId], [LastModifyTime], [LastModifyUserId], [DeleteTime], [DeleteUserId]) VALUES (N'355ad7a4-c4f8-4bd3-9c72-ff07983da0f0', N'00F76465-DBBA-484A-B75C-E81DEE9313E6', N'', N'9', N'其他', NULL, 0, NULL, 9, 0, 1, NULL, NULL, NULL, NULL, NULL, NULL, NULL)
GO
INSERT [dbo].[Sys_ItemsDetail] ([Id], [ItemId], [ParentId], [ItemCode], [ItemName], [SimpleSpelling], [IsDefault], [Layers], [SortCode], [DeleteMark], [EnabledMark], [Description], [CreatorTime], [CreatorUserId], [LastModifyTime], [LastModifyUserId], [DeleteTime], [DeleteUserId]) VALUES (N'5d6def0e-e2a7-48eb-b43c-cc3631f60dd7', N'BDD797C3-2323-4868-9A63-C8CC3437AEAA', N'', N'1', N'男', NULL, 0, NULL, 1, 0, 1, NULL, NULL, NULL, NULL, NULL, NULL, NULL)
GO
INSERT [dbo].[Sys_ItemsDetail] ([Id], [ItemId], [ParentId], [ItemCode], [ItemName], [SimpleSpelling], [IsDefault], [Layers], [SortCode], [DeleteMark], [EnabledMark], [Description], [CreatorTime], [CreatorUserId], [LastModifyTime], [LastModifyUserId], [DeleteTime], [DeleteUserId]) VALUES (N'822baf7c-abdb-4257-9b78-1f550806f544', N'BDD797C3-2323-4868-9A63-C8CC3437AEAA', N'', N'0', N'女', NULL, 0, NULL, 2, 0, 1, NULL, NULL, NULL, NULL, NULL, NULL, NULL)
GO
INSERT [dbo].[Sys_ItemsDetail] ([Id], [ItemId], [ParentId], [ItemCode], [ItemName], [SimpleSpelling], [IsDefault], [Layers], [SortCode], [DeleteMark], [EnabledMark], [Description], [CreatorTime], [CreatorUserId], [LastModifyTime], [LastModifyUserId], [DeleteTime], [DeleteUserId]) VALUES (N'738edf2a-d59f-4992-97ef-d847db23bcb8', N'FA7537E2-1C64-4431-84BF-66158DD63269', N'', N'1', N'已婚', NULL, 0, NULL, 1, 0, 1, NULL, NULL, NULL, NULL, NULL, NULL, NULL)
GO
INSERT [dbo].[Sys_ItemsDetail] ([Id], [ItemId], [ParentId], [ItemCode], [ItemName], [SimpleSpelling], [IsDefault], [Layers], [SortCode], [DeleteMark], [EnabledMark], [Description], [CreatorTime], [CreatorUserId], [LastModifyTime], [LastModifyUserId], [DeleteTime], [DeleteUserId]) VALUES (N'a7c4aba2-a891-4558-9b0a-bd7a1100a645', N'FA7537E2-1C64-4431-84BF-66158DD63269', N'', N'2', N'未婚', NULL, 0, NULL, 2, 0, 1, NULL, NULL, NULL, NULL, NULL, NULL, NULL)
GO
INSERT [dbo].[Sys_ItemsDetail] ([Id], [ItemId], [ParentId], [ItemCode], [ItemName], [SimpleSpelling], [IsDefault], [Layers], [SortCode], [DeleteMark], [EnabledMark], [Description], [CreatorTime], [CreatorUserId], [LastModifyTime], [LastModifyUserId], [DeleteTime], [DeleteUserId]) VALUES (N'f9609400-7caf-49af-ae3c-7671a9292fb3', N'FA7537E2-1C64-4431-84BF-66158DD63269', N'', N'3', N'离异', NULL, 0, NULL, 3, 0, 1, NULL, NULL, NULL, NULL, NULL, NULL, NULL)
GO
INSERT [dbo].[Sys_ItemsDetail] ([Id], [ItemId], [ParentId], [ItemCode], [ItemName], [SimpleSpelling], [IsDefault], [Layers], [SortCode], [DeleteMark], [EnabledMark], [Description], [CreatorTime], [CreatorUserId], [LastModifyTime], [LastModifyUserId], [DeleteTime], [DeleteUserId]) VALUES (N'a6f271f9-8653-4c5c-86cf-4cd00324b3c3', N'FA7537E2-1C64-4431-84BF-66158DD63269', N'', N'4', N'丧偶', NULL, 0, NULL, 4, 0, 1, NULL, NULL, NULL, NULL, NULL, NULL, NULL)
GO
INSERT [dbo].[Sys_ItemsDetail] ([Id], [ItemId], [ParentId], [ItemCode], [ItemName], [SimpleSpelling], [IsDefault], [Layers], [SortCode], [DeleteMark], [EnabledMark], [Description], [CreatorTime], [CreatorUserId], [LastModifyTime], [LastModifyUserId], [DeleteTime], [DeleteUserId]) VALUES (N'7c1135be-0148-43eb-ae49-62a1e16ebbe3', N'FA7537E2-1C64-4431-84BF-66158DD63269', N'', N'5', N'其他', NULL, 0, NULL, 5, 0, 1, NULL, NULL, NULL, NULL, NULL, NULL, NULL)
GO
INSERT [dbo].[Sys_ItemsDetail] ([Id], [ItemId], [ParentId], [ItemCode], [ItemName], [SimpleSpelling], [IsDefault], [Layers], [SortCode], [DeleteMark], [EnabledMark], [Description], [CreatorTime], [CreatorUserId], [LastModifyTime], [LastModifyUserId], [DeleteTime], [DeleteUserId]) VALUES (N'582e0b66-2ee9-4885-9f0c-3ce3ebf96e12', N'8CEB2F71-026C-4FA6-9A61-378127AE7320', N'', N'1', N'已育', NULL, 0, NULL, 1, 0, 1, NULL, NULL, NULL, CAST(N'2020-10-13T14:45:03.067' AS DateTime), N'2020100517554098226223', NULL, NULL)
GO
INSERT [dbo].[Sys_ItemsDetail] ([Id], [ItemId], [ParentId], [ItemCode], [ItemName], [SimpleSpelling], [IsDefault], [Layers], [SortCode], [DeleteMark], [EnabledMark], [Description], [CreatorTime], [CreatorUserId], [LastModifyTime], [LastModifyUserId], [DeleteTime], [DeleteUserId]) VALUES (N'de2167f3-40fe-4bf7-b8cb-5b1c554bad7a', N'8CEB2F71-026C-4FA6-9A61-378127AE7320', N'', N'2', N'未育', NULL, 0, NULL, 2, 0, 1, NULL, NULL, NULL, CAST(N'2020-10-13T14:45:03.067' AS DateTime), N'2020100517554098226223', NULL, NULL)
GO
INSERT [dbo].[Sys_ItemsDetail] ([Id], [ItemId], [ParentId], [ItemCode], [ItemName], [SimpleSpelling], [IsDefault], [Layers], [SortCode], [DeleteMark], [EnabledMark], [Description], [CreatorTime], [CreatorUserId], [LastModifyTime], [LastModifyUserId], [DeleteTime], [DeleteUserId]) VALUES (N'49300258-1227-4b85-b6a2-e948dbbe57a4', N'15023A4E-4856-44EB-BE71-36A106E2AA59', N'', N'汉族', N'汉族', NULL, 0, NULL, 1, 0, 1, NULL, NULL, NULL, NULL, NULL, NULL, NULL)
GO
INSERT [dbo].[Sys_ItemsDetail] ([Id], [ItemId], [ParentId], [ItemCode], [ItemName], [SimpleSpelling], [IsDefault], [Layers], [SortCode], [DeleteMark], [EnabledMark], [Description], [CreatorTime], [CreatorUserId], [LastModifyTime], [LastModifyUserId], [DeleteTime], [DeleteUserId]) VALUES (N'd69cb819-2bb3-4e1d-9917-33b9a439233d', N'2748F35F-4EE2-417C-A907-3453146AAF67', N'', N'1', N'身份证', NULL, 0, NULL, 1, 0, 1, NULL, NULL, NULL, NULL, NULL, NULL, NULL)
GO
INSERT [dbo].[Sys_ItemsDetail] ([Id], [ItemId], [ParentId], [ItemCode], [ItemName], [SimpleSpelling], [IsDefault], [Layers], [SortCode], [DeleteMark], [EnabledMark], [Description], [CreatorTime], [CreatorUserId], [LastModifyTime], [LastModifyUserId], [DeleteTime], [DeleteUserId]) VALUES (N'4c2f2428-2e00-4336-b9ce-5a61f24193f6', N'2748F35F-4EE2-417C-A907-3453146AAF67', N'', N'2', N'士兵证', NULL, 0, NULL, 2, 0, 1, NULL, NULL, NULL, NULL, NULL, NULL, NULL)
GO
INSERT [dbo].[Sys_ItemsDetail] ([Id], [ItemId], [ParentId], [ItemCode], [ItemName], [SimpleSpelling], [IsDefault], [Layers], [SortCode], [DeleteMark], [EnabledMark], [Description], [CreatorTime], [CreatorUserId], [LastModifyTime], [LastModifyUserId], [DeleteTime], [DeleteUserId]) VALUES (N'48c4e0f5-f570-4601-8946-6078762db3bf', N'2748F35F-4EE2-417C-A907-3453146AAF67', N'', N'3', N'军官证', NULL, 0, NULL, 3, 0, 1, NULL, NULL, NULL, NULL, NULL, NULL, NULL)
GO
INSERT [dbo].[Sys_ItemsDetail] ([Id], [ItemId], [ParentId], [ItemCode], [ItemName], [SimpleSpelling], [IsDefault], [Layers], [SortCode], [DeleteMark], [EnabledMark], [Description], [CreatorTime], [CreatorUserId], [LastModifyTime], [LastModifyUserId], [DeleteTime], [DeleteUserId]) VALUES (N'0096ad81-4317-486e-9144-a6a02999ff19', N'2748F35F-4EE2-417C-A907-3453146AAF67', N'', N'4', N'护照', NULL, 0, NULL, 4, 0, 1, NULL, NULL, NULL, NULL, NULL, NULL, NULL)
GO
INSERT [dbo].[Sys_ItemsDetail] ([Id], [ItemId], [ParentId], [ItemCode], [ItemName], [SimpleSpelling], [IsDefault], [Layers], [SortCode], [DeleteMark], [EnabledMark], [Description], [CreatorTime], [CreatorUserId], [LastModifyTime], [LastModifyUserId], [DeleteTime], [DeleteUserId]) VALUES (N'ace2d5e8-56d4-4c8b-8409-34bc272df404', N'2748F35F-4EE2-417C-A907-3453146AAF67', N'', N'5', N'其它', NULL, 0, NULL, 5, 0, 1, NULL, NULL, NULL, NULL, NULL, NULL, NULL)
GO
INSERT [dbo].[Sys_ItemsDetail] ([Id], [ItemId], [ParentId], [ItemCode], [ItemName], [SimpleSpelling], [IsDefault], [Layers], [SortCode], [DeleteMark], [EnabledMark], [Description], [CreatorTime], [CreatorUserId], [LastModifyTime], [LastModifyUserId], [DeleteTime], [DeleteUserId]) VALUES (N'795f2695-497a-4f5e-ab1d-706095c1edb9', N'9a7079bd-0660-4549-9c2d-db5e8616619f', N'', N'Other', N'其他', NULL, 0, NULL, 0, NULL, 1, NULL, CAST(N'2016-07-19T17:10:33.007' AS DateTime), NULL, CAST(N'2016-07-19T18:20:09.773' AS DateTime), NULL, NULL, NULL)
GO
INSERT [dbo].[Sys_ItemsDetail] ([Id], [ItemId], [ParentId], [ItemCode], [ItemName], [SimpleSpelling], [IsDefault], [Layers], [SortCode], [DeleteMark], [EnabledMark], [Description], [CreatorTime], [CreatorUserId], [LastModifyTime], [LastModifyUserId], [DeleteTime], [DeleteUserId]) VALUES (N'643209c8-931b-4641-9e04-b8bdd11800af', N'9a7079bd-0660-4549-9c2d-db5e8616619f', N'', N'Login', N'登录', NULL, 0, NULL, 1, NULL, 1, NULL, CAST(N'2016-07-19T17:10:39.943' AS DateTime), NULL, CAST(N'2016-07-19T18:20:17.000' AS DateTime), NULL, NULL, NULL)
GO
INSERT [dbo].[Sys_ItemsDetail] ([Id], [ItemId], [ParentId], [ItemCode], [ItemName], [SimpleSpelling], [IsDefault], [Layers], [SortCode], [DeleteMark], [EnabledMark], [Description], [CreatorTime], [CreatorUserId], [LastModifyTime], [LastModifyUserId], [DeleteTime], [DeleteUserId]) VALUES (N'3c884a03-4f34-4150-b134-966387f1de2a', N'9a7079bd-0660-4549-9c2d-db5e8616619f', N'', N'Exit', N'退出', NULL, 0, NULL, 2, NULL, 1, NULL, CAST(N'2016-07-19T17:10:49.840' AS DateTime), NULL, CAST(N'2016-07-19T18:20:23.017' AS DateTime), NULL, NULL, NULL)
GO
INSERT [dbo].[Sys_ItemsDetail] ([Id], [ItemId], [ParentId], [ItemCode], [ItemName], [SimpleSpelling], [IsDefault], [Layers], [SortCode], [DeleteMark], [EnabledMark], [Description], [CreatorTime], [CreatorUserId], [LastModifyTime], [LastModifyUserId], [DeleteTime], [DeleteUserId]) VALUES (N'ccc8e274-75da-4eb8-bed0-69008ab7c41c', N'9a7079bd-0660-4549-9c2d-db5e8616619f', N'', N'Visit', N'访问', NULL, 0, NULL, 3, NULL, 1, NULL, CAST(N'2016-07-19T17:10:55.123' AS DateTime), NULL, CAST(N'2016-07-19T18:20:29.293' AS DateTime), NULL, NULL, NULL)
GO
INSERT [dbo].[Sys_ItemsDetail] ([Id], [ItemId], [ParentId], [ItemCode], [ItemName], [SimpleSpelling], [IsDefault], [Layers], [SortCode], [DeleteMark], [EnabledMark], [Description], [CreatorTime], [CreatorUserId], [LastModifyTime], [LastModifyUserId], [DeleteTime], [DeleteUserId]) VALUES (N'e545061c-93fd-4ca2-ab29-b43db9db798b', N'9a7079bd-0660-4549-9c2d-db5e8616619f', N'', N'Create', N'新增', NULL, 0, NULL, 4, NULL, 1, NULL, CAST(N'2016-07-19T17:11:03.397' AS DateTime), NULL, CAST(N'2016-07-19T18:20:35.897' AS DateTime), NULL, NULL, NULL)
GO
INSERT [dbo].[Sys_ItemsDetail] ([Id], [ItemId], [ParentId], [ItemCode], [ItemName], [SimpleSpelling], [IsDefault], [Layers], [SortCode], [DeleteMark], [EnabledMark], [Description], [CreatorTime], [CreatorUserId], [LastModifyTime], [LastModifyUserId], [DeleteTime], [DeleteUserId]) VALUES (N'a13ccf0d-ac8f-44ac-a522-4a54edf1f0fa', N'9a7079bd-0660-4549-9c2d-db5e8616619f', N'', N'Delete', N'删除', NULL, 0, NULL, 5, NULL, 1, NULL, CAST(N'2016-07-19T17:11:09.173' AS DateTime), NULL, CAST(N'2016-07-19T18:20:43.070' AS DateTime), NULL, NULL, NULL)
GO
INSERT [dbo].[Sys_ItemsDetail] ([Id], [ItemId], [ParentId], [ItemCode], [ItemName], [SimpleSpelling], [IsDefault], [Layers], [SortCode], [DeleteMark], [EnabledMark], [Description], [CreatorTime], [CreatorUserId], [LastModifyTime], [LastModifyUserId], [DeleteTime], [DeleteUserId]) VALUES (N'392f88a8-02c2-49eb-8aed-b2acf474272a', N'9a7079bd-0660-4549-9c2d-db5e8616619f', N'', N'Update', N'修改', NULL, 0, NULL, 6, NULL, 1, NULL, CAST(N'2016-07-19T17:11:14.407' AS DateTime), NULL, CAST(N'2016-07-19T18:20:49.043' AS DateTime), NULL, NULL, NULL)
GO
INSERT [dbo].[Sys_ItemsDetail] ([Id], [ItemId], [ParentId], [ItemCode], [ItemName], [SimpleSpelling], [IsDefault], [Layers], [SortCode], [DeleteMark], [EnabledMark], [Description], [CreatorTime], [CreatorUserId], [LastModifyTime], [LastModifyUserId], [DeleteTime], [DeleteUserId]) VALUES (N'24e39617-f04e-4f6f-9209-ad71e870e7c6', N'9a7079bd-0660-4549-9c2d-db5e8616619f', N'', N'Submit', N'提交', NULL, 0, NULL, 7, NULL, 1, NULL, CAST(N'2016-07-19T17:11:19.540' AS DateTime), NULL, CAST(N'2016-07-19T18:20:54.710' AS DateTime), NULL, NULL, NULL)
GO
INSERT [dbo].[Sys_ItemsDetail] ([Id], [ItemId], [ParentId], [ItemCode], [ItemName], [SimpleSpelling], [IsDefault], [Layers], [SortCode], [DeleteMark], [EnabledMark], [Description], [CreatorTime], [CreatorUserId], [LastModifyTime], [LastModifyUserId], [DeleteTime], [DeleteUserId]) VALUES (N'7fc8fa11-4acf-409a-a771-aaf1eb81e814', N'9a7079bd-0660-4549-9c2d-db5e8616619f', N'', N'Exception', N'异常', NULL, 0, NULL, 8, NULL, 1, NULL, CAST(N'2016-07-19T17:11:25.400' AS DateTime), NULL, CAST(N'2016-07-19T18:21:01.443' AS DateTime), NULL, NULL, NULL)
GO
INSERT [dbo].[Sys_ItemsDetail] ([Id], [ItemId], [ParentId], [ItemCode], [ItemName], [SimpleSpelling], [IsDefault], [Layers], [SortCode], [DeleteMark], [EnabledMark], [Description], [CreatorTime], [CreatorUserId], [LastModifyTime], [LastModifyUserId], [DeleteTime], [DeleteUserId]) VALUES (N'2020031518371073493219', N'2020031518363999932307', N'', N'箱', N'箱', N'xiang', 0, NULL, 1, 0, 1, NULL, CAST(N'2020-03-15T18:37:10.737' AS DateTime), N'9f2ec079-7d0f-4fe2-90ab-8b09a8302aba', NULL, NULL, NULL, NULL)
GO
INSERT [dbo].[Sys_ItemsDetail] ([Id], [ItemId], [ParentId], [ItemCode], [ItemName], [SimpleSpelling], [IsDefault], [Layers], [SortCode], [DeleteMark], [EnabledMark], [Description], [CreatorTime], [CreatorUserId], [LastModifyTime], [LastModifyUserId], [DeleteTime], [DeleteUserId]) VALUES (N'2020031518373510988350', N'2020031518363999932307', N'', N'个', N'个', N'ge', 0, NULL, 2, 0, 1, NULL, CAST(N'2020-03-15T18:37:35.110' AS DateTime), N'9f2ec079-7d0f-4fe2-90ab-8b09a8302aba', NULL, NULL, NULL, NULL)
GO
INSERT [dbo].[Sys_ItemsDetail] ([Id], [ItemId], [ParentId], [ItemCode], [ItemName], [SimpleSpelling], [IsDefault], [Layers], [SortCode], [DeleteMark], [EnabledMark], [Description], [CreatorTime], [CreatorUserId], [LastModifyTime], [LastModifyUserId], [DeleteTime], [DeleteUserId]) VALUES (N'2020031518375117651872', N'2020031518363999932307', N'', N'件', N'件', N'jian', 0, NULL, 3, 0, 1, NULL, CAST(N'2020-03-15T18:37:51.177' AS DateTime), N'9f2ec079-7d0f-4fe2-90ab-8b09a8302aba', NULL, NULL, NULL, NULL)
GO
INSERT [dbo].[Sys_ItemsDetail] ([Id], [ItemId], [ParentId], [ItemCode], [ItemName], [SimpleSpelling], [IsDefault], [Layers], [SortCode], [DeleteMark], [EnabledMark], [Description], [CreatorTime], [CreatorUserId], [LastModifyTime], [LastModifyUserId], [DeleteTime], [DeleteUserId]) VALUES (N'2020031518383329605923', N'2020031518363999932307', N'', N'条', N'条', N'tiao', 0, NULL, 5, 0, 1, NULL, CAST(N'2020-03-15T18:38:33.297' AS DateTime), N'9f2ec079-7d0f-4fe2-90ab-8b09a8302aba', NULL, NULL, NULL, NULL)
GO
INSERT [dbo].[Sys_ItemsDetail] ([Id], [ItemId], [ParentId], [ItemCode], [ItemName], [SimpleSpelling], [IsDefault], [Layers], [SortCode], [DeleteMark], [EnabledMark], [Description], [CreatorTime], [CreatorUserId], [LastModifyTime], [LastModifyUserId], [DeleteTime], [DeleteUserId]) VALUES (N'2020031518514008607372', N'2020031518502068403513', N'', N'冷藏', N'冷藏', N'lc', 0, NULL, 1, 0, 1, NULL, CAST(N'2020-03-15T18:51:40.087' AS DateTime), N'9f2ec079-7d0f-4fe2-90ab-8b09a8302aba', NULL, NULL, NULL, NULL)
GO
INSERT [dbo].[Sys_ItemsDetail] ([Id], [ItemId], [ParentId], [ItemCode], [ItemName], [SimpleSpelling], [IsDefault], [Layers], [SortCode], [DeleteMark], [EnabledMark], [Description], [CreatorTime], [CreatorUserId], [LastModifyTime], [LastModifyUserId], [DeleteTime], [DeleteUserId]) VALUES (N'2020031518520550764804', N'2020031518502068403513', N'', N'恒温', N'恒温', N'hw', 0, NULL, 2, 0, 1, NULL, CAST(N'2020-03-15T18:52:05.507' AS DateTime), N'9f2ec079-7d0f-4fe2-90ab-8b09a8302aba', NULL, NULL, NULL, NULL)
GO
INSERT [dbo].[Sys_ItemsDetail] ([Id], [ItemId], [ParentId], [ItemCode], [ItemName], [SimpleSpelling], [IsDefault], [Layers], [SortCode], [DeleteMark], [EnabledMark], [Description], [CreatorTime], [CreatorUserId], [LastModifyTime], [LastModifyUserId], [DeleteTime], [DeleteUserId]) VALUES (N'2020031518523777122682', N'2020031518502068403513', N'', N'常温', N'常温', N'cw', 0, NULL, 3, 0, 1, NULL, CAST(N'2020-03-15T18:52:37.770' AS DateTime), N'9f2ec079-7d0f-4fe2-90ab-8b09a8302aba', NULL, NULL, NULL, NULL)
GO
INSERT [dbo].[Sys_ItemsDetail] ([Id], [ItemId], [ParentId], [ItemCode], [ItemName], [SimpleSpelling], [IsDefault], [Layers], [SortCode], [DeleteMark], [EnabledMark], [Description], [CreatorTime], [CreatorUserId], [LastModifyTime], [LastModifyUserId], [DeleteTime], [DeleteUserId]) VALUES (N'2020031519013385646199', N'2020031518590238738819', N'', N'0', N'待审核', N'', 0, NULL, 1, 0, 1, N'出库单状态', CAST(N'2020-03-15T19:01:33.857' AS DateTime), N'9f2ec079-7d0f-4fe2-90ab-8b09a8302aba', NULL, NULL, NULL, NULL)
GO
INSERT [dbo].[Sys_ItemsDetail] ([Id], [ItemId], [ParentId], [ItemCode], [ItemName], [SimpleSpelling], [IsDefault], [Layers], [SortCode], [DeleteMark], [EnabledMark], [Description], [CreatorTime], [CreatorUserId], [LastModifyTime], [LastModifyUserId], [DeleteTime], [DeleteUserId]) VALUES (N'2020031519013385646102', N'2020031518590238738819', N'', N'1', N'待分拣', N'', 0, NULL, 1, 0, 1, N'出库单状态', CAST(N'2020-03-15T19:01:33.857' AS DateTime), N'9f2ec079-7d0f-4fe2-90ab-8b09a8302aba', NULL, NULL, NULL, NULL)
GO
INSERT [dbo].[Sys_ItemsDetail] ([Id], [ItemId], [ParentId], [ItemCode], [ItemName], [SimpleSpelling], [IsDefault], [Layers], [SortCode], [DeleteMark], [EnabledMark], [Description], [CreatorTime], [CreatorUserId], [LastModifyTime], [LastModifyUserId], [DeleteTime], [DeleteUserId]) VALUES (N'2020031519013385646103', N'2020031518590238738819', N'', N'2', N'分拣中', N'', 0, NULL, 1, 0, 1, N'出库单状态', CAST(N'2020-03-15T19:01:33.857' AS DateTime), N'9f2ec079-7d0f-4fe2-90ab-8b09a8302aba', NULL, NULL, NULL, NULL)
GO
INSERT [dbo].[Sys_ItemsDetail] ([Id], [ItemId], [ParentId], [ItemCode], [ItemName], [SimpleSpelling], [IsDefault], [Layers], [SortCode], [DeleteMark], [EnabledMark], [Description], [CreatorTime], [CreatorUserId], [LastModifyTime], [LastModifyUserId], [DeleteTime], [DeleteUserId]) VALUES (N'2020031519013385646104', N'2020031518590238738819', N'', N'3', N'打包中', N'', 0, NULL, 1, 0, 1, N'出库单状态', CAST(N'2020-03-15T19:01:33.857' AS DateTime), N'9f2ec079-7d0f-4fe2-90ab-8b09a8302aba', NULL, NULL, NULL, NULL)
GO
INSERT [dbo].[Sys_ItemsDetail] ([Id], [ItemId], [ParentId], [ItemCode], [ItemName], [SimpleSpelling], [IsDefault], [Layers], [SortCode], [DeleteMark], [EnabledMark], [Description], [CreatorTime], [CreatorUserId], [LastModifyTime], [LastModifyUserId], [DeleteTime], [DeleteUserId]) VALUES (N'2020031519013385646105', N'2020031518590238738819', N'', N'4', N'待出库', N'', 0, NULL, 1, 0, 1, N'出库单状态', CAST(N'2020-03-15T19:01:33.857' AS DateTime), N'9f2ec079-7d0f-4fe2-90ab-8b09a8302aba', NULL, NULL, NULL, NULL)
GO
INSERT [dbo].[Sys_ItemsDetail] ([Id], [ItemId], [ParentId], [ItemCode], [ItemName], [SimpleSpelling], [IsDefault], [Layers], [SortCode], [DeleteMark], [EnabledMark], [Description], [CreatorTime], [CreatorUserId], [LastModifyTime], [LastModifyUserId], [DeleteTime], [DeleteUserId]) VALUES (N'2020031519013385646106', N'2020031518590238738819', N'', N'5', N'已出库', N'', 0, NULL, 1, 0, 1, N'出库单状态', CAST(N'2020-03-15T19:01:33.857' AS DateTime), N'9f2ec079-7d0f-4fe2-90ab-8b09a8302aba', NULL, NULL, NULL, NULL)
GO
INSERT [dbo].[Sys_ItemsDetail] ([Id], [ItemId], [ParentId], [ItemCode], [ItemName], [SimpleSpelling], [IsDefault], [Layers], [SortCode], [DeleteMark], [EnabledMark], [Description], [CreatorTime], [CreatorUserId], [LastModifyTime], [LastModifyUserId], [DeleteTime], [DeleteUserId]) VALUES (N'2020031519013385646298', N'2020031518590238738223', N'', N'0', N'销售出库', N'', 0, NULL, 1, 0, 1, N'整托盘', CAST(N'2020-03-15T19:01:33.857' AS DateTime), N'9f2ec079-7d0f-4fe2-90ab-8b09a8302aba', NULL, NULL, NULL, NULL)
GO
INSERT [dbo].[Sys_ItemsDetail] ([Id], [ItemId], [ParentId], [ItemCode], [ItemName], [SimpleSpelling], [IsDefault], [Layers], [SortCode], [DeleteMark], [EnabledMark], [Description], [CreatorTime], [CreatorUserId], [LastModifyTime], [LastModifyUserId], [DeleteTime], [DeleteUserId]) VALUES (N'202003151901338564622', N'2020031518590238738223', N'', N'1', N'补货', N'', 0, NULL, 1, 0, 1, N'整托盘', CAST(N'2020-03-15T19:01:33.857' AS DateTime), N'9f2ec079-7d0f-4fe2-90ab-8b09a8302aba', NULL, NULL, NULL, NULL)
GO
INSERT [dbo].[Sys_ItemsDetail] ([Id], [ItemId], [ParentId], [ItemCode], [ItemName], [SimpleSpelling], [IsDefault], [Layers], [SortCode], [DeleteMark], [EnabledMark], [Description], [CreatorTime], [CreatorUserId], [LastModifyTime], [LastModifyUserId], [DeleteTime], [DeleteUserId]) VALUES (N'2020031518383329601924', N'2020031518363999932307', N'', N'片', N'片', N'pian', 0, NULL, 5, 0, 1, NULL, CAST(N'2020-03-15T18:38:33.297' AS DateTime), N'9f2ec079-7d0f-4fe2-90ab-8b09a8302aba', NULL, NULL, NULL, NULL)
GO
INSERT [dbo].[Sys_ItemsDetail] ([Id], [ItemId], [ParentId], [ItemCode], [ItemName], [SimpleSpelling], [IsDefault], [Layers], [SortCode], [DeleteMark], [EnabledMark], [Description], [CreatorTime], [CreatorUserId], [LastModifyTime], [LastModifyUserId], [DeleteTime], [DeleteUserId]) VALUES (N'2020031518383329602924', N'2020031518363999932307', N'', N'盒', N'盒', N'he', 0, NULL, 5, 0, 1, NULL, CAST(N'2020-03-15T18:38:33.297' AS DateTime), N'9f2ec079-7d0f-4fe2-90ab-8b09a8302aba', NULL, NULL, NULL, NULL)
GO
INSERT [dbo].[Sys_ItemsDetail] ([Id], [ItemId], [ParentId], [ItemCode], [ItemName], [SimpleSpelling], [IsDefault], [Layers], [SortCode], [DeleteMark], [EnabledMark], [Description], [CreatorTime], [CreatorUserId], [LastModifyTime], [LastModifyUserId], [DeleteTime], [DeleteUserId]) VALUES (N'2020031519000746527561', N'2020031518590238738718', N'', N'计吨', N'计吨', N'jd', 0, NULL, 1, 0, 1, NULL, CAST(N'2020-03-15T19:00:07.467' AS DateTime), N'9f2ec079-7d0f-4fe2-90ab-8b09a8302aba', NULL, NULL, NULL, NULL)
GO
INSERT [dbo].[Sys_ItemsDetail] ([Id], [ItemId], [ParentId], [ItemCode], [ItemName], [SimpleSpelling], [IsDefault], [Layers], [SortCode], [DeleteMark], [EnabledMark], [Description], [CreatorTime], [CreatorUserId], [LastModifyTime], [LastModifyUserId], [DeleteTime], [DeleteUserId]) VALUES (N'2020031519010257773237', N'2020031518590238738718', N'', N'轻抛按箱', N'按箱', N'qpax', 0, NULL, 2, 0, 1, N'', CAST(N'2020-03-15T19:01:02.577' AS DateTime), N'9f2ec079-7d0f-4fe2-90ab-8b09a8302aba', NULL, NULL, NULL, NULL)
GO
INSERT [dbo].[Sys_ItemsDetail] ([Id], [ItemId], [ParentId], [ItemCode], [ItemName], [SimpleSpelling], [IsDefault], [Layers], [SortCode], [DeleteMark], [EnabledMark], [Description], [CreatorTime], [CreatorUserId], [LastModifyTime], [LastModifyUserId], [DeleteTime], [DeleteUserId]) VALUES (N'2020031519013385646198', N'2020031518590238738718', N'', N'整托', N'整托', N'ztp', 0, NULL, 1, 0, 1, N'整托盘', CAST(N'2020-03-15T19:01:33.857' AS DateTime), N'9f2ec079-7d0f-4fe2-90ab-8b09a8302aba', NULL, NULL, NULL, NULL)
GO
INSERT [dbo].[Sys_ItemsDetail] ([Id], [ItemId], [ParentId], [ItemCode], [ItemName], [SimpleSpelling], [IsDefault], [Layers], [SortCode], [DeleteMark], [EnabledMark], [Description], [CreatorTime], [CreatorUserId], [LastModifyTime], [LastModifyUserId], [DeleteTime], [DeleteUserId]) VALUES (N'202003151901338564623', N'2020031518590238738223', N'', N'2', N'其他', N'', 0, NULL, 1, 0, 1, N'整托盘', CAST(N'2020-03-15T19:01:33.857' AS DateTime), N'9f2ec079-7d0f-4fe2-90ab-8b09a8302aba', CAST(N'2020-05-14T17:25:41.100' AS DateTime), N'9f2ec079-7d0f-4fe2-90ab-8b09a8302aba', NULL, NULL)
GO
INSERT [dbo].[Sys_ItemsDetail] ([Id], [ItemId], [ParentId], [ItemCode], [ItemName], [SimpleSpelling], [IsDefault], [Layers], [SortCode], [DeleteMark], [EnabledMark], [Description], [CreatorTime], [CreatorUserId], [LastModifyTime], [LastModifyUserId], [DeleteTime], [DeleteUserId]) VALUES (N'2020031518371173493219', N'2020031518363999932307', N'', N'PC', N'PC', N'xiang', 0, NULL, 1, 0, 1, NULL, CAST(N'2020-03-15T18:37:10.737' AS DateTime), N'9f2ec079-7d0f-4fe2-90ab-8b09a8302aba', NULL, NULL, NULL, NULL)
GO
INSERT [dbo].[Sys_ItemsDetail] ([Id], [ItemId], [ParentId], [ItemCode], [ItemName], [SimpleSpelling], [IsDefault], [Layers], [SortCode], [DeleteMark], [EnabledMark], [Description], [CreatorTime], [CreatorUserId], [LastModifyTime], [LastModifyUserId], [DeleteTime], [DeleteUserId]) VALUES (N'2020101518190417886360', N'2020031518502068403513', N'', N'11', N'11', NULL, 1, NULL, 3, 0, 1, NULL, CAST(N'2020-10-15T18:19:04.180' AS DateTime), N'2020100517554098226223', NULL, NULL, NULL, NULL)
GO
INSERT [dbo].[Sys_ItemsDetail] ([Id], [ItemId], [ParentId], [ItemCode], [ItemName], [SimpleSpelling], [IsDefault], [Layers], [SortCode], [DeleteMark], [EnabledMark], [Description], [CreatorTime], [CreatorUserId], [LastModifyTime], [LastModifyUserId], [DeleteTime], [DeleteUserId]) VALUES (N'2020101015533503275863', N'15023A4E-4856-44EB-BE71-36A106E2AA59', N'', N'回族', N'回族', NULL, 1, NULL, 99, 0, 1, NULL, CAST(N'2020-10-10T15:53:35.033' AS DateTime), N'9f2ec079-7d0f-4fe2-90ab-8b09a8302aba', NULL, NULL, NULL, NULL)
GO
INSERT [dbo].[Sys_ItemsDetail] ([Id], [ItemId], [ParentId], [ItemCode], [ItemName], [SimpleSpelling], [IsDefault], [Layers], [SortCode], [DeleteMark], [EnabledMark], [Description], [CreatorTime], [CreatorUserId], [LastModifyTime], [LastModifyUserId], [DeleteTime], [DeleteUserId]) VALUES (N'2020031518381846423927', N'2020031518363999932307', N'', N'瓶', N'瓶', N'ping', 0, NULL, 4, 0, 1, NULL, CAST(N'2020-03-15T18:38:18.463' AS DateTime), N'9f2ec079-7d0f-4fe2-90ab-8b09a8302aba', NULL, NULL, NULL, NULL)
GO
INSERT [dbo].[Sys_Menu] ([Id], [SystemTypeId], [ParentId], [Layers], [EnCode], [FullName], [Icon], [UrlAddress], [Component], [Target], [MenuType], [ActiveMenu], [IsExpand], [IsFrame], [IsShow], [IsCache], [IsPublic], [AllowEdit], [AllowDelete], [SortCode], [DeleteMark], [EnabledMark], [Description], [CreatorTime], [CreatorUserId], [LastModifyTime], [LastModifyUserId], [DeleteTime], [DeleteUserId]) VALUES (N'1', N'201806141508359155', N'', 1, N'Security', N'系统管理', N'set', N'/setting', NULL, N'expand', N'C', NULL, 1, 0, 1, 0, 0, 1, 1, 996, 0, 1, NULL, CAST(N'2018-06-03T00:00:00.000' AS DateTime), N'9f2ec079-7d0f-4fe2-90ab-8b09a8302aba', CAST(N'2021-01-25T16:25:45.427' AS DateTime), N'2020100517554098226223', CAST(N'2018-06-03T00:00:00.000' AS DateTime), N'9f2ec079-7d0f-4fe2-90ab-8b09a8302aba')
GO
INSERT [dbo].[Sys_Menu] ([Id], [SystemTypeId], [ParentId], [Layers], [EnCode], [FullName], [Icon], [UrlAddress], [Component], [Target], [MenuType], [ActiveMenu], [IsExpand], [IsFrame], [IsShow], [IsCache], [IsPublic], [AllowEdit], [AllowDelete], [SortCode], [DeleteMark], [EnabledMark], [Description], [CreatorTime], [CreatorUserId], [LastModifyTime], [LastModifyUserId], [DeleteTime], [DeleteUserId]) VALUES (N'201806040726499682', N'201806141508359155', N'9', 2, N'DbTools', N'数据库连接', N'database', N'/tool/dbtools', N'tool/dbtools', N'iframe', N'M', NULL, 0, 0, 1, 0, 0, 1, 1, 100, 0, 1, NULL, CAST(N'2018-06-04T00:00:00.000' AS DateTime), N'9f2ec079-7d0f-4fe2-90ab-8b09a8302aba', CAST(N'2021-01-25T16:31:20.707' AS DateTime), N'2020100517554098226223', CAST(N'2001-01-01T00:00:00.000' AS DateTime), NULL)
GO
INSERT [dbo].[Sys_Menu] ([Id], [SystemTypeId], [ParentId], [Layers], [EnCode], [FullName], [Icon], [UrlAddress], [Component], [Target], [MenuType], [ActiveMenu], [IsExpand], [IsFrame], [IsShow], [IsCache], [IsPublic], [AllowEdit], [AllowDelete], [SortCode], [DeleteMark], [EnabledMark], [Description], [CreatorTime], [CreatorUserId], [LastModifyTime], [LastModifyUserId], [DeleteTime], [DeleteUserId]) VALUES (N'201806120821141288', N'201806141508359155', N'', 1, N'SysLog', N'日志管理', N'log', N'/log', NULL, N'expand', N'C', NULL, 0, 0, 1, 0, 0, 1, 1, 998, 0, 1, NULL, CAST(N'2018-06-12T00:00:00.000' AS DateTime), N'9f2ec079-7d0f-4fe2-90ab-8b09a8302aba', CAST(N'2021-01-25T16:29:20.663' AS DateTime), N'2020100517554098226223', CAST(N'2001-01-01T00:00:00.000' AS DateTime), NULL)
GO
INSERT [dbo].[Sys_Menu] ([Id], [SystemTypeId], [ParentId], [Layers], [EnCode], [FullName], [Icon], [UrlAddress], [Component], [Target], [MenuType], [ActiveMenu], [IsExpand], [IsFrame], [IsShow], [IsCache], [IsPublic], [AllowEdit], [AllowDelete], [SortCode], [DeleteMark], [EnabledMark], [Description], [CreatorTime], [CreatorUserId], [LastModifyTime], [LastModifyUserId], [DeleteTime], [DeleteUserId]) VALUES (N'201806121608404625', N'201806141508359155', N'9', 2, N'Menu', N'功能模块', N'menu-module', N'/menu/index', N'menu/index', N'iframe', N'M', NULL, 0, 0, 1, 0, 0, 1, 1, 7, 0, 1, NULL, CAST(N'2018-06-12T00:00:00.000' AS DateTime), N'9f2ec079-7d0f-4fe2-90ab-8b09a8302aba', CAST(N'2021-01-25T16:31:00.253' AS DateTime), N'2020100517554098226223', CAST(N'2001-01-01T00:00:00.000' AS DateTime), NULL)
GO
INSERT [dbo].[Sys_Menu] ([Id], [SystemTypeId], [ParentId], [Layers], [EnCode], [FullName], [Icon], [UrlAddress], [Component], [Target], [MenuType], [ActiveMenu], [IsExpand], [IsFrame], [IsShow], [IsCache], [IsPublic], [AllowEdit], [AllowDelete], [SortCode], [DeleteMark], [EnabledMark], [Description], [CreatorTime], [CreatorUserId], [LastModifyTime], [LastModifyUserId], [DeleteTime], [DeleteUserId]) VALUES (N'201806141351101389', N'201806141508359155', N'9', 2, N'SystemType', N'系统类型', N'system', N'/systemtype/index', N'systemtype/index', N'expand', N'M', NULL, 0, 0, 1, 0, 0, 1, 1, 5, 0, 1, NULL, CAST(N'2018-06-14T00:00:00.000' AS DateTime), N'9f2ec079-7d0f-4fe2-90ab-8b09a8302aba', CAST(N'2021-01-25T16:30:38.200' AS DateTime), N'2020100517554098226223', CAST(N'2001-01-01T00:00:00.000' AS DateTime), NULL)
GO
INSERT [dbo].[Sys_Menu] ([Id], [SystemTypeId], [ParentId], [Layers], [EnCode], [FullName], [Icon], [UrlAddress], [Component], [Target], [MenuType], [ActiveMenu], [IsExpand], [IsFrame], [IsShow], [IsCache], [IsPublic], [AllowEdit], [AllowDelete], [SortCode], [DeleteMark], [EnabledMark], [Description], [CreatorTime], [CreatorUserId], [LastModifyTime], [LastModifyUserId], [DeleteTime], [DeleteUserId]) VALUES (N'201806291506346894', N'201806141508359155', N'9', 2, N'APP', N'应用管理', N'app', N'/app/index', N'app/index', N'iframe', N'M', NULL, 0, 0, 1, 0, 0, 1, 1, 6, 0, 1, NULL, CAST(N'2018-06-29T00:00:00.000' AS DateTime), N'9f2ec079-7d0f-4fe2-90ab-8b09a8302aba', CAST(N'2021-01-25T16:30:48.987' AS DateTime), N'2020100517554098226223', CAST(N'2001-01-01T00:00:00.000' AS DateTime), NULL)
GO
INSERT [dbo].[Sys_Menu] ([Id], [SystemTypeId], [ParentId], [Layers], [EnCode], [FullName], [Icon], [UrlAddress], [Component], [Target], [MenuType], [ActiveMenu], [IsExpand], [IsFrame], [IsShow], [IsCache], [IsPublic], [AllowEdit], [AllowDelete], [SortCode], [DeleteMark], [EnabledMark], [Description], [CreatorTime], [CreatorUserId], [LastModifyTime], [LastModifyUserId], [DeleteTime], [DeleteUserId]) VALUES (N'201905041649159560', N'201806141508359155', N'1', 2, N'SysSetting/Index', N'系统设置', N'set', N'/setting/index', N'setting/index', N'iframe', N'M', NULL, 0, 0, 1, 0, 0, 1, 1, 1, 0, 1, NULL, CAST(N'2019-05-04T00:00:00.000' AS DateTime), N'9f2ec079-7d0f-4fe2-90ab-8b09a8302aba', CAST(N'2021-01-25T16:25:56.637' AS DateTime), N'2020100517554098226223', CAST(N'2001-01-01T00:00:00.000' AS DateTime), NULL)
GO
INSERT [dbo].[Sys_Menu] ([Id], [SystemTypeId], [ParentId], [Layers], [EnCode], [FullName], [Icon], [UrlAddress], [Component], [Target], [MenuType], [ActiveMenu], [IsExpand], [IsFrame], [IsShow], [IsCache], [IsPublic], [AllowEdit], [AllowDelete], [SortCode], [DeleteMark], [EnabledMark], [Description], [CreatorTime], [CreatorUserId], [LastModifyTime], [LastModifyUserId], [DeleteTime], [DeleteUserId]) VALUES (N'2020042216381028741066', N'201806141508359155', N'9', 2, N'CodeGenerator', N'代码生成器', N'code', N'/tool/index', N'tool/index', NULL, N'M', NULL, 0, 0, 1, 0, 0, 1, 1, 99, 0, 1, NULL, CAST(N'2020-04-22T00:00:00.000' AS DateTime), N'9f2ec079-7d0f-4fe2-90ab-8b09a8302aba', CAST(N'2021-01-25T16:31:10.250' AS DateTime), N'2020100517554098226223', CAST(N'2001-01-01T00:00:00.000' AS DateTime), NULL)
GO
INSERT [dbo].[Sys_Menu] ([Id], [SystemTypeId], [ParentId], [Layers], [EnCode], [FullName], [Icon], [UrlAddress], [Component], [Target], [MenuType], [ActiveMenu], [IsExpand], [IsFrame], [IsShow], [IsCache], [IsPublic], [AllowEdit], [AllowDelete], [SortCode], [DeleteMark], [EnabledMark], [Description], [CreatorTime], [CreatorUserId], [LastModifyTime], [LastModifyUserId], [DeleteTime], [DeleteUserId]) VALUES (N'2020042316122987266087', N'201806141508359155', N'1', 2, N'UploadFile', N'文件管理', N'documentation', N'/uploadfile/index', N'uploadfile/index', NULL, N'M', NULL, 0, 0, 1, 0, 1, 1, 1, 99, 0, 1, NULL, CAST(N'2020-04-23T00:00:00.000' AS DateTime), N'9f2ec079-7d0f-4fe2-90ab-8b09a8302aba', CAST(N'2021-01-25T16:27:04.343' AS DateTime), N'2020100517554098226223', CAST(N'2001-01-01T00:00:00.000' AS DateTime), NULL)
GO
INSERT [dbo].[Sys_Menu] ([Id], [SystemTypeId], [ParentId], [Layers], [EnCode], [FullName], [Icon], [UrlAddress], [Component], [Target], [MenuType], [ActiveMenu], [IsExpand], [IsFrame], [IsShow], [IsCache], [IsPublic], [AllowEdit], [AllowDelete], [SortCode], [DeleteMark], [EnabledMark], [Description], [CreatorTime], [CreatorUserId], [LastModifyTime], [LastModifyUserId], [DeleteTime], [DeleteUserId]) VALUES (N'2020110314123396328561', N'201806141508359155', N'1', 2, N'Tenant', N'多租户', N'shequ', N'/tenant/index', N'tenant/index', NULL, N'M', NULL, 0, 0, 1, 0, 1, 1, 1, 99, 0, 1, NULL, CAST(N'2020-11-03T14:12:34.000' AS DateTime), N'9f2ec079-7d0f-4fe2-90ab-8b09a8302aba', CAST(N'2021-01-25T16:27:15.027' AS DateTime), N'2020100517554098226223', NULL, NULL)
GO
INSERT [dbo].[Sys_Menu] ([Id], [SystemTypeId], [ParentId], [Layers], [EnCode], [FullName], [Icon], [UrlAddress], [Component], [Target], [MenuType], [ActiveMenu], [IsExpand], [IsFrame], [IsShow], [IsCache], [IsPublic], [AllowEdit], [AllowDelete], [SortCode], [DeleteMark], [EnabledMark], [Description], [CreatorTime], [CreatorUserId], [LastModifyTime], [LastModifyUserId], [DeleteTime], [DeleteUserId]) VALUES (N'2020110314142274602075', N'201806141508359155', N'', 1, N'Task', N'定时任务', N'time', N'/taskmanager', NULL, NULL, N'C', NULL, 0, 0, 1, 0, 0, 1, 1, 997, 0, 1, NULL, CAST(N'2020-11-03T14:14:23.000' AS DateTime), N'9f2ec079-7d0f-4fe2-90ab-8b09a8302aba', CAST(N'2021-01-25T16:27:40.853' AS DateTime), N'2020100517554098226223', NULL, NULL)
GO
INSERT [dbo].[Sys_Menu] ([Id], [SystemTypeId], [ParentId], [Layers], [EnCode], [FullName], [Icon], [UrlAddress], [Component], [Target], [MenuType], [ActiveMenu], [IsExpand], [IsFrame], [IsShow], [IsCache], [IsPublic], [AllowEdit], [AllowDelete], [SortCode], [DeleteMark], [EnabledMark], [Description], [CreatorTime], [CreatorUserId], [LastModifyTime], [LastModifyUserId], [DeleteTime], [DeleteUserId]) VALUES (N'2020110314161523904459', N'201806141508359155', N'2020110314142274602075', 2, N'TaskManager', N'任务列表', N'time-range', N'/taskmanager/index', N'taskmanager/index', NULL, N'M', NULL, 0, 0, 1, 0, 0, 1, 1, 99, 0, 1, NULL, CAST(N'2020-11-03T14:16:15.000' AS DateTime), N'9f2ec079-7d0f-4fe2-90ab-8b09a8302aba', CAST(N'2021-01-25T16:27:51.983' AS DateTime), N'2020100517554098226223', NULL, NULL)
GO
INSERT [dbo].[Sys_Menu] ([Id], [SystemTypeId], [ParentId], [Layers], [EnCode], [FullName], [Icon], [UrlAddress], [Component], [Target], [MenuType], [ActiveMenu], [IsExpand], [IsFrame], [IsShow], [IsCache], [IsPublic], [AllowEdit], [AllowDelete], [SortCode], [DeleteMark], [EnabledMark], [Description], [CreatorTime], [CreatorUserId], [LastModifyTime], [LastModifyUserId], [DeleteTime], [DeleteUserId]) VALUES (N'2020110314165224964779', N'201806141508359155', N'2020110314142274602075', 2, N'TaskJobsLog', N'任务日志', N'logtask', N'/taskmanager/log', N'taskmanager/log', NULL, N'M', NULL, 0, 0, 1, 0, 0, 1, 1, 99, 0, 1, NULL, CAST(N'2020-11-03T14:16:52.000' AS DateTime), N'9f2ec079-7d0f-4fe2-90ab-8b09a8302aba', CAST(N'2021-01-25T16:28:05.523' AS DateTime), N'2020100517554098226223', NULL, NULL)
GO
INSERT [dbo].[Sys_Menu] ([Id], [SystemTypeId], [ParentId], [Layers], [EnCode], [FullName], [Icon], [UrlAddress], [Component], [Target], [MenuType], [ActiveMenu], [IsExpand], [IsFrame], [IsShow], [IsCache], [IsPublic], [AllowEdit], [AllowDelete], [SortCode], [DeleteMark], [EnabledMark], [Description], [CreatorTime], [CreatorUserId], [LastModifyTime], [LastModifyUserId], [DeleteTime], [DeleteUserId]) VALUES (N'2020110314182794069057', N'201806141508359155', N'', 1, N'DocumentConfig', N'单据配置', N'adjust', N'/seq', NULL, NULL, N'C', NULL, 0, 0, 1, 0, 0, 1, 1, 997, 0, 1, NULL, CAST(N'2020-11-03T14:18:28.000' AS DateTime), N'9f2ec079-7d0f-4fe2-90ab-8b09a8302aba', CAST(N'2021-01-25T16:28:24.600' AS DateTime), N'2020100517554098226223', NULL, NULL)
GO
INSERT [dbo].[Sys_Menu] ([Id], [SystemTypeId], [ParentId], [Layers], [EnCode], [FullName], [Icon], [UrlAddress], [Component], [Target], [MenuType], [ActiveMenu], [IsExpand], [IsFrame], [IsShow], [IsCache], [IsPublic], [AllowEdit], [AllowDelete], [SortCode], [DeleteMark], [EnabledMark], [Description], [CreatorTime], [CreatorUserId], [LastModifyTime], [LastModifyUserId], [DeleteTime], [DeleteUserId]) VALUES (N'2020110314190914102881', N'201806141508359155', N'2020110314182794069057', 2, N'Sequence', N'业务单据编码', N'xuhao', N'/seq/index', N'seq/index', NULL, N'M', NULL, 0, 0, 1, 0, 0, 1, 1, 99, 0, 1, NULL, CAST(N'2020-11-03T14:19:09.000' AS DateTime), N'9f2ec079-7d0f-4fe2-90ab-8b09a8302aba', CAST(N'2021-01-25T16:28:34.377' AS DateTime), N'2020100517554098226223', NULL, NULL)
GO
INSERT [dbo].[Sys_Menu] ([Id], [SystemTypeId], [ParentId], [Layers], [EnCode], [FullName], [Icon], [UrlAddress], [Component], [Target], [MenuType], [ActiveMenu], [IsExpand], [IsFrame], [IsShow], [IsCache], [IsPublic], [AllowEdit], [AllowDelete], [SortCode], [DeleteMark], [EnabledMark], [Description], [CreatorTime], [CreatorUserId], [LastModifyTime], [LastModifyUserId], [DeleteTime], [DeleteUserId]) VALUES (N'2020110314195207514356', N'201806141508359155', N'2020110314182794069057', 2, N'SequenceRule', N'单据编码规则', N'guze', N'/seq/rule', N'seq/rule', NULL, N'M', NULL, 0, 0, 1, 0, 0, 1, 1, 100, 0, 1, NULL, CAST(N'2020-11-03T14:19:52.000' AS DateTime), N'9f2ec079-7d0f-4fe2-90ab-8b09a8302aba', CAST(N'2021-01-25T16:28:58.870' AS DateTime), N'2020100517554098226223', NULL, NULL)
GO
INSERT [dbo].[Sys_Menu] ([Id], [SystemTypeId], [ParentId], [Layers], [EnCode], [FullName], [Icon], [UrlAddress], [Component], [Target], [MenuType], [ActiveMenu], [IsExpand], [IsFrame], [IsShow], [IsCache], [IsPublic], [AllowEdit], [AllowDelete], [SortCode], [DeleteMark], [EnabledMark], [Description], [CreatorTime], [CreatorUserId], [LastModifyTime], [LastModifyUserId], [DeleteTime], [DeleteUserId]) VALUES (N'2020110314220971767837', N'201806141508359155', N'201806120821141288', 2, N'Log/List', N'操作日志', N'log', N'/syslog/index', N'syslog/index', NULL, N'M', NULL, 0, 0, 1, 0, 0, 1, 1, 99, 0, 1, NULL, CAST(N'2020-11-03T14:22:10.000' AS DateTime), N'9f2ec079-7d0f-4fe2-90ab-8b09a8302aba', CAST(N'2021-01-25T16:29:39.563' AS DateTime), N'2020100517554098226223', NULL, NULL)
GO
INSERT [dbo].[Sys_Menu] ([Id], [SystemTypeId], [ParentId], [Layers], [EnCode], [FullName], [Icon], [UrlAddress], [Component], [Target], [MenuType], [ActiveMenu], [IsExpand], [IsFrame], [IsShow], [IsCache], [IsPublic], [AllowEdit], [AllowDelete], [SortCode], [DeleteMark], [EnabledMark], [Description], [CreatorTime], [CreatorUserId], [LastModifyTime], [LastModifyUserId], [DeleteTime], [DeleteUserId]) VALUES (N'2020110314224299715445', N'201806141508359155', N'201806120821141288', 2, N'Log/Exception', N'异常日志', N'log', N'/syslog/exception', N'syslog/exception', NULL, N'M', NULL, 0, 0, 1, 0, 0, 1, 1, 99, 0, 1, NULL, CAST(N'2020-11-03T14:22:43.000' AS DateTime), N'9f2ec079-7d0f-4fe2-90ab-8b09a8302aba', CAST(N'2021-01-25T16:30:01.363' AS DateTime), N'2020100517554098226223', NULL, NULL)
GO
INSERT [dbo].[Sys_Menu] ([Id], [SystemTypeId], [ParentId], [Layers], [EnCode], [FullName], [Icon], [UrlAddress], [Component], [Target], [MenuType], [ActiveMenu], [IsExpand], [IsFrame], [IsShow], [IsCache], [IsPublic], [AllowEdit], [AllowDelete], [SortCode], [DeleteMark], [EnabledMark], [Description], [CreatorTime], [CreatorUserId], [LastModifyTime], [LastModifyUserId], [DeleteTime], [DeleteUserId]) VALUES (N'2020110314231504343408', N'201806141508359155', N'201806120821141288', 2, N'Log/SQL', N'SQL日志', N'log', N'/syslog/sql', N'syslog/sql', NULL, N'M', NULL, 0, 0, 1, 0, 0, 1, 1, 99, 0, 1, NULL, CAST(N'2020-11-03T14:23:15.000' AS DateTime), N'9f2ec079-7d0f-4fe2-90ab-8b09a8302aba', CAST(N'2021-01-25T16:29:49.660' AS DateTime), N'2020100517554098226223', NULL, NULL)
GO
INSERT [dbo].[Sys_Menu] ([Id], [SystemTypeId], [ParentId], [Layers], [EnCode], [FullName], [Icon], [UrlAddress], [Component], [Target], [MenuType], [ActiveMenu], [IsExpand], [IsFrame], [IsShow], [IsCache], [IsPublic], [AllowEdit], [AllowDelete], [SortCode], [DeleteMark], [EnabledMark], [Description], [CreatorTime], [CreatorUserId], [LastModifyTime], [LastModifyUserId], [DeleteTime], [DeleteUserId]) VALUES (N'2021010314265872439474', N'201806141508359155', N'201905041649159560', 3, N'SysSetting/GetSysInfo', N'获取系统信息', N'', N'', N'', NULL, N'F', NULL, 0, 0, 1, 0, 0, NULL, NULL, 99, 0, 1, NULL, CAST(N'2021-01-03T14:26:59.000' AS DateTime), N'2020031712130656785909', NULL, NULL, NULL, NULL)
GO
INSERT [dbo].[Sys_Menu] ([Id], [SystemTypeId], [ParentId], [Layers], [EnCode], [FullName], [Icon], [UrlAddress], [Component], [Target], [MenuType], [ActiveMenu], [IsExpand], [IsFrame], [IsShow], [IsCache], [IsPublic], [AllowEdit], [AllowDelete], [SortCode], [DeleteMark], [EnabledMark], [Description], [CreatorTime], [CreatorUserId], [LastModifyTime], [LastModifyUserId], [DeleteTime], [DeleteUserId]) VALUES (N'2021010314280909099314', N'201806141508359155', N'201905041649159560', 3, N'SysSetting/Edit', N'修改', N'', N'', N'', NULL, N'F', NULL, 0, 0, 1, 0, 0, NULL, NULL, 99, 0, 1, NULL, CAST(N'2021-01-03T14:28:09.000' AS DateTime), N'2020031712130656785909', NULL, NULL, NULL, NULL)
GO
INSERT [dbo].[Sys_Menu] ([Id], [SystemTypeId], [ParentId], [Layers], [EnCode], [FullName], [Icon], [UrlAddress], [Component], [Target], [MenuType], [ActiveMenu], [IsExpand], [IsFrame], [IsShow], [IsCache], [IsPublic], [AllowEdit], [AllowDelete], [SortCode], [DeleteMark], [EnabledMark], [Description], [CreatorTime], [CreatorUserId], [LastModifyTime], [LastModifyUserId], [DeleteTime], [DeleteUserId]) VALUES (N'2021010314293148672477', N'201806141508359155', N'3', 3, N'Organize/Add', N'新增', N'', N'', N'', NULL, N'F', NULL, 0, 0, 1, 0, 0, NULL, NULL, 1, 0, 1, NULL, CAST(N'2021-01-03T14:29:31.000' AS DateTime), N'2020031712130656785909', CAST(N'2021-01-03T19:01:38.000' AS DateTime), N'2020031712130656785909', NULL, NULL)
GO
INSERT [dbo].[Sys_Menu] ([Id], [SystemTypeId], [ParentId], [Layers], [EnCode], [FullName], [Icon], [UrlAddress], [Component], [Target], [MenuType], [ActiveMenu], [IsExpand], [IsFrame], [IsShow], [IsCache], [IsPublic], [AllowEdit], [AllowDelete], [SortCode], [DeleteMark], [EnabledMark], [Description], [CreatorTime], [CreatorUserId], [LastModifyTime], [LastModifyUserId], [DeleteTime], [DeleteUserId]) VALUES (N'2021010314302276644526', N'201806141508359155', N'3', 3, N'Organize/Edit', N'修改', N'', N'', N'', NULL, N'F', NULL, 0, 0, 1, 0, 0, NULL, NULL, 2, 0, 1, NULL, CAST(N'2021-01-03T14:30:23.000' AS DateTime), N'2020031712130656785909', CAST(N'2021-01-03T14:53:24.000' AS DateTime), N'2020031712130656785909', NULL, NULL)
GO
INSERT [dbo].[Sys_Menu] ([Id], [SystemTypeId], [ParentId], [Layers], [EnCode], [FullName], [Icon], [UrlAddress], [Component], [Target], [MenuType], [ActiveMenu], [IsExpand], [IsFrame], [IsShow], [IsCache], [IsPublic], [AllowEdit], [AllowDelete], [SortCode], [DeleteMark], [EnabledMark], [Description], [CreatorTime], [CreatorUserId], [LastModifyTime], [LastModifyUserId], [DeleteTime], [DeleteUserId]) VALUES (N'2021010314473160136431', N'201806141508359155', N'3', 3, N'Organize/Delete', N'删除', N'', N'', N'', NULL, N'F', NULL, 0, 0, 1, 0, 0, NULL, NULL, 3, 0, 1, NULL, CAST(N'2021-01-03T14:47:32.000' AS DateTime), N'2020031712130656785909', CAST(N'2021-01-03T14:51:53.000' AS DateTime), N'2020031712130656785909', NULL, NULL)
GO
INSERT [dbo].[Sys_Menu] ([Id], [SystemTypeId], [ParentId], [Layers], [EnCode], [FullName], [Icon], [UrlAddress], [Component], [Target], [MenuType], [ActiveMenu], [IsExpand], [IsFrame], [IsShow], [IsCache], [IsPublic], [AllowEdit], [AllowDelete], [SortCode], [DeleteMark], [EnabledMark], [Description], [CreatorTime], [CreatorUserId], [LastModifyTime], [LastModifyUserId], [DeleteTime], [DeleteUserId]) VALUES (N'2021010314525585211515', N'201806141508359155', N'3', 3, N'Organize/Enable', N'启用', N'', N'', N'', NULL, N'F', NULL, 0, 0, 1, 0, 0, NULL, NULL, 4, 0, 1, NULL, CAST(N'2021-01-03T14:52:56.000' AS DateTime), N'2020031712130656785909', CAST(N'2021-01-03T14:53:08.000' AS DateTime), N'2020031712130656785909', NULL, NULL)
GO
INSERT [dbo].[Sys_Menu] ([Id], [SystemTypeId], [ParentId], [Layers], [EnCode], [FullName], [Icon], [UrlAddress], [Component], [Target], [MenuType], [ActiveMenu], [IsExpand], [IsFrame], [IsShow], [IsCache], [IsPublic], [AllowEdit], [AllowDelete], [SortCode], [DeleteMark], [EnabledMark], [Description], [CreatorTime], [CreatorUserId], [LastModifyTime], [LastModifyUserId], [DeleteTime], [DeleteUserId]) VALUES (N'2021010314535010864350', N'201806141508359155', N'3', 3, N'Organize/Enable', N'禁用', N'', N'', N'', NULL, N'F', NULL, 0, 0, 1, 0, 0, NULL, NULL, 5, 0, 1, NULL, CAST(N'2021-01-03T14:53:50.000' AS DateTime), N'2020031712130656785909', NULL, NULL, NULL, NULL)
GO
INSERT [dbo].[Sys_Menu] ([Id], [SystemTypeId], [ParentId], [Layers], [EnCode], [FullName], [Icon], [UrlAddress], [Component], [Target], [MenuType], [ActiveMenu], [IsExpand], [IsFrame], [IsShow], [IsCache], [IsPublic], [AllowEdit], [AllowDelete], [SortCode], [DeleteMark], [EnabledMark], [Description], [CreatorTime], [CreatorUserId], [LastModifyTime], [LastModifyUserId], [DeleteTime], [DeleteUserId]) VALUES (N'2021010315063384478437', N'201806141508359155', N'4', 3, N'User/List', N'列表', N'', N'', N'', NULL, N'F', NULL, 0, 0, 0, 0, 0, NULL, NULL, 99, 0, 1, NULL, CAST(N'2021-01-03T15:06:34.000' AS DateTime), N'2020031712130656785909', NULL, NULL, NULL, NULL)
GO
INSERT [dbo].[Sys_Menu] ([Id], [SystemTypeId], [ParentId], [Layers], [EnCode], [FullName], [Icon], [UrlAddress], [Component], [Target], [MenuType], [ActiveMenu], [IsExpand], [IsFrame], [IsShow], [IsCache], [IsPublic], [AllowEdit], [AllowDelete], [SortCode], [DeleteMark], [EnabledMark], [Description], [CreatorTime], [CreatorUserId], [LastModifyTime], [LastModifyUserId], [DeleteTime], [DeleteUserId]) VALUES (N'2021010315063387468705', N'201806141508359155', N'4', 3, N'User/Add', N'新增', N'', N'', N'', NULL, N'F', NULL, 0, 0, 1, 0, 0, NULL, NULL, 1, 0, 1, NULL, CAST(N'2021-01-03T15:06:34.000' AS DateTime), N'2020031712130656785909', NULL, NULL, NULL, NULL)
GO
INSERT [dbo].[Sys_Menu] ([Id], [SystemTypeId], [ParentId], [Layers], [EnCode], [FullName], [Icon], [UrlAddress], [Component], [Target], [MenuType], [ActiveMenu], [IsExpand], [IsFrame], [IsShow], [IsCache], [IsPublic], [AllowEdit], [AllowDelete], [SortCode], [DeleteMark], [EnabledMark], [Description], [CreatorTime], [CreatorUserId], [LastModifyTime], [LastModifyUserId], [DeleteTime], [DeleteUserId]) VALUES (N'2021010315063389314029', N'201806141508359155', N'4', 3, N'User/Edit', N'修改', N'', N'', N'', NULL, N'F', NULL, 0, 0, 1, 0, 0, NULL, NULL, 2, 0, 1, NULL, CAST(N'2021-01-03T15:06:34.000' AS DateTime), N'2020031712130656785909', NULL, NULL, NULL, NULL)
GO
INSERT [dbo].[Sys_Menu] ([Id], [SystemTypeId], [ParentId], [Layers], [EnCode], [FullName], [Icon], [UrlAddress], [Component], [Target], [MenuType], [ActiveMenu], [IsExpand], [IsFrame], [IsShow], [IsCache], [IsPublic], [AllowEdit], [AllowDelete], [SortCode], [DeleteMark], [EnabledMark], [Description], [CreatorTime], [CreatorUserId], [LastModifyTime], [LastModifyUserId], [DeleteTime], [DeleteUserId]) VALUES (N'2021010315063392168016', N'201806141508359155', N'4', 3, N'User/Enable', N'禁用', N'', N'', N'', NULL, N'F', NULL, 0, 0, 1, 0, 0, NULL, NULL, 3, 0, 1, NULL, CAST(N'2021-01-03T15:06:34.000' AS DateTime), N'2020031712130656785909', NULL, NULL, NULL, NULL)
GO
INSERT [dbo].[Sys_Menu] ([Id], [SystemTypeId], [ParentId], [Layers], [EnCode], [FullName], [Icon], [UrlAddress], [Component], [Target], [MenuType], [ActiveMenu], [IsExpand], [IsFrame], [IsShow], [IsCache], [IsPublic], [AllowEdit], [AllowDelete], [SortCode], [DeleteMark], [EnabledMark], [Description], [CreatorTime], [CreatorUserId], [LastModifyTime], [LastModifyUserId], [DeleteTime], [DeleteUserId]) VALUES (N'2021010315063394048962', N'201806141508359155', N'4', 3, N'User/Enable', N'启用', N'', N'', N'', NULL, N'F', NULL, 0, 0, 1, 0, 0, NULL, NULL, 4, 0, 1, NULL, CAST(N'2021-01-03T15:06:34.000' AS DateTime), N'2020031712130656785909', NULL, NULL, NULL, NULL)
GO
INSERT [dbo].[Sys_Menu] ([Id], [SystemTypeId], [ParentId], [Layers], [EnCode], [FullName], [Icon], [UrlAddress], [Component], [Target], [MenuType], [ActiveMenu], [IsExpand], [IsFrame], [IsShow], [IsCache], [IsPublic], [AllowEdit], [AllowDelete], [SortCode], [DeleteMark], [EnabledMark], [Description], [CreatorTime], [CreatorUserId], [LastModifyTime], [LastModifyUserId], [DeleteTime], [DeleteUserId]) VALUES (N'2021010315063395829111', N'201806141508359155', N'4', 3, N'User/DeleteSoft', N'软删除', N'', N'', N'', NULL, N'F', NULL, 0, 0, 1, 0, 0, NULL, NULL, 5, 0, 1, NULL, CAST(N'2021-01-03T15:06:34.000' AS DateTime), N'2020031712130656785909', NULL, NULL, NULL, NULL)
GO
INSERT [dbo].[Sys_Menu] ([Id], [SystemTypeId], [ParentId], [Layers], [EnCode], [FullName], [Icon], [UrlAddress], [Component], [Target], [MenuType], [ActiveMenu], [IsExpand], [IsFrame], [IsShow], [IsCache], [IsPublic], [AllowEdit], [AllowDelete], [SortCode], [DeleteMark], [EnabledMark], [Description], [CreatorTime], [CreatorUserId], [LastModifyTime], [LastModifyUserId], [DeleteTime], [DeleteUserId]) VALUES (N'2021010315063397424616', N'201806141508359155', N'4', 3, N'User/Delete', N'删除', N'', N'', N'', NULL, N'F', NULL, 0, 0, 1, 0, 0, NULL, NULL, 6, 0, 1, NULL, CAST(N'2021-01-03T15:06:34.000' AS DateTime), N'2020031712130656785909', NULL, NULL, NULL, NULL)
GO
INSERT [dbo].[Sys_Menu] ([Id], [SystemTypeId], [ParentId], [Layers], [EnCode], [FullName], [Icon], [UrlAddress], [Component], [Target], [MenuType], [ActiveMenu], [IsExpand], [IsFrame], [IsShow], [IsCache], [IsPublic], [AllowEdit], [AllowDelete], [SortCode], [DeleteMark], [EnabledMark], [Description], [CreatorTime], [CreatorUserId], [LastModifyTime], [LastModifyUserId], [DeleteTime], [DeleteUserId]) VALUES (N'2021010315075515608293', N'201806141508359155', N'5', 3, N'Role/List', N'列表', N'', N'', N'', NULL, N'F', NULL, 0, 0, 0, 0, 0, NULL, NULL, 1, 0, 1, NULL, CAST(N'2021-01-03T15:07:55.000' AS DateTime), N'2020031712130656785909', NULL, NULL, NULL, NULL)
GO
INSERT [dbo].[Sys_Menu] ([Id], [SystemTypeId], [ParentId], [Layers], [EnCode], [FullName], [Icon], [UrlAddress], [Component], [Target], [MenuType], [ActiveMenu], [IsExpand], [IsFrame], [IsShow], [IsCache], [IsPublic], [AllowEdit], [AllowDelete], [SortCode], [DeleteMark], [EnabledMark], [Description], [CreatorTime], [CreatorUserId], [LastModifyTime], [LastModifyUserId], [DeleteTime], [DeleteUserId]) VALUES (N'2021010315075517418867', N'201806141508359155', N'5', 3, N'Role/Add', N'新增', N'', N'', N'', NULL, N'F', NULL, 0, 0, 1, 0, 0, NULL, NULL, 1, 0, 1, NULL, CAST(N'2021-01-03T15:07:55.000' AS DateTime), N'2020031712130656785909', NULL, NULL, NULL, NULL)
GO
INSERT [dbo].[Sys_Menu] ([Id], [SystemTypeId], [ParentId], [Layers], [EnCode], [FullName], [Icon], [UrlAddress], [Component], [Target], [MenuType], [ActiveMenu], [IsExpand], [IsFrame], [IsShow], [IsCache], [IsPublic], [AllowEdit], [AllowDelete], [SortCode], [DeleteMark], [EnabledMark], [Description], [CreatorTime], [CreatorUserId], [LastModifyTime], [LastModifyUserId], [DeleteTime], [DeleteUserId]) VALUES (N'2021010315075519656824', N'201806141508359155', N'5', 3, N'Role/Edit', N'修改', N'', N'', N'', NULL, N'F', NULL, 0, 0, 1, 0, 0, NULL, NULL, 2, 0, 1, NULL, CAST(N'2021-01-03T15:07:55.000' AS DateTime), N'2020031712130656785909', NULL, NULL, NULL, NULL)
GO
INSERT [dbo].[Sys_Menu] ([Id], [SystemTypeId], [ParentId], [Layers], [EnCode], [FullName], [Icon], [UrlAddress], [Component], [Target], [MenuType], [ActiveMenu], [IsExpand], [IsFrame], [IsShow], [IsCache], [IsPublic], [AllowEdit], [AllowDelete], [SortCode], [DeleteMark], [EnabledMark], [Description], [CreatorTime], [CreatorUserId], [LastModifyTime], [LastModifyUserId], [DeleteTime], [DeleteUserId]) VALUES (N'2021010315075521218314', N'201806141508359155', N'5', 3, N'Role/Enable', N'禁用', N'', N'', N'', NULL, N'F', NULL, 0, 0, 1, 0, 0, NULL, NULL, 3, 0, 1, NULL, CAST(N'2021-01-03T15:07:55.000' AS DateTime), N'2020031712130656785909', NULL, NULL, NULL, NULL)
GO
INSERT [dbo].[Sys_Menu] ([Id], [SystemTypeId], [ParentId], [Layers], [EnCode], [FullName], [Icon], [UrlAddress], [Component], [Target], [MenuType], [ActiveMenu], [IsExpand], [IsFrame], [IsShow], [IsCache], [IsPublic], [AllowEdit], [AllowDelete], [SortCode], [DeleteMark], [EnabledMark], [Description], [CreatorTime], [CreatorUserId], [LastModifyTime], [LastModifyUserId], [DeleteTime], [DeleteUserId]) VALUES (N'2021010315075522857783', N'201806141508359155', N'5', 3, N'Role/Enable', N'启用', N'', N'', N'', NULL, N'F', NULL, 0, 0, 1, 0, 0, NULL, NULL, 4, 0, 1, NULL, CAST(N'2021-01-03T15:07:55.000' AS DateTime), N'2020031712130656785909', NULL, NULL, NULL, NULL)
GO
INSERT [dbo].[Sys_Menu] ([Id], [SystemTypeId], [ParentId], [Layers], [EnCode], [FullName], [Icon], [UrlAddress], [Component], [Target], [MenuType], [ActiveMenu], [IsExpand], [IsFrame], [IsShow], [IsCache], [IsPublic], [AllowEdit], [AllowDelete], [SortCode], [DeleteMark], [EnabledMark], [Description], [CreatorTime], [CreatorUserId], [LastModifyTime], [LastModifyUserId], [DeleteTime], [DeleteUserId]) VALUES (N'2021010315075524463436', N'201806141508359155', N'5', 3, N'Role/DeleteSoft', N'软删除', N'', N'', N'', NULL, N'F', NULL, 0, 0, 1, 0, 0, NULL, NULL, 5, 0, 1, NULL, CAST(N'2021-01-03T15:07:55.000' AS DateTime), N'2020031712130656785909', NULL, NULL, NULL, NULL)
GO
INSERT [dbo].[Sys_Menu] ([Id], [SystemTypeId], [ParentId], [Layers], [EnCode], [FullName], [Icon], [UrlAddress], [Component], [Target], [MenuType], [ActiveMenu], [IsExpand], [IsFrame], [IsShow], [IsCache], [IsPublic], [AllowEdit], [AllowDelete], [SortCode], [DeleteMark], [EnabledMark], [Description], [CreatorTime], [CreatorUserId], [LastModifyTime], [LastModifyUserId], [DeleteTime], [DeleteUserId]) VALUES (N'2021010315075525983094', N'201806141508359155', N'5', 3, N'Role/Delete', N'删除', N'', N'', N'', NULL, N'F', NULL, 0, 0, 1, 0, 0, NULL, NULL, 6, 0, 1, NULL, CAST(N'2021-01-03T15:07:55.000' AS DateTime), N'2020031712130656785909', NULL, NULL, NULL, NULL)
GO
INSERT [dbo].[Sys_Menu] ([Id], [SystemTypeId], [ParentId], [Layers], [EnCode], [FullName], [Icon], [UrlAddress], [Component], [Target], [MenuType], [ActiveMenu], [IsExpand], [IsFrame], [IsShow], [IsCache], [IsPublic], [AllowEdit], [AllowDelete], [SortCode], [DeleteMark], [EnabledMark], [Description], [CreatorTime], [CreatorUserId], [LastModifyTime], [LastModifyUserId], [DeleteTime], [DeleteUserId]) VALUES (N'2021010315100806775237', N'201806141508359155', N'5', 3, N'RoleAuthorize/List', N'角色功能', N'', N'', N'', NULL, N'F', NULL, 0, 0, 0, 0, 1, NULL, NULL, 99, 0, 1, NULL, CAST(N'2021-01-03T15:10:08.000' AS DateTime), N'2020031712130656785909', CAST(N'2021-01-03T21:18:21.000' AS DateTime), N'9f2ec079-7d0f-4fe2-90ab-8b09a8302aba', NULL, NULL)
GO
INSERT [dbo].[Sys_Menu] ([Id], [SystemTypeId], [ParentId], [Layers], [EnCode], [FullName], [Icon], [UrlAddress], [Component], [Target], [MenuType], [ActiveMenu], [IsExpand], [IsFrame], [IsShow], [IsCache], [IsPublic], [AllowEdit], [AllowDelete], [SortCode], [DeleteMark], [EnabledMark], [Description], [CreatorTime], [CreatorUserId], [LastModifyTime], [LastModifyUserId], [DeleteTime], [DeleteUserId]) VALUES (N'2021010315105223757513', N'201806141508359155', N'5', 3, N'Role/SetAuthorize', N'设置权限', N'true', N'', N'', NULL, N'F', NULL, 0, 0, 1, 0, 0, NULL, NULL, 8, 0, 1, NULL, CAST(N'2021-01-03T15:10:52.000' AS DateTime), N'2020031712130656785909', NULL, NULL, NULL, NULL)
GO
INSERT [dbo].[Sys_Menu] ([Id], [SystemTypeId], [ParentId], [Layers], [EnCode], [FullName], [Icon], [UrlAddress], [Component], [Target], [MenuType], [ActiveMenu], [IsExpand], [IsFrame], [IsShow], [IsCache], [IsPublic], [AllowEdit], [AllowDelete], [SortCode], [DeleteMark], [EnabledMark], [Description], [CreatorTime], [CreatorUserId], [LastModifyTime], [LastModifyUserId], [DeleteTime], [DeleteUserId]) VALUES (N'2021010315132781838294', N'201806141508359155', N'6', 3, N'Items/List', N'列表', N'', N'', N'', NULL, N'F', NULL, 0, 0, 0, 0, 0, NULL, NULL, 99, 0, 1, NULL, CAST(N'2021-01-03T15:13:28.000' AS DateTime), N'2020031712130656785909', NULL, NULL, NULL, NULL)
GO
INSERT [dbo].[Sys_Menu] ([Id], [SystemTypeId], [ParentId], [Layers], [EnCode], [FullName], [Icon], [UrlAddress], [Component], [Target], [MenuType], [ActiveMenu], [IsExpand], [IsFrame], [IsShow], [IsCache], [IsPublic], [AllowEdit], [AllowDelete], [SortCode], [DeleteMark], [EnabledMark], [Description], [CreatorTime], [CreatorUserId], [LastModifyTime], [LastModifyUserId], [DeleteTime], [DeleteUserId]) VALUES (N'2021010315132783165373', N'201806141508359155', N'6', 3, N'Items/Add', N'新增', N'', N'', N'', NULL, N'F', NULL, 0, 0, 1, 0, 0, NULL, NULL, 1, 0, 1, NULL, CAST(N'2021-01-03T15:13:28.000' AS DateTime), N'2020031712130656785909', NULL, NULL, NULL, NULL)
GO
INSERT [dbo].[Sys_Menu] ([Id], [SystemTypeId], [ParentId], [Layers], [EnCode], [FullName], [Icon], [UrlAddress], [Component], [Target], [MenuType], [ActiveMenu], [IsExpand], [IsFrame], [IsShow], [IsCache], [IsPublic], [AllowEdit], [AllowDelete], [SortCode], [DeleteMark], [EnabledMark], [Description], [CreatorTime], [CreatorUserId], [LastModifyTime], [LastModifyUserId], [DeleteTime], [DeleteUserId]) VALUES (N'2021010315132784647036', N'201806141508359155', N'6', 3, N'Items/Edit', N'修改', N'', N'', N'', NULL, N'F', NULL, 0, 0, 1, 0, 0, NULL, NULL, 2, 0, 1, NULL, CAST(N'2021-01-03T15:13:28.000' AS DateTime), N'2020031712130656785909', NULL, NULL, NULL, NULL)
GO
INSERT [dbo].[Sys_Menu] ([Id], [SystemTypeId], [ParentId], [Layers], [EnCode], [FullName], [Icon], [UrlAddress], [Component], [Target], [MenuType], [ActiveMenu], [IsExpand], [IsFrame], [IsShow], [IsCache], [IsPublic], [AllowEdit], [AllowDelete], [SortCode], [DeleteMark], [EnabledMark], [Description], [CreatorTime], [CreatorUserId], [LastModifyTime], [LastModifyUserId], [DeleteTime], [DeleteUserId]) VALUES (N'2021010315132786229265', N'201806141508359155', N'6', 3, N'Items/Enable', N'禁用', N'', N'', N'', NULL, N'F', NULL, 0, 0, 1, 0, 0, NULL, NULL, 3, 0, 1, NULL, CAST(N'2021-01-03T15:13:28.000' AS DateTime), N'2020031712130656785909', NULL, NULL, NULL, NULL)
GO
INSERT [dbo].[Sys_Menu] ([Id], [SystemTypeId], [ParentId], [Layers], [EnCode], [FullName], [Icon], [UrlAddress], [Component], [Target], [MenuType], [ActiveMenu], [IsExpand], [IsFrame], [IsShow], [IsCache], [IsPublic], [AllowEdit], [AllowDelete], [SortCode], [DeleteMark], [EnabledMark], [Description], [CreatorTime], [CreatorUserId], [LastModifyTime], [LastModifyUserId], [DeleteTime], [DeleteUserId]) VALUES (N'2021010315132787977688', N'201806141508359155', N'6', 3, N'Items/Enable', N'启用', N'', N'', N'', NULL, N'F', NULL, 0, 0, 1, 0, 0, NULL, NULL, 4, 0, 1, NULL, CAST(N'2021-01-03T15:13:28.000' AS DateTime), N'2020031712130656785909', NULL, NULL, NULL, NULL)
GO
INSERT [dbo].[Sys_Menu] ([Id], [SystemTypeId], [ParentId], [Layers], [EnCode], [FullName], [Icon], [UrlAddress], [Component], [Target], [MenuType], [ActiveMenu], [IsExpand], [IsFrame], [IsShow], [IsCache], [IsPublic], [AllowEdit], [AllowDelete], [SortCode], [DeleteMark], [EnabledMark], [Description], [CreatorTime], [CreatorUserId], [LastModifyTime], [LastModifyUserId], [DeleteTime], [DeleteUserId]) VALUES (N'2021010315132789912350', N'201806141508359155', N'6', 3, N'Items/DeleteSoft', N'软删除', N'', N'', N'', NULL, N'F', NULL, 0, 0, 1, 0, 0, NULL, NULL, 5, 0, 1, NULL, CAST(N'2021-01-03T15:13:28.000' AS DateTime), N'2020031712130656785909', NULL, NULL, NULL, NULL)
GO
INSERT [dbo].[Sys_Menu] ([Id], [SystemTypeId], [ParentId], [Layers], [EnCode], [FullName], [Icon], [UrlAddress], [Component], [Target], [MenuType], [ActiveMenu], [IsExpand], [IsFrame], [IsShow], [IsCache], [IsPublic], [AllowEdit], [AllowDelete], [SortCode], [DeleteMark], [EnabledMark], [Description], [CreatorTime], [CreatorUserId], [LastModifyTime], [LastModifyUserId], [DeleteTime], [DeleteUserId]) VALUES (N'2021010315132791643307', N'201806141508359155', N'6', 3, N'Items/Delete', N'删除', N'', N'', N'', NULL, N'F', NULL, 0, 0, 1, 0, 0, NULL, NULL, 6, 0, 1, NULL, CAST(N'2021-01-03T15:13:28.000' AS DateTime), N'2020031712130656785909', NULL, NULL, NULL, NULL)
GO
INSERT [dbo].[Sys_Menu] ([Id], [SystemTypeId], [ParentId], [Layers], [EnCode], [FullName], [Icon], [UrlAddress], [Component], [Target], [MenuType], [ActiveMenu], [IsExpand], [IsFrame], [IsShow], [IsCache], [IsPublic], [AllowEdit], [AllowDelete], [SortCode], [DeleteMark], [EnabledMark], [Description], [CreatorTime], [CreatorUserId], [LastModifyTime], [LastModifyUserId], [DeleteTime], [DeleteUserId]) VALUES (N'2021010315175285146141', N'201806141508359155', N'2020110314123396328561', 3, N'Tenant/List', N'列表', N'', N'', N'', NULL, N'F', NULL, 0, 0, 0, 0, 0, NULL, NULL, 99, 0, 1, NULL, CAST(N'2021-01-03T15:17:53.000' AS DateTime), N'2020031712130656785909', NULL, NULL, NULL, NULL)
GO
INSERT [dbo].[Sys_Menu] ([Id], [SystemTypeId], [ParentId], [Layers], [EnCode], [FullName], [Icon], [UrlAddress], [Component], [Target], [MenuType], [ActiveMenu], [IsExpand], [IsFrame], [IsShow], [IsCache], [IsPublic], [AllowEdit], [AllowDelete], [SortCode], [DeleteMark], [EnabledMark], [Description], [CreatorTime], [CreatorUserId], [LastModifyTime], [LastModifyUserId], [DeleteTime], [DeleteUserId]) VALUES (N'2021010315175286366578', N'201806141508359155', N'2020110314123396328561', 3, N'Tenant/Add', N'新增', N'', N'', N'', NULL, N'F', NULL, 0, 0, 1, 0, 0, NULL, NULL, 1, 0, 1, NULL, CAST(N'2021-01-03T15:17:53.000' AS DateTime), N'2020031712130656785909', NULL, NULL, NULL, NULL)
GO
INSERT [dbo].[Sys_Menu] ([Id], [SystemTypeId], [ParentId], [Layers], [EnCode], [FullName], [Icon], [UrlAddress], [Component], [Target], [MenuType], [ActiveMenu], [IsExpand], [IsFrame], [IsShow], [IsCache], [IsPublic], [AllowEdit], [AllowDelete], [SortCode], [DeleteMark], [EnabledMark], [Description], [CreatorTime], [CreatorUserId], [LastModifyTime], [LastModifyUserId], [DeleteTime], [DeleteUserId]) VALUES (N'2021010315175287647040', N'201806141508359155', N'2020110314123396328561', 3, N'Tenant/Edit', N'修改', N'', N'', N'', NULL, N'F', NULL, 0, 0, 1, 0, 0, NULL, NULL, 2, 0, 1, NULL, CAST(N'2021-01-03T15:17:53.000' AS DateTime), N'2020031712130656785909', NULL, NULL, NULL, NULL)
GO
INSERT [dbo].[Sys_Menu] ([Id], [SystemTypeId], [ParentId], [Layers], [EnCode], [FullName], [Icon], [UrlAddress], [Component], [Target], [MenuType], [ActiveMenu], [IsExpand], [IsFrame], [IsShow], [IsCache], [IsPublic], [AllowEdit], [AllowDelete], [SortCode], [DeleteMark], [EnabledMark], [Description], [CreatorTime], [CreatorUserId], [LastModifyTime], [LastModifyUserId], [DeleteTime], [DeleteUserId]) VALUES (N'2021010315175288886376', N'201806141508359155', N'2020110314123396328561', 3, N'Tenant/Enable', N'禁用', N'', N'', N'', NULL, N'F', NULL, 0, 0, 1, 0, 0, NULL, NULL, 3, 0, 1, NULL, CAST(N'2021-01-03T15:17:53.000' AS DateTime), N'2020031712130656785909', NULL, NULL, NULL, NULL)
GO
INSERT [dbo].[Sys_Menu] ([Id], [SystemTypeId], [ParentId], [Layers], [EnCode], [FullName], [Icon], [UrlAddress], [Component], [Target], [MenuType], [ActiveMenu], [IsExpand], [IsFrame], [IsShow], [IsCache], [IsPublic], [AllowEdit], [AllowDelete], [SortCode], [DeleteMark], [EnabledMark], [Description], [CreatorTime], [CreatorUserId], [LastModifyTime], [LastModifyUserId], [DeleteTime], [DeleteUserId]) VALUES (N'2021010315175290104050', N'201806141508359155', N'2020110314123396328561', 3, N'Tenant/Enable', N'启用', N'', N'', N'', NULL, N'F', NULL, 0, 0, 1, 0, 0, NULL, NULL, 4, 0, 1, NULL, CAST(N'2021-01-03T15:17:53.000' AS DateTime), N'2020031712130656785909', NULL, NULL, NULL, NULL)
GO
INSERT [dbo].[Sys_Menu] ([Id], [SystemTypeId], [ParentId], [Layers], [EnCode], [FullName], [Icon], [UrlAddress], [Component], [Target], [MenuType], [ActiveMenu], [IsExpand], [IsFrame], [IsShow], [IsCache], [IsPublic], [AllowEdit], [AllowDelete], [SortCode], [DeleteMark], [EnabledMark], [Description], [CreatorTime], [CreatorUserId], [LastModifyTime], [LastModifyUserId], [DeleteTime], [DeleteUserId]) VALUES (N'2021010315175292201815', N'201806141508359155', N'2020110314123396328561', 3, N'Tenant/DeleteSoft', N'软删除', N'', N'', N'', NULL, N'F', NULL, 0, 0, 1, 0, 0, NULL, NULL, 5, 0, 1, NULL, CAST(N'2021-01-03T15:17:53.000' AS DateTime), N'2020031712130656785909', NULL, NULL, NULL, NULL)
GO
INSERT [dbo].[Sys_Menu] ([Id], [SystemTypeId], [ParentId], [Layers], [EnCode], [FullName], [Icon], [UrlAddress], [Component], [Target], [MenuType], [ActiveMenu], [IsExpand], [IsFrame], [IsShow], [IsCache], [IsPublic], [AllowEdit], [AllowDelete], [SortCode], [DeleteMark], [EnabledMark], [Description], [CreatorTime], [CreatorUserId], [LastModifyTime], [LastModifyUserId], [DeleteTime], [DeleteUserId]) VALUES (N'2021010315175293736914', N'201806141508359155', N'2020110314123396328561', 3, N'Tenant/Delete', N'删除', N'', N'', N'', NULL, N'F', NULL, 0, 0, 1, 0, 0, NULL, NULL, 6, 0, 1, NULL, CAST(N'2021-01-03T15:17:53.000' AS DateTime), N'2020031712130656785909', NULL, NULL, NULL, NULL)
GO
INSERT [dbo].[Sys_Menu] ([Id], [SystemTypeId], [ParentId], [Layers], [EnCode], [FullName], [Icon], [UrlAddress], [Component], [Target], [MenuType], [ActiveMenu], [IsExpand], [IsFrame], [IsShow], [IsCache], [IsPublic], [AllowEdit], [AllowDelete], [SortCode], [DeleteMark], [EnabledMark], [Description], [CreatorTime], [CreatorUserId], [LastModifyTime], [LastModifyUserId], [DeleteTime], [DeleteUserId]) VALUES (N'2021010315183150312981', N'201806141508359155', N'8', 3, N'FilterIP/List', N'列表', N'', N'', N'', NULL, N'F', NULL, 0, 0, 0, 0, 0, NULL, NULL, 0, 0, 1, NULL, CAST(N'2021-01-03T15:18:32.000' AS DateTime), N'2020031712130656785909', NULL, NULL, NULL, NULL)
GO
INSERT [dbo].[Sys_Menu] ([Id], [SystemTypeId], [ParentId], [Layers], [EnCode], [FullName], [Icon], [UrlAddress], [Component], [Target], [MenuType], [ActiveMenu], [IsExpand], [IsFrame], [IsShow], [IsCache], [IsPublic], [AllowEdit], [AllowDelete], [SortCode], [DeleteMark], [EnabledMark], [Description], [CreatorTime], [CreatorUserId], [LastModifyTime], [LastModifyUserId], [DeleteTime], [DeleteUserId]) VALUES (N'2021010315183151659795', N'201806141508359155', N'8', 3, N'FilterIP/Add', N'新增', N'', N'', N'', NULL, N'F', NULL, 0, 0, 1, 0, 0, NULL, NULL, 1, 0, 1, NULL, CAST(N'2021-01-03T15:18:32.000' AS DateTime), N'2020031712130656785909', NULL, NULL, NULL, NULL)
GO
INSERT [dbo].[Sys_Menu] ([Id], [SystemTypeId], [ParentId], [Layers], [EnCode], [FullName], [Icon], [UrlAddress], [Component], [Target], [MenuType], [ActiveMenu], [IsExpand], [IsFrame], [IsShow], [IsCache], [IsPublic], [AllowEdit], [AllowDelete], [SortCode], [DeleteMark], [EnabledMark], [Description], [CreatorTime], [CreatorUserId], [LastModifyTime], [LastModifyUserId], [DeleteTime], [DeleteUserId]) VALUES (N'2021010315183153249546', N'201806141508359155', N'8', 3, N'FilterIP/Edit', N'修改', N'', N'', N'', NULL, N'F', NULL, 0, 0, 1, 0, 0, NULL, NULL, 2, 0, 1, NULL, CAST(N'2021-01-03T15:18:32.000' AS DateTime), N'2020031712130656785909', NULL, NULL, NULL, NULL)
GO
INSERT [dbo].[Sys_Menu] ([Id], [SystemTypeId], [ParentId], [Layers], [EnCode], [FullName], [Icon], [UrlAddress], [Component], [Target], [MenuType], [ActiveMenu], [IsExpand], [IsFrame], [IsShow], [IsCache], [IsPublic], [AllowEdit], [AllowDelete], [SortCode], [DeleteMark], [EnabledMark], [Description], [CreatorTime], [CreatorUserId], [LastModifyTime], [LastModifyUserId], [DeleteTime], [DeleteUserId]) VALUES (N'2021010315183154826786', N'201806141508359155', N'8', 3, N'FilterIP/Enable', N'禁用', N'', N'', N'', NULL, N'F', NULL, 0, 0, 1, 0, 0, NULL, NULL, 3, 0, 1, NULL, CAST(N'2021-01-03T15:18:32.000' AS DateTime), N'2020031712130656785909', NULL, NULL, NULL, NULL)
GO
INSERT [dbo].[Sys_Menu] ([Id], [SystemTypeId], [ParentId], [Layers], [EnCode], [FullName], [Icon], [UrlAddress], [Component], [Target], [MenuType], [ActiveMenu], [IsExpand], [IsFrame], [IsShow], [IsCache], [IsPublic], [AllowEdit], [AllowDelete], [SortCode], [DeleteMark], [EnabledMark], [Description], [CreatorTime], [CreatorUserId], [LastModifyTime], [LastModifyUserId], [DeleteTime], [DeleteUserId]) VALUES (N'2021010315183156352951', N'201806141508359155', N'8', 3, N'FilterIP/Enable', N'启用', N'', N'', N'', NULL, N'F', NULL, 0, 0, 1, 0, 0, NULL, NULL, 4, 0, 1, NULL, CAST(N'2021-01-03T15:18:32.000' AS DateTime), N'2020031712130656785909', NULL, NULL, NULL, NULL)
GO
INSERT [dbo].[Sys_Menu] ([Id], [SystemTypeId], [ParentId], [Layers], [EnCode], [FullName], [Icon], [UrlAddress], [Component], [Target], [MenuType], [ActiveMenu], [IsExpand], [IsFrame], [IsShow], [IsCache], [IsPublic], [AllowEdit], [AllowDelete], [SortCode], [DeleteMark], [EnabledMark], [Description], [CreatorTime], [CreatorUserId], [LastModifyTime], [LastModifyUserId], [DeleteTime], [DeleteUserId]) VALUES (N'2021010315183157889290', N'201806141508359155', N'8', 3, N'FilterIP/DeleteSoft', N'软删除', N'', N'', N'', NULL, N'F', NULL, 0, 0, 1, 0, 0, NULL, NULL, 5, 0, 1, NULL, CAST(N'2021-01-03T15:18:32.000' AS DateTime), N'2020031712130656785909', NULL, NULL, NULL, NULL)
GO
INSERT [dbo].[Sys_Menu] ([Id], [SystemTypeId], [ParentId], [Layers], [EnCode], [FullName], [Icon], [UrlAddress], [Component], [Target], [MenuType], [ActiveMenu], [IsExpand], [IsFrame], [IsShow], [IsCache], [IsPublic], [AllowEdit], [AllowDelete], [SortCode], [DeleteMark], [EnabledMark], [Description], [CreatorTime], [CreatorUserId], [LastModifyTime], [LastModifyUserId], [DeleteTime], [DeleteUserId]) VALUES (N'2021010315183159324286', N'201806141508359155', N'8', 3, N'FilterIP/Delete', N'删除', N'', N'', N'', NULL, N'F', NULL, 0, 0, 1, 0, 0, NULL, NULL, 6, 0, 1, NULL, CAST(N'2021-01-03T15:18:32.000' AS DateTime), N'2020031712130656785909', NULL, NULL, NULL, NULL)
GO
INSERT [dbo].[Sys_Menu] ([Id], [SystemTypeId], [ParentId], [Layers], [EnCode], [FullName], [Icon], [UrlAddress], [Component], [Target], [MenuType], [ActiveMenu], [IsExpand], [IsFrame], [IsShow], [IsCache], [IsPublic], [AllowEdit], [AllowDelete], [SortCode], [DeleteMark], [EnabledMark], [Description], [CreatorTime], [CreatorUserId], [LastModifyTime], [LastModifyUserId], [DeleteTime], [DeleteUserId]) VALUES (N'2021010315194792606013', N'201806141508359155', N'2020110314161523904459', 3, N'TaskManager/List', N'列表', N'', N'', N'', NULL, N'F', NULL, 0, 0, 0, 0, 1, NULL, NULL, 0, 0, 1, NULL, CAST(N'2021-01-03T15:19:48.000' AS DateTime), N'2020031712130656785909', NULL, NULL, NULL, NULL)
GO
INSERT [dbo].[Sys_Menu] ([Id], [SystemTypeId], [ParentId], [Layers], [EnCode], [FullName], [Icon], [UrlAddress], [Component], [Target], [MenuType], [ActiveMenu], [IsExpand], [IsFrame], [IsShow], [IsCache], [IsPublic], [AllowEdit], [AllowDelete], [SortCode], [DeleteMark], [EnabledMark], [Description], [CreatorTime], [CreatorUserId], [LastModifyTime], [LastModifyUserId], [DeleteTime], [DeleteUserId]) VALUES (N'2021010315194793896582', N'201806141508359155', N'2020110314161523904459', 3, N'TaskManager/Add', N'新增', N'', N'', N'', NULL, N'F', NULL, 0, 0, 1, 0, 1, NULL, NULL, 1, 0, 1, NULL, CAST(N'2021-01-03T15:19:48.000' AS DateTime), N'2020031712130656785909', NULL, NULL, NULL, NULL)
GO
INSERT [dbo].[Sys_Menu] ([Id], [SystemTypeId], [ParentId], [Layers], [EnCode], [FullName], [Icon], [UrlAddress], [Component], [Target], [MenuType], [ActiveMenu], [IsExpand], [IsFrame], [IsShow], [IsCache], [IsPublic], [AllowEdit], [AllowDelete], [SortCode], [DeleteMark], [EnabledMark], [Description], [CreatorTime], [CreatorUserId], [LastModifyTime], [LastModifyUserId], [DeleteTime], [DeleteUserId]) VALUES (N'2021010315194795273488', N'201806141508359155', N'2020110314161523904459', 3, N'TaskManager/Edit', N'修改', N'', N'', N'', NULL, N'F', NULL, 0, 0, 1, 0, 1, NULL, NULL, 2, 0, 1, NULL, CAST(N'2021-01-03T15:19:48.000' AS DateTime), N'2020031712130656785909', NULL, NULL, NULL, NULL)
GO
INSERT [dbo].[Sys_Menu] ([Id], [SystemTypeId], [ParentId], [Layers], [EnCode], [FullName], [Icon], [UrlAddress], [Component], [Target], [MenuType], [ActiveMenu], [IsExpand], [IsFrame], [IsShow], [IsCache], [IsPublic], [AllowEdit], [AllowDelete], [SortCode], [DeleteMark], [EnabledMark], [Description], [CreatorTime], [CreatorUserId], [LastModifyTime], [LastModifyUserId], [DeleteTime], [DeleteUserId]) VALUES (N'2021010315194797086431', N'201806141508359155', N'2020110314161523904459', 3, N'TaskManager/Enable', N'禁用', N'', N'', N'', NULL, N'F', NULL, 0, 0, 1, 0, 1, NULL, NULL, 3, 0, 1, NULL, CAST(N'2021-01-03T15:19:48.000' AS DateTime), N'2020031712130656785909', NULL, NULL, NULL, NULL)
GO
INSERT [dbo].[Sys_Menu] ([Id], [SystemTypeId], [ParentId], [Layers], [EnCode], [FullName], [Icon], [UrlAddress], [Component], [Target], [MenuType], [ActiveMenu], [IsExpand], [IsFrame], [IsShow], [IsCache], [IsPublic], [AllowEdit], [AllowDelete], [SortCode], [DeleteMark], [EnabledMark], [Description], [CreatorTime], [CreatorUserId], [LastModifyTime], [LastModifyUserId], [DeleteTime], [DeleteUserId]) VALUES (N'2021010315194798698862', N'201806141508359155', N'2020110314161523904459', 3, N'TaskManager/Enable', N'启用', N'', N'', N'', NULL, N'F', NULL, 0, 0, 1, 0, 1, NULL, NULL, 4, 0, 1, NULL, CAST(N'2021-01-03T15:19:48.000' AS DateTime), N'2020031712130656785909', NULL, NULL, NULL, NULL)
GO
INSERT [dbo].[Sys_Menu] ([Id], [SystemTypeId], [ParentId], [Layers], [EnCode], [FullName], [Icon], [UrlAddress], [Component], [Target], [MenuType], [ActiveMenu], [IsExpand], [IsFrame], [IsShow], [IsCache], [IsPublic], [AllowEdit], [AllowDelete], [SortCode], [DeleteMark], [EnabledMark], [Description], [CreatorTime], [CreatorUserId], [LastModifyTime], [LastModifyUserId], [DeleteTime], [DeleteUserId]) VALUES (N'2021010315194799827547', N'201806141508359155', N'2020110314161523904459', 3, N'TaskManager/DeleteSoft', N'软删除', N'', N'', N'', NULL, N'F', NULL, 0, 0, 1, 0, 1, NULL, NULL, 5, 0, 1, NULL, CAST(N'2021-01-03T15:19:48.000' AS DateTime), N'2020031712130656785909', NULL, NULL, NULL, NULL)
GO
INSERT [dbo].[Sys_Menu] ([Id], [SystemTypeId], [ParentId], [Layers], [EnCode], [FullName], [Icon], [UrlAddress], [Component], [Target], [MenuType], [ActiveMenu], [IsExpand], [IsFrame], [IsShow], [IsCache], [IsPublic], [AllowEdit], [AllowDelete], [SortCode], [DeleteMark], [EnabledMark], [Description], [CreatorTime], [CreatorUserId], [LastModifyTime], [LastModifyUserId], [DeleteTime], [DeleteUserId]) VALUES (N'2021010315194800999273', N'201806141508359155', N'2020110314161523904459', 3, N'TaskManager/Delete', N'删除', N'', N'', N'', NULL, N'F', NULL, 0, 0, 1, 0, 1, NULL, NULL, 6, 0, 1, NULL, CAST(N'2021-01-03T15:19:48.000' AS DateTime), N'2020031712130656785909', NULL, NULL, NULL, NULL)
GO
INSERT [dbo].[Sys_Menu] ([Id], [SystemTypeId], [ParentId], [Layers], [EnCode], [FullName], [Icon], [UrlAddress], [Component], [Target], [MenuType], [ActiveMenu], [IsExpand], [IsFrame], [IsShow], [IsCache], [IsPublic], [AllowEdit], [AllowDelete], [SortCode], [DeleteMark], [EnabledMark], [Description], [CreatorTime], [CreatorUserId], [LastModifyTime], [LastModifyUserId], [DeleteTime], [DeleteUserId]) VALUES (N'2021010315204129496922', N'201806141508359155', N'2020110314161523904459', 3, N'TaskManager/ChangeStatus', N'启动', N'', N'', N'', NULL, N'F', NULL, 0, 0, 1, 0, 0, NULL, NULL, 0, 0, 1, NULL, CAST(N'2021-01-03T15:20:41.000' AS DateTime), N'2020031712130656785909', NULL, NULL, NULL, NULL)
GO
INSERT [dbo].[Sys_Menu] ([Id], [SystemTypeId], [ParentId], [Layers], [EnCode], [FullName], [Icon], [UrlAddress], [Component], [Target], [MenuType], [ActiveMenu], [IsExpand], [IsFrame], [IsShow], [IsCache], [IsPublic], [AllowEdit], [AllowDelete], [SortCode], [DeleteMark], [EnabledMark], [Description], [CreatorTime], [CreatorUserId], [LastModifyTime], [LastModifyUserId], [DeleteTime], [DeleteUserId]) VALUES (N'2021010315212004586381', N'201806141508359155', N'2020110314165224964779', 3, N'TaskJobsLog/Delete', N'删除', N'', N'', N'', NULL, N'F', NULL, 0, 0, 1, 0, 0, NULL, NULL, 0, 0, 1, NULL, CAST(N'2021-01-03T15:21:20.000' AS DateTime), N'2020031712130656785909', NULL, NULL, NULL, NULL)
GO
INSERT [dbo].[Sys_Menu] ([Id], [SystemTypeId], [ParentId], [Layers], [EnCode], [FullName], [Icon], [UrlAddress], [Component], [Target], [MenuType], [ActiveMenu], [IsExpand], [IsFrame], [IsShow], [IsCache], [IsPublic], [AllowEdit], [AllowDelete], [SortCode], [DeleteMark], [EnabledMark], [Description], [CreatorTime], [CreatorUserId], [LastModifyTime], [LastModifyUserId], [DeleteTime], [DeleteUserId]) VALUES (N'2021010315215315394611', N'201806141508359155', N'2020110314190914102881', 3, N'Sequence/List', N'列表', N'', N'', N'', NULL, N'F', NULL, 0, 0, 0, 0, 0, NULL, NULL, 0, 0, 1, NULL, CAST(N'2021-01-03T15:21:53.000' AS DateTime), N'2020031712130656785909', NULL, NULL, NULL, NULL)
GO
INSERT [dbo].[Sys_Menu] ([Id], [SystemTypeId], [ParentId], [Layers], [EnCode], [FullName], [Icon], [UrlAddress], [Component], [Target], [MenuType], [ActiveMenu], [IsExpand], [IsFrame], [IsShow], [IsCache], [IsPublic], [AllowEdit], [AllowDelete], [SortCode], [DeleteMark], [EnabledMark], [Description], [CreatorTime], [CreatorUserId], [LastModifyTime], [LastModifyUserId], [DeleteTime], [DeleteUserId]) VALUES (N'2021010315215327767703', N'201806141508359155', N'2020110314190914102881', 3, N'Sequence/Add', N'新增', N'', N'', N'', NULL, N'F', NULL, 0, 0, 1, 0, 0, NULL, NULL, 1, 0, 1, NULL, CAST(N'2021-01-03T15:21:53.000' AS DateTime), N'2020031712130656785909', NULL, NULL, NULL, NULL)
GO
INSERT [dbo].[Sys_Menu] ([Id], [SystemTypeId], [ParentId], [Layers], [EnCode], [FullName], [Icon], [UrlAddress], [Component], [Target], [MenuType], [ActiveMenu], [IsExpand], [IsFrame], [IsShow], [IsCache], [IsPublic], [AllowEdit], [AllowDelete], [SortCode], [DeleteMark], [EnabledMark], [Description], [CreatorTime], [CreatorUserId], [LastModifyTime], [LastModifyUserId], [DeleteTime], [DeleteUserId]) VALUES (N'2021010315215328948079', N'201806141508359155', N'2020110314190914102881', 3, N'Sequence/Edit', N'修改', N'', N'', N'', NULL, N'F', NULL, 0, 0, 1, 0, 0, NULL, NULL, 2, 0, 1, NULL, CAST(N'2021-01-03T15:21:53.000' AS DateTime), N'2020031712130656785909', NULL, NULL, NULL, NULL)
GO
INSERT [dbo].[Sys_Menu] ([Id], [SystemTypeId], [ParentId], [Layers], [EnCode], [FullName], [Icon], [UrlAddress], [Component], [Target], [MenuType], [ActiveMenu], [IsExpand], [IsFrame], [IsShow], [IsCache], [IsPublic], [AllowEdit], [AllowDelete], [SortCode], [DeleteMark], [EnabledMark], [Description], [CreatorTime], [CreatorUserId], [LastModifyTime], [LastModifyUserId], [DeleteTime], [DeleteUserId]) VALUES (N'2021010315215330182636', N'201806141508359155', N'2020110314190914102881', 3, N'Sequence/Enable', N'禁用', N'', N'', N'', NULL, N'F', NULL, 0, 0, 1, 0, 0, NULL, NULL, 3, 0, 1, NULL, CAST(N'2021-01-03T15:21:53.000' AS DateTime), N'2020031712130656785909', NULL, NULL, NULL, NULL)
GO
INSERT [dbo].[Sys_Menu] ([Id], [SystemTypeId], [ParentId], [Layers], [EnCode], [FullName], [Icon], [UrlAddress], [Component], [Target], [MenuType], [ActiveMenu], [IsExpand], [IsFrame], [IsShow], [IsCache], [IsPublic], [AllowEdit], [AllowDelete], [SortCode], [DeleteMark], [EnabledMark], [Description], [CreatorTime], [CreatorUserId], [LastModifyTime], [LastModifyUserId], [DeleteTime], [DeleteUserId]) VALUES (N'2021010315215331498258', N'201806141508359155', N'2020110314190914102881', 3, N'Sequence/Enable', N'启用', N'', N'', N'', NULL, N'F', NULL, 0, 0, 1, 0, 0, NULL, NULL, 4, 0, 1, NULL, CAST(N'2021-01-03T15:21:53.000' AS DateTime), N'2020031712130656785909', NULL, NULL, NULL, NULL)
GO
INSERT [dbo].[Sys_Menu] ([Id], [SystemTypeId], [ParentId], [Layers], [EnCode], [FullName], [Icon], [UrlAddress], [Component], [Target], [MenuType], [ActiveMenu], [IsExpand], [IsFrame], [IsShow], [IsCache], [IsPublic], [AllowEdit], [AllowDelete], [SortCode], [DeleteMark], [EnabledMark], [Description], [CreatorTime], [CreatorUserId], [LastModifyTime], [LastModifyUserId], [DeleteTime], [DeleteUserId]) VALUES (N'2021010315215332842957', N'201806141508359155', N'2020110314190914102881', 3, N'Sequence/DeleteSoft', N'软删除', N'', N'', N'', NULL, N'F', NULL, 0, 0, 1, 0, 0, NULL, NULL, 5, 0, 1, NULL, CAST(N'2021-01-03T15:21:53.000' AS DateTime), N'2020031712130656785909', NULL, NULL, NULL, NULL)
GO
INSERT [dbo].[Sys_Menu] ([Id], [SystemTypeId], [ParentId], [Layers], [EnCode], [FullName], [Icon], [UrlAddress], [Component], [Target], [MenuType], [ActiveMenu], [IsExpand], [IsFrame], [IsShow], [IsCache], [IsPublic], [AllowEdit], [AllowDelete], [SortCode], [DeleteMark], [EnabledMark], [Description], [CreatorTime], [CreatorUserId], [LastModifyTime], [LastModifyUserId], [DeleteTime], [DeleteUserId]) VALUES (N'2021010315215334061002', N'201806141508359155', N'2020110314190914102881', 3, N'Sequence/Delete', N'删除', N'', N'', N'', NULL, N'F', NULL, 0, 0, 1, 0, 0, NULL, NULL, 6, 0, 1, NULL, CAST(N'2021-01-03T15:21:53.000' AS DateTime), N'2020031712130656785909', NULL, NULL, NULL, NULL)
GO
INSERT [dbo].[Sys_Menu] ([Id], [SystemTypeId], [ParentId], [Layers], [EnCode], [FullName], [Icon], [UrlAddress], [Component], [Target], [MenuType], [ActiveMenu], [IsExpand], [IsFrame], [IsShow], [IsCache], [IsPublic], [AllowEdit], [AllowDelete], [SortCode], [DeleteMark], [EnabledMark], [Description], [CreatorTime], [CreatorUserId], [LastModifyTime], [LastModifyUserId], [DeleteTime], [DeleteUserId]) VALUES (N'2021010315222503738750', N'201806141508359155', N'2020110314195207514356', 3, N'SequenceRule/List', N'列表', N'', N'', N'', NULL, N'F', NULL, 0, 0, 0, 0, 0, NULL, NULL, 0, 0, 1, NULL, CAST(N'2021-01-03T15:22:25.000' AS DateTime), N'2020031712130656785909', CAST(N'2021-01-03T21:03:15.000' AS DateTime), N'2020031712130656785909', NULL, NULL)
GO
INSERT [dbo].[Sys_Menu] ([Id], [SystemTypeId], [ParentId], [Layers], [EnCode], [FullName], [Icon], [UrlAddress], [Component], [Target], [MenuType], [ActiveMenu], [IsExpand], [IsFrame], [IsShow], [IsCache], [IsPublic], [AllowEdit], [AllowDelete], [SortCode], [DeleteMark], [EnabledMark], [Description], [CreatorTime], [CreatorUserId], [LastModifyTime], [LastModifyUserId], [DeleteTime], [DeleteUserId]) VALUES (N'2021010315222505099926', N'201806141508359155', N'2020110314195207514356', 3, N'SequenceRule/Add', N'新增', N'', N'', N'', NULL, N'F', NULL, 0, 0, 1, 0, 0, NULL, NULL, 1, 0, 1, NULL, CAST(N'2021-01-03T15:22:25.000' AS DateTime), N'2020031712130656785909', NULL, NULL, NULL, NULL)
GO
INSERT [dbo].[Sys_Menu] ([Id], [SystemTypeId], [ParentId], [Layers], [EnCode], [FullName], [Icon], [UrlAddress], [Component], [Target], [MenuType], [ActiveMenu], [IsExpand], [IsFrame], [IsShow], [IsCache], [IsPublic], [AllowEdit], [AllowDelete], [SortCode], [DeleteMark], [EnabledMark], [Description], [CreatorTime], [CreatorUserId], [LastModifyTime], [LastModifyUserId], [DeleteTime], [DeleteUserId]) VALUES (N'2021010315222506982025', N'201806141508359155', N'2020110314195207514356', 3, N'SequenceRule/Edit', N'修改', N'', N'', N'', NULL, N'F', NULL, 0, 0, 1, 0, 0, NULL, NULL, 2, 0, 1, NULL, CAST(N'2021-01-03T15:22:25.000' AS DateTime), N'2020031712130656785909', NULL, NULL, NULL, NULL)
GO
INSERT [dbo].[Sys_Menu] ([Id], [SystemTypeId], [ParentId], [Layers], [EnCode], [FullName], [Icon], [UrlAddress], [Component], [Target], [MenuType], [ActiveMenu], [IsExpand], [IsFrame], [IsShow], [IsCache], [IsPublic], [AllowEdit], [AllowDelete], [SortCode], [DeleteMark], [EnabledMark], [Description], [CreatorTime], [CreatorUserId], [LastModifyTime], [LastModifyUserId], [DeleteTime], [DeleteUserId]) VALUES (N'2021010315222508743670', N'201806141508359155', N'2020110314195207514356', 3, N'SequenceRule/Enable', N'禁用', N'', N'', N'', NULL, N'F', NULL, 0, 0, 1, 0, 0, NULL, NULL, 3, 0, 1, NULL, CAST(N'2021-01-03T15:22:25.000' AS DateTime), N'2020031712130656785909', NULL, NULL, NULL, NULL)
GO
INSERT [dbo].[Sys_Menu] ([Id], [SystemTypeId], [ParentId], [Layers], [EnCode], [FullName], [Icon], [UrlAddress], [Component], [Target], [MenuType], [ActiveMenu], [IsExpand], [IsFrame], [IsShow], [IsCache], [IsPublic], [AllowEdit], [AllowDelete], [SortCode], [DeleteMark], [EnabledMark], [Description], [CreatorTime], [CreatorUserId], [LastModifyTime], [LastModifyUserId], [DeleteTime], [DeleteUserId]) VALUES (N'2021010315222510354377', N'201806141508359155', N'2020110314195207514356', 3, N'SequenceRule/Enable', N'启用', N'', N'', N'', NULL, N'F', NULL, 0, 0, 1, 0, 0, NULL, NULL, 4, 0, 1, NULL, CAST(N'2021-01-03T15:22:25.000' AS DateTime), N'2020031712130656785909', NULL, NULL, NULL, NULL)
GO
INSERT [dbo].[Sys_Menu] ([Id], [SystemTypeId], [ParentId], [Layers], [EnCode], [FullName], [Icon], [UrlAddress], [Component], [Target], [MenuType], [ActiveMenu], [IsExpand], [IsFrame], [IsShow], [IsCache], [IsPublic], [AllowEdit], [AllowDelete], [SortCode], [DeleteMark], [EnabledMark], [Description], [CreatorTime], [CreatorUserId], [LastModifyTime], [LastModifyUserId], [DeleteTime], [DeleteUserId]) VALUES (N'2021010315222511918449', N'201806141508359155', N'2020110314195207514356', 3, N'SequenceRule/DeleteSoft', N'软删除', N'', N'', N'', NULL, N'F', NULL, 0, 0, 1, 0, 0, NULL, NULL, 5, 0, 1, NULL, CAST(N'2021-01-03T15:22:25.000' AS DateTime), N'2020031712130656785909', NULL, NULL, NULL, NULL)
GO
INSERT [dbo].[Sys_Menu] ([Id], [SystemTypeId], [ParentId], [Layers], [EnCode], [FullName], [Icon], [UrlAddress], [Component], [Target], [MenuType], [ActiveMenu], [IsExpand], [IsFrame], [IsShow], [IsCache], [IsPublic], [AllowEdit], [AllowDelete], [SortCode], [DeleteMark], [EnabledMark], [Description], [CreatorTime], [CreatorUserId], [LastModifyTime], [LastModifyUserId], [DeleteTime], [DeleteUserId]) VALUES (N'2021010315222513987026', N'201806141508359155', N'2020110314195207514356', 3, N'SequenceRule/Delete', N'删除', N'', N'', N'', NULL, N'F', NULL, 0, 0, 1, 0, 0, NULL, NULL, 6, 0, 1, NULL, CAST(N'2021-01-03T15:22:25.000' AS DateTime), N'2020031712130656785909', NULL, NULL, NULL, NULL)
GO
INSERT [dbo].[Sys_Menu] ([Id], [SystemTypeId], [ParentId], [Layers], [EnCode], [FullName], [Icon], [UrlAddress], [Component], [Target], [MenuType], [ActiveMenu], [IsExpand], [IsFrame], [IsShow], [IsCache], [IsPublic], [AllowEdit], [AllowDelete], [SortCode], [DeleteMark], [EnabledMark], [Description], [CreatorTime], [CreatorUserId], [LastModifyTime], [LastModifyUserId], [DeleteTime], [DeleteUserId]) VALUES (N'2021010315233975086228', N'201806141508359155', N'201806141351101389', 3, N'SystemType/List', N'列表', N'', N'', N'', NULL, N'F', NULL, 0, 0, 0, 0, 0, NULL, NULL, 0, 0, 1, NULL, CAST(N'2021-01-03T15:23:40.000' AS DateTime), N'2020031712130656785909', NULL, NULL, NULL, NULL)
GO
INSERT [dbo].[Sys_Menu] ([Id], [SystemTypeId], [ParentId], [Layers], [EnCode], [FullName], [Icon], [UrlAddress], [Component], [Target], [MenuType], [ActiveMenu], [IsExpand], [IsFrame], [IsShow], [IsCache], [IsPublic], [AllowEdit], [AllowDelete], [SortCode], [DeleteMark], [EnabledMark], [Description], [CreatorTime], [CreatorUserId], [LastModifyTime], [LastModifyUserId], [DeleteTime], [DeleteUserId]) VALUES (N'2021010315233976493618', N'201806141508359155', N'201806141351101389', 3, N'SystemType/Add', N'新增', N'', N'', N'', NULL, N'F', NULL, 0, 0, 1, 0, 0, NULL, NULL, 1, 0, 1, NULL, CAST(N'2021-01-03T15:23:40.000' AS DateTime), N'2020031712130656785909', NULL, NULL, NULL, NULL)
GO
INSERT [dbo].[Sys_Menu] ([Id], [SystemTypeId], [ParentId], [Layers], [EnCode], [FullName], [Icon], [UrlAddress], [Component], [Target], [MenuType], [ActiveMenu], [IsExpand], [IsFrame], [IsShow], [IsCache], [IsPublic], [AllowEdit], [AllowDelete], [SortCode], [DeleteMark], [EnabledMark], [Description], [CreatorTime], [CreatorUserId], [LastModifyTime], [LastModifyUserId], [DeleteTime], [DeleteUserId]) VALUES (N'2021010315233978026300', N'201806141508359155', N'201806141351101389', 3, N'SystemType/Edit', N'修改', N'', N'', N'', NULL, N'F', NULL, 0, 0, 1, 0, 0, NULL, NULL, 2, 0, 1, NULL, CAST(N'2021-01-03T15:23:40.000' AS DateTime), N'2020031712130656785909', NULL, NULL, NULL, NULL)
GO
INSERT [dbo].[Sys_Menu] ([Id], [SystemTypeId], [ParentId], [Layers], [EnCode], [FullName], [Icon], [UrlAddress], [Component], [Target], [MenuType], [ActiveMenu], [IsExpand], [IsFrame], [IsShow], [IsCache], [IsPublic], [AllowEdit], [AllowDelete], [SortCode], [DeleteMark], [EnabledMark], [Description], [CreatorTime], [CreatorUserId], [LastModifyTime], [LastModifyUserId], [DeleteTime], [DeleteUserId]) VALUES (N'2021010315233979627999', N'201806141508359155', N'201806141351101389', 3, N'SystemType/Enable', N'禁用', N'', N'', N'', NULL, N'F', NULL, 0, 0, 1, 0, 0, NULL, NULL, 3, 0, 1, NULL, CAST(N'2021-01-03T15:23:40.000' AS DateTime), N'2020031712130656785909', NULL, NULL, NULL, NULL)
GO
INSERT [dbo].[Sys_Menu] ([Id], [SystemTypeId], [ParentId], [Layers], [EnCode], [FullName], [Icon], [UrlAddress], [Component], [Target], [MenuType], [ActiveMenu], [IsExpand], [IsFrame], [IsShow], [IsCache], [IsPublic], [AllowEdit], [AllowDelete], [SortCode], [DeleteMark], [EnabledMark], [Description], [CreatorTime], [CreatorUserId], [LastModifyTime], [LastModifyUserId], [DeleteTime], [DeleteUserId]) VALUES (N'2021010315233981246649', N'201806141508359155', N'201806141351101389', 3, N'SystemType/Enable', N'启用', N'', N'', N'', NULL, N'F', NULL, 0, 0, 1, 0, 0, NULL, NULL, 4, 0, 1, NULL, CAST(N'2021-01-03T15:23:40.000' AS DateTime), N'2020031712130656785909', NULL, NULL, NULL, NULL)
GO
INSERT [dbo].[Sys_Menu] ([Id], [SystemTypeId], [ParentId], [Layers], [EnCode], [FullName], [Icon], [UrlAddress], [Component], [Target], [MenuType], [ActiveMenu], [IsExpand], [IsFrame], [IsShow], [IsCache], [IsPublic], [AllowEdit], [AllowDelete], [SortCode], [DeleteMark], [EnabledMark], [Description], [CreatorTime], [CreatorUserId], [LastModifyTime], [LastModifyUserId], [DeleteTime], [DeleteUserId]) VALUES (N'2021010315233982801956', N'201806141508359155', N'201806141351101389', 3, N'SystemType/DeleteSoft', N'软删除', N'', N'', N'', NULL, N'F', NULL, 0, 0, 1, 0, 0, NULL, NULL, 5, 0, 1, NULL, CAST(N'2021-01-03T15:23:40.000' AS DateTime), N'2020031712130656785909', NULL, NULL, NULL, NULL)
GO
INSERT [dbo].[Sys_Menu] ([Id], [SystemTypeId], [ParentId], [Layers], [EnCode], [FullName], [Icon], [UrlAddress], [Component], [Target], [MenuType], [ActiveMenu], [IsExpand], [IsFrame], [IsShow], [IsCache], [IsPublic], [AllowEdit], [AllowDelete], [SortCode], [DeleteMark], [EnabledMark], [Description], [CreatorTime], [CreatorUserId], [LastModifyTime], [LastModifyUserId], [DeleteTime], [DeleteUserId]) VALUES (N'2021010315233984299075', N'201806141508359155', N'201806141351101389', 3, N'SystemType/Delete', N'删除', N'', N'', N'', NULL, N'F', NULL, 0, 0, 1, 0, 0, NULL, NULL, 6, 0, 1, NULL, CAST(N'2021-01-03T15:23:40.000' AS DateTime), N'2020031712130656785909', NULL, NULL, NULL, NULL)
GO
INSERT [dbo].[Sys_Menu] ([Id], [SystemTypeId], [ParentId], [Layers], [EnCode], [FullName], [Icon], [UrlAddress], [Component], [Target], [MenuType], [ActiveMenu], [IsExpand], [IsFrame], [IsShow], [IsCache], [IsPublic], [AllowEdit], [AllowDelete], [SortCode], [DeleteMark], [EnabledMark], [Description], [CreatorTime], [CreatorUserId], [LastModifyTime], [LastModifyUserId], [DeleteTime], [DeleteUserId]) VALUES (N'2021010315295372466127', N'201806141508359155', N'201806291506346894', 3, N'APP/List', N'列表', N'', N'', N'', NULL, N'F', NULL, 0, 0, 0, 0, 0, NULL, NULL, 0, 0, 1, NULL, CAST(N'2021-01-03T15:29:54.000' AS DateTime), N'2020031712130656785909', CAST(N'2021-01-03T15:33:01.000' AS DateTime), N'2020031712130656785909', NULL, NULL)
GO
INSERT [dbo].[Sys_Menu] ([Id], [SystemTypeId], [ParentId], [Layers], [EnCode], [FullName], [Icon], [UrlAddress], [Component], [Target], [MenuType], [ActiveMenu], [IsExpand], [IsFrame], [IsShow], [IsCache], [IsPublic], [AllowEdit], [AllowDelete], [SortCode], [DeleteMark], [EnabledMark], [Description], [CreatorTime], [CreatorUserId], [LastModifyTime], [LastModifyUserId], [DeleteTime], [DeleteUserId]) VALUES (N'2021010315295385481609', N'201806141508359155', N'201806291506346894', 3, N'APP/Add', N'新增', N'', N'', N'', NULL, N'F', NULL, 0, 0, 1, 0, 0, NULL, NULL, 1, 0, 1, NULL, CAST(N'2021-01-03T15:29:54.000' AS DateTime), N'2020031712130656785909', NULL, NULL, NULL, NULL)
GO
INSERT [dbo].[Sys_Menu] ([Id], [SystemTypeId], [ParentId], [Layers], [EnCode], [FullName], [Icon], [UrlAddress], [Component], [Target], [MenuType], [ActiveMenu], [IsExpand], [IsFrame], [IsShow], [IsCache], [IsPublic], [AllowEdit], [AllowDelete], [SortCode], [DeleteMark], [EnabledMark], [Description], [CreatorTime], [CreatorUserId], [LastModifyTime], [LastModifyUserId], [DeleteTime], [DeleteUserId]) VALUES (N'2021010315295389238874', N'201806141508359155', N'201806291506346894', 3, N'APP/Edit', N'修改', N'', N'', N'', NULL, N'F', NULL, 0, 0, 1, 0, 0, NULL, NULL, 2, 0, 1, NULL, CAST(N'2021-01-03T15:29:54.000' AS DateTime), N'2020031712130656785909', NULL, NULL, NULL, NULL)
GO
INSERT [dbo].[Sys_Menu] ([Id], [SystemTypeId], [ParentId], [Layers], [EnCode], [FullName], [Icon], [UrlAddress], [Component], [Target], [MenuType], [ActiveMenu], [IsExpand], [IsFrame], [IsShow], [IsCache], [IsPublic], [AllowEdit], [AllowDelete], [SortCode], [DeleteMark], [EnabledMark], [Description], [CreatorTime], [CreatorUserId], [LastModifyTime], [LastModifyUserId], [DeleteTime], [DeleteUserId]) VALUES (N'2021010315295390992753', N'201806141508359155', N'201806291506346894', 3, N'APP/Enable', N'禁用', N'', N'', N'', NULL, N'F', NULL, 0, 0, 1, 0, 0, NULL, NULL, 3, 0, 1, NULL, CAST(N'2021-01-03T15:29:54.000' AS DateTime), N'2020031712130656785909', NULL, NULL, NULL, NULL)
GO
INSERT [dbo].[Sys_Menu] ([Id], [SystemTypeId], [ParentId], [Layers], [EnCode], [FullName], [Icon], [UrlAddress], [Component], [Target], [MenuType], [ActiveMenu], [IsExpand], [IsFrame], [IsShow], [IsCache], [IsPublic], [AllowEdit], [AllowDelete], [SortCode], [DeleteMark], [EnabledMark], [Description], [CreatorTime], [CreatorUserId], [LastModifyTime], [LastModifyUserId], [DeleteTime], [DeleteUserId]) VALUES (N'2021010315295392674499', N'201806141508359155', N'201806291506346894', 3, N'APP/Enable', N'启用', N'', N'', N'', NULL, N'F', NULL, 0, 0, 1, 0, 0, NULL, NULL, 4, 0, 1, NULL, CAST(N'2021-01-03T15:29:54.000' AS DateTime), N'2020031712130656785909', NULL, NULL, NULL, NULL)
GO
INSERT [dbo].[Sys_Menu] ([Id], [SystemTypeId], [ParentId], [Layers], [EnCode], [FullName], [Icon], [UrlAddress], [Component], [Target], [MenuType], [ActiveMenu], [IsExpand], [IsFrame], [IsShow], [IsCache], [IsPublic], [AllowEdit], [AllowDelete], [SortCode], [DeleteMark], [EnabledMark], [Description], [CreatorTime], [CreatorUserId], [LastModifyTime], [LastModifyUserId], [DeleteTime], [DeleteUserId]) VALUES (N'2021010315295394456942', N'201806141508359155', N'201806291506346894', 3, N'APP/DeleteSoft', N'软删除', N'', N'', N'', NULL, N'F', NULL, 0, 0, 1, 0, 0, NULL, NULL, 5, 0, 1, NULL, CAST(N'2021-01-03T15:29:54.000' AS DateTime), N'2020031712130656785909', NULL, NULL, NULL, NULL)
GO
INSERT [dbo].[Sys_Menu] ([Id], [SystemTypeId], [ParentId], [Layers], [EnCode], [FullName], [Icon], [UrlAddress], [Component], [Target], [MenuType], [ActiveMenu], [IsExpand], [IsFrame], [IsShow], [IsCache], [IsPublic], [AllowEdit], [AllowDelete], [SortCode], [DeleteMark], [EnabledMark], [Description], [CreatorTime], [CreatorUserId], [LastModifyTime], [LastModifyUserId], [DeleteTime], [DeleteUserId]) VALUES (N'2021010315295396508020', N'201806141508359155', N'201806291506346894', 3, N'APP/Delete', N'删除', N'', N'', N'', NULL, N'F', NULL, 0, 0, 1, 0, 0, NULL, NULL, 6, 0, 1, NULL, CAST(N'2021-01-03T15:29:54.000' AS DateTime), N'2020031712130656785909', NULL, NULL, NULL, NULL)
GO
INSERT [dbo].[Sys_Menu] ([Id], [SystemTypeId], [ParentId], [Layers], [EnCode], [FullName], [Icon], [UrlAddress], [Component], [Target], [MenuType], [ActiveMenu], [IsExpand], [IsFrame], [IsShow], [IsCache], [IsPublic], [AllowEdit], [AllowDelete], [SortCode], [DeleteMark], [EnabledMark], [Description], [CreatorTime], [CreatorUserId], [LastModifyTime], [LastModifyUserId], [DeleteTime], [DeleteUserId]) VALUES (N'2021010315304417212621', N'201806141508359155', N'201806121608404625', 3, N'Menu/List', N'列表', N'', N'', N'', NULL, N'F', NULL, 0, 0, 0, 0, 0, NULL, NULL, 99, 0, 1, NULL, CAST(N'2021-01-03T15:30:44.000' AS DateTime), N'2020031712130656785909', NULL, NULL, NULL, NULL)
GO
INSERT [dbo].[Sys_Menu] ([Id], [SystemTypeId], [ParentId], [Layers], [EnCode], [FullName], [Icon], [UrlAddress], [Component], [Target], [MenuType], [ActiveMenu], [IsExpand], [IsFrame], [IsShow], [IsCache], [IsPublic], [AllowEdit], [AllowDelete], [SortCode], [DeleteMark], [EnabledMark], [Description], [CreatorTime], [CreatorUserId], [LastModifyTime], [LastModifyUserId], [DeleteTime], [DeleteUserId]) VALUES (N'2021010315304419294420', N'201806141508359155', N'201806121608404625', 3, N'Menu/Add', N'新增', N'', N'', N'', NULL, N'F', NULL, 0, 0, 1, 0, 0, NULL, NULL, 1, 0, 1, NULL, CAST(N'2021-01-03T15:30:44.000' AS DateTime), N'2020031712130656785909', NULL, NULL, NULL, NULL)
GO
INSERT [dbo].[Sys_Menu] ([Id], [SystemTypeId], [ParentId], [Layers], [EnCode], [FullName], [Icon], [UrlAddress], [Component], [Target], [MenuType], [ActiveMenu], [IsExpand], [IsFrame], [IsShow], [IsCache], [IsPublic], [AllowEdit], [AllowDelete], [SortCode], [DeleteMark], [EnabledMark], [Description], [CreatorTime], [CreatorUserId], [LastModifyTime], [LastModifyUserId], [DeleteTime], [DeleteUserId]) VALUES (N'2021010315304421057774', N'201806141508359155', N'201806121608404625', 3, N'Menu/Edit', N'修改', N'', N'', N'', NULL, N'F', NULL, 0, 0, 1, 0, 0, NULL, NULL, 2, 0, 1, NULL, CAST(N'2021-01-03T15:30:44.000' AS DateTime), N'2020031712130656785909', NULL, NULL, NULL, NULL)
GO
INSERT [dbo].[Sys_Menu] ([Id], [SystemTypeId], [ParentId], [Layers], [EnCode], [FullName], [Icon], [UrlAddress], [Component], [Target], [MenuType], [ActiveMenu], [IsExpand], [IsFrame], [IsShow], [IsCache], [IsPublic], [AllowEdit], [AllowDelete], [SortCode], [DeleteMark], [EnabledMark], [Description], [CreatorTime], [CreatorUserId], [LastModifyTime], [LastModifyUserId], [DeleteTime], [DeleteUserId]) VALUES (N'2021010315304422692928', N'201806141508359155', N'201806121608404625', 3, N'Menu/Enable', N'禁用', N'', N'', N'', NULL, N'F', NULL, 0, 0, 1, 0, 0, NULL, NULL, 3, 0, 1, NULL, CAST(N'2021-01-03T15:30:44.000' AS DateTime), N'2020031712130656785909', NULL, NULL, NULL, NULL)
GO
INSERT [dbo].[Sys_Menu] ([Id], [SystemTypeId], [ParentId], [Layers], [EnCode], [FullName], [Icon], [UrlAddress], [Component], [Target], [MenuType], [ActiveMenu], [IsExpand], [IsFrame], [IsShow], [IsCache], [IsPublic], [AllowEdit], [AllowDelete], [SortCode], [DeleteMark], [EnabledMark], [Description], [CreatorTime], [CreatorUserId], [LastModifyTime], [LastModifyUserId], [DeleteTime], [DeleteUserId]) VALUES (N'2021010315304424338490', N'201806141508359155', N'201806121608404625', 3, N'Menu/Enable', N'启用', N'', N'', N'', NULL, N'F', NULL, 0, 0, 1, 0, 0, NULL, NULL, 4, 0, 1, NULL, CAST(N'2021-01-03T15:30:44.000' AS DateTime), N'2020031712130656785909', NULL, NULL, NULL, NULL)
GO
INSERT [dbo].[Sys_Menu] ([Id], [SystemTypeId], [ParentId], [Layers], [EnCode], [FullName], [Icon], [UrlAddress], [Component], [Target], [MenuType], [ActiveMenu], [IsExpand], [IsFrame], [IsShow], [IsCache], [IsPublic], [AllowEdit], [AllowDelete], [SortCode], [DeleteMark], [EnabledMark], [Description], [CreatorTime], [CreatorUserId], [LastModifyTime], [LastModifyUserId], [DeleteTime], [DeleteUserId]) VALUES (N'2021010315304425833907', N'201806141508359155', N'201806121608404625', 3, N'Menu/DeleteSoft', N'软删除', N'', N'', N'', NULL, N'F', NULL, 0, 0, 1, 0, 0, NULL, NULL, 5, 0, 1, NULL, CAST(N'2021-01-03T15:30:44.000' AS DateTime), N'2020031712130656785909', NULL, NULL, NULL, NULL)
GO
INSERT [dbo].[Sys_Menu] ([Id], [SystemTypeId], [ParentId], [Layers], [EnCode], [FullName], [Icon], [UrlAddress], [Component], [Target], [MenuType], [ActiveMenu], [IsExpand], [IsFrame], [IsShow], [IsCache], [IsPublic], [AllowEdit], [AllowDelete], [SortCode], [DeleteMark], [EnabledMark], [Description], [CreatorTime], [CreatorUserId], [LastModifyTime], [LastModifyUserId], [DeleteTime], [DeleteUserId]) VALUES (N'2021010315304436069801', N'201806141508359155', N'201806121608404625', 3, N'Menu/Delete', N'删除', N'', N'', N'', NULL, N'F', NULL, 0, 0, 1, 0, 0, NULL, NULL, 6, 0, 1, NULL, CAST(N'2021-01-03T15:30:44.000' AS DateTime), N'2020031712130656785909', NULL, NULL, NULL, NULL)
GO
INSERT [dbo].[Sys_Menu] ([Id], [SystemTypeId], [ParentId], [Layers], [EnCode], [FullName], [Icon], [UrlAddress], [Component], [Target], [MenuType], [ActiveMenu], [IsExpand], [IsFrame], [IsShow], [IsCache], [IsPublic], [AllowEdit], [AllowDelete], [SortCode], [DeleteMark], [EnabledMark], [Description], [CreatorTime], [CreatorUserId], [LastModifyTime], [LastModifyUserId], [DeleteTime], [DeleteUserId]) VALUES (N'2021010315315773909706', N'201806141508359155', N'201806291506346894', 3, N'APP/ResetAppSecret', N'重置AppSecret', N'', N'', N'', NULL, N'F', NULL, 0, 0, 1, 0, 0, NULL, NULL, 98, 0, 1, NULL, CAST(N'2021-01-03T15:31:58.000' AS DateTime), N'2020031712130656785909', CAST(N'2021-01-03T15:32:49.000' AS DateTime), N'2020031712130656785909', NULL, NULL)
GO
INSERT [dbo].[Sys_Menu] ([Id], [SystemTypeId], [ParentId], [Layers], [EnCode], [FullName], [Icon], [UrlAddress], [Component], [Target], [MenuType], [ActiveMenu], [IsExpand], [IsFrame], [IsShow], [IsCache], [IsPublic], [AllowEdit], [AllowDelete], [SortCode], [DeleteMark], [EnabledMark], [Description], [CreatorTime], [CreatorUserId], [LastModifyTime], [LastModifyUserId], [DeleteTime], [DeleteUserId]) VALUES (N'2021010315323086026943', N'201806141508359155', N'201806291506346894', 3, N'APP/ResetEncodingAESKey', N'重置消息密钥', N'', N'', N'', NULL, N'F', NULL, 0, 0, 1, 0, 0, NULL, NULL, 99, 0, 1, NULL, CAST(N'2021-01-03T15:32:31.000' AS DateTime), N'2020031712130656785909', NULL, NULL, NULL, NULL)
GO
INSERT [dbo].[Sys_Menu] ([Id], [SystemTypeId], [ParentId], [Layers], [EnCode], [FullName], [Icon], [UrlAddress], [Component], [Target], [MenuType], [ActiveMenu], [IsExpand], [IsFrame], [IsShow], [IsCache], [IsPublic], [AllowEdit], [AllowDelete], [SortCode], [DeleteMark], [EnabledMark], [Description], [CreatorTime], [CreatorUserId], [LastModifyTime], [LastModifyUserId], [DeleteTime], [DeleteUserId]) VALUES (N'2021010315340190128841', N'201806141508359155', N'7', 3, N'Log/Delete', N'删除', N'', N'', N'', NULL, N'F', NULL, 0, 0, 1, 0, 0, NULL, NULL, 0, 0, 1, NULL, CAST(N'2021-01-03T15:34:02.000' AS DateTime), N'2020031712130656785909', NULL, NULL, NULL, NULL)
GO
INSERT [dbo].[Sys_Menu] ([Id], [SystemTypeId], [ParentId], [Layers], [EnCode], [FullName], [Icon], [UrlAddress], [Component], [Target], [MenuType], [ActiveMenu], [IsExpand], [IsFrame], [IsShow], [IsCache], [IsPublic], [AllowEdit], [AllowDelete], [SortCode], [DeleteMark], [EnabledMark], [Description], [CreatorTime], [CreatorUserId], [LastModifyTime], [LastModifyUserId], [DeleteTime], [DeleteUserId]) VALUES (N'2021010316040698162073', N'201806141508359155', N'4', 3, N'User/ModifyPassword', N'修改密码', N'', N'', N'', NULL, N'F', NULL, 0, 0, 1, 0, 0, NULL, NULL, 99, 0, 1, NULL, CAST(N'2021-01-03T16:04:07.000' AS DateTime), N'2020031712130656785909', NULL, NULL, NULL, NULL)
GO
INSERT [dbo].[Sys_Menu] ([Id], [SystemTypeId], [ParentId], [Layers], [EnCode], [FullName], [Icon], [UrlAddress], [Component], [Target], [MenuType], [ActiveMenu], [IsExpand], [IsFrame], [IsShow], [IsCache], [IsPublic], [AllowEdit], [AllowDelete], [SortCode], [DeleteMark], [EnabledMark], [Description], [CreatorTime], [CreatorUserId], [LastModifyTime], [LastModifyUserId], [DeleteTime], [DeleteUserId]) VALUES (N'2021010316051714119704', N'201806141508359155', N'4', 3, N'User/ResetPassword', N'重置密码', N'', N'', N'', NULL, N'F', NULL, 0, 0, 1, 0, 0, NULL, NULL, 99, 0, 1, NULL, CAST(N'2021-01-03T16:05:17.000' AS DateTime), N'2020031712130656785909', NULL, NULL, NULL, NULL)
GO
INSERT [dbo].[Sys_Menu] ([Id], [SystemTypeId], [ParentId], [Layers], [EnCode], [FullName], [Icon], [UrlAddress], [Component], [Target], [MenuType], [ActiveMenu], [IsExpand], [IsFrame], [IsShow], [IsCache], [IsPublic], [AllowEdit], [AllowDelete], [SortCode], [DeleteMark], [EnabledMark], [Description], [CreatorTime], [CreatorUserId], [LastModifyTime], [LastModifyUserId], [DeleteTime], [DeleteUserId]) VALUES (N'2021010316083259762810', N'201806141508359155', N'6', 3, N'ItemsDetail', N'字典明细', N'', N'', N'', NULL, N'F', NULL, 0, 0, 0, 0, 0, NULL, NULL, 99, 0, 1, NULL, CAST(N'2021-01-03T16:08:33.000' AS DateTime), N'2020031712130656785909', CAST(N'2021-01-05T21:40:33.000' AS DateTime), N'2020031712130656785909', NULL, NULL)
GO
INSERT [dbo].[Sys_Menu] ([Id], [SystemTypeId], [ParentId], [Layers], [EnCode], [FullName], [Icon], [UrlAddress], [Component], [Target], [MenuType], [ActiveMenu], [IsExpand], [IsFrame], [IsShow], [IsCache], [IsPublic], [AllowEdit], [AllowDelete], [SortCode], [DeleteMark], [EnabledMark], [Description], [CreatorTime], [CreatorUserId], [LastModifyTime], [LastModifyUserId], [DeleteTime], [DeleteUserId]) VALUES (N'2021010316100009998659', N'201806141508359155', N'2021010316083259762810', 4, N'ItemsDetail/List', N'列表', N'', N'', N'', NULL, N'F', NULL, 0, 0, 0, 0, 0, NULL, NULL, 99, 0, 1, NULL, CAST(N'2021-01-03T16:10:00.000' AS DateTime), N'2020031712130656785909', CAST(N'2021-01-05T21:41:25.000' AS DateTime), N'2020031712130656785909', NULL, NULL)
GO
INSERT [dbo].[Sys_Menu] ([Id], [SystemTypeId], [ParentId], [Layers], [EnCode], [FullName], [Icon], [UrlAddress], [Component], [Target], [MenuType], [ActiveMenu], [IsExpand], [IsFrame], [IsShow], [IsCache], [IsPublic], [AllowEdit], [AllowDelete], [SortCode], [DeleteMark], [EnabledMark], [Description], [CreatorTime], [CreatorUserId], [LastModifyTime], [LastModifyUserId], [DeleteTime], [DeleteUserId]) VALUES (N'2021010316100011385581', N'201806141508359155', N'2021010316083259762810', 4, N'ItemsDetail/Add', N'明细新增', N'el-icon-plus', N'', N'', NULL, N'F', NULL, 0, 0, 1, 0, 0, NULL, NULL, 1, 0, 1, NULL, CAST(N'2021-01-03T16:10:00.000' AS DateTime), N'2020031712130656785909', CAST(N'2021-01-05T21:42:21.000' AS DateTime), N'2020031712130656785909', NULL, NULL)
GO
INSERT [dbo].[Sys_Menu] ([Id], [SystemTypeId], [ParentId], [Layers], [EnCode], [FullName], [Icon], [UrlAddress], [Component], [Target], [MenuType], [ActiveMenu], [IsExpand], [IsFrame], [IsShow], [IsCache], [IsPublic], [AllowEdit], [AllowDelete], [SortCode], [DeleteMark], [EnabledMark], [Description], [CreatorTime], [CreatorUserId], [LastModifyTime], [LastModifyUserId], [DeleteTime], [DeleteUserId]) VALUES (N'2021010316100012707325', N'201806141508359155', N'2021010316083259762810', 4, N'ItemsDetail/Edit', N'修改', N'', N'', N'', NULL, N'F', NULL, 0, 0, 1, 0, 0, NULL, NULL, 2, 0, 1, NULL, CAST(N'2021-01-03T16:10:00.000' AS DateTime), N'2020031712130656785909', CAST(N'2021-01-05T21:42:34.000' AS DateTime), N'2020031712130656785909', NULL, NULL)
GO
INSERT [dbo].[Sys_Menu] ([Id], [SystemTypeId], [ParentId], [Layers], [EnCode], [FullName], [Icon], [UrlAddress], [Component], [Target], [MenuType], [ActiveMenu], [IsExpand], [IsFrame], [IsShow], [IsCache], [IsPublic], [AllowEdit], [AllowDelete], [SortCode], [DeleteMark], [EnabledMark], [Description], [CreatorTime], [CreatorUserId], [LastModifyTime], [LastModifyUserId], [DeleteTime], [DeleteUserId]) VALUES (N'2021010316100014008890', N'201806141508359155', N'2021010316083259762810', 4, N'ItemsDetail/Enable', N'禁用', N'', N'', N'', NULL, N'F', NULL, 0, 0, 1, 0, 0, NULL, NULL, 3, 0, 1, NULL, CAST(N'2021-01-03T16:10:00.000' AS DateTime), N'2020031712130656785909', CAST(N'2021-01-05T21:42:45.000' AS DateTime), N'2020031712130656785909', NULL, NULL)
GO
INSERT [dbo].[Sys_Menu] ([Id], [SystemTypeId], [ParentId], [Layers], [EnCode], [FullName], [Icon], [UrlAddress], [Component], [Target], [MenuType], [ActiveMenu], [IsExpand], [IsFrame], [IsShow], [IsCache], [IsPublic], [AllowEdit], [AllowDelete], [SortCode], [DeleteMark], [EnabledMark], [Description], [CreatorTime], [CreatorUserId], [LastModifyTime], [LastModifyUserId], [DeleteTime], [DeleteUserId]) VALUES (N'2021010316100015306916', N'201806141508359155', N'2021010316083259762810', 4, N'ItemsDetail/Enable', N'启用', N'', N'', N'', NULL, N'F', NULL, 0, 0, 1, 0, 0, NULL, NULL, 4, 0, 1, NULL, CAST(N'2021-01-03T16:10:00.000' AS DateTime), N'2020031712130656785909', CAST(N'2021-01-05T21:42:58.000' AS DateTime), N'2020031712130656785909', NULL, NULL)
GO
INSERT [dbo].[Sys_Menu] ([Id], [SystemTypeId], [ParentId], [Layers], [EnCode], [FullName], [Icon], [UrlAddress], [Component], [Target], [MenuType], [ActiveMenu], [IsExpand], [IsFrame], [IsShow], [IsCache], [IsPublic], [AllowEdit], [AllowDelete], [SortCode], [DeleteMark], [EnabledMark], [Description], [CreatorTime], [CreatorUserId], [LastModifyTime], [LastModifyUserId], [DeleteTime], [DeleteUserId]) VALUES (N'2021010316100016609991', N'201806141508359155', N'2021010316083259762810', 4, N'ItemsDetail/DeleteSoft', N'软删除', N'', N'', N'', NULL, N'F', NULL, 0, 0, 1, 0, 0, NULL, NULL, 5, 0, 1, NULL, CAST(N'2021-01-03T16:10:00.000' AS DateTime), N'2020031712130656785909', CAST(N'2021-01-05T21:42:06.000' AS DateTime), N'2020031712130656785909', NULL, NULL)
GO
INSERT [dbo].[Sys_Menu] ([Id], [SystemTypeId], [ParentId], [Layers], [EnCode], [FullName], [Icon], [UrlAddress], [Component], [Target], [MenuType], [ActiveMenu], [IsExpand], [IsFrame], [IsShow], [IsCache], [IsPublic], [AllowEdit], [AllowDelete], [SortCode], [DeleteMark], [EnabledMark], [Description], [CreatorTime], [CreatorUserId], [LastModifyTime], [LastModifyUserId], [DeleteTime], [DeleteUserId]) VALUES (N'2021010316100018015698', N'201806141508359155', N'2021010316083259762810', 4, N'ItemsDetail/Delete', N'删除', N'', N'', N'', NULL, N'F', NULL, 0, 0, 1, 0, 0, NULL, NULL, 6, 0, 1, NULL, CAST(N'2021-01-03T16:10:00.000' AS DateTime), N'2020031712130656785909', CAST(N'2021-01-05T21:41:53.000' AS DateTime), N'2020031712130656785909', NULL, NULL)
GO
INSERT [dbo].[Sys_Menu] ([Id], [SystemTypeId], [ParentId], [Layers], [EnCode], [FullName], [Icon], [UrlAddress], [Component], [Target], [MenuType], [ActiveMenu], [IsExpand], [IsFrame], [IsShow], [IsCache], [IsPublic], [AllowEdit], [AllowDelete], [SortCode], [DeleteMark], [EnabledMark], [Description], [CreatorTime], [CreatorUserId], [LastModifyTime], [LastModifyUserId], [DeleteTime], [DeleteUserId]) VALUES (N'2021010316453710775564', N'201806141508359155', N'2020042316122987266087', 3, N'UploadFile/List', N'列表', N'', N'', N'', NULL, N'F', NULL, 0, 0, 0, 0, 0, NULL, NULL, 99, 0, 1, NULL, CAST(N'2021-01-03T16:45:37.000' AS DateTime), N'2020031712130656785909', CAST(N'2021-01-03T19:05:56.000' AS DateTime), N'2020031712130656785909', NULL, NULL)
GO
INSERT [dbo].[Sys_Menu] ([Id], [SystemTypeId], [ParentId], [Layers], [EnCode], [FullName], [Icon], [UrlAddress], [Component], [Target], [MenuType], [ActiveMenu], [IsExpand], [IsFrame], [IsShow], [IsCache], [IsPublic], [AllowEdit], [AllowDelete], [SortCode], [DeleteMark], [EnabledMark], [Description], [CreatorTime], [CreatorUserId], [LastModifyTime], [LastModifyUserId], [DeleteTime], [DeleteUserId]) VALUES (N'2021010316453713145150', N'201806141508359155', N'2020042316122987266087', 3, N'UploadFile/Add', N'新增', N'', N'', N'', NULL, N'F', NULL, 0, 0, 1, 0, 0, NULL, NULL, 1, 0, 1, NULL, CAST(N'2021-01-03T16:45:37.000' AS DateTime), N'2020031712130656785909', NULL, NULL, NULL, NULL)
GO
INSERT [dbo].[Sys_Menu] ([Id], [SystemTypeId], [ParentId], [Layers], [EnCode], [FullName], [Icon], [UrlAddress], [Component], [Target], [MenuType], [ActiveMenu], [IsExpand], [IsFrame], [IsShow], [IsCache], [IsPublic], [AllowEdit], [AllowDelete], [SortCode], [DeleteMark], [EnabledMark], [Description], [CreatorTime], [CreatorUserId], [LastModifyTime], [LastModifyUserId], [DeleteTime], [DeleteUserId]) VALUES (N'2021010316453714778755', N'201806141508359155', N'2020042316122987266087', 3, N'UploadFile/Edit', N'修改', N'', N'', N'', NULL, N'F', NULL, 0, 0, 1, 0, 0, NULL, NULL, 2, 0, 1, NULL, CAST(N'2021-01-03T16:45:37.000' AS DateTime), N'2020031712130656785909', NULL, NULL, NULL, NULL)
GO
INSERT [dbo].[Sys_Menu] ([Id], [SystemTypeId], [ParentId], [Layers], [EnCode], [FullName], [Icon], [UrlAddress], [Component], [Target], [MenuType], [ActiveMenu], [IsExpand], [IsFrame], [IsShow], [IsCache], [IsPublic], [AllowEdit], [AllowDelete], [SortCode], [DeleteMark], [EnabledMark], [Description], [CreatorTime], [CreatorUserId], [LastModifyTime], [LastModifyUserId], [DeleteTime], [DeleteUserId]) VALUES (N'2021010316453715932821', N'201806141508359155', N'2020042316122987266087', 3, N'UploadFile/Enable', N'禁用', N'', N'', N'', NULL, N'F', NULL, 0, 0, 1, 0, 0, NULL, NULL, 3, 0, 1, NULL, CAST(N'2021-01-03T16:45:37.000' AS DateTime), N'2020031712130656785909', NULL, NULL, NULL, NULL)
GO
INSERT [dbo].[Sys_Menu] ([Id], [SystemTypeId], [ParentId], [Layers], [EnCode], [FullName], [Icon], [UrlAddress], [Component], [Target], [MenuType], [ActiveMenu], [IsExpand], [IsFrame], [IsShow], [IsCache], [IsPublic], [AllowEdit], [AllowDelete], [SortCode], [DeleteMark], [EnabledMark], [Description], [CreatorTime], [CreatorUserId], [LastModifyTime], [LastModifyUserId], [DeleteTime], [DeleteUserId]) VALUES (N'2021010316453717238579', N'201806141508359155', N'2020042316122987266087', 3, N'UploadFile/Enable', N'启用', N'', N'', N'', NULL, N'F', NULL, 0, 0, 1, 0, 0, NULL, NULL, 4, 0, 1, NULL, CAST(N'2021-01-03T16:45:37.000' AS DateTime), N'2020031712130656785909', NULL, NULL, NULL, NULL)
GO
INSERT [dbo].[Sys_Menu] ([Id], [SystemTypeId], [ParentId], [Layers], [EnCode], [FullName], [Icon], [UrlAddress], [Component], [Target], [MenuType], [ActiveMenu], [IsExpand], [IsFrame], [IsShow], [IsCache], [IsPublic], [AllowEdit], [AllowDelete], [SortCode], [DeleteMark], [EnabledMark], [Description], [CreatorTime], [CreatorUserId], [LastModifyTime], [LastModifyUserId], [DeleteTime], [DeleteUserId]) VALUES (N'2021010316453718652652', N'201806141508359155', N'2020042316122987266087', 3, N'UploadFile/DeleteSoft', N'软删除', N'', N'', N'', NULL, N'F', NULL, 0, 0, 1, 0, 0, NULL, NULL, 5, 0, 1, NULL, CAST(N'2021-01-03T16:45:37.000' AS DateTime), N'2020031712130656785909', NULL, NULL, NULL, NULL)
GO
INSERT [dbo].[Sys_Menu] ([Id], [SystemTypeId], [ParentId], [Layers], [EnCode], [FullName], [Icon], [UrlAddress], [Component], [Target], [MenuType], [ActiveMenu], [IsExpand], [IsFrame], [IsShow], [IsCache], [IsPublic], [AllowEdit], [AllowDelete], [SortCode], [DeleteMark], [EnabledMark], [Description], [CreatorTime], [CreatorUserId], [LastModifyTime], [LastModifyUserId], [DeleteTime], [DeleteUserId]) VALUES (N'2021010316453719872053', N'201806141508359155', N'2020042316122987266087', 3, N'UploadFile/Delete', N'删除', N'', N'', N'', NULL, N'F', NULL, 0, 0, 1, 0, 0, NULL, NULL, 6, 0, 1, NULL, CAST(N'2021-01-03T16:45:37.000' AS DateTime), N'2020031712130656785909', NULL, NULL, NULL, NULL)
GO
INSERT [dbo].[Sys_Menu] ([Id], [SystemTypeId], [ParentId], [Layers], [EnCode], [FullName], [Icon], [UrlAddress], [Component], [Target], [MenuType], [ActiveMenu], [IsExpand], [IsFrame], [IsShow], [IsCache], [IsPublic], [AllowEdit], [AllowDelete], [SortCode], [DeleteMark], [EnabledMark], [Description], [CreatorTime], [CreatorUserId], [LastModifyTime], [LastModifyUserId], [DeleteTime], [DeleteUserId]) VALUES (N'2021010320121395837658', N'201806141508359155', N'3', 3, N'Organize/List', N'列表', N'', N'', N'', NULL, N'F', NULL, 0, 0, 0, 0, 0, NULL, NULL, 99, 0, 1, NULL, CAST(N'2021-01-03T20:12:14.000' AS DateTime), N'2020031712130656785909', NULL, NULL, NULL, NULL)
GO
INSERT [dbo].[Sys_Menu] ([Id], [SystemTypeId], [ParentId], [Layers], [EnCode], [FullName], [Icon], [UrlAddress], [Component], [Target], [MenuType], [ActiveMenu], [IsExpand], [IsFrame], [IsShow], [IsCache], [IsPublic], [AllowEdit], [AllowDelete], [SortCode], [DeleteMark], [EnabledMark], [Description], [CreatorTime], [CreatorUserId], [LastModifyTime], [LastModifyUserId], [DeleteTime], [DeleteUserId]) VALUES (N'2021010321015604704406', N'201806141508359155', N'2020110314165224964779', 3, N'TaskJobsLog/List', N'列表', N'', N'', N'', NULL, N'F', NULL, 0, 0, 0, 0, 0, NULL, NULL, 0, 0, 1, NULL, CAST(N'2021-01-03T21:01:56.000' AS DateTime), N'2020031712130656785909', NULL, NULL, NULL, NULL)
GO
INSERT [dbo].[Sys_Menu] ([Id], [SystemTypeId], [ParentId], [Layers], [EnCode], [FullName], [Icon], [UrlAddress], [Component], [Target], [MenuType], [ActiveMenu], [IsExpand], [IsFrame], [IsShow], [IsCache], [IsPublic], [AllowEdit], [AllowDelete], [SortCode], [DeleteMark], [EnabledMark], [Description], [CreatorTime], [CreatorUserId], [LastModifyTime], [LastModifyUserId], [DeleteTime], [DeleteUserId]) VALUES (N'2021010321100441931251', N'201806141508359155', N'2020110314220971767837', 3, N'Log/Delete', N'删除', N'', N'', N'', NULL, N'F', NULL, 0, 0, 1, 0, 0, NULL, NULL, 0, 0, 1, NULL, CAST(N'2021-01-03T21:10:04.000' AS DateTime), N'2020031712130656785909', NULL, NULL, NULL, NULL)
GO
INSERT [dbo].[Sys_Menu] ([Id], [SystemTypeId], [ParentId], [Layers], [EnCode], [FullName], [Icon], [UrlAddress], [Component], [Target], [MenuType], [ActiveMenu], [IsExpand], [IsFrame], [IsShow], [IsCache], [IsPublic], [AllowEdit], [AllowDelete], [SortCode], [DeleteMark], [EnabledMark], [Description], [CreatorTime], [CreatorUserId], [LastModifyTime], [LastModifyUserId], [DeleteTime], [DeleteUserId]) VALUES (N'2021010321102869902680', N'201806141508359155', N'2020110314224299715445', 3, N'Log/Delete', N'删除', N'', N'', N'', NULL, N'F', NULL, 0, 0, 1, 0, 0, NULL, NULL, 0, 0, 1, NULL, CAST(N'2021-01-03T21:10:29.000' AS DateTime), N'2020031712130656785909', NULL, NULL, NULL, NULL)
GO
INSERT [dbo].[Sys_Menu] ([Id], [SystemTypeId], [ParentId], [Layers], [EnCode], [FullName], [Icon], [UrlAddress], [Component], [Target], [MenuType], [ActiveMenu], [IsExpand], [IsFrame], [IsShow], [IsCache], [IsPublic], [AllowEdit], [AllowDelete], [SortCode], [DeleteMark], [EnabledMark], [Description], [CreatorTime], [CreatorUserId], [LastModifyTime], [LastModifyUserId], [DeleteTime], [DeleteUserId]) VALUES (N'2021010321105884295252', N'201806141508359155', N'2020110314231504343408', 3, N'Log/Delete', N'删除', N'', N'', N'', NULL, N'F', NULL, 0, 0, 1, 0, 0, NULL, NULL, 0, 0, 1, NULL, CAST(N'2021-01-03T21:10:59.000' AS DateTime), N'2020031712130656785909', NULL, NULL, NULL, NULL)
GO
INSERT [dbo].[Sys_Menu] ([Id], [SystemTypeId], [ParentId], [Layers], [EnCode], [FullName], [Icon], [UrlAddress], [Component], [Target], [MenuType], [ActiveMenu], [IsExpand], [IsFrame], [IsShow], [IsCache], [IsPublic], [AllowEdit], [AllowDelete], [SortCode], [DeleteMark], [EnabledMark], [Description], [CreatorTime], [CreatorUserId], [LastModifyTime], [LastModifyUserId], [DeleteTime], [DeleteUserId]) VALUES (N'2021011211084197203605', N'201806141508359155', N'', 1, N'Cms', N'文章管理', N'news', N'/cms', N'', NULL, N'C', NULL, 0, 0, 1, 0, 0, NULL, NULL, 1299, 0, 1, NULL, CAST(N'2021-01-12T11:08:41.973' AS DateTime), N'9f2ec079-7d0f-4fe2-90ab-8b09a8302aba', CAST(N'2021-01-25T16:32:13.440' AS DateTime), N'2020100517554098226223', NULL, NULL)
GO
INSERT [dbo].[Sys_Menu] ([Id], [SystemTypeId], [ParentId], [Layers], [EnCode], [FullName], [Icon], [UrlAddress], [Component], [Target], [MenuType], [ActiveMenu], [IsExpand], [IsFrame], [IsShow], [IsCache], [IsPublic], [AllowEdit], [AllowDelete], [SortCode], [DeleteMark], [EnabledMark], [Description], [CreatorTime], [CreatorUserId], [LastModifyTime], [LastModifyUserId], [DeleteTime], [DeleteUserId]) VALUES (N'2021011211093383813777', N'201806141508359155', N'2021011211084197203605', 2, N'Articlecategory', N'文章分类', N'xuhao', N'/articlecategory/index', N'articlecategory/index', NULL, N'M', NULL, 0, 0, 1, 0, 0, NULL, NULL, 99, 0, 1, NULL, CAST(N'2021-01-12T11:09:33.837' AS DateTime), N'9f2ec079-7d0f-4fe2-90ab-8b09a8302aba', CAST(N'2021-01-25T16:32:25.140' AS DateTime), N'2020100517554098226223', NULL, NULL)
GO
INSERT [dbo].[Sys_Menu] ([Id], [SystemTypeId], [ParentId], [Layers], [EnCode], [FullName], [Icon], [UrlAddress], [Component], [Target], [MenuType], [ActiveMenu], [IsExpand], [IsFrame], [IsShow], [IsCache], [IsPublic], [AllowEdit], [AllowDelete], [SortCode], [DeleteMark], [EnabledMark], [Description], [CreatorTime], [CreatorUserId], [LastModifyTime], [LastModifyUserId], [DeleteTime], [DeleteUserId]) VALUES (N'2021011211100576523295', N'201806141508359155', N'2021011211093383813777', 3, N'Articlecategory/List', N'列表', N'', N'', N'', NULL, N'F', NULL, 0, 0, 0, 0, 0, NULL, NULL, 99, 0, 1, NULL, CAST(N'2021-01-12T11:10:05.767' AS DateTime), N'9f2ec079-7d0f-4fe2-90ab-8b09a8302aba', CAST(N'2021-01-12T11:11:47.303' AS DateTime), N'9f2ec079-7d0f-4fe2-90ab-8b09a8302aba', NULL, NULL)
GO
INSERT [dbo].[Sys_Menu] ([Id], [SystemTypeId], [ParentId], [Layers], [EnCode], [FullName], [Icon], [UrlAddress], [Component], [Target], [MenuType], [ActiveMenu], [IsExpand], [IsFrame], [IsShow], [IsCache], [IsPublic], [AllowEdit], [AllowDelete], [SortCode], [DeleteMark], [EnabledMark], [Description], [CreatorTime], [CreatorUserId], [LastModifyTime], [LastModifyUserId], [DeleteTime], [DeleteUserId]) VALUES (N'2021011211100583237730', N'201806141508359155', N'2021011211093383813777', 3, N'Articlecategory/Add', N'新增', N'', N'', N'', NULL, N'F', NULL, 0, 0, 1, 0, 0, NULL, NULL, 1, 0, 1, NULL, CAST(N'2021-01-12T11:10:05.833' AS DateTime), N'9f2ec079-7d0f-4fe2-90ab-8b09a8302aba', NULL, NULL, NULL, NULL)
GO
INSERT [dbo].[Sys_Menu] ([Id], [SystemTypeId], [ParentId], [Layers], [EnCode], [FullName], [Icon], [UrlAddress], [Component], [Target], [MenuType], [ActiveMenu], [IsExpand], [IsFrame], [IsShow], [IsCache], [IsPublic], [AllowEdit], [AllowDelete], [SortCode], [DeleteMark], [EnabledMark], [Description], [CreatorTime], [CreatorUserId], [LastModifyTime], [LastModifyUserId], [DeleteTime], [DeleteUserId]) VALUES (N'2021011211100590361637', N'201806141508359155', N'2021011211093383813777', 3, N'Articlecategory/Edit', N'修改', N'', N'', N'', NULL, N'F', NULL, 0, 0, 1, 0, 0, NULL, NULL, 2, 0, 1, NULL, CAST(N'2021-01-12T11:10:05.903' AS DateTime), N'9f2ec079-7d0f-4fe2-90ab-8b09a8302aba', NULL, NULL, NULL, NULL)
GO
INSERT [dbo].[Sys_Menu] ([Id], [SystemTypeId], [ParentId], [Layers], [EnCode], [FullName], [Icon], [UrlAddress], [Component], [Target], [MenuType], [ActiveMenu], [IsExpand], [IsFrame], [IsShow], [IsCache], [IsPublic], [AllowEdit], [AllowDelete], [SortCode], [DeleteMark], [EnabledMark], [Description], [CreatorTime], [CreatorUserId], [LastModifyTime], [LastModifyUserId], [DeleteTime], [DeleteUserId]) VALUES (N'2021011211100595928007', N'201806141508359155', N'2021011211093383813777', 3, N'Articlecategory/Enable', N'禁用', N'', N'', N'', NULL, N'F', NULL, 0, 0, 1, 0, 0, NULL, NULL, 3, 0, 1, NULL, CAST(N'2021-01-12T11:10:05.960' AS DateTime), N'9f2ec079-7d0f-4fe2-90ab-8b09a8302aba', NULL, NULL, NULL, NULL)
GO
INSERT [dbo].[Sys_Menu] ([Id], [SystemTypeId], [ParentId], [Layers], [EnCode], [FullName], [Icon], [UrlAddress], [Component], [Target], [MenuType], [ActiveMenu], [IsExpand], [IsFrame], [IsShow], [IsCache], [IsPublic], [AllowEdit], [AllowDelete], [SortCode], [DeleteMark], [EnabledMark], [Description], [CreatorTime], [CreatorUserId], [LastModifyTime], [LastModifyUserId], [DeleteTime], [DeleteUserId]) VALUES (N'2021011211100601001133', N'201806141508359155', N'2021011211093383813777', 3, N'Articlecategory/Enable', N'启用', N'', N'', N'', NULL, N'F', NULL, 0, 0, 1, 0, 0, NULL, NULL, 4, 0, 1, NULL, CAST(N'2021-01-12T11:10:06.010' AS DateTime), N'9f2ec079-7d0f-4fe2-90ab-8b09a8302aba', NULL, NULL, NULL, NULL)
GO
INSERT [dbo].[Sys_Menu] ([Id], [SystemTypeId], [ParentId], [Layers], [EnCode], [FullName], [Icon], [UrlAddress], [Component], [Target], [MenuType], [ActiveMenu], [IsExpand], [IsFrame], [IsShow], [IsCache], [IsPublic], [AllowEdit], [AllowDelete], [SortCode], [DeleteMark], [EnabledMark], [Description], [CreatorTime], [CreatorUserId], [LastModifyTime], [LastModifyUserId], [DeleteTime], [DeleteUserId]) VALUES (N'2021011211100606072467', N'201806141508359155', N'2021011211093383813777', 3, N'Articlecategory/DeleteSoft', N'软删除', N'', N'', N'', NULL, N'F', NULL, 0, 0, 1, 0, 0, NULL, NULL, 5, 0, 1, NULL, CAST(N'2021-01-12T11:10:06.060' AS DateTime), N'9f2ec079-7d0f-4fe2-90ab-8b09a8302aba', NULL, NULL, NULL, NULL)
GO
INSERT [dbo].[Sys_Menu] ([Id], [SystemTypeId], [ParentId], [Layers], [EnCode], [FullName], [Icon], [UrlAddress], [Component], [Target], [MenuType], [ActiveMenu], [IsExpand], [IsFrame], [IsShow], [IsCache], [IsPublic], [AllowEdit], [AllowDelete], [SortCode], [DeleteMark], [EnabledMark], [Description], [CreatorTime], [CreatorUserId], [LastModifyTime], [LastModifyUserId], [DeleteTime], [DeleteUserId]) VALUES (N'2021011211100611473440', N'201806141508359155', N'2021011211093383813777', 3, N'Articlecategory/Delete', N'删除', N'', N'', N'', NULL, N'F', NULL, 0, 0, 1, 0, 0, NULL, NULL, 6, 0, 1, NULL, CAST(N'2021-01-12T11:10:06.113' AS DateTime), N'9f2ec079-7d0f-4fe2-90ab-8b09a8302aba', NULL, NULL, NULL, NULL)
GO
INSERT [dbo].[Sys_Menu] ([Id], [SystemTypeId], [ParentId], [Layers], [EnCode], [FullName], [Icon], [UrlAddress], [Component], [Target], [MenuType], [ActiveMenu], [IsExpand], [IsFrame], [IsShow], [IsCache], [IsPublic], [AllowEdit], [AllowDelete], [SortCode], [DeleteMark], [EnabledMark], [Description], [CreatorTime], [CreatorUserId], [LastModifyTime], [LastModifyUserId], [DeleteTime], [DeleteUserId]) VALUES (N'2021011211111845261274', N'201806141508359155', N'2021011211084197203605', 2, N'Articlenews', N'文章列表', N'list', N'/articlenews/index', N'articlenews/index', NULL, N'M', NULL, 0, 0, 1, 0, 0, NULL, NULL, 99, 0, 1, NULL, CAST(N'2021-01-12T11:11:18.453' AS DateTime), N'9f2ec079-7d0f-4fe2-90ab-8b09a8302aba', CAST(N'2021-01-25T16:32:35.970' AS DateTime), N'2020100517554098226223', NULL, NULL)
GO
INSERT [dbo].[Sys_Menu] ([Id], [SystemTypeId], [ParentId], [Layers], [EnCode], [FullName], [Icon], [UrlAddress], [Component], [Target], [MenuType], [ActiveMenu], [IsExpand], [IsFrame], [IsShow], [IsCache], [IsPublic], [AllowEdit], [AllowDelete], [SortCode], [DeleteMark], [EnabledMark], [Description], [CreatorTime], [CreatorUserId], [LastModifyTime], [LastModifyUserId], [DeleteTime], [DeleteUserId]) VALUES (N'2021011211113260438763', N'201806141508359155', N'2021011211111845261274', 3, N'Articlenews/List', N'列表', N'', N'', N'', NULL, N'F', NULL, 0, 0, 0, 0, 0, NULL, NULL, 99, 0, 1, NULL, CAST(N'2021-01-12T11:11:32.603' AS DateTime), N'9f2ec079-7d0f-4fe2-90ab-8b09a8302aba', CAST(N'2021-01-12T11:11:40.467' AS DateTime), N'9f2ec079-7d0f-4fe2-90ab-8b09a8302aba', NULL, NULL)
GO
INSERT [dbo].[Sys_Menu] ([Id], [SystemTypeId], [ParentId], [Layers], [EnCode], [FullName], [Icon], [UrlAddress], [Component], [Target], [MenuType], [ActiveMenu], [IsExpand], [IsFrame], [IsShow], [IsCache], [IsPublic], [AllowEdit], [AllowDelete], [SortCode], [DeleteMark], [EnabledMark], [Description], [CreatorTime], [CreatorUserId], [LastModifyTime], [LastModifyUserId], [DeleteTime], [DeleteUserId]) VALUES (N'2021011211113265594642', N'201806141508359155', N'2021011211111845261274', 3, N'Articlenews/Add', N'新增', N'', N'', N'', NULL, N'F', NULL, 0, 0, 1, 0, 0, NULL, NULL, 1, 0, 1, NULL, CAST(N'2021-01-12T11:11:32.657' AS DateTime), N'9f2ec079-7d0f-4fe2-90ab-8b09a8302aba', NULL, NULL, NULL, NULL)
GO
INSERT [dbo].[Sys_Menu] ([Id], [SystemTypeId], [ParentId], [Layers], [EnCode], [FullName], [Icon], [UrlAddress], [Component], [Target], [MenuType], [ActiveMenu], [IsExpand], [IsFrame], [IsShow], [IsCache], [IsPublic], [AllowEdit], [AllowDelete], [SortCode], [DeleteMark], [EnabledMark], [Description], [CreatorTime], [CreatorUserId], [LastModifyTime], [LastModifyUserId], [DeleteTime], [DeleteUserId]) VALUES (N'2021011211113271113293', N'201806141508359155', N'2021011211111845261274', 3, N'Articlenews/Edit', N'修改', N'', N'', N'', NULL, N'F', NULL, 0, 0, 1, 0, 0, NULL, NULL, 2, 0, 1, NULL, CAST(N'2021-01-12T11:11:32.710' AS DateTime), N'9f2ec079-7d0f-4fe2-90ab-8b09a8302aba', NULL, NULL, NULL, NULL)
GO
INSERT [dbo].[Sys_Menu] ([Id], [SystemTypeId], [ParentId], [Layers], [EnCode], [FullName], [Icon], [UrlAddress], [Component], [Target], [MenuType], [ActiveMenu], [IsExpand], [IsFrame], [IsShow], [IsCache], [IsPublic], [AllowEdit], [AllowDelete], [SortCode], [DeleteMark], [EnabledMark], [Description], [CreatorTime], [CreatorUserId], [LastModifyTime], [LastModifyUserId], [DeleteTime], [DeleteUserId]) VALUES (N'2021011211113277633034', N'201806141508359155', N'2021011211111845261274', 3, N'Articlenews/Enable', N'禁用', N'', N'', N'', NULL, N'F', NULL, 0, 0, 1, 0, 0, NULL, NULL, 3, 0, 1, NULL, CAST(N'2021-01-12T11:11:32.777' AS DateTime), N'9f2ec079-7d0f-4fe2-90ab-8b09a8302aba', NULL, NULL, NULL, NULL)
GO
INSERT [dbo].[Sys_Menu] ([Id], [SystemTypeId], [ParentId], [Layers], [EnCode], [FullName], [Icon], [UrlAddress], [Component], [Target], [MenuType], [ActiveMenu], [IsExpand], [IsFrame], [IsShow], [IsCache], [IsPublic], [AllowEdit], [AllowDelete], [SortCode], [DeleteMark], [EnabledMark], [Description], [CreatorTime], [CreatorUserId], [LastModifyTime], [LastModifyUserId], [DeleteTime], [DeleteUserId]) VALUES (N'2021011211113282976349', N'201806141508359155', N'2021011211111845261274', 3, N'Articlenews/Enable', N'启用', N'', N'', N'', NULL, N'F', NULL, 0, 0, 1, 0, 0, NULL, NULL, 4, 0, 1, NULL, CAST(N'2021-01-12T11:11:32.830' AS DateTime), N'9f2ec079-7d0f-4fe2-90ab-8b09a8302aba', NULL, NULL, NULL, NULL)
GO
INSERT [dbo].[Sys_Menu] ([Id], [SystemTypeId], [ParentId], [Layers], [EnCode], [FullName], [Icon], [UrlAddress], [Component], [Target], [MenuType], [ActiveMenu], [IsExpand], [IsFrame], [IsShow], [IsCache], [IsPublic], [AllowEdit], [AllowDelete], [SortCode], [DeleteMark], [EnabledMark], [Description], [CreatorTime], [CreatorUserId], [LastModifyTime], [LastModifyUserId], [DeleteTime], [DeleteUserId]) VALUES (N'2021011211113287838584', N'201806141508359155', N'2021011211111845261274', 3, N'Articlenews/DeleteSoft', N'软删除', N'', N'', N'', NULL, N'F', NULL, 0, 0, 1, 0, 0, NULL, NULL, 5, 0, 1, NULL, CAST(N'2021-01-12T11:11:32.880' AS DateTime), N'9f2ec079-7d0f-4fe2-90ab-8b09a8302aba', NULL, NULL, NULL, NULL)
GO
INSERT [dbo].[Sys_Menu] ([Id], [SystemTypeId], [ParentId], [Layers], [EnCode], [FullName], [Icon], [UrlAddress], [Component], [Target], [MenuType], [ActiveMenu], [IsExpand], [IsFrame], [IsShow], [IsCache], [IsPublic], [AllowEdit], [AllowDelete], [SortCode], [DeleteMark], [EnabledMark], [Description], [CreatorTime], [CreatorUserId], [LastModifyTime], [LastModifyUserId], [DeleteTime], [DeleteUserId]) VALUES (N'2021011211113293224086', N'201806141508359155', N'2021011211111845261274', 3, N'Articlenews/Delete', N'删除', N'', N'', N'', NULL, N'F', NULL, 0, 0, 1, 0, 0, NULL, NULL, 6, 0, 1, NULL, CAST(N'2021-01-12T11:11:32.933' AS DateTime), N'9f2ec079-7d0f-4fe2-90ab-8b09a8302aba', NULL, NULL, NULL, NULL)
GO
INSERT [dbo].[Sys_Menu] ([Id], [SystemTypeId], [ParentId], [Layers], [EnCode], [FullName], [Icon], [UrlAddress], [Component], [Target], [MenuType], [ActiveMenu], [IsExpand], [IsFrame], [IsShow], [IsCache], [IsPublic], [AllowEdit], [AllowDelete], [SortCode], [DeleteMark], [EnabledMark], [Description], [CreatorTime], [CreatorUserId], [LastModifyTime], [LastModifyUserId], [DeleteTime], [DeleteUserId]) VALUES (N'2021012516220587816965', N'201806141508359155', N'2021011211084197203605', 2, N'EditArticle', N'编辑文章', NULL, N'/articlenews/edit/:id/:showtype', N'articlenews/edit', NULL, N'M', N'/articlenews/index', 0, 0, 0, 0, 0, NULL, NULL, 99, 0, 1, NULL, CAST(N'2021-01-25T16:22:05.877' AS DateTime), N'2020100517554098226223', NULL, NULL, NULL, NULL)
GO
INSERT [dbo].[Sys_Menu] ([Id], [SystemTypeId], [ParentId], [Layers], [EnCode], [FullName], [Icon], [UrlAddress], [Component], [Target], [MenuType], [ActiveMenu], [IsExpand], [IsFrame], [IsShow], [IsCache], [IsPublic], [AllowEdit], [AllowDelete], [SortCode], [DeleteMark], [EnabledMark], [Description], [CreatorTime], [CreatorUserId], [LastModifyTime], [LastModifyUserId], [DeleteTime], [DeleteUserId]) VALUES (N'2021012516225780712440', N'201806141508359155', N'4', 3, N'User/SaveUserTheme', N'保存自定义主题', NULL, N'', N'', NULL, N'F', N'', 0, 0, 0, 0, 0, NULL, NULL, 99, 0, 1, NULL, CAST(N'2021-01-25T16:22:57.807' AS DateTime), N'2020100517554098226223', NULL, NULL, NULL, NULL)
GO
INSERT [dbo].[Sys_Menu] ([Id], [SystemTypeId], [ParentId], [Layers], [EnCode], [FullName], [Icon], [UrlAddress], [Component], [Target], [MenuType], [ActiveMenu], [IsExpand], [IsFrame], [IsShow], [IsCache], [IsPublic], [AllowEdit], [AllowDelete], [SortCode], [DeleteMark], [EnabledMark], [Description], [CreatorTime], [CreatorUserId], [LastModifyTime], [LastModifyUserId], [DeleteTime], [DeleteUserId]) VALUES (N'3', N'201806141508359155', N'1', 2, N'Organize', N'机构管理', N'jigou', N'/organize/index', N'organize/index', N'iframe', N'M', NULL, 0, 0, 1, 0, 0, 1, 1, 1, 0, 1, NULL, CAST(N'2018-06-03T00:00:00.000' AS DateTime), N'9f2ec079-7d0f-4fe2-90ab-8b09a8302aba', CAST(N'2021-01-25T16:26:13.020' AS DateTime), N'2020100517554098226223', CAST(N'2001-01-01T00:00:00.000' AS DateTime), NULL)
GO
INSERT [dbo].[Sys_Menu] ([Id], [SystemTypeId], [ParentId], [Layers], [EnCode], [FullName], [Icon], [UrlAddress], [Component], [Target], [MenuType], [ActiveMenu], [IsExpand], [IsFrame], [IsShow], [IsCache], [IsPublic], [AllowEdit], [AllowDelete], [SortCode], [DeleteMark], [EnabledMark], [Description], [CreatorTime], [CreatorUserId], [LastModifyTime], [LastModifyUserId], [DeleteTime], [DeleteUserId]) VALUES (N'4', N'201806141508359155', N'1', 2, N'User', N'用户管理', N'friend', N'/user/index', N'user/index', N'iframe', N'M', NULL, 0, 0, 1, 0, 0, 1, 1, 3, 0, 1, NULL, CAST(N'2018-06-03T00:00:00.000' AS DateTime), N'9f2ec079-7d0f-4fe2-90ab-8b09a8302aba', CAST(N'2021-01-25T16:26:26.523' AS DateTime), N'2020100517554098226223', CAST(N'2001-01-01T00:00:00.000' AS DateTime), NULL)
GO
INSERT [dbo].[Sys_Menu] ([Id], [SystemTypeId], [ParentId], [Layers], [EnCode], [FullName], [Icon], [UrlAddress], [Component], [Target], [MenuType], [ActiveMenu], [IsExpand], [IsFrame], [IsShow], [IsCache], [IsPublic], [AllowEdit], [AllowDelete], [SortCode], [DeleteMark], [EnabledMark], [Description], [CreatorTime], [CreatorUserId], [LastModifyTime], [LastModifyUserId], [DeleteTime], [DeleteUserId]) VALUES (N'5', N'201806141508359155', N'1', 2, N'Role', N'岗位角色', N'juese', N'/role/index', N'role/index', N'iframe', N'M', NULL, 0, 0, 1, 0, 0, 1, 1, 4, 0, 1, NULL, CAST(N'2018-06-03T00:00:00.000' AS DateTime), N'9f2ec079-7d0f-4fe2-90ab-8b09a8302aba', CAST(N'2021-01-25T16:26:41.383' AS DateTime), N'2020100517554098226223', CAST(N'2001-01-01T00:00:00.000' AS DateTime), NULL)
GO
INSERT [dbo].[Sys_Menu] ([Id], [SystemTypeId], [ParentId], [Layers], [EnCode], [FullName], [Icon], [UrlAddress], [Component], [Target], [MenuType], [ActiveMenu], [IsExpand], [IsFrame], [IsShow], [IsCache], [IsPublic], [AllowEdit], [AllowDelete], [SortCode], [DeleteMark], [EnabledMark], [Description], [CreatorTime], [CreatorUserId], [LastModifyTime], [LastModifyUserId], [DeleteTime], [DeleteUserId]) VALUES (N'6', N'201806141508359155', N'1', 2, N'Items', N'数据字典', N'zidian', N'/items/index', N'items/index', N'iframe', N'M', NULL, 0, 0, 1, 0, 0, 1, 1, 6, 0, 1, NULL, CAST(N'2018-06-03T00:00:00.000' AS DateTime), N'9f2ec079-7d0f-4fe2-90ab-8b09a8302aba', CAST(N'2021-01-25T16:26:53.253' AS DateTime), N'2020100517554098226223', CAST(N'2001-01-01T00:00:00.000' AS DateTime), NULL)
GO
INSERT [dbo].[Sys_Menu] ([Id], [SystemTypeId], [ParentId], [Layers], [EnCode], [FullName], [Icon], [UrlAddress], [Component], [Target], [MenuType], [ActiveMenu], [IsExpand], [IsFrame], [IsShow], [IsCache], [IsPublic], [AllowEdit], [AllowDelete], [SortCode], [DeleteMark], [EnabledMark], [Description], [CreatorTime], [CreatorUserId], [LastModifyTime], [LastModifyUserId], [DeleteTime], [DeleteUserId]) VALUES (N'7', N'201806141508359155', N'201806120821141288', 2, N'Log/Login', N'登录日志', N'log', N'/syslog/login', N'syslog/login', N'iframe', N'M', NULL, 0, 0, 1, 0, 0, 1, 1, 7, 0, 1, NULL, CAST(N'2018-06-03T00:00:00.000' AS DateTime), N'9f2ec079-7d0f-4fe2-90ab-8b09a8302aba', CAST(N'2021-01-25T16:29:30.260' AS DateTime), N'2020100517554098226223', CAST(N'2001-01-01T00:00:00.000' AS DateTime), NULL)
GO
INSERT [dbo].[Sys_Menu] ([Id], [SystemTypeId], [ParentId], [Layers], [EnCode], [FullName], [Icon], [UrlAddress], [Component], [Target], [MenuType], [ActiveMenu], [IsExpand], [IsFrame], [IsShow], [IsCache], [IsPublic], [AllowEdit], [AllowDelete], [SortCode], [DeleteMark], [EnabledMark], [Description], [CreatorTime], [CreatorUserId], [LastModifyTime], [LastModifyUserId], [DeleteTime], [DeleteUserId]) VALUES (N'8', N'201806141508359155', N'1', 2, N'FilterIP', N'访问控制', N'adjust', N'/filterip/index', N'filterip/index', N'iframe', N'M', NULL, 0, 0, 1, 0, 0, 1, 1, 102, 0, 1, NULL, CAST(N'2018-06-03T00:00:00.000' AS DateTime), N'9f2ec079-7d0f-4fe2-90ab-8b09a8302aba', CAST(N'2021-01-25T16:27:27.103' AS DateTime), N'2020100517554098226223', CAST(N'2001-01-01T00:00:00.000' AS DateTime), NULL)
GO
INSERT [dbo].[Sys_Menu] ([Id], [SystemTypeId], [ParentId], [Layers], [EnCode], [FullName], [Icon], [UrlAddress], [Component], [Target], [MenuType], [ActiveMenu], [IsExpand], [IsFrame], [IsShow], [IsCache], [IsPublic], [AllowEdit], [AllowDelete], [SortCode], [DeleteMark], [EnabledMark], [Description], [CreatorTime], [CreatorUserId], [LastModifyTime], [LastModifyUserId], [DeleteTime], [DeleteUserId]) VALUES (N'9', N'201806141508359155', N'', 1, N'Tools', N'开发者', N'kaifazhe', N'/tool', NULL, N'expand', N'C', NULL, 0, 0, 1, 0, 0, 1, 1, 1003, 0, 1, NULL, CAST(N'2018-06-04T00:00:00.000' AS DateTime), N'9f2ec079-7d0f-4fe2-90ab-8b09a8302aba', CAST(N'2021-01-25T16:30:21.160' AS DateTime), N'2020100517554098226223', CAST(N'2001-01-01T00:00:00.000' AS DateTime), NULL)
GO
INSERT [dbo].[Sys_Organize] ([Id], [ParentId], [Layers], [EnCode], [FullName], [ShortName], [CategoryId], [ManagerId], [TelePhone], [MobilePhone], [WeChat], [Fax], [Email], [AreaId], [Address], [AllowEdit], [AllowDelete], [SortCode], [DeleteMark], [EnabledMark], [Description], [CreatorTime], [CreatorUserId], [LastModifyTime], [LastModifyUserId], [DeleteTime], [DeleteUserId]) VALUES (N'2020091317274420379133', N'2020101619354744221165', 3, N'', N'创新研究院', N'', N'Department', N'', N'', N'', N'', N'', N'', NULL, N'', 1, 1, 99, 0, 0, N'', CAST(N'2020-09-13T17:27:44.203' AS DateTime), N'9f2ec079-7d0f-4fe2-90ab-8b09a8302aba', CAST(N'2020-10-20T09:19:54.297' AS DateTime), N'2020100517554098226223', NULL, NULL)
GO
INSERT [dbo].[Sys_Organize] ([Id], [ParentId], [Layers], [EnCode], [FullName], [ShortName], [CategoryId], [ManagerId], [TelePhone], [MobilePhone], [WeChat], [Fax], [Email], [AreaId], [Address], [AllowEdit], [AllowDelete], [SortCode], [DeleteMark], [EnabledMark], [Description], [CreatorTime], [CreatorUserId], [LastModifyTime], [LastModifyUserId], [DeleteTime], [DeleteUserId]) VALUES (N'2020091317280067305041', N'2020101619354744221165', 3, N'', N'营销中心', N'', N'Department', N'', N'', N'', N'', N'', N'', NULL, N'', 1, 1, 99, 0, 1, N'', CAST(N'2020-09-13T17:28:00.673' AS DateTime), N'9f2ec079-7d0f-4fe2-90ab-8b09a8302aba', CAST(N'2020-10-16T19:36:17.637' AS DateTime), N'9f2ec079-7d0f-4fe2-90ab-8b09a8302aba', NULL, NULL)
GO
INSERT [dbo].[Sys_Organize] ([Id], [ParentId], [Layers], [EnCode], [FullName], [ShortName], [CategoryId], [ManagerId], [TelePhone], [MobilePhone], [WeChat], [Fax], [Email], [AreaId], [Address], [AllowEdit], [AllowDelete], [SortCode], [DeleteMark], [EnabledMark], [Description], [CreatorTime], [CreatorUserId], [LastModifyTime], [LastModifyUserId], [DeleteTime], [DeleteUserId]) VALUES (N'2020101619345715379169', N'2020101619354744221165', 3, N'', N'董事会', N'', N'Department', N'', N'', N'', N'', N'', N'', NULL, N'', 1, 1, 99, 0, 1, N'', CAST(N'2020-10-16T19:34:57.153' AS DateTime), N'9f2ec079-7d0f-4fe2-90ab-8b09a8302aba', CAST(N'2020-10-16T19:36:51.703' AS DateTime), N'9f2ec079-7d0f-4fe2-90ab-8b09a8302aba', NULL, NULL)
GO
INSERT [dbo].[Sys_Organize] ([Id], [ParentId], [Layers], [EnCode], [FullName], [ShortName], [CategoryId], [ManagerId], [TelePhone], [MobilePhone], [WeChat], [Fax], [Email], [AreaId], [Address], [AllowEdit], [AllowDelete], [SortCode], [DeleteMark], [EnabledMark], [Description], [CreatorTime], [CreatorUserId], [LastModifyTime], [LastModifyUserId], [DeleteTime], [DeleteUserId]) VALUES (N'2020101619351306798960', N'2020101619354744221165', 3, N'', N'行政中心', N'', N'Department', N'', N'', N'', N'', N'', N'', NULL, N'', 1, 1, 99, 0, 1, N'', CAST(N'2020-10-16T19:35:13.067' AS DateTime), N'9f2ec079-7d0f-4fe2-90ab-8b09a8302aba', CAST(N'2020-10-16T19:35:58.997' AS DateTime), N'9f2ec079-7d0f-4fe2-90ab-8b09a8302aba', NULL, NULL)
GO
INSERT [dbo].[Sys_Organize] ([Id], [ParentId], [Layers], [EnCode], [FullName], [ShortName], [CategoryId], [ManagerId], [TelePhone], [MobilePhone], [WeChat], [Fax], [Email], [AreaId], [Address], [AllowEdit], [AllowDelete], [SortCode], [DeleteMark], [EnabledMark], [Description], [CreatorTime], [CreatorUserId], [LastModifyTime], [LastModifyUserId], [DeleteTime], [DeleteUserId]) VALUES (N'2020101619373694586929', N'2020101619434422287774', 2, N'', N'越邦智能', N'', N'Company', N'', N'', N'', N'', N'', N'', NULL, N'', 1, 1, 99, 0, 1, N'', CAST(N'2020-10-16T19:37:36.947' AS DateTime), N'9f2ec079-7d0f-4fe2-90ab-8b09a8302aba', CAST(N'2020-10-16T19:43:52.227' AS DateTime), N'9f2ec079-7d0f-4fe2-90ab-8b09a8302aba', NULL, NULL)
GO
INSERT [dbo].[Sys_Organize] ([Id], [ParentId], [Layers], [EnCode], [FullName], [ShortName], [CategoryId], [ManagerId], [TelePhone], [MobilePhone], [WeChat], [Fax], [Email], [AreaId], [Address], [AllowEdit], [AllowDelete], [SortCode], [DeleteMark], [EnabledMark], [Description], [CreatorTime], [CreatorUserId], [LastModifyTime], [LastModifyUserId], [DeleteTime], [DeleteUserId]) VALUES (N'2020101619392209546893', N'2020091317274420379133', 4, N'', N'开源部', N'', N'SubDepartment', N'', N'', N'', N'', N'', N'', NULL, N'', 1, 1, 99, 0, 0, N'', CAST(N'2020-10-16T19:39:22.097' AS DateTime), N'9f2ec079-7d0f-4fe2-90ab-8b09a8302aba', CAST(N'2020-10-20T09:19:54.297' AS DateTime), N'2020100517554098226223', NULL, NULL)
GO
INSERT [dbo].[Sys_Organize] ([Id], [ParentId], [Layers], [EnCode], [FullName], [ShortName], [CategoryId], [ManagerId], [TelePhone], [MobilePhone], [WeChat], [Fax], [Email], [AreaId], [Address], [AllowEdit], [AllowDelete], [SortCode], [DeleteMark], [EnabledMark], [Description], [CreatorTime], [CreatorUserId], [LastModifyTime], [LastModifyUserId], [DeleteTime], [DeleteUserId]) VALUES (N'2020101619394356374788', N'2020091317274420379133', 4, N'', N'定制研发部', N'', N'SubDepartment', N'', N'', N'', N'', N'', N'', NULL, N'', 1, 1, 99, 0, 0, N'', CAST(N'2020-10-16T19:39:43.563' AS DateTime), N'9f2ec079-7d0f-4fe2-90ab-8b09a8302aba', CAST(N'2020-10-20T09:19:54.297' AS DateTime), N'2020100517554098226223', NULL, NULL)
GO
INSERT [dbo].[Sys_Organize] ([Id], [ParentId], [Layers], [EnCode], [FullName], [ShortName], [CategoryId], [ManagerId], [TelePhone], [MobilePhone], [WeChat], [Fax], [Email], [AreaId], [Address], [AllowEdit], [AllowDelete], [SortCode], [DeleteMark], [EnabledMark], [Description], [CreatorTime], [CreatorUserId], [LastModifyTime], [LastModifyUserId], [DeleteTime], [DeleteUserId]) VALUES (N'2020101619423736813802', N'2020101619380976351432', 3, N'', N'智能制造', N'', N'WorkGroup', N'', N'', N'', N'', N'', N'', NULL, N'', 1, 1, 99, 0, 1, N'', CAST(N'2020-10-16T19:42:37.367' AS DateTime), N'9f2ec079-7d0f-4fe2-90ab-8b09a8302aba', CAST(N'2020-10-16T19:45:57.390' AS DateTime), N'9f2ec079-7d0f-4fe2-90ab-8b09a8302aba', NULL, NULL)
GO
INSERT [dbo].[Sys_Organize] ([Id], [ParentId], [Layers], [EnCode], [FullName], [ShortName], [CategoryId], [ManagerId], [TelePhone], [MobilePhone], [WeChat], [Fax], [Email], [AreaId], [Address], [AllowEdit], [AllowDelete], [SortCode], [DeleteMark], [EnabledMark], [Description], [CreatorTime], [CreatorUserId], [LastModifyTime], [LastModifyUserId], [DeleteTime], [DeleteUserId]) VALUES (N'2020101619434422287774', N'', 1, N'', N'越邦集团', N'', N'Group', N'', N'', N'', N'', N'', N'', NULL, N'', 1, 1, 99, 0, 1, N'', CAST(N'2020-10-16T19:43:44.223' AS DateTime), N'9f2ec079-7d0f-4fe2-90ab-8b09a8302aba', CAST(N'2020-10-16T19:44:26.863' AS DateTime), N'9f2ec079-7d0f-4fe2-90ab-8b09a8302aba', NULL, NULL)
GO
INSERT [dbo].[Sys_Organize] ([Id], [ParentId], [Layers], [EnCode], [FullName], [ShortName], [CategoryId], [ManagerId], [TelePhone], [MobilePhone], [WeChat], [Fax], [Email], [AreaId], [Address], [AllowEdit], [AllowDelete], [SortCode], [DeleteMark], [EnabledMark], [Description], [CreatorTime], [CreatorUserId], [LastModifyTime], [LastModifyUserId], [DeleteTime], [DeleteUserId]) VALUES (N'2020101619354744221165', N'2020101619434422287774', 2, N'', N'越邦科技', N'', N'Company', N'', N'', N'', N'', N'', N'', NULL, N'', 1, 1, 99, 0, 0, N'', CAST(N'2020-10-16T19:35:47.443' AS DateTime), N'9f2ec079-7d0f-4fe2-90ab-8b09a8302aba', CAST(N'2020-10-16T19:44:01.163' AS DateTime), N'9f2ec079-7d0f-4fe2-90ab-8b09a8302aba', NULL, NULL)
GO
INSERT [dbo].[Sys_Role] ([Id], [OrganizeId], [Category], [EnCode], [FullName], [Type], [AllowEdit], [AllowDelete], [SortCode], [DeleteMark], [EnabledMark], [Description], [CreatorTime], [CreatorUserId], [LastModifyTime], [LastModifyUserId], [DeleteTime], [DeleteUserId]) VALUES (N'F0A2B36F-35A7-4660-B46C-D4AB796591EB', N'2020101619392209546893', 1, N'administrators', N'超级管理员', N'1', 0, 0, 1, 0, 1, N'', CAST(N'2016-07-10T00:00:00.000' AS DateTime), NULL, CAST(N'2020-10-19T23:48:43.030' AS DateTime), N'2020100517554098226223', NULL, NULL)
GO
INSERT [dbo].[Sys_Role] ([Id], [OrganizeId], [Category], [EnCode], [FullName], [Type], [AllowEdit], [AllowDelete], [SortCode], [DeleteMark], [EnabledMark], [Description], [CreatorTime], [CreatorUserId], [LastModifyTime], [LastModifyUserId], [DeleteTime], [DeleteUserId]) VALUES (N'4B2140D3-E61D-488E-ADF6-FF0EBCBC5D2C', N'2020101619434422287774', 1, N'system', N'系统管理员', N'1', 0, 0, 2, 0, 1, N'', CAST(N'2016-07-10T00:00:00.000' AS DateTime), NULL, CAST(N'2020-10-14T23:42:22.650' AS DateTime), N'2020100517554098226223', NULL, NULL)
GO
INSERT [dbo].[Sys_Role] ([Id], [OrganizeId], [Category], [EnCode], [FullName], [Type], [AllowEdit], [AllowDelete], [SortCode], [DeleteMark], [EnabledMark], [Description], [CreatorTime], [CreatorUserId], [LastModifyTime], [LastModifyUserId], [DeleteTime], [DeleteUserId]) VALUES (N'42C44AC0-27FA-482D-B5E3-8F9B38B80A6A', N'2020101619434422287774', 1, N'configuration', N'系统配置员', N'2', 0, 0, 3, 0, 1, NULL, CAST(N'2016-07-10T00:00:00.000' AS DateTime), NULL, CAST(N'2020-10-14T23:42:22.650' AS DateTime), N'2020100517554098226223', NULL, NULL)
GO
INSERT [dbo].[Sys_Role] ([Id], [OrganizeId], [Category], [EnCode], [FullName], [Type], [AllowEdit], [AllowDelete], [SortCode], [DeleteMark], [EnabledMark], [Description], [CreatorTime], [CreatorUserId], [LastModifyTime], [LastModifyUserId], [DeleteTime], [DeleteUserId]) VALUES (N'7A9CF301-FCDF-4BC9-A52B-A7D4FAE2D344', N'2020101619434422287774', 1, N'developer', N'系统开发人员', N'2', 0, 0, 4, 0, 1, NULL, CAST(N'2016-07-10T00:00:00.000' AS DateTime), NULL, CAST(N'2020-10-14T23:42:22.650' AS DateTime), N'2020100517554098226223', NULL, NULL)
GO
INSERT [dbo].[Sys_Role] ([Id], [OrganizeId], [Category], [EnCode], [FullName], [Type], [AllowEdit], [AllowDelete], [SortCode], [DeleteMark], [EnabledMark], [Description], [CreatorTime], [CreatorUserId], [LastModifyTime], [LastModifyUserId], [DeleteTime], [DeleteUserId]) VALUES (N'531F7D18-C49F-4F4F-A920-0074FCB52078', N'2020091317280067305041', 1, N'guest', N'访客人员', N'1', 0, 0, 7, 0, 1, N'', CAST(N'2016-07-10T00:00:00.000' AS DateTime), NULL, CAST(N'2020-10-16T20:40:14.470' AS DateTime), N'9f2ec079-7d0f-4fe2-90ab-8b09a8302aba', NULL, NULL)
GO
INSERT [dbo].[Sys_Role] ([Id], [OrganizeId], [Category], [EnCode], [FullName], [Type], [AllowEdit], [AllowDelete], [SortCode], [DeleteMark], [EnabledMark], [Description], [CreatorTime], [CreatorUserId], [LastModifyTime], [LastModifyUserId], [DeleteTime], [DeleteUserId]) VALUES (N'AADB479E-9F87-49B1-AE2D-5DA6FECA3F8E', N'2020101619434422287774', 1, N'ArticleEditor', N'文章编辑', N'2', 0, 0, 10, 0, 1, N'文章编辑人员', CAST(N'2016-07-10T00:00:00.000' AS DateTime), NULL, CAST(N'2020-10-19T23:48:43.030' AS DateTime), N'2020100517554098226223', NULL, NULL)
GO
INSERT [dbo].[Sys_Role] ([Id], [OrganizeId], [Category], [EnCode], [FullName], [Type], [AllowEdit], [AllowDelete], [SortCode], [DeleteMark], [EnabledMark], [Description], [CreatorTime], [CreatorUserId], [LastModifyTime], [LastModifyUserId], [DeleteTime], [DeleteUserId]) VALUES (N'2019091721053342871332', N'2020101619434422287774', 1, N'usermember', N'普通会员', N'1', 0, 0, 99, 0, 1, NULL, CAST(N'2019-09-17T21:05:33.430' AS DateTime), N'9f2ec079-7d0f-4fe2-90ab-8b09a8302aba', CAST(N'2020-10-14T23:42:22.650' AS DateTime), N'2020100517554098226223', NULL, NULL)
GO
INSERT [dbo].[Sys_Role] ([Id], [OrganizeId], [Category], [EnCode], [FullName], [Type], [AllowEdit], [AllowDelete], [SortCode], [DeleteMark], [EnabledMark], [Description], [CreatorTime], [CreatorUserId], [LastModifyTime], [LastModifyUserId], [DeleteTime], [DeleteUserId]) VALUES (N'2020101412493109642506', N'2020101619434422287774', 1, N'default', N'默认', N'2', NULL, NULL, 99, 0, 1, N'', CAST(N'2020-10-14T12:49:31.097' AS DateTime), N'9f2ec079-7d0f-4fe2-90ab-8b09a8302aba', CAST(N'2020-10-14T23:42:22.650' AS DateTime), N'2020100517554098226223', NULL, NULL)
GO
INSERT [dbo].[Sys_RoleAuthorize] ([Id], [ItemType], [ItemId], [ObjectType], [ObjectId], [SortCode], [CreatorTime], [CreatorUserId]) VALUES (N'2021012516233107982656', 1, N'1', 1, N'F0A2B36F-35A7-4660-B46C-D4AB796591EB', 99, CAST(N'2021-01-25T16:23:31.080' AS DateTime), N'2020100517554098226223')
GO
INSERT [dbo].[Sys_RoleAuthorize] ([Id], [ItemType], [ItemId], [ObjectType], [ObjectId], [SortCode], [CreatorTime], [CreatorUserId]) VALUES (N'2021012516233112893073', 1, N'201905041649159560', 1, N'F0A2B36F-35A7-4660-B46C-D4AB796591EB', 99, CAST(N'2021-01-25T16:23:31.130' AS DateTime), N'2020100517554098226223')
GO
INSERT [dbo].[Sys_RoleAuthorize] ([Id], [ItemType], [ItemId], [ObjectType], [ObjectId], [SortCode], [CreatorTime], [CreatorUserId]) VALUES (N'2021012516233117909249', 2, N'2021010314265872439474', 1, N'F0A2B36F-35A7-4660-B46C-D4AB796591EB', 99, CAST(N'2021-01-25T16:23:31.180' AS DateTime), N'2020100517554098226223')
GO
INSERT [dbo].[Sys_RoleAuthorize] ([Id], [ItemType], [ItemId], [ObjectType], [ObjectId], [SortCode], [CreatorTime], [CreatorUserId]) VALUES (N'2021012516233122756962', 2, N'2021010314280909099314', 1, N'F0A2B36F-35A7-4660-B46C-D4AB796591EB', 99, CAST(N'2021-01-25T16:23:31.227' AS DateTime), N'2020100517554098226223')
GO
INSERT [dbo].[Sys_RoleAuthorize] ([Id], [ItemType], [ItemId], [ObjectType], [ObjectId], [SortCode], [CreatorTime], [CreatorUserId]) VALUES (N'2021012516233127739106', 1, N'3', 1, N'F0A2B36F-35A7-4660-B46C-D4AB796591EB', 99, CAST(N'2021-01-25T16:23:31.277' AS DateTime), N'2020100517554098226223')
GO
INSERT [dbo].[Sys_RoleAuthorize] ([Id], [ItemType], [ItemId], [ObjectType], [ObjectId], [SortCode], [CreatorTime], [CreatorUserId]) VALUES (N'2021012516233134121574', 2, N'2021010314293148672477', 1, N'F0A2B36F-35A7-4660-B46C-D4AB796591EB', 99, CAST(N'2021-01-25T16:23:31.340' AS DateTime), N'2020100517554098226223')
GO
INSERT [dbo].[Sys_RoleAuthorize] ([Id], [ItemType], [ItemId], [ObjectType], [ObjectId], [SortCode], [CreatorTime], [CreatorUserId]) VALUES (N'2021012516233140038128', 2, N'2021010314302276644526', 1, N'F0A2B36F-35A7-4660-B46C-D4AB796591EB', 99, CAST(N'2021-01-25T16:23:31.400' AS DateTime), N'2020100517554098226223')
GO
INSERT [dbo].[Sys_RoleAuthorize] ([Id], [ItemType], [ItemId], [ObjectType], [ObjectId], [SortCode], [CreatorTime], [CreatorUserId]) VALUES (N'2021012516233146285759', 2, N'2021010314473160136431', 1, N'F0A2B36F-35A7-4660-B46C-D4AB796591EB', 99, CAST(N'2021-01-25T16:23:31.463' AS DateTime), N'2020100517554098226223')
GO
INSERT [dbo].[Sys_RoleAuthorize] ([Id], [ItemType], [ItemId], [ObjectType], [ObjectId], [SortCode], [CreatorTime], [CreatorUserId]) VALUES (N'2021012516233152663512', 2, N'2021010314525585211515', 1, N'F0A2B36F-35A7-4660-B46C-D4AB796591EB', 99, CAST(N'2021-01-25T16:23:31.527' AS DateTime), N'2020100517554098226223')
GO
INSERT [dbo].[Sys_RoleAuthorize] ([Id], [ItemType], [ItemId], [ObjectType], [ObjectId], [SortCode], [CreatorTime], [CreatorUserId]) VALUES (N'2021012516233159022367', 2, N'2021010314535010864350', 1, N'F0A2B36F-35A7-4660-B46C-D4AB796591EB', 99, CAST(N'2021-01-25T16:23:31.590' AS DateTime), N'2020100517554098226223')
GO
INSERT [dbo].[Sys_RoleAuthorize] ([Id], [ItemType], [ItemId], [ObjectType], [ObjectId], [SortCode], [CreatorTime], [CreatorUserId]) VALUES (N'2021012516233163783053', 2, N'2021010320121395837658', 1, N'F0A2B36F-35A7-4660-B46C-D4AB796591EB', 99, CAST(N'2021-01-25T16:23:31.637' AS DateTime), N'2020100517554098226223')
GO
INSERT [dbo].[Sys_RoleAuthorize] ([Id], [ItemType], [ItemId], [ObjectType], [ObjectId], [SortCode], [CreatorTime], [CreatorUserId]) VALUES (N'2021012516233171001217', 1, N'4', 1, N'F0A2B36F-35A7-4660-B46C-D4AB796591EB', 99, CAST(N'2021-01-25T16:23:31.710' AS DateTime), N'2020100517554098226223')
GO
INSERT [dbo].[Sys_RoleAuthorize] ([Id], [ItemType], [ItemId], [ObjectType], [ObjectId], [SortCode], [CreatorTime], [CreatorUserId]) VALUES (N'2021012516233176453051', 2, N'2021010315063387468705', 1, N'F0A2B36F-35A7-4660-B46C-D4AB796591EB', 99, CAST(N'2021-01-25T16:23:31.763' AS DateTime), N'2020100517554098226223')
GO
INSERT [dbo].[Sys_RoleAuthorize] ([Id], [ItemType], [ItemId], [ObjectType], [ObjectId], [SortCode], [CreatorTime], [CreatorUserId]) VALUES (N'2021012516233182125145', 2, N'2021010315063389314029', 1, N'F0A2B36F-35A7-4660-B46C-D4AB796591EB', 99, CAST(N'2021-01-25T16:23:31.820' AS DateTime), N'2020100517554098226223')
GO
INSERT [dbo].[Sys_RoleAuthorize] ([Id], [ItemType], [ItemId], [ObjectType], [ObjectId], [SortCode], [CreatorTime], [CreatorUserId]) VALUES (N'2021012516233194605878', 2, N'2021010315063392168016', 1, N'F0A2B36F-35A7-4660-B46C-D4AB796591EB', 99, CAST(N'2021-01-25T16:23:31.947' AS DateTime), N'2020100517554098226223')
GO
INSERT [dbo].[Sys_RoleAuthorize] ([Id], [ItemType], [ItemId], [ObjectType], [ObjectId], [SortCode], [CreatorTime], [CreatorUserId]) VALUES (N'2021012516233205319987', 2, N'2021010315063394048962', 1, N'F0A2B36F-35A7-4660-B46C-D4AB796591EB', 99, CAST(N'2021-01-25T16:23:32.053' AS DateTime), N'2020100517554098226223')
GO
INSERT [dbo].[Sys_RoleAuthorize] ([Id], [ItemType], [ItemId], [ObjectType], [ObjectId], [SortCode], [CreatorTime], [CreatorUserId]) VALUES (N'2021012516233211767407', 2, N'2021010315063395829111', 1, N'F0A2B36F-35A7-4660-B46C-D4AB796591EB', 99, CAST(N'2021-01-25T16:23:32.117' AS DateTime), N'2020100517554098226223')
GO
INSERT [dbo].[Sys_RoleAuthorize] ([Id], [ItemType], [ItemId], [ObjectType], [ObjectId], [SortCode], [CreatorTime], [CreatorUserId]) VALUES (N'2021012516233218201950', 2, N'2021010315063397424616', 1, N'F0A2B36F-35A7-4660-B46C-D4AB796591EB', 99, CAST(N'2021-01-25T16:23:32.183' AS DateTime), N'2020100517554098226223')
GO
INSERT [dbo].[Sys_RoleAuthorize] ([Id], [ItemType], [ItemId], [ObjectType], [ObjectId], [SortCode], [CreatorTime], [CreatorUserId]) VALUES (N'2021012516233223482690', 2, N'2021010315063384478437', 1, N'F0A2B36F-35A7-4660-B46C-D4AB796591EB', 99, CAST(N'2021-01-25T16:23:32.233' AS DateTime), N'2020100517554098226223')
GO
INSERT [dbo].[Sys_RoleAuthorize] ([Id], [ItemType], [ItemId], [ObjectType], [ObjectId], [SortCode], [CreatorTime], [CreatorUserId]) VALUES (N'2021012516233228358807', 2, N'2021010316040698162073', 1, N'F0A2B36F-35A7-4660-B46C-D4AB796591EB', 99, CAST(N'2021-01-25T16:23:32.283' AS DateTime), N'2020100517554098226223')
GO
INSERT [dbo].[Sys_RoleAuthorize] ([Id], [ItemType], [ItemId], [ObjectType], [ObjectId], [SortCode], [CreatorTime], [CreatorUserId]) VALUES (N'2021012516233233229710', 2, N'2021010316051714119704', 1, N'F0A2B36F-35A7-4660-B46C-D4AB796591EB', 99, CAST(N'2021-01-25T16:23:32.333' AS DateTime), N'2020100517554098226223')
GO
INSERT [dbo].[Sys_RoleAuthorize] ([Id], [ItemType], [ItemId], [ObjectType], [ObjectId], [SortCode], [CreatorTime], [CreatorUserId]) VALUES (N'2021012516233237879142', 2, N'2021012516225780712440', 1, N'F0A2B36F-35A7-4660-B46C-D4AB796591EB', 99, CAST(N'2021-01-25T16:23:32.380' AS DateTime), N'2020100517554098226223')
GO
INSERT [dbo].[Sys_RoleAuthorize] ([Id], [ItemType], [ItemId], [ObjectType], [ObjectId], [SortCode], [CreatorTime], [CreatorUserId]) VALUES (N'2021012516233244193345', 1, N'5', 1, N'F0A2B36F-35A7-4660-B46C-D4AB796591EB', 99, CAST(N'2021-01-25T16:23:32.443' AS DateTime), N'2020100517554098226223')
GO
INSERT [dbo].[Sys_RoleAuthorize] ([Id], [ItemType], [ItemId], [ObjectType], [ObjectId], [SortCode], [CreatorTime], [CreatorUserId]) VALUES (N'2021012516233248502601', 2, N'2021010315075515608293', 1, N'F0A2B36F-35A7-4660-B46C-D4AB796591EB', 99, CAST(N'2021-01-25T16:23:32.487' AS DateTime), N'2020100517554098226223')
GO
INSERT [dbo].[Sys_RoleAuthorize] ([Id], [ItemType], [ItemId], [ObjectType], [ObjectId], [SortCode], [CreatorTime], [CreatorUserId]) VALUES (N'2021012516233253017684', 2, N'2021010315075517418867', 1, N'F0A2B36F-35A7-4660-B46C-D4AB796591EB', 99, CAST(N'2021-01-25T16:23:32.530' AS DateTime), N'2020100517554098226223')
GO
INSERT [dbo].[Sys_RoleAuthorize] ([Id], [ItemType], [ItemId], [ObjectType], [ObjectId], [SortCode], [CreatorTime], [CreatorUserId]) VALUES (N'2021012516233258389820', 2, N'2021010315075519656824', 1, N'F0A2B36F-35A7-4660-B46C-D4AB796591EB', 99, CAST(N'2021-01-25T16:23:32.583' AS DateTime), N'2020100517554098226223')
GO
INSERT [dbo].[Sys_RoleAuthorize] ([Id], [ItemType], [ItemId], [ObjectType], [ObjectId], [SortCode], [CreatorTime], [CreatorUserId]) VALUES (N'2021012516233263917020', 2, N'2021010315075521218314', 1, N'F0A2B36F-35A7-4660-B46C-D4AB796591EB', 99, CAST(N'2021-01-25T16:23:32.640' AS DateTime), N'2020100517554098226223')
GO
INSERT [dbo].[Sys_RoleAuthorize] ([Id], [ItemType], [ItemId], [ObjectType], [ObjectId], [SortCode], [CreatorTime], [CreatorUserId]) VALUES (N'2021012516233269217235', 2, N'2021010315075522857783', 1, N'F0A2B36F-35A7-4660-B46C-D4AB796591EB', 99, CAST(N'2021-01-25T16:23:32.693' AS DateTime), N'2020100517554098226223')
GO
INSERT [dbo].[Sys_RoleAuthorize] ([Id], [ItemType], [ItemId], [ObjectType], [ObjectId], [SortCode], [CreatorTime], [CreatorUserId]) VALUES (N'2021012516233274152939', 2, N'2021010315075524463436', 1, N'F0A2B36F-35A7-4660-B46C-D4AB796591EB', 99, CAST(N'2021-01-25T16:23:32.740' AS DateTime), N'2020100517554098226223')
GO
INSERT [dbo].[Sys_RoleAuthorize] ([Id], [ItemType], [ItemId], [ObjectType], [ObjectId], [SortCode], [CreatorTime], [CreatorUserId]) VALUES (N'2021012516233278624380', 2, N'2021010315075525983094', 1, N'F0A2B36F-35A7-4660-B46C-D4AB796591EB', 99, CAST(N'2021-01-25T16:23:32.787' AS DateTime), N'2020100517554098226223')
GO
INSERT [dbo].[Sys_RoleAuthorize] ([Id], [ItemType], [ItemId], [ObjectType], [ObjectId], [SortCode], [CreatorTime], [CreatorUserId]) VALUES (N'2021012516233283979852', 2, N'2021010315105223757513', 1, N'F0A2B36F-35A7-4660-B46C-D4AB796591EB', 99, CAST(N'2021-01-25T16:23:32.840' AS DateTime), N'2020100517554098226223')
GO
INSERT [dbo].[Sys_RoleAuthorize] ([Id], [ItemType], [ItemId], [ObjectType], [ObjectId], [SortCode], [CreatorTime], [CreatorUserId]) VALUES (N'2021012516233289627907', 2, N'2021010315100806775237', 1, N'F0A2B36F-35A7-4660-B46C-D4AB796591EB', 99, CAST(N'2021-01-25T16:23:32.897' AS DateTime), N'2020100517554098226223')
GO
INSERT [dbo].[Sys_RoleAuthorize] ([Id], [ItemType], [ItemId], [ObjectType], [ObjectId], [SortCode], [CreatorTime], [CreatorUserId]) VALUES (N'2021012516233294319117', 1, N'6', 1, N'F0A2B36F-35A7-4660-B46C-D4AB796591EB', 99, CAST(N'2021-01-25T16:23:32.943' AS DateTime), N'2020100517554098226223')
GO
INSERT [dbo].[Sys_RoleAuthorize] ([Id], [ItemType], [ItemId], [ObjectType], [ObjectId], [SortCode], [CreatorTime], [CreatorUserId]) VALUES (N'2021012516233298926534', 2, N'2021010315132783165373', 1, N'F0A2B36F-35A7-4660-B46C-D4AB796591EB', 99, CAST(N'2021-01-25T16:23:32.990' AS DateTime), N'2020100517554098226223')
GO
INSERT [dbo].[Sys_RoleAuthorize] ([Id], [ItemType], [ItemId], [ObjectType], [ObjectId], [SortCode], [CreatorTime], [CreatorUserId]) VALUES (N'2021012516233304204537', 2, N'2021010315132784647036', 1, N'F0A2B36F-35A7-4660-B46C-D4AB796591EB', 99, CAST(N'2021-01-25T16:23:33.043' AS DateTime), N'2020100517554098226223')
GO
INSERT [dbo].[Sys_RoleAuthorize] ([Id], [ItemType], [ItemId], [ObjectType], [ObjectId], [SortCode], [CreatorTime], [CreatorUserId]) VALUES (N'2021012516233309559005', 2, N'2021010315132786229265', 1, N'F0A2B36F-35A7-4660-B46C-D4AB796591EB', 99, CAST(N'2021-01-25T16:23:33.097' AS DateTime), N'2020100517554098226223')
GO
INSERT [dbo].[Sys_RoleAuthorize] ([Id], [ItemType], [ItemId], [ObjectType], [ObjectId], [SortCode], [CreatorTime], [CreatorUserId]) VALUES (N'2021012516233315486206', 2, N'2021010315132787977688', 1, N'F0A2B36F-35A7-4660-B46C-D4AB796591EB', 99, CAST(N'2021-01-25T16:23:33.153' AS DateTime), N'2020100517554098226223')
GO
INSERT [dbo].[Sys_RoleAuthorize] ([Id], [ItemType], [ItemId], [ObjectType], [ObjectId], [SortCode], [CreatorTime], [CreatorUserId]) VALUES (N'2021012516233320361436', 2, N'2021010315132789912350', 1, N'F0A2B36F-35A7-4660-B46C-D4AB796591EB', 99, CAST(N'2021-01-25T16:23:33.203' AS DateTime), N'2020100517554098226223')
GO
INSERT [dbo].[Sys_RoleAuthorize] ([Id], [ItemType], [ItemId], [ObjectType], [ObjectId], [SortCode], [CreatorTime], [CreatorUserId]) VALUES (N'2021012516233325772387', 2, N'2021010315132791643307', 1, N'F0A2B36F-35A7-4660-B46C-D4AB796591EB', 99, CAST(N'2021-01-25T16:23:33.257' AS DateTime), N'2020100517554098226223')
GO
INSERT [dbo].[Sys_RoleAuthorize] ([Id], [ItemType], [ItemId], [ObjectType], [ObjectId], [SortCode], [CreatorTime], [CreatorUserId]) VALUES (N'2021012516233330348927', 2, N'2021010315132781838294', 1, N'F0A2B36F-35A7-4660-B46C-D4AB796591EB', 99, CAST(N'2021-01-25T16:23:33.303' AS DateTime), N'2020100517554098226223')
GO
INSERT [dbo].[Sys_RoleAuthorize] ([Id], [ItemType], [ItemId], [ObjectType], [ObjectId], [SortCode], [CreatorTime], [CreatorUserId]) VALUES (N'2021012516233334924729', 2, N'2021010316083259762810', 1, N'F0A2B36F-35A7-4660-B46C-D4AB796591EB', 99, CAST(N'2021-01-25T16:23:33.350' AS DateTime), N'2020100517554098226223')
GO
INSERT [dbo].[Sys_RoleAuthorize] ([Id], [ItemType], [ItemId], [ObjectType], [ObjectId], [SortCode], [CreatorTime], [CreatorUserId]) VALUES (N'2021012516233339786586', 2, N'2021010316100011385581', 1, N'F0A2B36F-35A7-4660-B46C-D4AB796591EB', 99, CAST(N'2021-01-25T16:23:33.397' AS DateTime), N'2020100517554098226223')
GO
INSERT [dbo].[Sys_RoleAuthorize] ([Id], [ItemType], [ItemId], [ObjectType], [ObjectId], [SortCode], [CreatorTime], [CreatorUserId]) VALUES (N'2021012516233344892665', 2, N'2021010316100012707325', 1, N'F0A2B36F-35A7-4660-B46C-D4AB796591EB', 99, CAST(N'2021-01-25T16:23:33.450' AS DateTime), N'2020100517554098226223')
GO
INSERT [dbo].[Sys_RoleAuthorize] ([Id], [ItemType], [ItemId], [ObjectType], [ObjectId], [SortCode], [CreatorTime], [CreatorUserId]) VALUES (N'2021012516233351135286', 2, N'2021010316100014008890', 1, N'F0A2B36F-35A7-4660-B46C-D4AB796591EB', 99, CAST(N'2021-01-25T16:23:33.510' AS DateTime), N'2020100517554098226223')
GO
INSERT [dbo].[Sys_RoleAuthorize] ([Id], [ItemType], [ItemId], [ObjectType], [ObjectId], [SortCode], [CreatorTime], [CreatorUserId]) VALUES (N'2021012516233359138346', 2, N'2021010316100015306916', 1, N'F0A2B36F-35A7-4660-B46C-D4AB796591EB', 99, CAST(N'2021-01-25T16:23:33.590' AS DateTime), N'2020100517554098226223')
GO
INSERT [dbo].[Sys_RoleAuthorize] ([Id], [ItemType], [ItemId], [ObjectType], [ObjectId], [SortCode], [CreatorTime], [CreatorUserId]) VALUES (N'2021012516233365432263', 2, N'2021010316100016609991', 1, N'F0A2B36F-35A7-4660-B46C-D4AB796591EB', 99, CAST(N'2021-01-25T16:23:33.653' AS DateTime), N'2020100517554098226223')
GO
INSERT [dbo].[Sys_RoleAuthorize] ([Id], [ItemType], [ItemId], [ObjectType], [ObjectId], [SortCode], [CreatorTime], [CreatorUserId]) VALUES (N'2021012516233375205127', 2, N'2021010316100018015698', 1, N'F0A2B36F-35A7-4660-B46C-D4AB796591EB', 99, CAST(N'2021-01-25T16:23:33.753' AS DateTime), N'2020100517554098226223')
GO
INSERT [dbo].[Sys_RoleAuthorize] ([Id], [ItemType], [ItemId], [ObjectType], [ObjectId], [SortCode], [CreatorTime], [CreatorUserId]) VALUES (N'2021012516233381329289', 2, N'2021010316100009998659', 1, N'F0A2B36F-35A7-4660-B46C-D4AB796591EB', 99, CAST(N'2021-01-25T16:23:33.813' AS DateTime), N'2020100517554098226223')
GO
INSERT [dbo].[Sys_RoleAuthorize] ([Id], [ItemType], [ItemId], [ObjectType], [ObjectId], [SortCode], [CreatorTime], [CreatorUserId]) VALUES (N'2021012516233388388526', 1, N'2020042316122987266087', 1, N'F0A2B36F-35A7-4660-B46C-D4AB796591EB', 99, CAST(N'2021-01-25T16:23:33.883' AS DateTime), N'2020100517554098226223')
GO
INSERT [dbo].[Sys_RoleAuthorize] ([Id], [ItemType], [ItemId], [ObjectType], [ObjectId], [SortCode], [CreatorTime], [CreatorUserId]) VALUES (N'2021012516233396661026', 2, N'2021010316453713145150', 1, N'F0A2B36F-35A7-4660-B46C-D4AB796591EB', 99, CAST(N'2021-01-25T16:23:33.967' AS DateTime), N'2020100517554098226223')
GO
INSERT [dbo].[Sys_RoleAuthorize] ([Id], [ItemType], [ItemId], [ObjectType], [ObjectId], [SortCode], [CreatorTime], [CreatorUserId]) VALUES (N'2021012516233402916605', 2, N'2021010316453714778755', 1, N'F0A2B36F-35A7-4660-B46C-D4AB796591EB', 99, CAST(N'2021-01-25T16:23:34.030' AS DateTime), N'2020100517554098226223')
GO
INSERT [dbo].[Sys_RoleAuthorize] ([Id], [ItemType], [ItemId], [ObjectType], [ObjectId], [SortCode], [CreatorTime], [CreatorUserId]) VALUES (N'2021012516233409294355', 2, N'2021010316453715932821', 1, N'F0A2B36F-35A7-4660-B46C-D4AB796591EB', 99, CAST(N'2021-01-25T16:23:34.093' AS DateTime), N'2020100517554098226223')
GO
INSERT [dbo].[Sys_RoleAuthorize] ([Id], [ItemType], [ItemId], [ObjectType], [ObjectId], [SortCode], [CreatorTime], [CreatorUserId]) VALUES (N'2021012516233417171831', 2, N'2021010316453717238579', 1, N'F0A2B36F-35A7-4660-B46C-D4AB796591EB', 99, CAST(N'2021-01-25T16:23:34.173' AS DateTime), N'2020100517554098226223')
GO
INSERT [dbo].[Sys_RoleAuthorize] ([Id], [ItemType], [ItemId], [ObjectType], [ObjectId], [SortCode], [CreatorTime], [CreatorUserId]) VALUES (N'2021012516233425197054', 2, N'2021010316453718652652', 1, N'F0A2B36F-35A7-4660-B46C-D4AB796591EB', 99, CAST(N'2021-01-25T16:23:34.253' AS DateTime), N'2020100517554098226223')
GO
INSERT [dbo].[Sys_RoleAuthorize] ([Id], [ItemType], [ItemId], [ObjectType], [ObjectId], [SortCode], [CreatorTime], [CreatorUserId]) VALUES (N'2021012516233431078295', 2, N'2021010316453719872053', 1, N'F0A2B36F-35A7-4660-B46C-D4AB796591EB', 99, CAST(N'2021-01-25T16:23:34.310' AS DateTime), N'2020100517554098226223')
GO
INSERT [dbo].[Sys_RoleAuthorize] ([Id], [ItemType], [ItemId], [ObjectType], [ObjectId], [SortCode], [CreatorTime], [CreatorUserId]) VALUES (N'2021012516233438814801', 2, N'2021010316453710775564', 1, N'F0A2B36F-35A7-4660-B46C-D4AB796591EB', 99, CAST(N'2021-01-25T16:23:34.387' AS DateTime), N'2020100517554098226223')
GO
INSERT [dbo].[Sys_RoleAuthorize] ([Id], [ItemType], [ItemId], [ObjectType], [ObjectId], [SortCode], [CreatorTime], [CreatorUserId]) VALUES (N'2021012516233445411962', 1, N'2020110314123396328561', 1, N'F0A2B36F-35A7-4660-B46C-D4AB796591EB', 99, CAST(N'2021-01-25T16:23:34.453' AS DateTime), N'2020100517554098226223')
GO
INSERT [dbo].[Sys_RoleAuthorize] ([Id], [ItemType], [ItemId], [ObjectType], [ObjectId], [SortCode], [CreatorTime], [CreatorUserId]) VALUES (N'2021012516233451539891', 2, N'2021010315175286366578', 1, N'F0A2B36F-35A7-4660-B46C-D4AB796591EB', 99, CAST(N'2021-01-25T16:23:34.517' AS DateTime), N'2020100517554098226223')
GO
INSERT [dbo].[Sys_RoleAuthorize] ([Id], [ItemType], [ItemId], [ObjectType], [ObjectId], [SortCode], [CreatorTime], [CreatorUserId]) VALUES (N'2021012516233458196013', 2, N'2021010315175287647040', 1, N'F0A2B36F-35A7-4660-B46C-D4AB796591EB', 99, CAST(N'2021-01-25T16:23:34.583' AS DateTime), N'2020100517554098226223')
GO
INSERT [dbo].[Sys_RoleAuthorize] ([Id], [ItemType], [ItemId], [ObjectType], [ObjectId], [SortCode], [CreatorTime], [CreatorUserId]) VALUES (N'2021012516233464391348', 2, N'2021010315175288886376', 1, N'F0A2B36F-35A7-4660-B46C-D4AB796591EB', 99, CAST(N'2021-01-25T16:23:34.643' AS DateTime), N'2020100517554098226223')
GO
INSERT [dbo].[Sys_RoleAuthorize] ([Id], [ItemType], [ItemId], [ObjectType], [ObjectId], [SortCode], [CreatorTime], [CreatorUserId]) VALUES (N'2021012516233470599664', 2, N'2021010315175290104050', 1, N'F0A2B36F-35A7-4660-B46C-D4AB796591EB', 99, CAST(N'2021-01-25T16:23:34.707' AS DateTime), N'2020100517554098226223')
GO
INSERT [dbo].[Sys_RoleAuthorize] ([Id], [ItemType], [ItemId], [ObjectType], [ObjectId], [SortCode], [CreatorTime], [CreatorUserId]) VALUES (N'2021012516233478037831', 2, N'2021010315175292201815', 1, N'F0A2B36F-35A7-4660-B46C-D4AB796591EB', 99, CAST(N'2021-01-25T16:23:34.780' AS DateTime), N'2020100517554098226223')
GO
INSERT [dbo].[Sys_RoleAuthorize] ([Id], [ItemType], [ItemId], [ObjectType], [ObjectId], [SortCode], [CreatorTime], [CreatorUserId]) VALUES (N'2021012516233484516190', 2, N'2021010315175293736914', 1, N'F0A2B36F-35A7-4660-B46C-D4AB796591EB', 99, CAST(N'2021-01-25T16:23:34.847' AS DateTime), N'2020100517554098226223')
GO
INSERT [dbo].[Sys_RoleAuthorize] ([Id], [ItemType], [ItemId], [ObjectType], [ObjectId], [SortCode], [CreatorTime], [CreatorUserId]) VALUES (N'2021012516233489104458', 2, N'2021010315175285146141', 1, N'F0A2B36F-35A7-4660-B46C-D4AB796591EB', 99, CAST(N'2021-01-25T16:23:34.890' AS DateTime), N'2020100517554098226223')
GO
INSERT [dbo].[Sys_RoleAuthorize] ([Id], [ItemType], [ItemId], [ObjectType], [ObjectId], [SortCode], [CreatorTime], [CreatorUserId]) VALUES (N'2021012516233493593191', 1, N'8', 1, N'F0A2B36F-35A7-4660-B46C-D4AB796591EB', 99, CAST(N'2021-01-25T16:23:34.937' AS DateTime), N'2020100517554098226223')
GO
INSERT [dbo].[Sys_RoleAuthorize] ([Id], [ItemType], [ItemId], [ObjectType], [ObjectId], [SortCode], [CreatorTime], [CreatorUserId]) VALUES (N'2021012516233498489758', 2, N'2021010315183150312981', 1, N'F0A2B36F-35A7-4660-B46C-D4AB796591EB', 99, CAST(N'2021-01-25T16:23:34.983' AS DateTime), N'2020100517554098226223')
GO
INSERT [dbo].[Sys_RoleAuthorize] ([Id], [ItemType], [ItemId], [ObjectType], [ObjectId], [SortCode], [CreatorTime], [CreatorUserId]) VALUES (N'2021012516233503196800', 2, N'2021010315183151659795', 1, N'F0A2B36F-35A7-4660-B46C-D4AB796591EB', 99, CAST(N'2021-01-25T16:23:35.033' AS DateTime), N'2020100517554098226223')
GO
INSERT [dbo].[Sys_RoleAuthorize] ([Id], [ItemType], [ItemId], [ObjectType], [ObjectId], [SortCode], [CreatorTime], [CreatorUserId]) VALUES (N'2021012516233507915600', 2, N'2021010315183153249546', 1, N'F0A2B36F-35A7-4660-B46C-D4AB796591EB', 99, CAST(N'2021-01-25T16:23:35.080' AS DateTime), N'2020100517554098226223')
GO
INSERT [dbo].[Sys_RoleAuthorize] ([Id], [ItemType], [ItemId], [ObjectType], [ObjectId], [SortCode], [CreatorTime], [CreatorUserId]) VALUES (N'2021012516233513593954', 2, N'2021010315183154826786', 1, N'F0A2B36F-35A7-4660-B46C-D4AB796591EB', 99, CAST(N'2021-01-25T16:23:35.137' AS DateTime), N'2020100517554098226223')
GO
INSERT [dbo].[Sys_RoleAuthorize] ([Id], [ItemType], [ItemId], [ObjectType], [ObjectId], [SortCode], [CreatorTime], [CreatorUserId]) VALUES (N'2021012516233519498543', 2, N'2021010315183156352951', 1, N'F0A2B36F-35A7-4660-B46C-D4AB796591EB', 99, CAST(N'2021-01-25T16:23:35.193' AS DateTime), N'2020100517554098226223')
GO
INSERT [dbo].[Sys_RoleAuthorize] ([Id], [ItemType], [ItemId], [ObjectType], [ObjectId], [SortCode], [CreatorTime], [CreatorUserId]) VALUES (N'2021012516233524992064', 2, N'2021010315183157889290', 1, N'F0A2B36F-35A7-4660-B46C-D4AB796591EB', 99, CAST(N'2021-01-25T16:23:35.250' AS DateTime), N'2020100517554098226223')
GO
INSERT [dbo].[Sys_RoleAuthorize] ([Id], [ItemType], [ItemId], [ObjectType], [ObjectId], [SortCode], [CreatorTime], [CreatorUserId]) VALUES (N'2021012516233530053261', 2, N'2021010315183159324286', 1, N'F0A2B36F-35A7-4660-B46C-D4AB796591EB', 99, CAST(N'2021-01-25T16:23:35.300' AS DateTime), N'2020100517554098226223')
GO
INSERT [dbo].[Sys_RoleAuthorize] ([Id], [ItemType], [ItemId], [ObjectType], [ObjectId], [SortCode], [CreatorTime], [CreatorUserId]) VALUES (N'2021012516233536089771', 1, N'2020110314142274602075', 1, N'F0A2B36F-35A7-4660-B46C-D4AB796591EB', 99, CAST(N'2021-01-25T16:23:35.360' AS DateTime), N'2020100517554098226223')
GO
INSERT [dbo].[Sys_RoleAuthorize] ([Id], [ItemType], [ItemId], [ObjectType], [ObjectId], [SortCode], [CreatorTime], [CreatorUserId]) VALUES (N'2021012516233541895085', 1, N'2020110314161523904459', 1, N'F0A2B36F-35A7-4660-B46C-D4AB796591EB', 99, CAST(N'2021-01-25T16:23:35.420' AS DateTime), N'2020100517554098226223')
GO
INSERT [dbo].[Sys_RoleAuthorize] ([Id], [ItemType], [ItemId], [ObjectType], [ObjectId], [SortCode], [CreatorTime], [CreatorUserId]) VALUES (N'2021012516233546695188', 2, N'2021010315194792606013', 1, N'F0A2B36F-35A7-4660-B46C-D4AB796591EB', 99, CAST(N'2021-01-25T16:23:35.467' AS DateTime), N'2020100517554098226223')
GO
INSERT [dbo].[Sys_RoleAuthorize] ([Id], [ItemType], [ItemId], [ObjectType], [ObjectId], [SortCode], [CreatorTime], [CreatorUserId]) VALUES (N'2021012516233551106190', 2, N'2021010315204129496922', 1, N'F0A2B36F-35A7-4660-B46C-D4AB796591EB', 99, CAST(N'2021-01-25T16:23:35.510' AS DateTime), N'2020100517554098226223')
GO
INSERT [dbo].[Sys_RoleAuthorize] ([Id], [ItemType], [ItemId], [ObjectType], [ObjectId], [SortCode], [CreatorTime], [CreatorUserId]) VALUES (N'2021012516233555855129', 2, N'2021010315194793896582', 1, N'F0A2B36F-35A7-4660-B46C-D4AB796591EB', 99, CAST(N'2021-01-25T16:23:35.560' AS DateTime), N'2020100517554098226223')
GO
INSERT [dbo].[Sys_RoleAuthorize] ([Id], [ItemType], [ItemId], [ObjectType], [ObjectId], [SortCode], [CreatorTime], [CreatorUserId]) VALUES (N'2021012516233561426367', 2, N'2021010315194795273488', 1, N'F0A2B36F-35A7-4660-B46C-D4AB796591EB', 99, CAST(N'2021-01-25T16:23:35.613' AS DateTime), N'2020100517554098226223')
GO
INSERT [dbo].[Sys_RoleAuthorize] ([Id], [ItemType], [ItemId], [ObjectType], [ObjectId], [SortCode], [CreatorTime], [CreatorUserId]) VALUES (N'2021012516233569041111', 2, N'2021010315194797086431', 1, N'F0A2B36F-35A7-4660-B46C-D4AB796591EB', 99, CAST(N'2021-01-25T16:23:35.690' AS DateTime), N'2020100517554098226223')
GO
INSERT [dbo].[Sys_RoleAuthorize] ([Id], [ItemType], [ItemId], [ObjectType], [ObjectId], [SortCode], [CreatorTime], [CreatorUserId]) VALUES (N'2021012516233590953064', 2, N'2021010315194798698862', 1, N'F0A2B36F-35A7-4660-B46C-D4AB796591EB', 99, CAST(N'2021-01-25T16:23:35.910' AS DateTime), N'2020100517554098226223')
GO
INSERT [dbo].[Sys_RoleAuthorize] ([Id], [ItemType], [ItemId], [ObjectType], [ObjectId], [SortCode], [CreatorTime], [CreatorUserId]) VALUES (N'2021012516233599542671', 2, N'2021010315194799827547', 1, N'F0A2B36F-35A7-4660-B46C-D4AB796591EB', 99, CAST(N'2021-01-25T16:23:35.997' AS DateTime), N'2020100517554098226223')
GO
INSERT [dbo].[Sys_RoleAuthorize] ([Id], [ItemType], [ItemId], [ObjectType], [ObjectId], [SortCode], [CreatorTime], [CreatorUserId]) VALUES (N'2021012516233607558185', 2, N'2021010315194800999273', 1, N'F0A2B36F-35A7-4660-B46C-D4AB796591EB', 99, CAST(N'2021-01-25T16:23:36.077' AS DateTime), N'2020100517554098226223')
GO
INSERT [dbo].[Sys_RoleAuthorize] ([Id], [ItemType], [ItemId], [ObjectType], [ObjectId], [SortCode], [CreatorTime], [CreatorUserId]) VALUES (N'2021012516233616685238', 1, N'2020110314165224964779', 1, N'F0A2B36F-35A7-4660-B46C-D4AB796591EB', 99, CAST(N'2021-01-25T16:23:36.167' AS DateTime), N'2020100517554098226223')
GO
INSERT [dbo].[Sys_RoleAuthorize] ([Id], [ItemType], [ItemId], [ObjectType], [ObjectId], [SortCode], [CreatorTime], [CreatorUserId]) VALUES (N'2021012516233622361413', 2, N'2021010315212004586381', 1, N'F0A2B36F-35A7-4660-B46C-D4AB796591EB', 99, CAST(N'2021-01-25T16:23:36.223' AS DateTime), N'2020100517554098226223')
GO
INSERT [dbo].[Sys_RoleAuthorize] ([Id], [ItemType], [ItemId], [ObjectType], [ObjectId], [SortCode], [CreatorTime], [CreatorUserId]) VALUES (N'2021012516233628696745', 2, N'2021010321015604704406', 1, N'F0A2B36F-35A7-4660-B46C-D4AB796591EB', 99, CAST(N'2021-01-25T16:23:36.287' AS DateTime), N'2020100517554098226223')
GO
INSERT [dbo].[Sys_RoleAuthorize] ([Id], [ItemType], [ItemId], [ObjectType], [ObjectId], [SortCode], [CreatorTime], [CreatorUserId]) VALUES (N'2021012516233636376772', 1, N'2020110314182794069057', 1, N'F0A2B36F-35A7-4660-B46C-D4AB796591EB', 99, CAST(N'2021-01-25T16:23:36.363' AS DateTime), N'2020100517554098226223')
GO
INSERT [dbo].[Sys_RoleAuthorize] ([Id], [ItemType], [ItemId], [ObjectType], [ObjectId], [SortCode], [CreatorTime], [CreatorUserId]) VALUES (N'2021012516233643556868', 1, N'2020110314190914102881', 1, N'F0A2B36F-35A7-4660-B46C-D4AB796591EB', 99, CAST(N'2021-01-25T16:23:36.437' AS DateTime), N'2020100517554098226223')
GO
INSERT [dbo].[Sys_RoleAuthorize] ([Id], [ItemType], [ItemId], [ObjectType], [ObjectId], [SortCode], [CreatorTime], [CreatorUserId]) VALUES (N'2021012516233650523185', 2, N'2021010315215315394611', 1, N'F0A2B36F-35A7-4660-B46C-D4AB796591EB', 99, CAST(N'2021-01-25T16:23:36.507' AS DateTime), N'2020100517554098226223')
GO
INSERT [dbo].[Sys_RoleAuthorize] ([Id], [ItemType], [ItemId], [ObjectType], [ObjectId], [SortCode], [CreatorTime], [CreatorUserId]) VALUES (N'2021012516233658252899', 2, N'2021010315215327767703', 1, N'F0A2B36F-35A7-4660-B46C-D4AB796591EB', 99, CAST(N'2021-01-25T16:23:36.583' AS DateTime), N'2020100517554098226223')
GO
INSERT [dbo].[Sys_RoleAuthorize] ([Id], [ItemType], [ItemId], [ObjectType], [ObjectId], [SortCode], [CreatorTime], [CreatorUserId]) VALUES (N'2021012516233665191138', 2, N'2021010315215328948079', 1, N'F0A2B36F-35A7-4660-B46C-D4AB796591EB', 99, CAST(N'2021-01-25T16:23:36.653' AS DateTime), N'2020100517554098226223')
GO
INSERT [dbo].[Sys_RoleAuthorize] ([Id], [ItemType], [ItemId], [ObjectType], [ObjectId], [SortCode], [CreatorTime], [CreatorUserId]) VALUES (N'2021012516233670319631', 2, N'2021010315215330182636', 1, N'F0A2B36F-35A7-4660-B46C-D4AB796591EB', 99, CAST(N'2021-01-25T16:23:36.703' AS DateTime), N'2020100517554098226223')
GO
INSERT [dbo].[Sys_RoleAuthorize] ([Id], [ItemType], [ItemId], [ObjectType], [ObjectId], [SortCode], [CreatorTime], [CreatorUserId]) VALUES (N'2021012516233675328465', 2, N'2021010315215331498258', 1, N'F0A2B36F-35A7-4660-B46C-D4AB796591EB', 99, CAST(N'2021-01-25T16:23:36.753' AS DateTime), N'2020100517554098226223')
GO
INSERT [dbo].[Sys_RoleAuthorize] ([Id], [ItemType], [ItemId], [ObjectType], [ObjectId], [SortCode], [CreatorTime], [CreatorUserId]) VALUES (N'2021012516233680513094', 2, N'2021010315215332842957', 1, N'F0A2B36F-35A7-4660-B46C-D4AB796591EB', 99, CAST(N'2021-01-25T16:23:36.807' AS DateTime), N'2020100517554098226223')
GO
INSERT [dbo].[Sys_RoleAuthorize] ([Id], [ItemType], [ItemId], [ObjectType], [ObjectId], [SortCode], [CreatorTime], [CreatorUserId]) VALUES (N'2021012516233684693661', 2, N'2021010315215334061002', 1, N'F0A2B36F-35A7-4660-B46C-D4AB796591EB', 99, CAST(N'2021-01-25T16:23:36.847' AS DateTime), N'2020100517554098226223')
GO
INSERT [dbo].[Sys_RoleAuthorize] ([Id], [ItemType], [ItemId], [ObjectType], [ObjectId], [SortCode], [CreatorTime], [CreatorUserId]) VALUES (N'2021012516233689126440', 1, N'2020110314195207514356', 1, N'F0A2B36F-35A7-4660-B46C-D4AB796591EB', 99, CAST(N'2021-01-25T16:23:36.890' AS DateTime), N'2020100517554098226223')
GO
INSERT [dbo].[Sys_RoleAuthorize] ([Id], [ItemType], [ItemId], [ObjectType], [ObjectId], [SortCode], [CreatorTime], [CreatorUserId]) VALUES (N'2021012516233693529432', 2, N'2021010315222503738750', 1, N'F0A2B36F-35A7-4660-B46C-D4AB796591EB', 99, CAST(N'2021-01-25T16:23:36.937' AS DateTime), N'2020100517554098226223')
GO
INSERT [dbo].[Sys_RoleAuthorize] ([Id], [ItemType], [ItemId], [ObjectType], [ObjectId], [SortCode], [CreatorTime], [CreatorUserId]) VALUES (N'2021012516233699427339', 2, N'2021010315222505099926', 1, N'F0A2B36F-35A7-4660-B46C-D4AB796591EB', 99, CAST(N'2021-01-25T16:23:36.993' AS DateTime), N'2020100517554098226223')
GO
INSERT [dbo].[Sys_RoleAuthorize] ([Id], [ItemType], [ItemId], [ObjectType], [ObjectId], [SortCode], [CreatorTime], [CreatorUserId]) VALUES (N'2021012516233704151818', 2, N'2021010315222506982025', 1, N'F0A2B36F-35A7-4660-B46C-D4AB796591EB', 99, CAST(N'2021-01-25T16:23:37.040' AS DateTime), N'2020100517554098226223')
GO
INSERT [dbo].[Sys_RoleAuthorize] ([Id], [ItemType], [ItemId], [ObjectType], [ObjectId], [SortCode], [CreatorTime], [CreatorUserId]) VALUES (N'2021012516233709973365', 2, N'2021010315222508743670', 1, N'F0A2B36F-35A7-4660-B46C-D4AB796591EB', 99, CAST(N'2021-01-25T16:23:37.100' AS DateTime), N'2020100517554098226223')
GO
INSERT [dbo].[Sys_RoleAuthorize] ([Id], [ItemType], [ItemId], [ObjectType], [ObjectId], [SortCode], [CreatorTime], [CreatorUserId]) VALUES (N'2021012516233719899938', 2, N'2021010315222510354377', 1, N'F0A2B36F-35A7-4660-B46C-D4AB796591EB', 99, CAST(N'2021-01-25T16:23:37.200' AS DateTime), N'2020100517554098226223')
GO
INSERT [dbo].[Sys_RoleAuthorize] ([Id], [ItemType], [ItemId], [ObjectType], [ObjectId], [SortCode], [CreatorTime], [CreatorUserId]) VALUES (N'2021012516233752227764', 2, N'2021010315222511918449', 1, N'F0A2B36F-35A7-4660-B46C-D4AB796591EB', 99, CAST(N'2021-01-25T16:23:37.523' AS DateTime), N'2020100517554098226223')
GO
INSERT [dbo].[Sys_RoleAuthorize] ([Id], [ItemType], [ItemId], [ObjectType], [ObjectId], [SortCode], [CreatorTime], [CreatorUserId]) VALUES (N'2021012516233758785667', 2, N'2021010315222513987026', 1, N'F0A2B36F-35A7-4660-B46C-D4AB796591EB', 99, CAST(N'2021-01-25T16:23:37.587' AS DateTime), N'2020100517554098226223')
GO
INSERT [dbo].[Sys_RoleAuthorize] ([Id], [ItemType], [ItemId], [ObjectType], [ObjectId], [SortCode], [CreatorTime], [CreatorUserId]) VALUES (N'2021012516233764332847', 1, N'201806120821141288', 1, N'F0A2B36F-35A7-4660-B46C-D4AB796591EB', 99, CAST(N'2021-01-25T16:23:37.643' AS DateTime), N'2020100517554098226223')
GO
INSERT [dbo].[Sys_RoleAuthorize] ([Id], [ItemType], [ItemId], [ObjectType], [ObjectId], [SortCode], [CreatorTime], [CreatorUserId]) VALUES (N'2021012516233768999035', 1, N'7', 1, N'F0A2B36F-35A7-4660-B46C-D4AB796591EB', 99, CAST(N'2021-01-25T16:23:37.690' AS DateTime), N'2020100517554098226223')
GO
INSERT [dbo].[Sys_RoleAuthorize] ([Id], [ItemType], [ItemId], [ObjectType], [ObjectId], [SortCode], [CreatorTime], [CreatorUserId]) VALUES (N'2021012516233773361715', 2, N'2021010315340190128841', 1, N'F0A2B36F-35A7-4660-B46C-D4AB796591EB', 99, CAST(N'2021-01-25T16:23:37.733' AS DateTime), N'2020100517554098226223')
GO
INSERT [dbo].[Sys_RoleAuthorize] ([Id], [ItemType], [ItemId], [ObjectType], [ObjectId], [SortCode], [CreatorTime], [CreatorUserId]) VALUES (N'2021012516233777986498', 1, N'2020110314220971767837', 1, N'F0A2B36F-35A7-4660-B46C-D4AB796591EB', 99, CAST(N'2021-01-25T16:23:37.780' AS DateTime), N'2020100517554098226223')
GO
INSERT [dbo].[Sys_RoleAuthorize] ([Id], [ItemType], [ItemId], [ObjectType], [ObjectId], [SortCode], [CreatorTime], [CreatorUserId]) VALUES (N'2021012516233782451732', 2, N'2021010321100441931251', 1, N'F0A2B36F-35A7-4660-B46C-D4AB796591EB', 99, CAST(N'2021-01-25T16:23:37.823' AS DateTime), N'2020100517554098226223')
GO
INSERT [dbo].[Sys_RoleAuthorize] ([Id], [ItemType], [ItemId], [ObjectType], [ObjectId], [SortCode], [CreatorTime], [CreatorUserId]) VALUES (N'2021012516233787622848', 1, N'2020110314224299715445', 1, N'F0A2B36F-35A7-4660-B46C-D4AB796591EB', 99, CAST(N'2021-01-25T16:23:37.877' AS DateTime), N'2020100517554098226223')
GO
INSERT [dbo].[Sys_RoleAuthorize] ([Id], [ItemType], [ItemId], [ObjectType], [ObjectId], [SortCode], [CreatorTime], [CreatorUserId]) VALUES (N'2021012516233791764763', 2, N'2021010321102869902680', 1, N'F0A2B36F-35A7-4660-B46C-D4AB796591EB', 99, CAST(N'2021-01-25T16:23:37.917' AS DateTime), N'2020100517554098226223')
GO
INSERT [dbo].[Sys_RoleAuthorize] ([Id], [ItemType], [ItemId], [ObjectType], [ObjectId], [SortCode], [CreatorTime], [CreatorUserId]) VALUES (N'2021012516233796646124', 1, N'2020110314231504343408', 1, N'F0A2B36F-35A7-4660-B46C-D4AB796591EB', 99, CAST(N'2021-01-25T16:23:37.967' AS DateTime), N'2020100517554098226223')
GO
INSERT [dbo].[Sys_RoleAuthorize] ([Id], [ItemType], [ItemId], [ObjectType], [ObjectId], [SortCode], [CreatorTime], [CreatorUserId]) VALUES (N'2021012516233802333577', 2, N'2021010321105884295252', 1, N'F0A2B36F-35A7-4660-B46C-D4AB796591EB', 99, CAST(N'2021-01-25T16:23:38.023' AS DateTime), N'2020100517554098226223')
GO
INSERT [dbo].[Sys_RoleAuthorize] ([Id], [ItemType], [ItemId], [ObjectType], [ObjectId], [SortCode], [CreatorTime], [CreatorUserId]) VALUES (N'2021012516233807984681', 1, N'9', 1, N'F0A2B36F-35A7-4660-B46C-D4AB796591EB', 99, CAST(N'2021-01-25T16:23:38.080' AS DateTime), N'2020100517554098226223')
GO
INSERT [dbo].[Sys_RoleAuthorize] ([Id], [ItemType], [ItemId], [ObjectType], [ObjectId], [SortCode], [CreatorTime], [CreatorUserId]) VALUES (N'2021012516233813044206', 1, N'201806141351101389', 1, N'F0A2B36F-35A7-4660-B46C-D4AB796591EB', 99, CAST(N'2021-01-25T16:23:38.130' AS DateTime), N'2020100517554098226223')
GO
INSERT [dbo].[Sys_RoleAuthorize] ([Id], [ItemType], [ItemId], [ObjectType], [ObjectId], [SortCode], [CreatorTime], [CreatorUserId]) VALUES (N'2021012516233823415070', 2, N'2021010315233975086228', 1, N'F0A2B36F-35A7-4660-B46C-D4AB796591EB', 99, CAST(N'2021-01-25T16:23:38.233' AS DateTime), N'2020100517554098226223')
GO
INSERT [dbo].[Sys_RoleAuthorize] ([Id], [ItemType], [ItemId], [ObjectType], [ObjectId], [SortCode], [CreatorTime], [CreatorUserId]) VALUES (N'2021012516233832351982', 2, N'2021010315233976493618', 1, N'F0A2B36F-35A7-4660-B46C-D4AB796591EB', 99, CAST(N'2021-01-25T16:23:38.323' AS DateTime), N'2020100517554098226223')
GO
INSERT [dbo].[Sys_RoleAuthorize] ([Id], [ItemType], [ItemId], [ObjectType], [ObjectId], [SortCode], [CreatorTime], [CreatorUserId]) VALUES (N'2021012516233840078054', 2, N'2021010315233978026300', 1, N'F0A2B36F-35A7-4660-B46C-D4AB796591EB', 99, CAST(N'2021-01-25T16:23:38.400' AS DateTime), N'2020100517554098226223')
GO
INSERT [dbo].[Sys_RoleAuthorize] ([Id], [ItemType], [ItemId], [ObjectType], [ObjectId], [SortCode], [CreatorTime], [CreatorUserId]) VALUES (N'2021012516233849056503', 2, N'2021010315233979627999', 1, N'F0A2B36F-35A7-4660-B46C-D4AB796591EB', 99, CAST(N'2021-01-25T16:23:38.490' AS DateTime), N'2020100517554098226223')
GO
INSERT [dbo].[Sys_RoleAuthorize] ([Id], [ItemType], [ItemId], [ObjectType], [ObjectId], [SortCode], [CreatorTime], [CreatorUserId]) VALUES (N'2021012516233856364670', 2, N'2021010315233981246649', 1, N'F0A2B36F-35A7-4660-B46C-D4AB796591EB', 99, CAST(N'2021-01-25T16:23:38.563' AS DateTime), N'2020100517554098226223')
GO
INSERT [dbo].[Sys_RoleAuthorize] ([Id], [ItemType], [ItemId], [ObjectType], [ObjectId], [SortCode], [CreatorTime], [CreatorUserId]) VALUES (N'2021012516233863945876', 2, N'2021010315233982801956', 1, N'F0A2B36F-35A7-4660-B46C-D4AB796591EB', 99, CAST(N'2021-01-25T16:23:38.640' AS DateTime), N'2020100517554098226223')
GO
INSERT [dbo].[Sys_RoleAuthorize] ([Id], [ItemType], [ItemId], [ObjectType], [ObjectId], [SortCode], [CreatorTime], [CreatorUserId]) VALUES (N'2021012516233870492315', 2, N'2021010315233984299075', 1, N'F0A2B36F-35A7-4660-B46C-D4AB796591EB', 99, CAST(N'2021-01-25T16:23:38.703' AS DateTime), N'2020100517554098226223')
GO
INSERT [dbo].[Sys_RoleAuthorize] ([Id], [ItemType], [ItemId], [ObjectType], [ObjectId], [SortCode], [CreatorTime], [CreatorUserId]) VALUES (N'2021012516233876274592', 1, N'201806291506346894', 1, N'F0A2B36F-35A7-4660-B46C-D4AB796591EB', 99, CAST(N'2021-01-25T16:23:38.763' AS DateTime), N'2020100517554098226223')
GO
INSERT [dbo].[Sys_RoleAuthorize] ([Id], [ItemType], [ItemId], [ObjectType], [ObjectId], [SortCode], [CreatorTime], [CreatorUserId]) VALUES (N'2021012516233882327818', 2, N'2021010315295372466127', 1, N'F0A2B36F-35A7-4660-B46C-D4AB796591EB', 99, CAST(N'2021-01-25T16:23:38.823' AS DateTime), N'2020100517554098226223')
GO
INSERT [dbo].[Sys_RoleAuthorize] ([Id], [ItemType], [ItemId], [ObjectType], [ObjectId], [SortCode], [CreatorTime], [CreatorUserId]) VALUES (N'2021012516233891066831', 2, N'2021010315295385481609', 1, N'F0A2B36F-35A7-4660-B46C-D4AB796591EB', 99, CAST(N'2021-01-25T16:23:38.910' AS DateTime), N'2020100517554098226223')
GO
INSERT [dbo].[Sys_RoleAuthorize] ([Id], [ItemType], [ItemId], [ObjectType], [ObjectId], [SortCode], [CreatorTime], [CreatorUserId]) VALUES (N'2021012516233898911704', 2, N'2021010315295389238874', 1, N'F0A2B36F-35A7-4660-B46C-D4AB796591EB', 99, CAST(N'2021-01-25T16:23:38.990' AS DateTime), N'2020100517554098226223')
GO
INSERT [dbo].[Sys_RoleAuthorize] ([Id], [ItemType], [ItemId], [ObjectType], [ObjectId], [SortCode], [CreatorTime], [CreatorUserId]) VALUES (N'2021012516233906612619', 2, N'2021010315295390992753', 1, N'F0A2B36F-35A7-4660-B46C-D4AB796591EB', 99, CAST(N'2021-01-25T16:23:39.067' AS DateTime), N'2020100517554098226223')
GO
INSERT [dbo].[Sys_RoleAuthorize] ([Id], [ItemType], [ItemId], [ObjectType], [ObjectId], [SortCode], [CreatorTime], [CreatorUserId]) VALUES (N'2021012516233915519710', 2, N'2021010315295392674499', 1, N'F0A2B36F-35A7-4660-B46C-D4AB796591EB', 99, CAST(N'2021-01-25T16:23:39.157' AS DateTime), N'2020100517554098226223')
GO
INSERT [dbo].[Sys_RoleAuthorize] ([Id], [ItemType], [ItemId], [ObjectType], [ObjectId], [SortCode], [CreatorTime], [CreatorUserId]) VALUES (N'2021012516233923875243', 2, N'2021010315295394456942', 1, N'F0A2B36F-35A7-4660-B46C-D4AB796591EB', 99, CAST(N'2021-01-25T16:23:39.240' AS DateTime), N'2020100517554098226223')
GO
INSERT [dbo].[Sys_RoleAuthorize] ([Id], [ItemType], [ItemId], [ObjectType], [ObjectId], [SortCode], [CreatorTime], [CreatorUserId]) VALUES (N'2021012516233930982509', 2, N'2021010315295396508020', 1, N'F0A2B36F-35A7-4660-B46C-D4AB796591EB', 99, CAST(N'2021-01-25T16:23:39.310' AS DateTime), N'2020100517554098226223')
GO
INSERT [dbo].[Sys_RoleAuthorize] ([Id], [ItemType], [ItemId], [ObjectType], [ObjectId], [SortCode], [CreatorTime], [CreatorUserId]) VALUES (N'2021012516233937749816', 2, N'2021010315315773909706', 1, N'F0A2B36F-35A7-4660-B46C-D4AB796591EB', 99, CAST(N'2021-01-25T16:23:39.377' AS DateTime), N'2020100517554098226223')
GO
INSERT [dbo].[Sys_RoleAuthorize] ([Id], [ItemType], [ItemId], [ObjectType], [ObjectId], [SortCode], [CreatorTime], [CreatorUserId]) VALUES (N'2021012516233944907722', 2, N'2021010315323086026943', 1, N'F0A2B36F-35A7-4660-B46C-D4AB796591EB', 99, CAST(N'2021-01-25T16:23:39.450' AS DateTime), N'2020100517554098226223')
GO
INSERT [dbo].[Sys_RoleAuthorize] ([Id], [ItemType], [ItemId], [ObjectType], [ObjectId], [SortCode], [CreatorTime], [CreatorUserId]) VALUES (N'2021012516233951478173', 1, N'201806121608404625', 1, N'F0A2B36F-35A7-4660-B46C-D4AB796591EB', 99, CAST(N'2021-01-25T16:23:39.513' AS DateTime), N'2020100517554098226223')
GO
INSERT [dbo].[Sys_RoleAuthorize] ([Id], [ItemType], [ItemId], [ObjectType], [ObjectId], [SortCode], [CreatorTime], [CreatorUserId]) VALUES (N'2021012516233958168299', 2, N'2021010315304419294420', 1, N'F0A2B36F-35A7-4660-B46C-D4AB796591EB', 99, CAST(N'2021-01-25T16:23:39.580' AS DateTime), N'2020100517554098226223')
GO
INSERT [dbo].[Sys_RoleAuthorize] ([Id], [ItemType], [ItemId], [ObjectType], [ObjectId], [SortCode], [CreatorTime], [CreatorUserId]) VALUES (N'2021012516233967328734', 2, N'2021010315304421057774', 1, N'F0A2B36F-35A7-4660-B46C-D4AB796591EB', 99, CAST(N'2021-01-25T16:23:39.673' AS DateTime), N'2020100517554098226223')
GO
INSERT [dbo].[Sys_RoleAuthorize] ([Id], [ItemType], [ItemId], [ObjectType], [ObjectId], [SortCode], [CreatorTime], [CreatorUserId]) VALUES (N'2021012516233975263996', 2, N'2021010315304422692928', 1, N'F0A2B36F-35A7-4660-B46C-D4AB796591EB', 99, CAST(N'2021-01-25T16:23:39.753' AS DateTime), N'2020100517554098226223')
GO
INSERT [dbo].[Sys_RoleAuthorize] ([Id], [ItemType], [ItemId], [ObjectType], [ObjectId], [SortCode], [CreatorTime], [CreatorUserId]) VALUES (N'2021012516233979484811', 2, N'2021010315304424338490', 1, N'F0A2B36F-35A7-4660-B46C-D4AB796591EB', 99, CAST(N'2021-01-25T16:23:39.793' AS DateTime), N'2020100517554098226223')
GO
INSERT [dbo].[Sys_RoleAuthorize] ([Id], [ItemType], [ItemId], [ObjectType], [ObjectId], [SortCode], [CreatorTime], [CreatorUserId]) VALUES (N'2021012516233984577078', 2, N'2021010315304425833907', 1, N'F0A2B36F-35A7-4660-B46C-D4AB796591EB', 99, CAST(N'2021-01-25T16:23:39.847' AS DateTime), N'2020100517554098226223')
GO
INSERT [dbo].[Sys_RoleAuthorize] ([Id], [ItemType], [ItemId], [ObjectType], [ObjectId], [SortCode], [CreatorTime], [CreatorUserId]) VALUES (N'2021012516233988968478', 2, N'2021010315304436069801', 1, N'F0A2B36F-35A7-4660-B46C-D4AB796591EB', 99, CAST(N'2021-01-25T16:23:39.890' AS DateTime), N'2020100517554098226223')
GO
INSERT [dbo].[Sys_RoleAuthorize] ([Id], [ItemType], [ItemId], [ObjectType], [ObjectId], [SortCode], [CreatorTime], [CreatorUserId]) VALUES (N'2021012516233993222256', 2, N'2021010315304417212621', 1, N'F0A2B36F-35A7-4660-B46C-D4AB796591EB', 99, CAST(N'2021-01-25T16:23:39.933' AS DateTime), N'2020100517554098226223')
GO
INSERT [dbo].[Sys_RoleAuthorize] ([Id], [ItemType], [ItemId], [ObjectType], [ObjectId], [SortCode], [CreatorTime], [CreatorUserId]) VALUES (N'2021012516233997945532', 1, N'2020042216381028741066', 1, N'F0A2B36F-35A7-4660-B46C-D4AB796591EB', 99, CAST(N'2021-01-25T16:23:39.980' AS DateTime), N'2020100517554098226223')
GO
INSERT [dbo].[Sys_RoleAuthorize] ([Id], [ItemType], [ItemId], [ObjectType], [ObjectId], [SortCode], [CreatorTime], [CreatorUserId]) VALUES (N'2021012516234004567316', 1, N'201806040726499682', 1, N'F0A2B36F-35A7-4660-B46C-D4AB796591EB', 99, CAST(N'2021-01-25T16:23:40.047' AS DateTime), N'2020100517554098226223')
GO
INSERT [dbo].[Sys_RoleAuthorize] ([Id], [ItemType], [ItemId], [ObjectType], [ObjectId], [SortCode], [CreatorTime], [CreatorUserId]) VALUES (N'2021012516234009882214', 1, N'2021011211084197203605', 1, N'F0A2B36F-35A7-4660-B46C-D4AB796591EB', 99, CAST(N'2021-01-25T16:23:40.100' AS DateTime), N'2020100517554098226223')
GO
INSERT [dbo].[Sys_RoleAuthorize] ([Id], [ItemType], [ItemId], [ObjectType], [ObjectId], [SortCode], [CreatorTime], [CreatorUserId]) VALUES (N'2021012516234014534811', 1, N'2021011211093383813777', 1, N'F0A2B36F-35A7-4660-B46C-D4AB796591EB', 99, CAST(N'2021-01-25T16:23:40.147' AS DateTime), N'2020100517554098226223')
GO
INSERT [dbo].[Sys_RoleAuthorize] ([Id], [ItemType], [ItemId], [ObjectType], [ObjectId], [SortCode], [CreatorTime], [CreatorUserId]) VALUES (N'2021012516234019789945', 2, N'2021011211100583237730', 1, N'F0A2B36F-35A7-4660-B46C-D4AB796591EB', 99, CAST(N'2021-01-25T16:23:40.197' AS DateTime), N'2020100517554098226223')
GO
INSERT [dbo].[Sys_RoleAuthorize] ([Id], [ItemType], [ItemId], [ObjectType], [ObjectId], [SortCode], [CreatorTime], [CreatorUserId]) VALUES (N'2021012516234024619887', 2, N'2021011211100590361637', 1, N'F0A2B36F-35A7-4660-B46C-D4AB796591EB', 99, CAST(N'2021-01-25T16:23:40.247' AS DateTime), N'2020100517554098226223')
GO
INSERT [dbo].[Sys_RoleAuthorize] ([Id], [ItemType], [ItemId], [ObjectType], [ObjectId], [SortCode], [CreatorTime], [CreatorUserId]) VALUES (N'2021012516234029349765', 2, N'2021011211100595928007', 1, N'F0A2B36F-35A7-4660-B46C-D4AB796591EB', 99, CAST(N'2021-01-25T16:23:40.293' AS DateTime), N'2020100517554098226223')
GO
INSERT [dbo].[Sys_RoleAuthorize] ([Id], [ItemType], [ItemId], [ObjectType], [ObjectId], [SortCode], [CreatorTime], [CreatorUserId]) VALUES (N'2021012516234034806225', 2, N'2021011211100601001133', 1, N'F0A2B36F-35A7-4660-B46C-D4AB796591EB', 99, CAST(N'2021-01-25T16:23:40.347' AS DateTime), N'2020100517554098226223')
GO
INSERT [dbo].[Sys_RoleAuthorize] ([Id], [ItemType], [ItemId], [ObjectType], [ObjectId], [SortCode], [CreatorTime], [CreatorUserId]) VALUES (N'2021012516234039233463', 2, N'2021011211100606072467', 1, N'F0A2B36F-35A7-4660-B46C-D4AB796591EB', 99, CAST(N'2021-01-25T16:23:40.393' AS DateTime), N'2020100517554098226223')
GO
INSERT [dbo].[Sys_RoleAuthorize] ([Id], [ItemType], [ItemId], [ObjectType], [ObjectId], [SortCode], [CreatorTime], [CreatorUserId]) VALUES (N'2021012516234043426503', 2, N'2021011211100611473440', 1, N'F0A2B36F-35A7-4660-B46C-D4AB796591EB', 99, CAST(N'2021-01-25T16:23:40.433' AS DateTime), N'2020100517554098226223')
GO
INSERT [dbo].[Sys_RoleAuthorize] ([Id], [ItemType], [ItemId], [ObjectType], [ObjectId], [SortCode], [CreatorTime], [CreatorUserId]) VALUES (N'2021012516234050044035', 2, N'2021011211100576523295', 1, N'F0A2B36F-35A7-4660-B46C-D4AB796591EB', 99, CAST(N'2021-01-25T16:23:40.500' AS DateTime), N'2020100517554098226223')
GO
INSERT [dbo].[Sys_RoleAuthorize] ([Id], [ItemType], [ItemId], [ObjectType], [ObjectId], [SortCode], [CreatorTime], [CreatorUserId]) VALUES (N'2021012516234054915032', 1, N'2021011211111845261274', 1, N'F0A2B36F-35A7-4660-B46C-D4AB796591EB', 99, CAST(N'2021-01-25T16:23:40.550' AS DateTime), N'2020100517554098226223')
GO
INSERT [dbo].[Sys_RoleAuthorize] ([Id], [ItemType], [ItemId], [ObjectType], [ObjectId], [SortCode], [CreatorTime], [CreatorUserId]) VALUES (N'2021012516234059504927', 2, N'2021011211113265594642', 1, N'F0A2B36F-35A7-4660-B46C-D4AB796591EB', 99, CAST(N'2021-01-25T16:23:40.597' AS DateTime), N'2020100517554098226223')
GO
INSERT [dbo].[Sys_RoleAuthorize] ([Id], [ItemType], [ItemId], [ObjectType], [ObjectId], [SortCode], [CreatorTime], [CreatorUserId]) VALUES (N'2021012516234063626571', 2, N'2021011211113271113293', 1, N'F0A2B36F-35A7-4660-B46C-D4AB796591EB', 99, CAST(N'2021-01-25T16:23:40.637' AS DateTime), N'2020100517554098226223')
GO
INSERT [dbo].[Sys_RoleAuthorize] ([Id], [ItemType], [ItemId], [ObjectType], [ObjectId], [SortCode], [CreatorTime], [CreatorUserId]) VALUES (N'2021012516234070788135', 2, N'2021011211113277633034', 1, N'F0A2B36F-35A7-4660-B46C-D4AB796591EB', 99, CAST(N'2021-01-25T16:23:40.707' AS DateTime), N'2020100517554098226223')
GO
INSERT [dbo].[Sys_RoleAuthorize] ([Id], [ItemType], [ItemId], [ObjectType], [ObjectId], [SortCode], [CreatorTime], [CreatorUserId]) VALUES (N'2021012516234074828618', 2, N'2021011211113282976349', 1, N'F0A2B36F-35A7-4660-B46C-D4AB796591EB', 99, CAST(N'2021-01-25T16:23:40.747' AS DateTime), N'2020100517554098226223')
GO
INSERT [dbo].[Sys_RoleAuthorize] ([Id], [ItemType], [ItemId], [ObjectType], [ObjectId], [SortCode], [CreatorTime], [CreatorUserId]) VALUES (N'2021012516234079478267', 2, N'2021011211113287838584', 1, N'F0A2B36F-35A7-4660-B46C-D4AB796591EB', 99, CAST(N'2021-01-25T16:23:40.793' AS DateTime), N'2020100517554098226223')
GO
INSERT [dbo].[Sys_RoleAuthorize] ([Id], [ItemType], [ItemId], [ObjectType], [ObjectId], [SortCode], [CreatorTime], [CreatorUserId]) VALUES (N'2021012516234083637246', 2, N'2021011211113293224086', 1, N'F0A2B36F-35A7-4660-B46C-D4AB796591EB', 99, CAST(N'2021-01-25T16:23:40.837' AS DateTime), N'2020100517554098226223')
GO
INSERT [dbo].[Sys_RoleAuthorize] ([Id], [ItemType], [ItemId], [ObjectType], [ObjectId], [SortCode], [CreatorTime], [CreatorUserId]) VALUES (N'2021012516234088933395', 2, N'2021011211113260438763', 1, N'F0A2B36F-35A7-4660-B46C-D4AB796591EB', 99, CAST(N'2021-01-25T16:23:40.890' AS DateTime), N'2020100517554098226223')
GO
INSERT [dbo].[Sys_RoleAuthorize] ([Id], [ItemType], [ItemId], [ObjectType], [ObjectId], [SortCode], [CreatorTime], [CreatorUserId]) VALUES (N'2021012516234093141052', 1, N'2021012516220587816965', 1, N'F0A2B36F-35A7-4660-B46C-D4AB796591EB', 99, CAST(N'2021-01-25T16:23:40.930' AS DateTime), N'2020100517554098226223')
GO
INSERT [dbo].[Sys_RoleAuthorize] ([Id], [ItemType], [ItemId], [ObjectType], [ObjectId], [SortCode], [CreatorTime], [CreatorUserId]) VALUES (N'2021012516234093183913', 0, N'201806141508359155', 1, N'F0A2B36F-35A7-4660-B46C-D4AB796591EB', 99, CAST(N'2021-01-25T16:23:40.933' AS DateTime), N'2020100517554098226223')
GO
INSERT [dbo].[Sys_RoleAuthorize] ([Id], [ItemType], [ItemId], [ObjectType], [ObjectId], [SortCode], [CreatorTime], [CreatorUserId]) VALUES (N'2021012516234093185711', 0, N'201806141511351940', 1, N'F0A2B36F-35A7-4660-B46C-D4AB796591EB', 99, CAST(N'2021-01-25T16:23:40.933' AS DateTime), N'2020100517554098226223')
GO
INSERT [dbo].[Sys_RoleAuthorize] ([Id], [ItemType], [ItemId], [ObjectType], [ObjectId], [SortCode], [CreatorTime], [CreatorUserId]) VALUES (N'2021011211145606225153', 0, N'201806141508359155', 1, N'4B2140D3-E61D-488E-ADF6-FF0EBCBC5D2C', 99, CAST(N'2021-01-12T11:14:56.063' AS DateTime), N'9f2ec079-7d0f-4fe2-90ab-8b09a8302aba')
GO
INSERT [dbo].[Sys_RoleAuthorize] ([Id], [ItemType], [ItemId], [ObjectType], [ObjectId], [SortCode], [CreatorTime], [CreatorUserId]) VALUES (N'2021011211145606239557', 1, N'2021011211084197203605', 1, N'4B2140D3-E61D-488E-ADF6-FF0EBCBC5D2C', 99, CAST(N'2021-01-12T11:14:56.063' AS DateTime), N'9f2ec079-7d0f-4fe2-90ab-8b09a8302aba')
GO
INSERT [dbo].[Sys_RoleAuthorize] ([Id], [ItemType], [ItemId], [ObjectType], [ObjectId], [SortCode], [CreatorTime], [CreatorUserId]) VALUES (N'2021011211145606231461', 1, N'2021011211093383813777', 1, N'4B2140D3-E61D-488E-ADF6-FF0EBCBC5D2C', 99, CAST(N'2021-01-12T11:14:56.063' AS DateTime), N'9f2ec079-7d0f-4fe2-90ab-8b09a8302aba')
GO
INSERT [dbo].[Sys_RoleAuthorize] ([Id], [ItemType], [ItemId], [ObjectType], [ObjectId], [SortCode], [CreatorTime], [CreatorUserId]) VALUES (N'2021011211145606231079', 2, N'2021011211100583237730', 1, N'4B2140D3-E61D-488E-ADF6-FF0EBCBC5D2C', 99, CAST(N'2021-01-12T11:14:56.063' AS DateTime), N'9f2ec079-7d0f-4fe2-90ab-8b09a8302aba')
GO
INSERT [dbo].[Sys_RoleAuthorize] ([Id], [ItemType], [ItemId], [ObjectType], [ObjectId], [SortCode], [CreatorTime], [CreatorUserId]) VALUES (N'2021011211145606234807', 2, N'2021011211100590361637', 1, N'4B2140D3-E61D-488E-ADF6-FF0EBCBC5D2C', 99, CAST(N'2021-01-12T11:14:56.063' AS DateTime), N'9f2ec079-7d0f-4fe2-90ab-8b09a8302aba')
GO
INSERT [dbo].[Sys_RoleAuthorize] ([Id], [ItemType], [ItemId], [ObjectType], [ObjectId], [SortCode], [CreatorTime], [CreatorUserId]) VALUES (N'2021011211145606236697', 2, N'2021011211100595928007', 1, N'4B2140D3-E61D-488E-ADF6-FF0EBCBC5D2C', 99, CAST(N'2021-01-12T11:14:56.063' AS DateTime), N'9f2ec079-7d0f-4fe2-90ab-8b09a8302aba')
GO
INSERT [dbo].[Sys_RoleAuthorize] ([Id], [ItemType], [ItemId], [ObjectType], [ObjectId], [SortCode], [CreatorTime], [CreatorUserId]) VALUES (N'2021011211145606237785', 2, N'2021011211100601001133', 1, N'4B2140D3-E61D-488E-ADF6-FF0EBCBC5D2C', 99, CAST(N'2021-01-12T11:14:56.063' AS DateTime), N'9f2ec079-7d0f-4fe2-90ab-8b09a8302aba')
GO
INSERT [dbo].[Sys_RoleAuthorize] ([Id], [ItemType], [ItemId], [ObjectType], [ObjectId], [SortCode], [CreatorTime], [CreatorUserId]) VALUES (N'2021011211145606239333', 2, N'2021011211100606072467', 1, N'4B2140D3-E61D-488E-ADF6-FF0EBCBC5D2C', 99, CAST(N'2021-01-12T11:14:56.063' AS DateTime), N'9f2ec079-7d0f-4fe2-90ab-8b09a8302aba')
GO
INSERT [dbo].[Sys_RoleAuthorize] ([Id], [ItemType], [ItemId], [ObjectType], [ObjectId], [SortCode], [CreatorTime], [CreatorUserId]) VALUES (N'2021011211145606231330', 2, N'2021011211100611473440', 1, N'4B2140D3-E61D-488E-ADF6-FF0EBCBC5D2C', 99, CAST(N'2021-01-12T11:14:56.063' AS DateTime), N'9f2ec079-7d0f-4fe2-90ab-8b09a8302aba')
GO
INSERT [dbo].[Sys_RoleAuthorize] ([Id], [ItemType], [ItemId], [ObjectType], [ObjectId], [SortCode], [CreatorTime], [CreatorUserId]) VALUES (N'2021011211145606235154', 2, N'2021011211100576523295', 1, N'4B2140D3-E61D-488E-ADF6-FF0EBCBC5D2C', 99, CAST(N'2021-01-12T11:14:56.063' AS DateTime), N'9f2ec079-7d0f-4fe2-90ab-8b09a8302aba')
GO
INSERT [dbo].[Sys_RoleAuthorize] ([Id], [ItemType], [ItemId], [ObjectType], [ObjectId], [SortCode], [CreatorTime], [CreatorUserId]) VALUES (N'2021011211145606232008', 1, N'2021011211111845261274', 1, N'4B2140D3-E61D-488E-ADF6-FF0EBCBC5D2C', 99, CAST(N'2021-01-12T11:14:56.063' AS DateTime), N'9f2ec079-7d0f-4fe2-90ab-8b09a8302aba')
GO
INSERT [dbo].[Sys_RoleAuthorize] ([Id], [ItemType], [ItemId], [ObjectType], [ObjectId], [SortCode], [CreatorTime], [CreatorUserId]) VALUES (N'2021011211145606238646', 2, N'2021011211113265594642', 1, N'4B2140D3-E61D-488E-ADF6-FF0EBCBC5D2C', 99, CAST(N'2021-01-12T11:14:56.063' AS DateTime), N'9f2ec079-7d0f-4fe2-90ab-8b09a8302aba')
GO
INSERT [dbo].[Sys_RoleAuthorize] ([Id], [ItemType], [ItemId], [ObjectType], [ObjectId], [SortCode], [CreatorTime], [CreatorUserId]) VALUES (N'2021011211145606246898', 2, N'2021011211113271113293', 1, N'4B2140D3-E61D-488E-ADF6-FF0EBCBC5D2C', 99, CAST(N'2021-01-12T11:14:56.063' AS DateTime), N'9f2ec079-7d0f-4fe2-90ab-8b09a8302aba')
GO
INSERT [dbo].[Sys_RoleAuthorize] ([Id], [ItemType], [ItemId], [ObjectType], [ObjectId], [SortCode], [CreatorTime], [CreatorUserId]) VALUES (N'2021011211145606245527', 2, N'2021011211113277633034', 1, N'4B2140D3-E61D-488E-ADF6-FF0EBCBC5D2C', 99, CAST(N'2021-01-12T11:14:56.063' AS DateTime), N'9f2ec079-7d0f-4fe2-90ab-8b09a8302aba')
GO
INSERT [dbo].[Sys_RoleAuthorize] ([Id], [ItemType], [ItemId], [ObjectType], [ObjectId], [SortCode], [CreatorTime], [CreatorUserId]) VALUES (N'2021011211145606249737', 2, N'2021011211113282976349', 1, N'4B2140D3-E61D-488E-ADF6-FF0EBCBC5D2C', 99, CAST(N'2021-01-12T11:14:56.063' AS DateTime), N'9f2ec079-7d0f-4fe2-90ab-8b09a8302aba')
GO
INSERT [dbo].[Sys_RoleAuthorize] ([Id], [ItemType], [ItemId], [ObjectType], [ObjectId], [SortCode], [CreatorTime], [CreatorUserId]) VALUES (N'2021011211145606242568', 2, N'2021011211113287838584', 1, N'4B2140D3-E61D-488E-ADF6-FF0EBCBC5D2C', 99, CAST(N'2021-01-12T11:14:56.063' AS DateTime), N'9f2ec079-7d0f-4fe2-90ab-8b09a8302aba')
GO
INSERT [dbo].[Sys_RoleAuthorize] ([Id], [ItemType], [ItemId], [ObjectType], [ObjectId], [SortCode], [CreatorTime], [CreatorUserId]) VALUES (N'2021011211145606247851', 2, N'2021011211113293224086', 1, N'4B2140D3-E61D-488E-ADF6-FF0EBCBC5D2C', 99, CAST(N'2021-01-12T11:14:56.063' AS DateTime), N'9f2ec079-7d0f-4fe2-90ab-8b09a8302aba')
GO
INSERT [dbo].[Sys_RoleAuthorize] ([Id], [ItemType], [ItemId], [ObjectType], [ObjectId], [SortCode], [CreatorTime], [CreatorUserId]) VALUES (N'2021011211145606245969', 2, N'2021011211113260438763', 1, N'4B2140D3-E61D-488E-ADF6-FF0EBCBC5D2C', 99, CAST(N'2021-01-12T11:14:56.063' AS DateTime), N'9f2ec079-7d0f-4fe2-90ab-8b09a8302aba')
GO
INSERT [dbo].[Sys_RoleAuthorize] ([Id], [ItemType], [ItemId], [ObjectType], [ObjectId], [SortCode], [CreatorTime], [CreatorUserId]) VALUES (N'2021011211145606241776', 1, N'1', 1, N'4B2140D3-E61D-488E-ADF6-FF0EBCBC5D2C', 99, CAST(N'2021-01-12T11:14:56.063' AS DateTime), N'9f2ec079-7d0f-4fe2-90ab-8b09a8302aba')
GO
INSERT [dbo].[Sys_RoleAuthorize] ([Id], [ItemType], [ItemId], [ObjectType], [ObjectId], [SortCode], [CreatorTime], [CreatorUserId]) VALUES (N'2021011211145606242764', 1, N'201905041649159560', 1, N'4B2140D3-E61D-488E-ADF6-FF0EBCBC5D2C', 99, CAST(N'2021-01-12T11:14:56.063' AS DateTime), N'9f2ec079-7d0f-4fe2-90ab-8b09a8302aba')
GO
INSERT [dbo].[Sys_RoleAuthorize] ([Id], [ItemType], [ItemId], [ObjectType], [ObjectId], [SortCode], [CreatorTime], [CreatorUserId]) VALUES (N'2021011211145606244299', 2, N'2021010314265872439474', 1, N'4B2140D3-E61D-488E-ADF6-FF0EBCBC5D2C', 99, CAST(N'2021-01-12T11:14:56.063' AS DateTime), N'9f2ec079-7d0f-4fe2-90ab-8b09a8302aba')
GO
INSERT [dbo].[Sys_RoleAuthorize] ([Id], [ItemType], [ItemId], [ObjectType], [ObjectId], [SortCode], [CreatorTime], [CreatorUserId]) VALUES (N'2021011211145606246594', 2, N'2021010314280909099314', 1, N'4B2140D3-E61D-488E-ADF6-FF0EBCBC5D2C', 99, CAST(N'2021-01-12T11:14:56.063' AS DateTime), N'9f2ec079-7d0f-4fe2-90ab-8b09a8302aba')
GO
INSERT [dbo].[Sys_RoleAuthorize] ([Id], [ItemType], [ItemId], [ObjectType], [ObjectId], [SortCode], [CreatorTime], [CreatorUserId]) VALUES (N'2021011211145606243882', 1, N'3', 1, N'4B2140D3-E61D-488E-ADF6-FF0EBCBC5D2C', 99, CAST(N'2021-01-12T11:14:56.063' AS DateTime), N'9f2ec079-7d0f-4fe2-90ab-8b09a8302aba')
GO
INSERT [dbo].[Sys_RoleAuthorize] ([Id], [ItemType], [ItemId], [ObjectType], [ObjectId], [SortCode], [CreatorTime], [CreatorUserId]) VALUES (N'2021011211145606258883', 2, N'2021010314293148672477', 1, N'4B2140D3-E61D-488E-ADF6-FF0EBCBC5D2C', 99, CAST(N'2021-01-12T11:14:56.063' AS DateTime), N'9f2ec079-7d0f-4fe2-90ab-8b09a8302aba')
GO
INSERT [dbo].[Sys_RoleAuthorize] ([Id], [ItemType], [ItemId], [ObjectType], [ObjectId], [SortCode], [CreatorTime], [CreatorUserId]) VALUES (N'2021011211145606253049', 2, N'2021010314302276644526', 1, N'4B2140D3-E61D-488E-ADF6-FF0EBCBC5D2C', 99, CAST(N'2021-01-12T11:14:56.063' AS DateTime), N'9f2ec079-7d0f-4fe2-90ab-8b09a8302aba')
GO
INSERT [dbo].[Sys_RoleAuthorize] ([Id], [ItemType], [ItemId], [ObjectType], [ObjectId], [SortCode], [CreatorTime], [CreatorUserId]) VALUES (N'2021011211145606258325', 2, N'2021010314473160136431', 1, N'4B2140D3-E61D-488E-ADF6-FF0EBCBC5D2C', 99, CAST(N'2021-01-12T11:14:56.063' AS DateTime), N'9f2ec079-7d0f-4fe2-90ab-8b09a8302aba')
GO
INSERT [dbo].[Sys_RoleAuthorize] ([Id], [ItemType], [ItemId], [ObjectType], [ObjectId], [SortCode], [CreatorTime], [CreatorUserId]) VALUES (N'2021011211145606256794', 2, N'2021010314525585211515', 1, N'4B2140D3-E61D-488E-ADF6-FF0EBCBC5D2C', 99, CAST(N'2021-01-12T11:14:56.063' AS DateTime), N'9f2ec079-7d0f-4fe2-90ab-8b09a8302aba')
GO
INSERT [dbo].[Sys_RoleAuthorize] ([Id], [ItemType], [ItemId], [ObjectType], [ObjectId], [SortCode], [CreatorTime], [CreatorUserId]) VALUES (N'2021011211145606257660', 2, N'2021010314535010864350', 1, N'4B2140D3-E61D-488E-ADF6-FF0EBCBC5D2C', 99, CAST(N'2021-01-12T11:14:56.063' AS DateTime), N'9f2ec079-7d0f-4fe2-90ab-8b09a8302aba')
GO
INSERT [dbo].[Sys_RoleAuthorize] ([Id], [ItemType], [ItemId], [ObjectType], [ObjectId], [SortCode], [CreatorTime], [CreatorUserId]) VALUES (N'2021011211145606251159', 2, N'2021010320121395837658', 1, N'4B2140D3-E61D-488E-ADF6-FF0EBCBC5D2C', 99, CAST(N'2021-01-12T11:14:56.063' AS DateTime), N'9f2ec079-7d0f-4fe2-90ab-8b09a8302aba')
GO
INSERT [dbo].[Sys_RoleAuthorize] ([Id], [ItemType], [ItemId], [ObjectType], [ObjectId], [SortCode], [CreatorTime], [CreatorUserId]) VALUES (N'2021011211145606255144', 1, N'4', 1, N'4B2140D3-E61D-488E-ADF6-FF0EBCBC5D2C', 99, CAST(N'2021-01-12T11:14:56.063' AS DateTime), N'9f2ec079-7d0f-4fe2-90ab-8b09a8302aba')
GO
INSERT [dbo].[Sys_RoleAuthorize] ([Id], [ItemType], [ItemId], [ObjectType], [ObjectId], [SortCode], [CreatorTime], [CreatorUserId]) VALUES (N'2021011211145606254037', 2, N'2021010315063387468705', 1, N'4B2140D3-E61D-488E-ADF6-FF0EBCBC5D2C', 99, CAST(N'2021-01-12T11:14:56.063' AS DateTime), N'9f2ec079-7d0f-4fe2-90ab-8b09a8302aba')
GO
INSERT [dbo].[Sys_RoleAuthorize] ([Id], [ItemType], [ItemId], [ObjectType], [ObjectId], [SortCode], [CreatorTime], [CreatorUserId]) VALUES (N'2021011211145606255805', 2, N'2021010315063389314029', 1, N'4B2140D3-E61D-488E-ADF6-FF0EBCBC5D2C', 99, CAST(N'2021-01-12T11:14:56.063' AS DateTime), N'9f2ec079-7d0f-4fe2-90ab-8b09a8302aba')
GO
INSERT [dbo].[Sys_RoleAuthorize] ([Id], [ItemType], [ItemId], [ObjectType], [ObjectId], [SortCode], [CreatorTime], [CreatorUserId]) VALUES (N'2021011211145606259735', 2, N'2021010315063392168016', 1, N'4B2140D3-E61D-488E-ADF6-FF0EBCBC5D2C', 99, CAST(N'2021-01-12T11:14:56.063' AS DateTime), N'9f2ec079-7d0f-4fe2-90ab-8b09a8302aba')
GO
INSERT [dbo].[Sys_RoleAuthorize] ([Id], [ItemType], [ItemId], [ObjectType], [ObjectId], [SortCode], [CreatorTime], [CreatorUserId]) VALUES (N'2021011211145606257239', 2, N'2021010315063394048962', 1, N'4B2140D3-E61D-488E-ADF6-FF0EBCBC5D2C', 99, CAST(N'2021-01-12T11:14:56.063' AS DateTime), N'9f2ec079-7d0f-4fe2-90ab-8b09a8302aba')
GO
INSERT [dbo].[Sys_RoleAuthorize] ([Id], [ItemType], [ItemId], [ObjectType], [ObjectId], [SortCode], [CreatorTime], [CreatorUserId]) VALUES (N'2021011211145606251399', 2, N'2021010315063395829111', 1, N'4B2140D3-E61D-488E-ADF6-FF0EBCBC5D2C', 99, CAST(N'2021-01-12T11:14:56.063' AS DateTime), N'9f2ec079-7d0f-4fe2-90ab-8b09a8302aba')
GO
INSERT [dbo].[Sys_RoleAuthorize] ([Id], [ItemType], [ItemId], [ObjectType], [ObjectId], [SortCode], [CreatorTime], [CreatorUserId]) VALUES (N'2021011211145606262320', 2, N'2021010315063397424616', 1, N'4B2140D3-E61D-488E-ADF6-FF0EBCBC5D2C', 99, CAST(N'2021-01-12T11:14:56.063' AS DateTime), N'9f2ec079-7d0f-4fe2-90ab-8b09a8302aba')
GO
INSERT [dbo].[Sys_RoleAuthorize] ([Id], [ItemType], [ItemId], [ObjectType], [ObjectId], [SortCode], [CreatorTime], [CreatorUserId]) VALUES (N'2021011211145606261498', 2, N'2021010315063384478437', 1, N'4B2140D3-E61D-488E-ADF6-FF0EBCBC5D2C', 99, CAST(N'2021-01-12T11:14:56.063' AS DateTime), N'9f2ec079-7d0f-4fe2-90ab-8b09a8302aba')
GO
INSERT [dbo].[Sys_RoleAuthorize] ([Id], [ItemType], [ItemId], [ObjectType], [ObjectId], [SortCode], [CreatorTime], [CreatorUserId]) VALUES (N'2021011211145606264438', 2, N'2021010316040698162073', 1, N'4B2140D3-E61D-488E-ADF6-FF0EBCBC5D2C', 99, CAST(N'2021-01-12T11:14:56.063' AS DateTime), N'9f2ec079-7d0f-4fe2-90ab-8b09a8302aba')
GO
INSERT [dbo].[Sys_RoleAuthorize] ([Id], [ItemType], [ItemId], [ObjectType], [ObjectId], [SortCode], [CreatorTime], [CreatorUserId]) VALUES (N'2021011211145606261612', 2, N'2021010316051714119704', 1, N'4B2140D3-E61D-488E-ADF6-FF0EBCBC5D2C', 99, CAST(N'2021-01-12T11:14:56.063' AS DateTime), N'9f2ec079-7d0f-4fe2-90ab-8b09a8302aba')
GO
INSERT [dbo].[Sys_RoleAuthorize] ([Id], [ItemType], [ItemId], [ObjectType], [ObjectId], [SortCode], [CreatorTime], [CreatorUserId]) VALUES (N'2021011211145606263028', 1, N'5', 1, N'4B2140D3-E61D-488E-ADF6-FF0EBCBC5D2C', 99, CAST(N'2021-01-12T11:14:56.063' AS DateTime), N'9f2ec079-7d0f-4fe2-90ab-8b09a8302aba')
GO
INSERT [dbo].[Sys_RoleAuthorize] ([Id], [ItemType], [ItemId], [ObjectType], [ObjectId], [SortCode], [CreatorTime], [CreatorUserId]) VALUES (N'2021011211145606263388', 2, N'2021010315075515608293', 1, N'4B2140D3-E61D-488E-ADF6-FF0EBCBC5D2C', 99, CAST(N'2021-01-12T11:14:56.063' AS DateTime), N'9f2ec079-7d0f-4fe2-90ab-8b09a8302aba')
GO
INSERT [dbo].[Sys_RoleAuthorize] ([Id], [ItemType], [ItemId], [ObjectType], [ObjectId], [SortCode], [CreatorTime], [CreatorUserId]) VALUES (N'2021011211145606267460', 2, N'2021010315075517418867', 1, N'4B2140D3-E61D-488E-ADF6-FF0EBCBC5D2C', 99, CAST(N'2021-01-12T11:14:56.063' AS DateTime), N'9f2ec079-7d0f-4fe2-90ab-8b09a8302aba')
GO
INSERT [dbo].[Sys_RoleAuthorize] ([Id], [ItemType], [ItemId], [ObjectType], [ObjectId], [SortCode], [CreatorTime], [CreatorUserId]) VALUES (N'2021011211145606266444', 2, N'2021010315075519656824', 1, N'4B2140D3-E61D-488E-ADF6-FF0EBCBC5D2C', 99, CAST(N'2021-01-12T11:14:56.063' AS DateTime), N'9f2ec079-7d0f-4fe2-90ab-8b09a8302aba')
GO
INSERT [dbo].[Sys_RoleAuthorize] ([Id], [ItemType], [ItemId], [ObjectType], [ObjectId], [SortCode], [CreatorTime], [CreatorUserId]) VALUES (N'2021011211145606273634', 2, N'2021010315075521218314', 1, N'4B2140D3-E61D-488E-ADF6-FF0EBCBC5D2C', 99, CAST(N'2021-01-12T11:14:56.063' AS DateTime), N'9f2ec079-7d0f-4fe2-90ab-8b09a8302aba')
GO
INSERT [dbo].[Sys_RoleAuthorize] ([Id], [ItemType], [ItemId], [ObjectType], [ObjectId], [SortCode], [CreatorTime], [CreatorUserId]) VALUES (N'2021011211145606279922', 2, N'2021010315075522857783', 1, N'4B2140D3-E61D-488E-ADF6-FF0EBCBC5D2C', 99, CAST(N'2021-01-12T11:14:56.063' AS DateTime), N'9f2ec079-7d0f-4fe2-90ab-8b09a8302aba')
GO
INSERT [dbo].[Sys_RoleAuthorize] ([Id], [ItemType], [ItemId], [ObjectType], [ObjectId], [SortCode], [CreatorTime], [CreatorUserId]) VALUES (N'2021011211145606271897', 2, N'2021010315075524463436', 1, N'4B2140D3-E61D-488E-ADF6-FF0EBCBC5D2C', 99, CAST(N'2021-01-12T11:14:56.063' AS DateTime), N'9f2ec079-7d0f-4fe2-90ab-8b09a8302aba')
GO
INSERT [dbo].[Sys_RoleAuthorize] ([Id], [ItemType], [ItemId], [ObjectType], [ObjectId], [SortCode], [CreatorTime], [CreatorUserId]) VALUES (N'2021011211145606274161', 2, N'2021010315075525983094', 1, N'4B2140D3-E61D-488E-ADF6-FF0EBCBC5D2C', 99, CAST(N'2021-01-12T11:14:56.063' AS DateTime), N'9f2ec079-7d0f-4fe2-90ab-8b09a8302aba')
GO
INSERT [dbo].[Sys_RoleAuthorize] ([Id], [ItemType], [ItemId], [ObjectType], [ObjectId], [SortCode], [CreatorTime], [CreatorUserId]) VALUES (N'2021011211145606271784', 2, N'2021010315105223757513', 1, N'4B2140D3-E61D-488E-ADF6-FF0EBCBC5D2C', 99, CAST(N'2021-01-12T11:14:56.063' AS DateTime), N'9f2ec079-7d0f-4fe2-90ab-8b09a8302aba')
GO
INSERT [dbo].[Sys_RoleAuthorize] ([Id], [ItemType], [ItemId], [ObjectType], [ObjectId], [SortCode], [CreatorTime], [CreatorUserId]) VALUES (N'2021011211145606274195', 2, N'2021010315100806775237', 1, N'4B2140D3-E61D-488E-ADF6-FF0EBCBC5D2C', 99, CAST(N'2021-01-12T11:14:56.063' AS DateTime), N'9f2ec079-7d0f-4fe2-90ab-8b09a8302aba')
GO
INSERT [dbo].[Sys_RoleAuthorize] ([Id], [ItemType], [ItemId], [ObjectType], [ObjectId], [SortCode], [CreatorTime], [CreatorUserId]) VALUES (N'2021011211145606279009', 1, N'6', 1, N'4B2140D3-E61D-488E-ADF6-FF0EBCBC5D2C', 99, CAST(N'2021-01-12T11:14:56.063' AS DateTime), N'9f2ec079-7d0f-4fe2-90ab-8b09a8302aba')
GO
INSERT [dbo].[Sys_RoleAuthorize] ([Id], [ItemType], [ItemId], [ObjectType], [ObjectId], [SortCode], [CreatorTime], [CreatorUserId]) VALUES (N'2021011211145606273263', 2, N'2021010315132783165373', 1, N'4B2140D3-E61D-488E-ADF6-FF0EBCBC5D2C', 99, CAST(N'2021-01-12T11:14:56.063' AS DateTime), N'9f2ec079-7d0f-4fe2-90ab-8b09a8302aba')
GO
INSERT [dbo].[Sys_RoleAuthorize] ([Id], [ItemType], [ItemId], [ObjectType], [ObjectId], [SortCode], [CreatorTime], [CreatorUserId]) VALUES (N'2021011211145606272521', 2, N'2021010315132784647036', 1, N'4B2140D3-E61D-488E-ADF6-FF0EBCBC5D2C', 99, CAST(N'2021-01-12T11:14:56.063' AS DateTime), N'9f2ec079-7d0f-4fe2-90ab-8b09a8302aba')
GO
INSERT [dbo].[Sys_RoleAuthorize] ([Id], [ItemType], [ItemId], [ObjectType], [ObjectId], [SortCode], [CreatorTime], [CreatorUserId]) VALUES (N'2021011211145606276132', 2, N'2021010315132786229265', 1, N'4B2140D3-E61D-488E-ADF6-FF0EBCBC5D2C', 99, CAST(N'2021-01-12T11:14:56.063' AS DateTime), N'9f2ec079-7d0f-4fe2-90ab-8b09a8302aba')
GO
INSERT [dbo].[Sys_RoleAuthorize] ([Id], [ItemType], [ItemId], [ObjectType], [ObjectId], [SortCode], [CreatorTime], [CreatorUserId]) VALUES (N'2021011211145606278648', 2, N'2021010315132787977688', 1, N'4B2140D3-E61D-488E-ADF6-FF0EBCBC5D2C', 99, CAST(N'2021-01-12T11:14:56.063' AS DateTime), N'9f2ec079-7d0f-4fe2-90ab-8b09a8302aba')
GO
INSERT [dbo].[Sys_RoleAuthorize] ([Id], [ItemType], [ItemId], [ObjectType], [ObjectId], [SortCode], [CreatorTime], [CreatorUserId]) VALUES (N'2021011211145606275727', 2, N'2021010315132789912350', 1, N'4B2140D3-E61D-488E-ADF6-FF0EBCBC5D2C', 99, CAST(N'2021-01-12T11:14:56.063' AS DateTime), N'9f2ec079-7d0f-4fe2-90ab-8b09a8302aba')
GO
INSERT [dbo].[Sys_RoleAuthorize] ([Id], [ItemType], [ItemId], [ObjectType], [ObjectId], [SortCode], [CreatorTime], [CreatorUserId]) VALUES (N'2021011211145606287305', 2, N'2021010315132791643307', 1, N'4B2140D3-E61D-488E-ADF6-FF0EBCBC5D2C', 99, CAST(N'2021-01-12T11:14:56.063' AS DateTime), N'9f2ec079-7d0f-4fe2-90ab-8b09a8302aba')
GO
INSERT [dbo].[Sys_RoleAuthorize] ([Id], [ItemType], [ItemId], [ObjectType], [ObjectId], [SortCode], [CreatorTime], [CreatorUserId]) VALUES (N'2021011211145606287925', 2, N'2021010315132781838294', 1, N'4B2140D3-E61D-488E-ADF6-FF0EBCBC5D2C', 99, CAST(N'2021-01-12T11:14:56.063' AS DateTime), N'9f2ec079-7d0f-4fe2-90ab-8b09a8302aba')
GO
INSERT [dbo].[Sys_RoleAuthorize] ([Id], [ItemType], [ItemId], [ObjectType], [ObjectId], [SortCode], [CreatorTime], [CreatorUserId]) VALUES (N'2021011211145606288202', 2, N'2021010316083259762810', 1, N'4B2140D3-E61D-488E-ADF6-FF0EBCBC5D2C', 99, CAST(N'2021-01-12T11:14:56.063' AS DateTime), N'9f2ec079-7d0f-4fe2-90ab-8b09a8302aba')
GO
INSERT [dbo].[Sys_RoleAuthorize] ([Id], [ItemType], [ItemId], [ObjectType], [ObjectId], [SortCode], [CreatorTime], [CreatorUserId]) VALUES (N'2021011211145606288448', 2, N'2021010316100011385581', 1, N'4B2140D3-E61D-488E-ADF6-FF0EBCBC5D2C', 99, CAST(N'2021-01-12T11:14:56.063' AS DateTime), N'9f2ec079-7d0f-4fe2-90ab-8b09a8302aba')
GO
INSERT [dbo].[Sys_RoleAuthorize] ([Id], [ItemType], [ItemId], [ObjectType], [ObjectId], [SortCode], [CreatorTime], [CreatorUserId]) VALUES (N'2021011211145606281409', 2, N'2021010316100012707325', 1, N'4B2140D3-E61D-488E-ADF6-FF0EBCBC5D2C', 99, CAST(N'2021-01-12T11:14:56.063' AS DateTime), N'9f2ec079-7d0f-4fe2-90ab-8b09a8302aba')
GO
INSERT [dbo].[Sys_RoleAuthorize] ([Id], [ItemType], [ItemId], [ObjectType], [ObjectId], [SortCode], [CreatorTime], [CreatorUserId]) VALUES (N'2021011211145606284039', 2, N'2021010316100014008890', 1, N'4B2140D3-E61D-488E-ADF6-FF0EBCBC5D2C', 99, CAST(N'2021-01-12T11:14:56.063' AS DateTime), N'9f2ec079-7d0f-4fe2-90ab-8b09a8302aba')
GO
INSERT [dbo].[Sys_RoleAuthorize] ([Id], [ItemType], [ItemId], [ObjectType], [ObjectId], [SortCode], [CreatorTime], [CreatorUserId]) VALUES (N'2021011211145606283978', 2, N'2021010316100015306916', 1, N'4B2140D3-E61D-488E-ADF6-FF0EBCBC5D2C', 99, CAST(N'2021-01-12T11:14:56.063' AS DateTime), N'9f2ec079-7d0f-4fe2-90ab-8b09a8302aba')
GO
INSERT [dbo].[Sys_RoleAuthorize] ([Id], [ItemType], [ItemId], [ObjectType], [ObjectId], [SortCode], [CreatorTime], [CreatorUserId]) VALUES (N'2021011211145606286282', 2, N'2021010316100016609991', 1, N'4B2140D3-E61D-488E-ADF6-FF0EBCBC5D2C', 99, CAST(N'2021-01-12T11:14:56.063' AS DateTime), N'9f2ec079-7d0f-4fe2-90ab-8b09a8302aba')
GO
INSERT [dbo].[Sys_RoleAuthorize] ([Id], [ItemType], [ItemId], [ObjectType], [ObjectId], [SortCode], [CreatorTime], [CreatorUserId]) VALUES (N'2021011211145606287663', 2, N'2021010316100018015698', 1, N'4B2140D3-E61D-488E-ADF6-FF0EBCBC5D2C', 99, CAST(N'2021-01-12T11:14:56.063' AS DateTime), N'9f2ec079-7d0f-4fe2-90ab-8b09a8302aba')
GO
INSERT [dbo].[Sys_RoleAuthorize] ([Id], [ItemType], [ItemId], [ObjectType], [ObjectId], [SortCode], [CreatorTime], [CreatorUserId]) VALUES (N'2021011211145606282751', 2, N'2021010316100009998659', 1, N'4B2140D3-E61D-488E-ADF6-FF0EBCBC5D2C', 99, CAST(N'2021-01-12T11:14:56.063' AS DateTime), N'9f2ec079-7d0f-4fe2-90ab-8b09a8302aba')
GO
INSERT [dbo].[Sys_RoleAuthorize] ([Id], [ItemType], [ItemId], [ObjectType], [ObjectId], [SortCode], [CreatorTime], [CreatorUserId]) VALUES (N'2021011211145606283980', 1, N'2020042316122987266087', 1, N'4B2140D3-E61D-488E-ADF6-FF0EBCBC5D2C', 99, CAST(N'2021-01-12T11:14:56.063' AS DateTime), N'9f2ec079-7d0f-4fe2-90ab-8b09a8302aba')
GO
INSERT [dbo].[Sys_RoleAuthorize] ([Id], [ItemType], [ItemId], [ObjectType], [ObjectId], [SortCode], [CreatorTime], [CreatorUserId]) VALUES (N'2021011211145606288094', 2, N'2021010316453713145150', 1, N'4B2140D3-E61D-488E-ADF6-FF0EBCBC5D2C', 99, CAST(N'2021-01-12T11:14:56.063' AS DateTime), N'9f2ec079-7d0f-4fe2-90ab-8b09a8302aba')
GO
INSERT [dbo].[Sys_RoleAuthorize] ([Id], [ItemType], [ItemId], [ObjectType], [ObjectId], [SortCode], [CreatorTime], [CreatorUserId]) VALUES (N'2021011211145606291282', 2, N'2021010316453714778755', 1, N'4B2140D3-E61D-488E-ADF6-FF0EBCBC5D2C', 99, CAST(N'2021-01-12T11:14:56.063' AS DateTime), N'9f2ec079-7d0f-4fe2-90ab-8b09a8302aba')
GO
INSERT [dbo].[Sys_RoleAuthorize] ([Id], [ItemType], [ItemId], [ObjectType], [ObjectId], [SortCode], [CreatorTime], [CreatorUserId]) VALUES (N'2021011211145606293746', 2, N'2021010316453715932821', 1, N'4B2140D3-E61D-488E-ADF6-FF0EBCBC5D2C', 99, CAST(N'2021-01-12T11:14:56.063' AS DateTime), N'9f2ec079-7d0f-4fe2-90ab-8b09a8302aba')
GO
INSERT [dbo].[Sys_RoleAuthorize] ([Id], [ItemType], [ItemId], [ObjectType], [ObjectId], [SortCode], [CreatorTime], [CreatorUserId]) VALUES (N'2021011211145606297648', 2, N'2021010316453717238579', 1, N'4B2140D3-E61D-488E-ADF6-FF0EBCBC5D2C', 99, CAST(N'2021-01-12T11:14:56.063' AS DateTime), N'9f2ec079-7d0f-4fe2-90ab-8b09a8302aba')
GO
INSERT [dbo].[Sys_RoleAuthorize] ([Id], [ItemType], [ItemId], [ObjectType], [ObjectId], [SortCode], [CreatorTime], [CreatorUserId]) VALUES (N'2021011211145606293393', 2, N'2021010316453718652652', 1, N'4B2140D3-E61D-488E-ADF6-FF0EBCBC5D2C', 99, CAST(N'2021-01-12T11:14:56.063' AS DateTime), N'9f2ec079-7d0f-4fe2-90ab-8b09a8302aba')
GO
INSERT [dbo].[Sys_RoleAuthorize] ([Id], [ItemType], [ItemId], [ObjectType], [ObjectId], [SortCode], [CreatorTime], [CreatorUserId]) VALUES (N'2021011211145606295408', 2, N'2021010316453719872053', 1, N'4B2140D3-E61D-488E-ADF6-FF0EBCBC5D2C', 99, CAST(N'2021-01-12T11:14:56.063' AS DateTime), N'9f2ec079-7d0f-4fe2-90ab-8b09a8302aba')
GO
INSERT [dbo].[Sys_RoleAuthorize] ([Id], [ItemType], [ItemId], [ObjectType], [ObjectId], [SortCode], [CreatorTime], [CreatorUserId]) VALUES (N'2021011211145606292159', 2, N'2021010316453710775564', 1, N'4B2140D3-E61D-488E-ADF6-FF0EBCBC5D2C', 99, CAST(N'2021-01-12T11:14:56.063' AS DateTime), N'9f2ec079-7d0f-4fe2-90ab-8b09a8302aba')
GO
INSERT [dbo].[Sys_RoleAuthorize] ([Id], [ItemType], [ItemId], [ObjectType], [ObjectId], [SortCode], [CreatorTime], [CreatorUserId]) VALUES (N'2021011211145606291513', 1, N'2020110314123396328561', 1, N'4B2140D3-E61D-488E-ADF6-FF0EBCBC5D2C', 99, CAST(N'2021-01-12T11:14:56.063' AS DateTime), N'9f2ec079-7d0f-4fe2-90ab-8b09a8302aba')
GO
INSERT [dbo].[Sys_RoleAuthorize] ([Id], [ItemType], [ItemId], [ObjectType], [ObjectId], [SortCode], [CreatorTime], [CreatorUserId]) VALUES (N'2021011211145606298247', 2, N'2021010315175286366578', 1, N'4B2140D3-E61D-488E-ADF6-FF0EBCBC5D2C', 99, CAST(N'2021-01-12T11:14:56.063' AS DateTime), N'9f2ec079-7d0f-4fe2-90ab-8b09a8302aba')
GO
INSERT [dbo].[Sys_RoleAuthorize] ([Id], [ItemType], [ItemId], [ObjectType], [ObjectId], [SortCode], [CreatorTime], [CreatorUserId]) VALUES (N'2021011211145606293592', 2, N'2021010315175287647040', 1, N'4B2140D3-E61D-488E-ADF6-FF0EBCBC5D2C', 99, CAST(N'2021-01-12T11:14:56.063' AS DateTime), N'9f2ec079-7d0f-4fe2-90ab-8b09a8302aba')
GO
INSERT [dbo].[Sys_RoleAuthorize] ([Id], [ItemType], [ItemId], [ObjectType], [ObjectId], [SortCode], [CreatorTime], [CreatorUserId]) VALUES (N'2021011211145606292167', 2, N'2021010315175288886376', 1, N'4B2140D3-E61D-488E-ADF6-FF0EBCBC5D2C', 99, CAST(N'2021-01-12T11:14:56.063' AS DateTime), N'9f2ec079-7d0f-4fe2-90ab-8b09a8302aba')
GO
INSERT [dbo].[Sys_RoleAuthorize] ([Id], [ItemType], [ItemId], [ObjectType], [ObjectId], [SortCode], [CreatorTime], [CreatorUserId]) VALUES (N'2021011211145606295844', 2, N'2021010315175290104050', 1, N'4B2140D3-E61D-488E-ADF6-FF0EBCBC5D2C', 99, CAST(N'2021-01-12T11:14:56.063' AS DateTime), N'9f2ec079-7d0f-4fe2-90ab-8b09a8302aba')
GO
INSERT [dbo].[Sys_RoleAuthorize] ([Id], [ItemType], [ItemId], [ObjectType], [ObjectId], [SortCode], [CreatorTime], [CreatorUserId]) VALUES (N'2021011211145606307702', 2, N'2021010315175292201815', 1, N'4B2140D3-E61D-488E-ADF6-FF0EBCBC5D2C', 99, CAST(N'2021-01-12T11:14:56.063' AS DateTime), N'9f2ec079-7d0f-4fe2-90ab-8b09a8302aba')
GO
INSERT [dbo].[Sys_RoleAuthorize] ([Id], [ItemType], [ItemId], [ObjectType], [ObjectId], [SortCode], [CreatorTime], [CreatorUserId]) VALUES (N'2021011211145606305109', 2, N'2021010315175293736914', 1, N'4B2140D3-E61D-488E-ADF6-FF0EBCBC5D2C', 99, CAST(N'2021-01-12T11:14:56.063' AS DateTime), N'9f2ec079-7d0f-4fe2-90ab-8b09a8302aba')
GO
INSERT [dbo].[Sys_RoleAuthorize] ([Id], [ItemType], [ItemId], [ObjectType], [ObjectId], [SortCode], [CreatorTime], [CreatorUserId]) VALUES (N'2021011211145606309578', 2, N'2021010315175285146141', 1, N'4B2140D3-E61D-488E-ADF6-FF0EBCBC5D2C', 99, CAST(N'2021-01-12T11:14:56.063' AS DateTime), N'9f2ec079-7d0f-4fe2-90ab-8b09a8302aba')
GO
INSERT [dbo].[Sys_RoleAuthorize] ([Id], [ItemType], [ItemId], [ObjectType], [ObjectId], [SortCode], [CreatorTime], [CreatorUserId]) VALUES (N'2021011211145606309994', 1, N'8', 1, N'4B2140D3-E61D-488E-ADF6-FF0EBCBC5D2C', 99, CAST(N'2021-01-12T11:14:56.063' AS DateTime), N'9f2ec079-7d0f-4fe2-90ab-8b09a8302aba')
GO
INSERT [dbo].[Sys_RoleAuthorize] ([Id], [ItemType], [ItemId], [ObjectType], [ObjectId], [SortCode], [CreatorTime], [CreatorUserId]) VALUES (N'2021011211145606302184', 2, N'2021010315183150312981', 1, N'4B2140D3-E61D-488E-ADF6-FF0EBCBC5D2C', 99, CAST(N'2021-01-12T11:14:56.063' AS DateTime), N'9f2ec079-7d0f-4fe2-90ab-8b09a8302aba')
GO
INSERT [dbo].[Sys_RoleAuthorize] ([Id], [ItemType], [ItemId], [ObjectType], [ObjectId], [SortCode], [CreatorTime], [CreatorUserId]) VALUES (N'2021011211145606303058', 2, N'2021010315183151659795', 1, N'4B2140D3-E61D-488E-ADF6-FF0EBCBC5D2C', 99, CAST(N'2021-01-12T11:14:56.063' AS DateTime), N'9f2ec079-7d0f-4fe2-90ab-8b09a8302aba')
GO
INSERT [dbo].[Sys_RoleAuthorize] ([Id], [ItemType], [ItemId], [ObjectType], [ObjectId], [SortCode], [CreatorTime], [CreatorUserId]) VALUES (N'2021011211145606306826', 2, N'2021010315183153249546', 1, N'4B2140D3-E61D-488E-ADF6-FF0EBCBC5D2C', 99, CAST(N'2021-01-12T11:14:56.063' AS DateTime), N'9f2ec079-7d0f-4fe2-90ab-8b09a8302aba')
GO
INSERT [dbo].[Sys_RoleAuthorize] ([Id], [ItemType], [ItemId], [ObjectType], [ObjectId], [SortCode], [CreatorTime], [CreatorUserId]) VALUES (N'2021011211145606307503', 2, N'2021010315183154826786', 1, N'4B2140D3-E61D-488E-ADF6-FF0EBCBC5D2C', 99, CAST(N'2021-01-12T11:14:56.063' AS DateTime), N'9f2ec079-7d0f-4fe2-90ab-8b09a8302aba')
GO
INSERT [dbo].[Sys_RoleAuthorize] ([Id], [ItemType], [ItemId], [ObjectType], [ObjectId], [SortCode], [CreatorTime], [CreatorUserId]) VALUES (N'2021011211145606308065', 2, N'2021010315183156352951', 1, N'4B2140D3-E61D-488E-ADF6-FF0EBCBC5D2C', 99, CAST(N'2021-01-12T11:14:56.063' AS DateTime), N'9f2ec079-7d0f-4fe2-90ab-8b09a8302aba')
GO
INSERT [dbo].[Sys_RoleAuthorize] ([Id], [ItemType], [ItemId], [ObjectType], [ObjectId], [SortCode], [CreatorTime], [CreatorUserId]) VALUES (N'2021011211145606303022', 2, N'2021010315183157889290', 1, N'4B2140D3-E61D-488E-ADF6-FF0EBCBC5D2C', 99, CAST(N'2021-01-12T11:14:56.063' AS DateTime), N'9f2ec079-7d0f-4fe2-90ab-8b09a8302aba')
GO
INSERT [dbo].[Sys_RoleAuthorize] ([Id], [ItemType], [ItemId], [ObjectType], [ObjectId], [SortCode], [CreatorTime], [CreatorUserId]) VALUES (N'2021011211145606304234', 2, N'2021010315183159324286', 1, N'4B2140D3-E61D-488E-ADF6-FF0EBCBC5D2C', 99, CAST(N'2021-01-12T11:14:56.063' AS DateTime), N'9f2ec079-7d0f-4fe2-90ab-8b09a8302aba')
GO
INSERT [dbo].[Sys_RoleAuthorize] ([Id], [ItemType], [ItemId], [ObjectType], [ObjectId], [SortCode], [CreatorTime], [CreatorUserId]) VALUES (N'2021011211145606309835', 1, N'2020110314142274602075', 1, N'4B2140D3-E61D-488E-ADF6-FF0EBCBC5D2C', 99, CAST(N'2021-01-12T11:14:56.063' AS DateTime), N'9f2ec079-7d0f-4fe2-90ab-8b09a8302aba')
GO
INSERT [dbo].[Sys_RoleAuthorize] ([Id], [ItemType], [ItemId], [ObjectType], [ObjectId], [SortCode], [CreatorTime], [CreatorUserId]) VALUES (N'2021011211145606319627', 1, N'2020110314161523904459', 1, N'4B2140D3-E61D-488E-ADF6-FF0EBCBC5D2C', 99, CAST(N'2021-01-12T11:14:56.063' AS DateTime), N'9f2ec079-7d0f-4fe2-90ab-8b09a8302aba')
GO
INSERT [dbo].[Sys_RoleAuthorize] ([Id], [ItemType], [ItemId], [ObjectType], [ObjectId], [SortCode], [CreatorTime], [CreatorUserId]) VALUES (N'2021011211145606318719', 2, N'2021010315194792606013', 1, N'4B2140D3-E61D-488E-ADF6-FF0EBCBC5D2C', 99, CAST(N'2021-01-12T11:14:56.063' AS DateTime), N'9f2ec079-7d0f-4fe2-90ab-8b09a8302aba')
GO
INSERT [dbo].[Sys_RoleAuthorize] ([Id], [ItemType], [ItemId], [ObjectType], [ObjectId], [SortCode], [CreatorTime], [CreatorUserId]) VALUES (N'2021011211145606318321', 2, N'2021010315204129496922', 1, N'4B2140D3-E61D-488E-ADF6-FF0EBCBC5D2C', 99, CAST(N'2021-01-12T11:14:56.063' AS DateTime), N'9f2ec079-7d0f-4fe2-90ab-8b09a8302aba')
GO
INSERT [dbo].[Sys_RoleAuthorize] ([Id], [ItemType], [ItemId], [ObjectType], [ObjectId], [SortCode], [CreatorTime], [CreatorUserId]) VALUES (N'2021011211145606312443', 2, N'2021010315194793896582', 1, N'4B2140D3-E61D-488E-ADF6-FF0EBCBC5D2C', 99, CAST(N'2021-01-12T11:14:56.063' AS DateTime), N'9f2ec079-7d0f-4fe2-90ab-8b09a8302aba')
GO
INSERT [dbo].[Sys_RoleAuthorize] ([Id], [ItemType], [ItemId], [ObjectType], [ObjectId], [SortCode], [CreatorTime], [CreatorUserId]) VALUES (N'2021011211145606311986', 2, N'2021010315194795273488', 1, N'4B2140D3-E61D-488E-ADF6-FF0EBCBC5D2C', 99, CAST(N'2021-01-12T11:14:56.063' AS DateTime), N'9f2ec079-7d0f-4fe2-90ab-8b09a8302aba')
GO
INSERT [dbo].[Sys_RoleAuthorize] ([Id], [ItemType], [ItemId], [ObjectType], [ObjectId], [SortCode], [CreatorTime], [CreatorUserId]) VALUES (N'2021011211145606319776', 2, N'2021010315194797086431', 1, N'4B2140D3-E61D-488E-ADF6-FF0EBCBC5D2C', 99, CAST(N'2021-01-12T11:14:56.063' AS DateTime), N'9f2ec079-7d0f-4fe2-90ab-8b09a8302aba')
GO
INSERT [dbo].[Sys_RoleAuthorize] ([Id], [ItemType], [ItemId], [ObjectType], [ObjectId], [SortCode], [CreatorTime], [CreatorUserId]) VALUES (N'2021011211145606319044', 2, N'2021010315194798698862', 1, N'4B2140D3-E61D-488E-ADF6-FF0EBCBC5D2C', 99, CAST(N'2021-01-12T11:14:56.063' AS DateTime), N'9f2ec079-7d0f-4fe2-90ab-8b09a8302aba')
GO
INSERT [dbo].[Sys_RoleAuthorize] ([Id], [ItemType], [ItemId], [ObjectType], [ObjectId], [SortCode], [CreatorTime], [CreatorUserId]) VALUES (N'2021011211145606313064', 2, N'2021010315194799827547', 1, N'4B2140D3-E61D-488E-ADF6-FF0EBCBC5D2C', 99, CAST(N'2021-01-12T11:14:56.063' AS DateTime), N'9f2ec079-7d0f-4fe2-90ab-8b09a8302aba')
GO
INSERT [dbo].[Sys_RoleAuthorize] ([Id], [ItemType], [ItemId], [ObjectType], [ObjectId], [SortCode], [CreatorTime], [CreatorUserId]) VALUES (N'2021011211145606315235', 2, N'2021010315194800999273', 1, N'4B2140D3-E61D-488E-ADF6-FF0EBCBC5D2C', 99, CAST(N'2021-01-12T11:14:56.063' AS DateTime), N'9f2ec079-7d0f-4fe2-90ab-8b09a8302aba')
GO
INSERT [dbo].[Sys_RoleAuthorize] ([Id], [ItemType], [ItemId], [ObjectType], [ObjectId], [SortCode], [CreatorTime], [CreatorUserId]) VALUES (N'2021011211145606314261', 1, N'2020110314165224964779', 1, N'4B2140D3-E61D-488E-ADF6-FF0EBCBC5D2C', 99, CAST(N'2021-01-12T11:14:56.063' AS DateTime), N'9f2ec079-7d0f-4fe2-90ab-8b09a8302aba')
GO
INSERT [dbo].[Sys_RoleAuthorize] ([Id], [ItemType], [ItemId], [ObjectType], [ObjectId], [SortCode], [CreatorTime], [CreatorUserId]) VALUES (N'2021011211145606315168', 2, N'2021010315212004586381', 1, N'4B2140D3-E61D-488E-ADF6-FF0EBCBC5D2C', 99, CAST(N'2021-01-12T11:14:56.063' AS DateTime), N'9f2ec079-7d0f-4fe2-90ab-8b09a8302aba')
GO
INSERT [dbo].[Sys_RoleAuthorize] ([Id], [ItemType], [ItemId], [ObjectType], [ObjectId], [SortCode], [CreatorTime], [CreatorUserId]) VALUES (N'2021011211145606325588', 2, N'2021010321015604704406', 1, N'4B2140D3-E61D-488E-ADF6-FF0EBCBC5D2C', 99, CAST(N'2021-01-12T11:14:56.063' AS DateTime), N'9f2ec079-7d0f-4fe2-90ab-8b09a8302aba')
GO
INSERT [dbo].[Sys_RoleAuthorize] ([Id], [ItemType], [ItemId], [ObjectType], [ObjectId], [SortCode], [CreatorTime], [CreatorUserId]) VALUES (N'2021011211145606329326', 1, N'2020110314182794069057', 1, N'4B2140D3-E61D-488E-ADF6-FF0EBCBC5D2C', 99, CAST(N'2021-01-12T11:14:56.063' AS DateTime), N'9f2ec079-7d0f-4fe2-90ab-8b09a8302aba')
GO
INSERT [dbo].[Sys_RoleAuthorize] ([Id], [ItemType], [ItemId], [ObjectType], [ObjectId], [SortCode], [CreatorTime], [CreatorUserId]) VALUES (N'2021011211145606321013', 1, N'2020110314190914102881', 1, N'4B2140D3-E61D-488E-ADF6-FF0EBCBC5D2C', 99, CAST(N'2021-01-12T11:14:56.063' AS DateTime), N'9f2ec079-7d0f-4fe2-90ab-8b09a8302aba')
GO
INSERT [dbo].[Sys_RoleAuthorize] ([Id], [ItemType], [ItemId], [ObjectType], [ObjectId], [SortCode], [CreatorTime], [CreatorUserId]) VALUES (N'2021011211145606323365', 2, N'2021010315215315394611', 1, N'4B2140D3-E61D-488E-ADF6-FF0EBCBC5D2C', 99, CAST(N'2021-01-12T11:14:56.063' AS DateTime), N'9f2ec079-7d0f-4fe2-90ab-8b09a8302aba')
GO
INSERT [dbo].[Sys_RoleAuthorize] ([Id], [ItemType], [ItemId], [ObjectType], [ObjectId], [SortCode], [CreatorTime], [CreatorUserId]) VALUES (N'2021011211145606327038', 2, N'2021010315215327767703', 1, N'4B2140D3-E61D-488E-ADF6-FF0EBCBC5D2C', 99, CAST(N'2021-01-12T11:14:56.063' AS DateTime), N'9f2ec079-7d0f-4fe2-90ab-8b09a8302aba')
GO
INSERT [dbo].[Sys_RoleAuthorize] ([Id], [ItemType], [ItemId], [ObjectType], [ObjectId], [SortCode], [CreatorTime], [CreatorUserId]) VALUES (N'2021011211145606323491', 2, N'2021010315215328948079', 1, N'4B2140D3-E61D-488E-ADF6-FF0EBCBC5D2C', 99, CAST(N'2021-01-12T11:14:56.063' AS DateTime), N'9f2ec079-7d0f-4fe2-90ab-8b09a8302aba')
GO
INSERT [dbo].[Sys_RoleAuthorize] ([Id], [ItemType], [ItemId], [ObjectType], [ObjectId], [SortCode], [CreatorTime], [CreatorUserId]) VALUES (N'2021011211145606325211', 2, N'2021010315215330182636', 1, N'4B2140D3-E61D-488E-ADF6-FF0EBCBC5D2C', 99, CAST(N'2021-01-12T11:14:56.063' AS DateTime), N'9f2ec079-7d0f-4fe2-90ab-8b09a8302aba')
GO
INSERT [dbo].[Sys_RoleAuthorize] ([Id], [ItemType], [ItemId], [ObjectType], [ObjectId], [SortCode], [CreatorTime], [CreatorUserId]) VALUES (N'2021011211145606328665', 2, N'2021010315215331498258', 1, N'4B2140D3-E61D-488E-ADF6-FF0EBCBC5D2C', 99, CAST(N'2021-01-12T11:14:56.063' AS DateTime), N'9f2ec079-7d0f-4fe2-90ab-8b09a8302aba')
GO
INSERT [dbo].[Sys_RoleAuthorize] ([Id], [ItemType], [ItemId], [ObjectType], [ObjectId], [SortCode], [CreatorTime], [CreatorUserId]) VALUES (N'2021011211145606328975', 2, N'2021010315215332842957', 1, N'4B2140D3-E61D-488E-ADF6-FF0EBCBC5D2C', 99, CAST(N'2021-01-12T11:14:56.063' AS DateTime), N'9f2ec079-7d0f-4fe2-90ab-8b09a8302aba')
GO
INSERT [dbo].[Sys_RoleAuthorize] ([Id], [ItemType], [ItemId], [ObjectType], [ObjectId], [SortCode], [CreatorTime], [CreatorUserId]) VALUES (N'2021011211145606327773', 2, N'2021010315215334061002', 1, N'4B2140D3-E61D-488E-ADF6-FF0EBCBC5D2C', 99, CAST(N'2021-01-12T11:14:56.063' AS DateTime), N'9f2ec079-7d0f-4fe2-90ab-8b09a8302aba')
GO
INSERT [dbo].[Sys_RoleAuthorize] ([Id], [ItemType], [ItemId], [ObjectType], [ObjectId], [SortCode], [CreatorTime], [CreatorUserId]) VALUES (N'2021011211145606325809', 1, N'2020110314195207514356', 1, N'4B2140D3-E61D-488E-ADF6-FF0EBCBC5D2C', 99, CAST(N'2021-01-12T11:14:56.063' AS DateTime), N'9f2ec079-7d0f-4fe2-90ab-8b09a8302aba')
GO
INSERT [dbo].[Sys_RoleAuthorize] ([Id], [ItemType], [ItemId], [ObjectType], [ObjectId], [SortCode], [CreatorTime], [CreatorUserId]) VALUES (N'2021011211145606337007', 2, N'2021010315222503738750', 1, N'4B2140D3-E61D-488E-ADF6-FF0EBCBC5D2C', 99, CAST(N'2021-01-12T11:14:56.063' AS DateTime), N'9f2ec079-7d0f-4fe2-90ab-8b09a8302aba')
GO
INSERT [dbo].[Sys_RoleAuthorize] ([Id], [ItemType], [ItemId], [ObjectType], [ObjectId], [SortCode], [CreatorTime], [CreatorUserId]) VALUES (N'2021011211145606335414', 2, N'2021010315222505099926', 1, N'4B2140D3-E61D-488E-ADF6-FF0EBCBC5D2C', 99, CAST(N'2021-01-12T11:14:56.063' AS DateTime), N'9f2ec079-7d0f-4fe2-90ab-8b09a8302aba')
GO
INSERT [dbo].[Sys_RoleAuthorize] ([Id], [ItemType], [ItemId], [ObjectType], [ObjectId], [SortCode], [CreatorTime], [CreatorUserId]) VALUES (N'2021011211145606336624', 2, N'2021010315222506982025', 1, N'4B2140D3-E61D-488E-ADF6-FF0EBCBC5D2C', 99, CAST(N'2021-01-12T11:14:56.063' AS DateTime), N'9f2ec079-7d0f-4fe2-90ab-8b09a8302aba')
GO
INSERT [dbo].[Sys_RoleAuthorize] ([Id], [ItemType], [ItemId], [ObjectType], [ObjectId], [SortCode], [CreatorTime], [CreatorUserId]) VALUES (N'2021011211145606334477', 2, N'2021010315222508743670', 1, N'4B2140D3-E61D-488E-ADF6-FF0EBCBC5D2C', 99, CAST(N'2021-01-12T11:14:56.063' AS DateTime), N'9f2ec079-7d0f-4fe2-90ab-8b09a8302aba')
GO
INSERT [dbo].[Sys_RoleAuthorize] ([Id], [ItemType], [ItemId], [ObjectType], [ObjectId], [SortCode], [CreatorTime], [CreatorUserId]) VALUES (N'2021011211145606338869', 2, N'2021010315222510354377', 1, N'4B2140D3-E61D-488E-ADF6-FF0EBCBC5D2C', 99, CAST(N'2021-01-12T11:14:56.063' AS DateTime), N'9f2ec079-7d0f-4fe2-90ab-8b09a8302aba')
GO
INSERT [dbo].[Sys_RoleAuthorize] ([Id], [ItemType], [ItemId], [ObjectType], [ObjectId], [SortCode], [CreatorTime], [CreatorUserId]) VALUES (N'2021011211145606333315', 2, N'2021010315222511918449', 1, N'4B2140D3-E61D-488E-ADF6-FF0EBCBC5D2C', 99, CAST(N'2021-01-12T11:14:56.063' AS DateTime), N'9f2ec079-7d0f-4fe2-90ab-8b09a8302aba')
GO
INSERT [dbo].[Sys_RoleAuthorize] ([Id], [ItemType], [ItemId], [ObjectType], [ObjectId], [SortCode], [CreatorTime], [CreatorUserId]) VALUES (N'2021011211145606336724', 2, N'2021010315222513987026', 1, N'4B2140D3-E61D-488E-ADF6-FF0EBCBC5D2C', 99, CAST(N'2021-01-12T11:14:56.063' AS DateTime), N'9f2ec079-7d0f-4fe2-90ab-8b09a8302aba')
GO
INSERT [dbo].[Sys_RoleAuthorize] ([Id], [ItemType], [ItemId], [ObjectType], [ObjectId], [SortCode], [CreatorTime], [CreatorUserId]) VALUES (N'2021011211145606339665', 1, N'201806120821141288', 1, N'4B2140D3-E61D-488E-ADF6-FF0EBCBC5D2C', 99, CAST(N'2021-01-12T11:14:56.063' AS DateTime), N'9f2ec079-7d0f-4fe2-90ab-8b09a8302aba')
GO
INSERT [dbo].[Sys_RoleAuthorize] ([Id], [ItemType], [ItemId], [ObjectType], [ObjectId], [SortCode], [CreatorTime], [CreatorUserId]) VALUES (N'2021011211145606333299', 1, N'7', 1, N'4B2140D3-E61D-488E-ADF6-FF0EBCBC5D2C', 99, CAST(N'2021-01-12T11:14:56.063' AS DateTime), N'9f2ec079-7d0f-4fe2-90ab-8b09a8302aba')
GO
INSERT [dbo].[Sys_RoleAuthorize] ([Id], [ItemType], [ItemId], [ObjectType], [ObjectId], [SortCode], [CreatorTime], [CreatorUserId]) VALUES (N'2021011211145606339802', 2, N'2021010315340190128841', 1, N'4B2140D3-E61D-488E-ADF6-FF0EBCBC5D2C', 99, CAST(N'2021-01-12T11:14:56.063' AS DateTime), N'9f2ec079-7d0f-4fe2-90ab-8b09a8302aba')
GO
INSERT [dbo].[Sys_RoleAuthorize] ([Id], [ItemType], [ItemId], [ObjectType], [ObjectId], [SortCode], [CreatorTime], [CreatorUserId]) VALUES (N'2021011211145606339824', 1, N'2020110314220971767837', 1, N'4B2140D3-E61D-488E-ADF6-FF0EBCBC5D2C', 99, CAST(N'2021-01-12T11:14:56.063' AS DateTime), N'9f2ec079-7d0f-4fe2-90ab-8b09a8302aba')
GO
INSERT [dbo].[Sys_RoleAuthorize] ([Id], [ItemType], [ItemId], [ObjectType], [ObjectId], [SortCode], [CreatorTime], [CreatorUserId]) VALUES (N'2021011211145606336220', 2, N'2021010321100441931251', 1, N'4B2140D3-E61D-488E-ADF6-FF0EBCBC5D2C', 99, CAST(N'2021-01-12T11:14:56.063' AS DateTime), N'9f2ec079-7d0f-4fe2-90ab-8b09a8302aba')
GO
INSERT [dbo].[Sys_RoleAuthorize] ([Id], [ItemType], [ItemId], [ObjectType], [ObjectId], [SortCode], [CreatorTime], [CreatorUserId]) VALUES (N'2021011211145606348232', 1, N'2020110314224299715445', 1, N'4B2140D3-E61D-488E-ADF6-FF0EBCBC5D2C', 99, CAST(N'2021-01-12T11:14:56.063' AS DateTime), N'9f2ec079-7d0f-4fe2-90ab-8b09a8302aba')
GO
INSERT [dbo].[Sys_RoleAuthorize] ([Id], [ItemType], [ItemId], [ObjectType], [ObjectId], [SortCode], [CreatorTime], [CreatorUserId]) VALUES (N'2021011211145606345156', 2, N'2021010321102869902680', 1, N'4B2140D3-E61D-488E-ADF6-FF0EBCBC5D2C', 99, CAST(N'2021-01-12T11:14:56.063' AS DateTime), N'9f2ec079-7d0f-4fe2-90ab-8b09a8302aba')
GO
INSERT [dbo].[Sys_RoleAuthorize] ([Id], [ItemType], [ItemId], [ObjectType], [ObjectId], [SortCode], [CreatorTime], [CreatorUserId]) VALUES (N'2021011211145606344028', 1, N'2020110314231504343408', 1, N'4B2140D3-E61D-488E-ADF6-FF0EBCBC5D2C', 99, CAST(N'2021-01-12T11:14:56.063' AS DateTime), N'9f2ec079-7d0f-4fe2-90ab-8b09a8302aba')
GO
INSERT [dbo].[Sys_RoleAuthorize] ([Id], [ItemType], [ItemId], [ObjectType], [ObjectId], [SortCode], [CreatorTime], [CreatorUserId]) VALUES (N'2021011211145606347119', 2, N'2021010321105884295252', 1, N'4B2140D3-E61D-488E-ADF6-FF0EBCBC5D2C', 99, CAST(N'2021-01-12T11:14:56.063' AS DateTime), N'9f2ec079-7d0f-4fe2-90ab-8b09a8302aba')
GO
INSERT [dbo].[Sys_RoleAuthorize] ([Id], [ItemType], [ItemId], [ObjectType], [ObjectId], [SortCode], [CreatorTime], [CreatorUserId]) VALUES (N'2021011211145606345395', 1, N'9', 1, N'4B2140D3-E61D-488E-ADF6-FF0EBCBC5D2C', 99, CAST(N'2021-01-12T11:14:56.063' AS DateTime), N'9f2ec079-7d0f-4fe2-90ab-8b09a8302aba')
GO
INSERT [dbo].[Sys_RoleAuthorize] ([Id], [ItemType], [ItemId], [ObjectType], [ObjectId], [SortCode], [CreatorTime], [CreatorUserId]) VALUES (N'2021011211145606346725', 1, N'201806141351101389', 1, N'4B2140D3-E61D-488E-ADF6-FF0EBCBC5D2C', 99, CAST(N'2021-01-12T11:14:56.063' AS DateTime), N'9f2ec079-7d0f-4fe2-90ab-8b09a8302aba')
GO
INSERT [dbo].[Sys_RoleAuthorize] ([Id], [ItemType], [ItemId], [ObjectType], [ObjectId], [SortCode], [CreatorTime], [CreatorUserId]) VALUES (N'2021011211145606347038', 2, N'2021010315233975086228', 1, N'4B2140D3-E61D-488E-ADF6-FF0EBCBC5D2C', 99, CAST(N'2021-01-12T11:14:56.063' AS DateTime), N'9f2ec079-7d0f-4fe2-90ab-8b09a8302aba')
GO
INSERT [dbo].[Sys_RoleAuthorize] ([Id], [ItemType], [ItemId], [ObjectType], [ObjectId], [SortCode], [CreatorTime], [CreatorUserId]) VALUES (N'2021011211145606348344', 2, N'2021010315233976493618', 1, N'4B2140D3-E61D-488E-ADF6-FF0EBCBC5D2C', 99, CAST(N'2021-01-12T11:14:56.063' AS DateTime), N'9f2ec079-7d0f-4fe2-90ab-8b09a8302aba')
GO
INSERT [dbo].[Sys_RoleAuthorize] ([Id], [ItemType], [ItemId], [ObjectType], [ObjectId], [SortCode], [CreatorTime], [CreatorUserId]) VALUES (N'2021011211145606344825', 2, N'2021010315233978026300', 1, N'4B2140D3-E61D-488E-ADF6-FF0EBCBC5D2C', 99, CAST(N'2021-01-12T11:14:56.063' AS DateTime), N'9f2ec079-7d0f-4fe2-90ab-8b09a8302aba')
GO
INSERT [dbo].[Sys_RoleAuthorize] ([Id], [ItemType], [ItemId], [ObjectType], [ObjectId], [SortCode], [CreatorTime], [CreatorUserId]) VALUES (N'2021011211145606344429', 2, N'2021010315233979627999', 1, N'4B2140D3-E61D-488E-ADF6-FF0EBCBC5D2C', 99, CAST(N'2021-01-12T11:14:56.063' AS DateTime), N'9f2ec079-7d0f-4fe2-90ab-8b09a8302aba')
GO
INSERT [dbo].[Sys_RoleAuthorize] ([Id], [ItemType], [ItemId], [ObjectType], [ObjectId], [SortCode], [CreatorTime], [CreatorUserId]) VALUES (N'2021011211145606348612', 2, N'2021010315233981246649', 1, N'4B2140D3-E61D-488E-ADF6-FF0EBCBC5D2C', 99, CAST(N'2021-01-12T11:14:56.063' AS DateTime), N'9f2ec079-7d0f-4fe2-90ab-8b09a8302aba')
GO
INSERT [dbo].[Sys_RoleAuthorize] ([Id], [ItemType], [ItemId], [ObjectType], [ObjectId], [SortCode], [CreatorTime], [CreatorUserId]) VALUES (N'2021011211145606348419', 2, N'2021010315233982801956', 1, N'4B2140D3-E61D-488E-ADF6-FF0EBCBC5D2C', 99, CAST(N'2021-01-12T11:14:56.063' AS DateTime), N'9f2ec079-7d0f-4fe2-90ab-8b09a8302aba')
GO
INSERT [dbo].[Sys_RoleAuthorize] ([Id], [ItemType], [ItemId], [ObjectType], [ObjectId], [SortCode], [CreatorTime], [CreatorUserId]) VALUES (N'2021011211145606356832', 2, N'2021010315233984299075', 1, N'4B2140D3-E61D-488E-ADF6-FF0EBCBC5D2C', 99, CAST(N'2021-01-12T11:14:56.063' AS DateTime), N'9f2ec079-7d0f-4fe2-90ab-8b09a8302aba')
GO
INSERT [dbo].[Sys_RoleAuthorize] ([Id], [ItemType], [ItemId], [ObjectType], [ObjectId], [SortCode], [CreatorTime], [CreatorUserId]) VALUES (N'2021011211145606356333', 1, N'201806291506346894', 1, N'4B2140D3-E61D-488E-ADF6-FF0EBCBC5D2C', 99, CAST(N'2021-01-12T11:14:56.063' AS DateTime), N'9f2ec079-7d0f-4fe2-90ab-8b09a8302aba')
GO
INSERT [dbo].[Sys_RoleAuthorize] ([Id], [ItemType], [ItemId], [ObjectType], [ObjectId], [SortCode], [CreatorTime], [CreatorUserId]) VALUES (N'2021011211145606355540', 2, N'2021010315295372466127', 1, N'4B2140D3-E61D-488E-ADF6-FF0EBCBC5D2C', 99, CAST(N'2021-01-12T11:14:56.063' AS DateTime), N'9f2ec079-7d0f-4fe2-90ab-8b09a8302aba')
GO
INSERT [dbo].[Sys_RoleAuthorize] ([Id], [ItemType], [ItemId], [ObjectType], [ObjectId], [SortCode], [CreatorTime], [CreatorUserId]) VALUES (N'2021011211145606355870', 2, N'2021010315295385481609', 1, N'4B2140D3-E61D-488E-ADF6-FF0EBCBC5D2C', 99, CAST(N'2021-01-12T11:14:56.063' AS DateTime), N'9f2ec079-7d0f-4fe2-90ab-8b09a8302aba')
GO
INSERT [dbo].[Sys_RoleAuthorize] ([Id], [ItemType], [ItemId], [ObjectType], [ObjectId], [SortCode], [CreatorTime], [CreatorUserId]) VALUES (N'2021011211145606358369', 2, N'2021010315295389238874', 1, N'4B2140D3-E61D-488E-ADF6-FF0EBCBC5D2C', 99, CAST(N'2021-01-12T11:14:56.063' AS DateTime), N'9f2ec079-7d0f-4fe2-90ab-8b09a8302aba')
GO
INSERT [dbo].[Sys_RoleAuthorize] ([Id], [ItemType], [ItemId], [ObjectType], [ObjectId], [SortCode], [CreatorTime], [CreatorUserId]) VALUES (N'2021011211145606359564', 2, N'2021010315295390992753', 1, N'4B2140D3-E61D-488E-ADF6-FF0EBCBC5D2C', 99, CAST(N'2021-01-12T11:14:56.063' AS DateTime), N'9f2ec079-7d0f-4fe2-90ab-8b09a8302aba')
GO
INSERT [dbo].[Sys_RoleAuthorize] ([Id], [ItemType], [ItemId], [ObjectType], [ObjectId], [SortCode], [CreatorTime], [CreatorUserId]) VALUES (N'2021011211145606353697', 2, N'2021010315295392674499', 1, N'4B2140D3-E61D-488E-ADF6-FF0EBCBC5D2C', 99, CAST(N'2021-01-12T11:14:56.063' AS DateTime), N'9f2ec079-7d0f-4fe2-90ab-8b09a8302aba')
GO
INSERT [dbo].[Sys_RoleAuthorize] ([Id], [ItemType], [ItemId], [ObjectType], [ObjectId], [SortCode], [CreatorTime], [CreatorUserId]) VALUES (N'2021011211145606351443', 2, N'2021010315295394456942', 1, N'4B2140D3-E61D-488E-ADF6-FF0EBCBC5D2C', 99, CAST(N'2021-01-12T11:14:56.063' AS DateTime), N'9f2ec079-7d0f-4fe2-90ab-8b09a8302aba')
GO
INSERT [dbo].[Sys_RoleAuthorize] ([Id], [ItemType], [ItemId], [ObjectType], [ObjectId], [SortCode], [CreatorTime], [CreatorUserId]) VALUES (N'2021011211145606353505', 2, N'2021010315295396508020', 1, N'4B2140D3-E61D-488E-ADF6-FF0EBCBC5D2C', 99, CAST(N'2021-01-12T11:14:56.063' AS DateTime), N'9f2ec079-7d0f-4fe2-90ab-8b09a8302aba')
GO
INSERT [dbo].[Sys_RoleAuthorize] ([Id], [ItemType], [ItemId], [ObjectType], [ObjectId], [SortCode], [CreatorTime], [CreatorUserId]) VALUES (N'2021011211145606353258', 2, N'2021010315315773909706', 1, N'4B2140D3-E61D-488E-ADF6-FF0EBCBC5D2C', 99, CAST(N'2021-01-12T11:14:56.063' AS DateTime), N'9f2ec079-7d0f-4fe2-90ab-8b09a8302aba')
GO
INSERT [dbo].[Sys_RoleAuthorize] ([Id], [ItemType], [ItemId], [ObjectType], [ObjectId], [SortCode], [CreatorTime], [CreatorUserId]) VALUES (N'2021011211145606355658', 2, N'2021010315323086026943', 1, N'4B2140D3-E61D-488E-ADF6-FF0EBCBC5D2C', 99, CAST(N'2021-01-12T11:14:56.063' AS DateTime), N'9f2ec079-7d0f-4fe2-90ab-8b09a8302aba')
GO
INSERT [dbo].[Sys_RoleAuthorize] ([Id], [ItemType], [ItemId], [ObjectType], [ObjectId], [SortCode], [CreatorTime], [CreatorUserId]) VALUES (N'2021011211145606368132', 1, N'201806121608404625', 1, N'4B2140D3-E61D-488E-ADF6-FF0EBCBC5D2C', 99, CAST(N'2021-01-12T11:14:56.063' AS DateTime), N'9f2ec079-7d0f-4fe2-90ab-8b09a8302aba')
GO
INSERT [dbo].[Sys_RoleAuthorize] ([Id], [ItemType], [ItemId], [ObjectType], [ObjectId], [SortCode], [CreatorTime], [CreatorUserId]) VALUES (N'2021011211145606363482', 2, N'2021010315304419294420', 1, N'4B2140D3-E61D-488E-ADF6-FF0EBCBC5D2C', 99, CAST(N'2021-01-12T11:14:56.063' AS DateTime), N'9f2ec079-7d0f-4fe2-90ab-8b09a8302aba')
GO
INSERT [dbo].[Sys_RoleAuthorize] ([Id], [ItemType], [ItemId], [ObjectType], [ObjectId], [SortCode], [CreatorTime], [CreatorUserId]) VALUES (N'2021011211145606365277', 2, N'2021010315304421057774', 1, N'4B2140D3-E61D-488E-ADF6-FF0EBCBC5D2C', 99, CAST(N'2021-01-12T11:14:56.063' AS DateTime), N'9f2ec079-7d0f-4fe2-90ab-8b09a8302aba')
GO
INSERT [dbo].[Sys_RoleAuthorize] ([Id], [ItemType], [ItemId], [ObjectType], [ObjectId], [SortCode], [CreatorTime], [CreatorUserId]) VALUES (N'2021011211145606367389', 2, N'2021010315304422692928', 1, N'4B2140D3-E61D-488E-ADF6-FF0EBCBC5D2C', 99, CAST(N'2021-01-12T11:14:56.063' AS DateTime), N'9f2ec079-7d0f-4fe2-90ab-8b09a8302aba')
GO
INSERT [dbo].[Sys_RoleAuthorize] ([Id], [ItemType], [ItemId], [ObjectType], [ObjectId], [SortCode], [CreatorTime], [CreatorUserId]) VALUES (N'2021011211145606366543', 2, N'2021010315304424338490', 1, N'4B2140D3-E61D-488E-ADF6-FF0EBCBC5D2C', 99, CAST(N'2021-01-12T11:14:56.063' AS DateTime), N'9f2ec079-7d0f-4fe2-90ab-8b09a8302aba')
GO
INSERT [dbo].[Sys_RoleAuthorize] ([Id], [ItemType], [ItemId], [ObjectType], [ObjectId], [SortCode], [CreatorTime], [CreatorUserId]) VALUES (N'2021011211145606362206', 2, N'2021010315304425833907', 1, N'4B2140D3-E61D-488E-ADF6-FF0EBCBC5D2C', 99, CAST(N'2021-01-12T11:14:56.063' AS DateTime), N'9f2ec079-7d0f-4fe2-90ab-8b09a8302aba')
GO
INSERT [dbo].[Sys_RoleAuthorize] ([Id], [ItemType], [ItemId], [ObjectType], [ObjectId], [SortCode], [CreatorTime], [CreatorUserId]) VALUES (N'2021011211145606363012', 2, N'2021010315304436069801', 1, N'4B2140D3-E61D-488E-ADF6-FF0EBCBC5D2C', 99, CAST(N'2021-01-12T11:14:56.063' AS DateTime), N'9f2ec079-7d0f-4fe2-90ab-8b09a8302aba')
GO
INSERT [dbo].[Sys_RoleAuthorize] ([Id], [ItemType], [ItemId], [ObjectType], [ObjectId], [SortCode], [CreatorTime], [CreatorUserId]) VALUES (N'2021011211145606365267', 2, N'2021010315304417212621', 1, N'4B2140D3-E61D-488E-ADF6-FF0EBCBC5D2C', 99, CAST(N'2021-01-12T11:14:56.063' AS DateTime), N'9f2ec079-7d0f-4fe2-90ab-8b09a8302aba')
GO
INSERT [dbo].[Sys_RoleAuthorize] ([Id], [ItemType], [ItemId], [ObjectType], [ObjectId], [SortCode], [CreatorTime], [CreatorUserId]) VALUES (N'2021011211145606367142', 1, N'2020042216381028741066', 1, N'4B2140D3-E61D-488E-ADF6-FF0EBCBC5D2C', 99, CAST(N'2021-01-12T11:14:56.063' AS DateTime), N'9f2ec079-7d0f-4fe2-90ab-8b09a8302aba')
GO
INSERT [dbo].[Sys_RoleAuthorize] ([Id], [ItemType], [ItemId], [ObjectType], [ObjectId], [SortCode], [CreatorTime], [CreatorUserId]) VALUES (N'2021011211145606368734', 1, N'201806040726499682', 1, N'4B2140D3-E61D-488E-ADF6-FF0EBCBC5D2C', 99, CAST(N'2021-01-12T11:14:56.063' AS DateTime), N'9f2ec079-7d0f-4fe2-90ab-8b09a8302aba')
GO
INSERT [dbo].[Sys_RoleAuthorize] ([Id], [ItemType], [ItemId], [ObjectType], [ObjectId], [SortCode], [CreatorTime], [CreatorUserId]) VALUES (N'2021011211145606941326', 0, N'201806141508359155', 1, N'4B2140D3-E61D-488E-ADF6-FF0EBCBC5D2C', 99, CAST(N'2021-01-12T11:14:56.070' AS DateTime), N'9f2ec079-7d0f-4fe2-90ab-8b09a8302aba')
GO
INSERT [dbo].[Sys_RoleData] ([Id], [RoleId], [AuthorizeData], [DType]) VALUES (N'2021012516234093162417', N'F0A2B36F-35A7-4660-B46C-D4AB796591EB', N'2020101619434422287774', N'dept')
GO
INSERT [dbo].[Sys_RoleData] ([Id], [RoleId], [AuthorizeData], [DType]) VALUES (N'2021012516234093162069', N'F0A2B36F-35A7-4660-B46C-D4AB796591EB', N'2020101619373694586929', N'dept')
GO
INSERT [dbo].[Sys_RoleData] ([Id], [RoleId], [AuthorizeData], [DType]) VALUES (N'2021012516234093164268', N'F0A2B36F-35A7-4660-B46C-D4AB796591EB', N'2020101619392209546893', N'dept')
GO
INSERT [dbo].[Sys_RoleData] ([Id], [RoleId], [AuthorizeData], [DType]) VALUES (N'2021012516234093165975', N'F0A2B36F-35A7-4660-B46C-D4AB796591EB', N'2020101619394356374788', N'dept')
GO
INSERT [dbo].[Sys_Sequence] ([Id], [SequenceName], [SequenceDelimiter], [SequenceReset], [Step], [CurrentNo], [CurrentCode], [CurrentReset], [Description], [EnabledMark], [DeleteMark], [CreatorTime], [CreatorUserId], [CompanyId], [DeptId], [LastModifyTime], [LastModifyUserId], [DeleteTime], [DeleteUserId]) VALUES (N'2020091622233226492848', N'OutStockSN', N'', N'D', 1, 1, N'O202101120001210112', N'20210112', N'出库单单据号', 1, 0, CAST(N'2020-09-16T22:23:32.267' AS DateTime), N'9f2ec079-7d0f-4fe2-90ab-8b09a8302aba', NULL, NULL, CAST(N'2020-09-17T11:31:21.573' AS DateTime), N'9f2ec079-7d0f-4fe2-90ab-8b09a8302aba', NULL, NULL)
GO
INSERT [dbo].[Sys_Sequence] ([Id], [SequenceName], [SequenceDelimiter], [SequenceReset], [Step], [CurrentNo], [CurrentCode], [CurrentReset], [Description], [EnabledMark], [DeleteMark], [CreatorTime], [CreatorUserId], [CompanyId], [DeptId], [LastModifyTime], [LastModifyUserId], [DeleteTime], [DeleteUserId]) VALUES (N'2020091622241380081119', N'SortingSn', N'-', N'D', 1, 15, N'S-201017-0001', N'20201017', N'分拣单单据号', 1, 0, CAST(N'2020-09-16T22:24:13.800' AS DateTime), N'9f2ec079-7d0f-4fe2-90ab-8b09a8302aba', NULL, NULL, CAST(N'2020-09-19T10:56:24.117' AS DateTime), N'9f2ec079-7d0f-4fe2-90ab-8b09a8302aba', NULL, NULL)
GO
INSERT [dbo].[Sys_Sequence] ([Id], [SequenceName], [SequenceDelimiter], [SequenceReset], [Step], [CurrentNo], [CurrentCode], [CurrentReset], [Description], [EnabledMark], [DeleteMark], [CreatorTime], [CreatorUserId], [CompanyId], [DeptId], [LastModifyTime], [LastModifyUserId], [DeleteTime], [DeleteUserId]) VALUES (N'2020091622245051611735', N'SortingMachineTaskSn', N'', N'D', 1, 3, N'T202009170002', N'20200917', N'分拣机任务单据号', 1, 0, CAST(N'2020-09-16T22:24:50.517' AS DateTime), N'9f2ec079-7d0f-4fe2-90ab-8b09a8302aba', NULL, NULL, CAST(N'2020-09-16T22:24:50.517' AS DateTime), N'9f2ec079-7d0f-4fe2-90ab-8b09a8302aba', NULL, NULL)
GO
INSERT [dbo].[Sys_Sequence] ([Id], [SequenceName], [SequenceDelimiter], [SequenceReset], [Step], [CurrentNo], [CurrentCode], [CurrentReset], [Description], [EnabledMark], [DeleteMark], [CreatorTime], [CreatorUserId], [CompanyId], [DeptId], [LastModifyTime], [LastModifyUserId], [DeleteTime], [DeleteUserId]) VALUES (N'2020091622252678439604', N'PackSn', N'', N'D', 1, 3, N'P0001', N'20200919', N'装箱流水号', 1, 0, CAST(N'2020-09-16T22:25:26.783' AS DateTime), N'9f2ec079-7d0f-4fe2-90ab-8b09a8302aba', NULL, NULL, CAST(N'2020-09-16T22:25:26.783' AS DateTime), N'9f2ec079-7d0f-4fe2-90ab-8b09a8302aba', NULL, NULL)
GO
INSERT [dbo].[Sys_Sequence] ([Id], [SequenceName], [SequenceDelimiter], [SequenceReset], [Step], [CurrentNo], [CurrentCode], [CurrentReset], [Description], [EnabledMark], [DeleteMark], [CreatorTime], [CreatorUserId], [CompanyId], [DeptId], [LastModifyTime], [LastModifyUserId], [DeleteTime], [DeleteUserId]) VALUES (N'2020091711331621735973', N'DeliveryBillSn', N'', N'D', 1, 0, N'', N'', N'发货单单据号编码', 0, 0, CAST(N'2020-09-17T11:33:16.217' AS DateTime), N'9f2ec079-7d0f-4fe2-90ab-8b09a8302aba', NULL, NULL, CAST(N'2020-10-15T18:26:54.290' AS DateTime), N'2020100517554098226223', NULL, NULL)
GO
INSERT [dbo].[Sys_Sequence] ([Id], [SequenceName], [SequenceDelimiter], [SequenceReset], [Step], [CurrentNo], [CurrentCode], [CurrentReset], [Description], [EnabledMark], [DeleteMark], [CreatorTime], [CreatorUserId], [CompanyId], [DeptId], [LastModifyTime], [LastModifyUserId], [DeleteTime], [DeleteUserId]) VALUES (N'O-20200917-0001', N'OrderSn', N'', N'D', 1, 0, N'', N'', N'', 1, 0, CAST(N'2020-09-17T00:27:04.277' AS DateTime), N'9f2ec079-7d0f-4fe2-90ab-8b09a8302aba', NULL, NULL, CAST(N'2020-09-17T00:27:04.277' AS DateTime), N'9f2ec079-7d0f-4fe2-90ab-8b09a8302aba', NULL, NULL)
GO
INSERT [dbo].[Sys_Sequence] ([Id], [SequenceName], [SequenceDelimiter], [SequenceReset], [Step], [CurrentNo], [CurrentCode], [CurrentReset], [Description], [EnabledMark], [DeleteMark], [CreatorTime], [CreatorUserId], [CompanyId], [DeptId], [LastModifyTime], [LastModifyUserId], [DeleteTime], [DeleteUserId]) VALUES (N's-200929-0001', N'test', N'', N'M', 1, 70, N'T20100069', N'20201015', N'定时任务编码', 1, 0, CAST(N'2020-09-29T10:21:04.757' AS DateTime), N'9f2ec079-7d0f-4fe2-90ab-8b09a8302aba', NULL, NULL, CAST(N'2020-10-17T21:31:01.503' AS DateTime), N'2020100517554098226223', NULL, NULL)
GO
INSERT [dbo].[Sys_Sequence] ([Id], [SequenceName], [SequenceDelimiter], [SequenceReset], [Step], [CurrentNo], [CurrentCode], [CurrentReset], [Description], [EnabledMark], [DeleteMark], [CreatorTime], [CreatorUserId], [CompanyId], [DeptId], [LastModifyTime], [LastModifyUserId], [DeleteTime], [DeleteUserId]) VALUES (N'S-201015-0001', N'1212', N'', N'D', 1, 0, N'', N'', N'', 1, 0, CAST(N'2020-10-15T13:05:44.530' AS DateTime), N'9f2ec079-7d0f-4fe2-90ab-8b09a8302aba', NULL, NULL, CAST(N'2020-10-15T13:05:44.530' AS DateTime), N'9f2ec079-7d0f-4fe2-90ab-8b09a8302aba', NULL, NULL)
GO
INSERT [dbo].[Sys_Sequence] ([Id], [SequenceName], [SequenceDelimiter], [SequenceReset], [Step], [CurrentNo], [CurrentCode], [CurrentReset], [Description], [EnabledMark], [DeleteMark], [CreatorTime], [CreatorUserId], [CompanyId], [DeptId], [LastModifyTime], [LastModifyUserId], [DeleteTime], [DeleteUserId]) VALUES (N'S-201017-0001', N'test2', N'', N'D', 1, 0, N'', N'', N'', 1, 0, CAST(N'2020-10-17T21:31:31.903' AS DateTime), N'2020100517554098226223', NULL, NULL, CAST(N'2020-10-17T21:36:55.110' AS DateTime), N'2020100517554098226223', NULL, NULL)
GO
INSERT [dbo].[Sys_SequenceRule] ([Id], [SequenceName], [RuleOrder], [RuleType], [RuleValue], [PaddingSide], [PaddingWidth], [PaddingChar], [Description], [EnabledMark], [DeleteMark], [CreatorTime], [CreatorUserId], [CompanyId], [DeptId], [LastModifyTime], [LastModifyUserId], [DeleteTime], [DeleteUserId]) VALUES (N'2020091622255613938383', N'OutStockSN', 1, N'const', N'O', N'None', 0, N'', N'前缀', 1, 0, CAST(N'2020-09-16T22:25:56.140' AS DateTime), N'9f2ec079-7d0f-4fe2-90ab-8b09a8302aba', NULL, NULL, NULL, NULL, NULL, NULL)
GO
INSERT [dbo].[Sys_SequenceRule] ([Id], [SequenceName], [RuleOrder], [RuleType], [RuleValue], [PaddingSide], [PaddingWidth], [PaddingChar], [Description], [EnabledMark], [DeleteMark], [CreatorTime], [CreatorUserId], [CompanyId], [DeptId], [LastModifyTime], [LastModifyUserId], [DeleteTime], [DeleteUserId]) VALUES (N'2020091622261403457807', N'OutStockSN', 2, N'date', N'', N'None', 0, N'', N'', 1, 0, CAST(N'2020-09-16T22:26:14.033' AS DateTime), N'9f2ec079-7d0f-4fe2-90ab-8b09a8302aba', NULL, NULL, NULL, NULL, NULL, NULL)
GO
INSERT [dbo].[Sys_SequenceRule] ([Id], [SequenceName], [RuleOrder], [RuleType], [RuleValue], [PaddingSide], [PaddingWidth], [PaddingChar], [Description], [EnabledMark], [DeleteMark], [CreatorTime], [CreatorUserId], [CompanyId], [DeptId], [LastModifyTime], [LastModifyUserId], [DeleteTime], [DeleteUserId]) VALUES (N'2020091622265137154321', N'OutStockSN', 3, N'number', N'1', N'Left', 4, N'0', N'自动序列号4位', 1, 0, CAST(N'2020-09-16T22:26:51.370' AS DateTime), N'9f2ec079-7d0f-4fe2-90ab-8b09a8302aba', NULL, NULL, CAST(N'2020-09-17T00:06:17.230' AS DateTime), N'9f2ec079-7d0f-4fe2-90ab-8b09a8302aba', NULL, NULL)
GO
INSERT [dbo].[Sys_SequenceRule] ([Id], [SequenceName], [RuleOrder], [RuleType], [RuleValue], [PaddingSide], [PaddingWidth], [PaddingChar], [Description], [EnabledMark], [DeleteMark], [CreatorTime], [CreatorUserId], [CompanyId], [DeptId], [LastModifyTime], [LastModifyUserId], [DeleteTime], [DeleteUserId]) VALUES (N'2020091622273376698812', N'PackSn', 1, N'const', N'P', N'None', 0, N'', N'', 1, 0, CAST(N'2020-09-16T22:27:33.767' AS DateTime), N'9f2ec079-7d0f-4fe2-90ab-8b09a8302aba', NULL, NULL, NULL, NULL, NULL, NULL)
GO
INSERT [dbo].[Sys_SequenceRule] ([Id], [SequenceName], [RuleOrder], [RuleType], [RuleValue], [PaddingSide], [PaddingWidth], [PaddingChar], [Description], [EnabledMark], [DeleteMark], [CreatorTime], [CreatorUserId], [CompanyId], [DeptId], [LastModifyTime], [LastModifyUserId], [DeleteTime], [DeleteUserId]) VALUES (N'2020091622274676569843', N'PackSn', 2, N'shortdate', N'', N'None', 0, N'', N'', 1, 0, CAST(N'2020-09-16T22:27:46.767' AS DateTime), N'9f2ec079-7d0f-4fe2-90ab-8b09a8302aba', NULL, NULL, CAST(N'2020-09-17T19:49:14.577' AS DateTime), N'9f2ec079-7d0f-4fe2-90ab-8b09a8302aba', NULL, NULL)
GO
INSERT [dbo].[Sys_SequenceRule] ([Id], [SequenceName], [RuleOrder], [RuleType], [RuleValue], [PaddingSide], [PaddingWidth], [PaddingChar], [Description], [EnabledMark], [DeleteMark], [CreatorTime], [CreatorUserId], [CompanyId], [DeptId], [LastModifyTime], [LastModifyUserId], [DeleteTime], [DeleteUserId]) VALUES (N'2020091622282042827395', N'PackSn', 3, N'number', N'1', N'Left', 4, N'0', N'', 1, 0, CAST(N'2020-09-16T22:28:20.427' AS DateTime), N'9f2ec079-7d0f-4fe2-90ab-8b09a8302aba', NULL, NULL, CAST(N'2020-09-17T19:48:58.580' AS DateTime), N'9f2ec079-7d0f-4fe2-90ab-8b09a8302aba', NULL, NULL)
GO
INSERT [dbo].[Sys_SequenceRule] ([Id], [SequenceName], [RuleOrder], [RuleType], [RuleValue], [PaddingSide], [PaddingWidth], [PaddingChar], [Description], [EnabledMark], [DeleteMark], [CreatorTime], [CreatorUserId], [CompanyId], [DeptId], [LastModifyTime], [LastModifyUserId], [DeleteTime], [DeleteUserId]) VALUES (N'2020091711512802562446', N'SortingSn', 3, N'number', N'1', N'Left', 4, N'0', N'0', 1, 0, CAST(N'2020-09-17T11:51:28.027' AS DateTime), N'9f2ec079-7d0f-4fe2-90ab-8b09a8302aba', NULL, NULL, CAST(N'2020-09-19T10:50:24.170' AS DateTime), N'9f2ec079-7d0f-4fe2-90ab-8b09a8302aba', NULL, NULL)
GO
INSERT [dbo].[Sys_SequenceRule] ([Id], [SequenceName], [RuleOrder], [RuleType], [RuleValue], [PaddingSide], [PaddingWidth], [PaddingChar], [Description], [EnabledMark], [DeleteMark], [CreatorTime], [CreatorUserId], [CompanyId], [DeptId], [LastModifyTime], [LastModifyUserId], [DeleteTime], [DeleteUserId]) VALUES (N'2020091711552369965968', N'SortingMachineTaskSn', 2, N'date', N'S', N'None', 0, N'0', N'', 1, 0, CAST(N'2020-09-17T11:55:23.700' AS DateTime), N'9f2ec079-7d0f-4fe2-90ab-8b09a8302aba', NULL, NULL, CAST(N'2020-09-17T17:08:47.570' AS DateTime), N'9f2ec079-7d0f-4fe2-90ab-8b09a8302aba', NULL, NULL)
GO
INSERT [dbo].[Sys_SequenceRule] ([Id], [SequenceName], [RuleOrder], [RuleType], [RuleValue], [PaddingSide], [PaddingWidth], [PaddingChar], [Description], [EnabledMark], [DeleteMark], [CreatorTime], [CreatorUserId], [CompanyId], [DeptId], [LastModifyTime], [LastModifyUserId], [DeleteTime], [DeleteUserId]) VALUES (N'2020091711554429235678', N'SortingMachineTaskSn', 3, N'number', N'S', N'Left', 4, N'0', N'', 1, 0, CAST(N'2020-09-17T11:55:44.293' AS DateTime), N'9f2ec079-7d0f-4fe2-90ab-8b09a8302aba', NULL, NULL, CAST(N'2020-09-17T17:08:38.563' AS DateTime), N'9f2ec079-7d0f-4fe2-90ab-8b09a8302aba', NULL, NULL)
GO
INSERT [dbo].[Sys_SequenceRule] ([Id], [SequenceName], [RuleOrder], [RuleType], [RuleValue], [PaddingSide], [PaddingWidth], [PaddingChar], [Description], [EnabledMark], [DeleteMark], [CreatorTime], [CreatorUserId], [CompanyId], [DeptId], [LastModifyTime], [LastModifyUserId], [DeleteTime], [DeleteUserId]) VALUES (N'2020091717090026108202', N'SortingMachineTaskSn', 1, N'const', N'T', N'None', 0, N'0', N'', 1, 0, CAST(N'2020-09-17T17:09:00.260' AS DateTime), N'9f2ec079-7d0f-4fe2-90ab-8b09a8302aba', NULL, NULL, NULL, NULL, NULL, NULL)
GO
INSERT [dbo].[Sys_SequenceRule] ([Id], [SequenceName], [RuleOrder], [RuleType], [RuleValue], [PaddingSide], [PaddingWidth], [PaddingChar], [Description], [EnabledMark], [DeleteMark], [CreatorTime], [CreatorUserId], [CompanyId], [DeptId], [LastModifyTime], [LastModifyUserId], [DeleteTime], [DeleteUserId]) VALUES (N'2020091910495034834434', N'SortingSn', 2, N'shortdate', N'', N'None', 0, N'0', N'', 1, 0, CAST(N'2020-09-19T10:49:50.350' AS DateTime), N'9f2ec079-7d0f-4fe2-90ab-8b09a8302aba', NULL, NULL, CAST(N'2020-10-05T18:19:04.630' AS DateTime), N'2020100517554098226223', NULL, NULL)
GO
INSERT [dbo].[Sys_SequenceRule] ([Id], [SequenceName], [RuleOrder], [RuleType], [RuleValue], [PaddingSide], [PaddingWidth], [PaddingChar], [Description], [EnabledMark], [DeleteMark], [CreatorTime], [CreatorUserId], [CompanyId], [DeptId], [LastModifyTime], [LastModifyUserId], [DeleteTime], [DeleteUserId]) VALUES (N'2020092910232255018776', N'TaskManager', 3, N'number', N'1', N'Left', 4, N'0', N'', 1, 0, CAST(N'2020-09-29T10:23:22.550' AS DateTime), N'9f2ec079-7d0f-4fe2-90ab-8b09a8302aba', NULL, NULL, CAST(N'2020-09-29T12:13:38.377' AS DateTime), N'9f2ec079-7d0f-4fe2-90ab-8b09a8302aba', NULL, NULL)
GO
INSERT [dbo].[Sys_SequenceRule] ([Id], [SequenceName], [RuleOrder], [RuleType], [RuleValue], [PaddingSide], [PaddingWidth], [PaddingChar], [Description], [EnabledMark], [DeleteMark], [CreatorTime], [CreatorUserId], [CompanyId], [DeptId], [LastModifyTime], [LastModifyUserId], [DeleteTime], [DeleteUserId]) VALUES (N'2020100518174354988772', N'TaskManager', 1, N'const', N'T', N'None', 0, N'', N'', 1, 0, CAST(N'2020-10-05T18:17:43.550' AS DateTime), N'2020100517554098226223', NULL, NULL, CAST(N'2020-10-10T15:52:39.810' AS DateTime), N'9f2ec079-7d0f-4fe2-90ab-8b09a8302aba', NULL, NULL)
GO
INSERT [dbo].[Sys_SequenceRule] ([Id], [SequenceName], [RuleOrder], [RuleType], [RuleValue], [PaddingSide], [PaddingWidth], [PaddingChar], [Description], [EnabledMark], [DeleteMark], [CreatorTime], [CreatorUserId], [CompanyId], [DeptId], [LastModifyTime], [LastModifyUserId], [DeleteTime], [DeleteUserId]) VALUES (N'2020100518181058152944', N'TaskManager', 2, N'sydate', N'', N'None', 0, N'', N'', 1, 0, CAST(N'2020-10-05T18:18:10.580' AS DateTime), N'2020100517554098226223', NULL, NULL, CAST(N'2020-10-05T18:18:46.117' AS DateTime), N'2020100517554098226223', NULL, NULL)
GO
INSERT [dbo].[Sys_SequenceRule] ([Id], [SequenceName], [RuleOrder], [RuleType], [RuleValue], [PaddingSide], [PaddingWidth], [PaddingChar], [Description], [EnabledMark], [DeleteMark], [CreatorTime], [CreatorUserId], [CompanyId], [DeptId], [LastModifyTime], [LastModifyUserId], [DeleteTime], [DeleteUserId]) VALUES (N'2020100518192657955174', N'SortingSn', 1, N'const', N'S', N'None', 0, N'', N'', 1, 0, CAST(N'2020-10-05T18:19:26.580' AS DateTime), N'2020100517554098226223', NULL, NULL, NULL, NULL, NULL, NULL)
GO
INSERT [dbo].[Sys_SequenceRule] ([Id], [SequenceName], [RuleOrder], [RuleType], [RuleValue], [PaddingSide], [PaddingWidth], [PaddingChar], [Description], [EnabledMark], [DeleteMark], [CreatorTime], [CreatorUserId], [CompanyId], [DeptId], [LastModifyTime], [LastModifyUserId], [DeleteTime], [DeleteUserId]) VALUES (N'2020101412483431552588', N'OutStockSN', 3, N'shortdate', N'D', N'None', 0, N'', N'', 1, 0, CAST(N'2020-10-14T12:48:34.317' AS DateTime), N'9f2ec079-7d0f-4fe2-90ab-8b09a8302aba', NULL, NULL, NULL, NULL, NULL, NULL)
GO
INSERT [dbo].[Sys_SystemType] ([Id], [EnCode], [FullName], [Url], [AllowEdit], [AllowDelete], [SortCode], [DeleteMark], [EnabledMark], [Description], [CreatorTime], [CreatorUserId], [LastModifyTime], [LastModifyUserId], [DeleteTime], [DeleteUserId]) VALUES (N'201806141508359155', N'openauth', N'权限系统', N'http://netvue.ts.yuebon.com', NULL, NULL, 1, 0, 1, N'权限系统是基础系统，包含机构、岗位、角色、用户等功能', CAST(N'2018-06-14T15:08:35.640' AS DateTime), N'9f2ec079-7d0f-4fe2-90ab-8b09a8302aba', CAST(N'2020-10-05T22:32:44.200' AS DateTime), N'2020100517554098226223', NULL, NULL)
GO
INSERT [dbo].[Sys_SystemType] ([Id], [EnCode], [FullName], [Url], [AllowEdit], [AllowDelete], [SortCode], [DeleteMark], [EnabledMark], [Description], [CreatorTime], [CreatorUserId], [LastModifyTime], [LastModifyUserId], [DeleteTime], [DeleteUserId]) VALUES (N'201806141511351940', N'YuebonWcs', N'易拣货', N'http://wcs.ts.yuebon.com', NULL, NULL, 99, 0, 1, N'', CAST(N'2018-06-14T15:11:35.250' AS DateTime), N'9f2ec079-7d0f-4fe2-90ab-8b09a8302aba', CAST(N'2020-09-17T21:06:48.387' AS DateTime), N'9f2ec079-7d0f-4fe2-90ab-8b09a8302aba', NULL, NULL)
GO
INSERT [dbo].[Sys_SystemType] ([Id], [EnCode], [FullName], [Url], [AllowEdit], [AllowDelete], [SortCode], [DeleteMark], [EnabledMark], [Description], [CreatorTime], [CreatorUserId], [LastModifyTime], [LastModifyUserId], [DeleteTime], [DeleteUserId]) VALUES (N'201904031316131800', N'CMS', N'CMS系统', N'/cms/Index', NULL, NULL, 99, NULL, 1, N'454545', NULL, NULL, CAST(N'2020-05-16T22:08:24.113' AS DateTime), N'2020031712130656785909', NULL, NULL)
GO
INSERT [dbo].[Sys_SystemType] ([Id], [EnCode], [FullName], [Url], [AllowEdit], [AllowDelete], [SortCode], [DeleteMark], [EnabledMark], [Description], [CreatorTime], [CreatorUserId], [LastModifyTime], [LastModifyUserId], [DeleteTime], [DeleteUserId]) VALUES (N'201907011617511504', N'wxapplet', N'微信小程序', NULL, 0, 0, 1, 0, 1, NULL, CAST(N'2019-07-01T16:17:51.823' AS DateTime), N'9f2ec079-7d0f-4fe2-90ab-8b09a8302aba', CAST(N'2020-10-15T17:54:14.010' AS DateTime), N'2020100517554098226223', NULL, NULL)
GO
INSERT [dbo].[Sys_TaskJobsLog] ([Id], [TaskId], [TaskName], [JobAction], [Status], [Description], [CreatorTime]) VALUES (N'2021012514002651952115', N'T20090010', N'测试任务', N'开始', 1, N'正常，开始时间:2021-01-25 14:00:00 0275', CAST(N'2021-01-25T14:00:26.520' AS DateTime))
GO
INSERT [dbo].[Sys_TaskManager] ([Id], [TaskName], [GroupName], [StartTime], [EndTime], [Cron], [IsLocal], [JobCallAddress], [JobCallParams], [LastRunTime], [LastErrorTime], [NextRunTime], [RunCount], [ErrorCount], [Description], [SendMail], [EmailAddress], [Status], [EnabledMark], [DeleteMark], [CreatorTime], [CreatorUserId], [CompanyId], [DeptId], [LastModifyTime], [LastModifyUserId], [DeleteTime], [DeleteUserId]) VALUES (N'T20090010', N'测试任务', N'每天任务', CAST(N'2020-10-12T04:00:00.000' AS DateTime), CAST(N'2020-11-24T04:00:00.000' AS DateTime), N'0 0/10 * * * ? ', 1, N'Yuebon.Quartz.Jobs.TestJob', N'1212', CAST(N'2021-01-25T14:00:26.483' AS DateTime), CAST(N'2020-10-05T17:24:00.063' AS DateTime), CAST(N'2021-01-25T14:10:00.000' AS DateTime), 2732, 9, N'这是一个demo', 1, N'cqinwn@qq.com', 0, 1, 0, CAST(N'2020-09-30T14:18:08.067' AS DateTime), N'9f2ec079-7d0f-4fe2-90ab-8b09a8302aba', N'', N'', CAST(N'2020-10-20T09:17:15.893' AS DateTime), N'2020100517554098226223', NULL, N'')
GO
INSERT [dbo].[Sys_TaskManager] ([Id], [TaskName], [GroupName], [StartTime], [EndTime], [Cron], [IsLocal], [JobCallAddress], [JobCallParams], [LastRunTime], [LastErrorTime], [NextRunTime], [RunCount], [ErrorCount], [Description], [SendMail], [EmailAddress], [Status], [EnabledMark], [DeleteMark], [CreatorTime], [CreatorUserId], [CompanyId], [DeptId], [LastModifyTime], [LastModifyUserId], [DeleteTime], [DeleteUserId]) VALUES (N'T20090012', N'删除日志', N'日志处理', CAST(N'2020-10-10T04:00:00.000' AS DateTime), CAST(N'2028-10-30T16:00:00.000' AS DateTime), N'0 0 0/3 * * ?', 1, N'Yuebon.Quartz.Jobs.SysLogJob', N'', CAST(N'2020-10-19T12:00:00.447' AS DateTime), CAST(N'2020-10-05T18:00:00.270' AS DateTime), CAST(N'2020-10-20T12:00:00.000' AS DateTime), 176, 4, N'每小时删除日志操作', 1, N'cqinwn@qq.com', 0, 1, 0, CAST(N'2020-09-30T18:45:47.243' AS DateTime), N'9f2ec079-7d0f-4fe2-90ab-8b09a8302aba', N'', N'', CAST(N'2020-10-20T10:57:17.480' AS DateTime), N'9f2ec079-7d0f-4fe2-90ab-8b09a8302aba', NULL, N'')
GO
INSERT [dbo].[Sys_Tenant] ([Id], [TenantName], [CompanyName], [HostDomain], [LinkMan], [Telphone], [DataSource], [Description], [EnabledMark], [DeleteMark], [CreatorTime], [CreatorUserId], [CompanyId], [DeptId], [LastModifyTime], [LastModifyUserId], [DeleteTime], [DeleteUserId]) VALUES (N'2020101613060943279447', N'cqinwn', N'越邦科技', N'cqinwn.v.s.yuebon.com', N'chen', N'1380013800', N'312', N'1212', 1, 0, CAST(N'2020-10-16T13:06:09.433' AS DateTime), N'9f2ec079-7d0f-4fe2-90ab-8b09a8302aba', NULL, NULL, CAST(N'2020-10-16T13:15:22.313' AS DateTime), N'9f2ec079-7d0f-4fe2-90ab-8b09a8302aba', NULL, NULL)
GO
INSERT [dbo].[Sys_Tenant] ([Id], [TenantName], [CompanyName], [HostDomain], [LinkMan], [Telphone], [DataSource], [Description], [EnabledMark], [DeleteMark], [CreatorTime], [CreatorUserId], [CompanyId], [DeptId], [LastModifyTime], [LastModifyUserId], [DeleteTime], [DeleteUserId]) VALUES (N'2020102010064263456315', N'23', N'23', N'234', N'234', N'234', N'234', N'234', 1, 1, CAST(N'2020-10-20T10:06:42.633' AS DateTime), N'2020100517554098226223', N'2020101619434422287774', N'2020091317280067305041', NULL, NULL, CAST(N'2020-10-20T10:12:47.290' AS DateTime), N'2020100517554098226223')
GO
INSERT [dbo].[Sys_UploadFile] ([Id], [FileName], [FilePath], [Description], [FileType], [FileSize], [Extension], [EnabledMark], [SortCode], [DeleteMark], [CreatorUserId], [CreateUserName], [CreatorTime], [Thumbnail], [BelongApp], [BelongAppId]) VALUES (N'2020100517252960569228', N'0beece605a0c7f98cdff10815338341a_1.jpg', N'upload/2020/10/5/2020100517252941069634.jpg', N'', N'.jpg', 31144, N'.jpg', 1, 0, 0, NULL, NULL, CAST(N'2020-10-05T17:25:29.607' AS DateTime), N'upload/2020/10/5//2020100517252941069634_300x300.jpg', N'', N'')
GO
INSERT [dbo].[Sys_UploadFile] ([Id], [FileName], [FilePath], [Description], [FileType], [FileSize], [Extension], [EnabledMark], [SortCode], [DeleteMark], [CreatorUserId], [CreateUserName], [CreatorTime], [Thumbnail], [BelongApp], [BelongAppId]) VALUES (N'2020091720402857808008', N'login-logo.png', N'upload/2020/9/17/2020091720402857303176.png', N'', N'.png', 6368, N'.png', 1, 0, 0, NULL, NULL, CAST(N'2020-09-17T20:40:28.577' AS DateTime), N'upload/2020/9/17//2020091720402857303176_300x300.png', N'', N'')
GO
INSERT [dbo].[Sys_UploadFile] ([Id], [FileName], [FilePath], [Description], [FileType], [FileSize], [Extension], [EnabledMark], [SortCode], [DeleteMark], [CreatorUserId], [CreateUserName], [CreatorTime], [Thumbnail], [BelongApp], [BelongAppId]) VALUES (N'2020100518051314939060', N'2020091720402857303176.png', N'upload/2020/10/5/2020100518051313004355.png', N'', N'.png', 6368, N'.png', 1, 0, 0, NULL, NULL, CAST(N'2020-10-05T18:05:13.150' AS DateTime), N'upload/2020/10/5//2020100518051313004355_300x300.png', N'', N'')
GO
INSERT [dbo].[Sys_UploadFile] ([Id], [FileName], [FilePath], [Description], [FileType], [FileSize], [Extension], [EnabledMark], [SortCode], [DeleteMark], [CreatorUserId], [CreateUserName], [CreatorTime], [Thumbnail], [BelongApp], [BelongAppId]) VALUES (N'2020101013545160354070', N'新建文本文档.txt', N'upload/2020/10/10/2020101013545159944973.txt', N'', N'.txt', 2573, N'.txt', 1, 0, 0, NULL, NULL, CAST(N'2020-10-10T13:54:51.603' AS DateTime), NULL, N'', N'')
GO
INSERT [dbo].[Sys_UploadFile] ([Id], [FileName], [FilePath], [Description], [FileType], [FileSize], [Extension], [EnabledMark], [SortCode], [DeleteMark], [CreatorUserId], [CreateUserName], [CreatorTime], [Thumbnail], [BelongApp], [BelongAppId]) VALUES (N'2020101517112102525545', N'163259lyzldm82zmmm6dqo.jpg', N'upload/2020/10/15/2020101517112056358824.jpg', N'', N'.jpg', 157470, N'.jpg', 1, 0, 0, NULL, NULL, CAST(N'2020-10-15T17:11:21.023' AS DateTime), N'upload/2020/10/15//2020101517112056358824_300x300.jpg', N'', N'')
GO
INSERT [dbo].[Sys_UploadFile] ([Id], [FileName], [FilePath], [Description], [FileType], [FileSize], [Extension], [EnabledMark], [SortCode], [DeleteMark], [CreatorUserId], [CreateUserName], [CreatorTime], [Thumbnail], [BelongApp], [BelongAppId]) VALUES (N'2020101615291367647139', N'抢购详情.png', N'upload/2020/10/16/2020101615291360013866.png', N'', N'.png', 1092032, N'.png', 1, 0, 0, NULL, NULL, CAST(N'2020-10-16T15:29:13.677' AS DateTime), N'upload/2020/10/16//2020101615291360013866_300x300.png', N'', N'')
GO
INSERT [dbo].[Sys_UploadFile] ([Id], [FileName], [FilePath], [Description], [FileType], [FileSize], [Extension], [EnabledMark], [SortCode], [DeleteMark], [CreatorUserId], [CreateUserName], [CreatorTime], [Thumbnail], [BelongApp], [BelongAppId]) VALUES (N'2020101615294915199353', N'我的.png', N'upload/2020/10/16/2020101615294910394631.png', N'', N'.png', 620797, N'.png', 1, 0, 0, NULL, NULL, CAST(N'2020-10-16T15:29:49.153' AS DateTime), N'upload/2020/10/16//2020101615294910394631_300x300.png', N'', N'')
GO
INSERT [dbo].[Sys_UploadFile] ([Id], [FileName], [FilePath], [Description], [FileType], [FileSize], [Extension], [EnabledMark], [SortCode], [DeleteMark], [CreatorUserId], [CreateUserName], [CreatorTime], [Thumbnail], [BelongApp], [BelongAppId]) VALUES (N'2020101615300857727179', N'酒.png', N'upload/2020/10/16/2020101615300855954150.png', N'', N'.png', 12721, N'.png', 1, 0, 0, NULL, NULL, CAST(N'2020-10-16T15:30:08.577' AS DateTime), N'upload/2020/10/16//2020101615300855954150_300x300.png', N'', N'')
GO
INSERT [dbo].[Sys_UploadFile] ([Id], [FileName], [FilePath], [Description], [FileType], [FileSize], [Extension], [EnabledMark], [SortCode], [DeleteMark], [CreatorUserId], [CreateUserName], [CreatorTime], [Thumbnail], [BelongApp], [BelongAppId]) VALUES (N'2020101716162143958235', N'login-logo.png', N'upload/2020/10/17/2020101716162142257985.png', N'', N'.png', 6368, N'.png', 1, 0, 0, NULL, NULL, CAST(N'2020-10-17T16:16:21.440' AS DateTime), N'upload/2020/10/17//2020101716162142257985_300x300.png', N'', N'')
GO
INSERT [dbo].[Sys_User] ([Id], [Account], [RealName], [NickName], [HeadIcon], [Gender], [Birthday], [MobilePhone], [Email], [WeChat], [ManagerId], [SecurityLevel], [Signature], [Country], [Province], [City], [District], [OrganizeId], [DepartmentId], [RoleId], [DutyId], [IsAdministrator], [IsMember], [MemberGradeId], [ReferralUserId], [UnionId], [SortCode], [DeleteMark], [EnabledMark], [Description], [CreatorTime], [CreatorUserId], [LastModifyTime], [LastModifyUserId], [DeleteTime], [DeleteUserId]) VALUES (N'9f2ec079-7d0f-4fe2-90ab-8b09a8302aba', N'admin', N'超级管理员', N'超级管理员', NULL, 1, NULL, N'13800138000', N'', N'', NULL, NULL, NULL, NULL, NULL, NULL, NULL, N'2020101619434422287774', N'2020101619392209546893', N'F0A2B36F-35A7-4660-B46C-D4AB796591EB', NULL, 1, NULL, NULL, NULL, NULL, 99, 0, 1, N'', CAST(N'2020-05-12T11:43:36.750' AS DateTime), N'2020050714314578446583', CAST(N'2020-12-30T13:20:17.707' AS DateTime), N'9f2ec079-7d0f-4fe2-90ab-8b09a8302aba', NULL, NULL)
GO
INSERT [dbo].[Sys_User] ([Id], [Account], [RealName], [NickName], [HeadIcon], [Gender], [Birthday], [MobilePhone], [Email], [WeChat], [ManagerId], [SecurityLevel], [Signature], [Country], [Province], [City], [District], [OrganizeId], [DepartmentId], [RoleId], [DutyId], [IsAdministrator], [IsMember], [MemberGradeId], [ReferralUserId], [UnionId], [SortCode], [DeleteMark], [EnabledMark], [Description], [CreatorTime], [CreatorUserId], [LastModifyTime], [LastModifyUserId], [DeleteTime], [DeleteUserId]) VALUES (N'2020050714314578446583', N'wcs', N'wcs测试用户', N'wcs测试用户', NULL, 1, NULL, N'', N'', N'', NULL, NULL, NULL, NULL, NULL, NULL, NULL, N'2020101619434422287774', N'2020101619423736813802', N'F0A2B36F-35A7-4660-B46C-D4AB796591EB', NULL, 1, NULL, NULL, NULL, NULL, 99, 0, 1, N'', CAST(N'2020-05-07T14:31:45.783' AS DateTime), N'9f2ec079-7d0f-4fe2-90ab-8b09a8302aba', CAST(N'2020-10-16T20:29:22.523' AS DateTime), N'9f2ec079-7d0f-4fe2-90ab-8b09a8302aba', NULL, NULL)
GO
INSERT [dbo].[Sys_User] ([Id], [Account], [RealName], [NickName], [HeadIcon], [Gender], [Birthday], [MobilePhone], [Email], [WeChat], [ManagerId], [SecurityLevel], [Signature], [Country], [Province], [City], [District], [OrganizeId], [DepartmentId], [RoleId], [DutyId], [IsAdministrator], [IsMember], [MemberGradeId], [ReferralUserId], [UnionId], [SortCode], [DeleteMark], [EnabledMark], [Description], [CreatorTime], [CreatorUserId], [LastModifyTime], [LastModifyUserId], [DeleteTime], [DeleteUserId]) VALUES (N'2020050915115104169149', N'autoer', N'机器人', N'机器人', NULL, 1, NULL, N'', N'', N'', NULL, NULL, NULL, NULL, NULL, NULL, NULL, N'2020101619434422287774', N'2020091317274420379133', N'F0A2B36F-35A7-4660-B46C-D4AB796591EB', NULL, 1, NULL, NULL, NULL, NULL, 99, 0, 1, N'用于系统自动化处理的账号', CAST(N'2020-05-09T15:11:51.043' AS DateTime), N'9f2ec079-7d0f-4fe2-90ab-8b09a8302aba', CAST(N'2020-10-16T20:29:17.377' AS DateTime), N'9f2ec079-7d0f-4fe2-90ab-8b09a8302aba', NULL, NULL)
GO
INSERT [dbo].[Sys_User] ([Id], [Account], [RealName], [NickName], [HeadIcon], [Gender], [Birthday], [MobilePhone], [Email], [WeChat], [ManagerId], [SecurityLevel], [Signature], [Country], [Province], [City], [District], [OrganizeId], [DepartmentId], [RoleId], [DutyId], [IsAdministrator], [IsMember], [MemberGradeId], [ReferralUserId], [UnionId], [SortCode], [DeleteMark], [EnabledMark], [Description], [CreatorTime], [CreatorUserId], [LastModifyTime], [LastModifyUserId], [DeleteTime], [DeleteUserId]) VALUES (N'2020100517554098226223', N'test', N'测试账号', N'测试账号', NULL, 1, NULL, N'18708908877', N'', N'', NULL, NULL, NULL, NULL, NULL, NULL, NULL, N'2020101619434422287774', N'2020091317280067305041', N'F0A2B36F-35A7-4660-B46C-D4AB796591EB', NULL, 1, NULL, NULL, NULL, NULL, 99, 0, 1, N'', CAST(N'2020-10-05T17:55:40.983' AS DateTime), N'9f2ec079-7d0f-4fe2-90ab-8b09a8302aba', CAST(N'2020-12-29T15:59:29.017' AS DateTime), N'2020100517554098226223', NULL, NULL)
GO
INSERT [dbo].[Sys_UserLogOn] ([Id], [UserId], [UserPassword], [UserSecretkey], [AllowStartTime], [AllowEndTime], [LockStartDate], [LockEndDate], [FirstVisitTime], [PreviousVisitTime], [LastVisitTime], [ChangePasswordDate], [MultiUserLogin], [LogOnCount], [UserOnLine], [Question], [AnswerQuestion], [CheckIPAddress], [Language], [Theme]) VALUES (N'9f2ec079-7d0f-4fe2-90ab-8b09a8302aba', N'9f2ec079-7d0f-4fe2-90ab-8b09a8302aba', N'5039b1d6a774b864af4a013d9c905c06', N'9eeb98044bbedd1a', CAST(N'2017-01-01T00:00:00.000' AS DateTime), CAST(N'2100-12-31T23:59:59.000' AS DateTime), CAST(N'2017-01-01T00:00:00.000' AS DateTime), CAST(N'2020-10-06T00:00:00.000' AS DateTime), CAST(N'2020-10-06T15:05:27.283' AS DateTime), CAST(N'2021-01-12T11:16:15.557' AS DateTime), CAST(N'2021-01-12T11:16:15.557' AS DateTime), CAST(N'2020-10-12T09:26:34.180' AS DateTime), 0, 161, 1, NULL, NULL, 0, NULL, NULL)
GO
INSERT [dbo].[Sys_UserLogOn] ([Id], [UserId], [UserPassword], [UserSecretkey], [AllowStartTime], [AllowEndTime], [LockStartDate], [LockEndDate], [FirstVisitTime], [PreviousVisitTime], [LastVisitTime], [ChangePasswordDate], [MultiUserLogin], [LogOnCount], [UserOnLine], [Question], [AnswerQuestion], [CheckIPAddress], [Language], [Theme]) VALUES (N'2020031712130659893499', N'2020031712130656785909', N'7e29edb38e8eec489ec169452247e67c', N'559b6347ac7b300d', CAST(N'2017-01-01T00:00:00.000' AS DateTime), CAST(N'2100-12-31T23:59:59.000' AS DateTime), CAST(N'2017-01-01T00:00:00.000' AS DateTime), CAST(N'2017-01-01T00:00:00.000' AS DateTime), NULL, NULL, NULL, NULL, 0, 1, NULL, NULL, NULL, 0, NULL, NULL)
GO
INSERT [dbo].[Sys_UserLogOn] ([Id], [UserId], [UserPassword], [UserSecretkey], [AllowStartTime], [AllowEndTime], [LockStartDate], [LockEndDate], [FirstVisitTime], [PreviousVisitTime], [LastVisitTime], [ChangePasswordDate], [MultiUserLogin], [LogOnCount], [UserOnLine], [Question], [AnswerQuestion], [CheckIPAddress], [Language], [Theme]) VALUES (N'2020041711444391798929', N'2020041711444387653354', N'ffd015721f2df3dfaa91884645f69589', N'5c767588a7e9474c', CAST(N'2017-01-01T00:00:00.000' AS DateTime), CAST(N'2100-12-31T23:59:59.000' AS DateTime), CAST(N'2017-01-01T00:00:00.000' AS DateTime), CAST(N'2017-01-01T00:00:00.000' AS DateTime), NULL, NULL, NULL, NULL, 0, 1, NULL, NULL, NULL, 0, NULL, NULL)
GO
INSERT [dbo].[Sys_UserLogOn] ([Id], [UserId], [UserPassword], [UserSecretkey], [AllowStartTime], [AllowEndTime], [LockStartDate], [LockEndDate], [FirstVisitTime], [PreviousVisitTime], [LastVisitTime], [ChangePasswordDate], [MultiUserLogin], [LogOnCount], [UserOnLine], [Question], [AnswerQuestion], [CheckIPAddress], [Language], [Theme]) VALUES (N'2020041918484483875127', N'2020041918484479709774', N'b76afb92338c02c4c69a3180f3d390b7', N'1ac15cdd47fdbdb1', CAST(N'2017-01-01T00:00:00.000' AS DateTime), CAST(N'2100-12-31T23:59:59.000' AS DateTime), CAST(N'2017-01-01T00:00:00.000' AS DateTime), CAST(N'2017-01-01T00:00:00.000' AS DateTime), NULL, NULL, NULL, NULL, 0, 1, NULL, NULL, NULL, 0, NULL, NULL)
GO
INSERT [dbo].[Sys_UserLogOn] ([Id], [UserId], [UserPassword], [UserSecretkey], [AllowStartTime], [AllowEndTime], [LockStartDate], [LockEndDate], [FirstVisitTime], [PreviousVisitTime], [LastVisitTime], [ChangePasswordDate], [MultiUserLogin], [LogOnCount], [UserOnLine], [Question], [AnswerQuestion], [CheckIPAddress], [Language], [Theme]) VALUES (N'2020050714314582596483', N'2020050714314578446583', N'ac88cc35d65619d07e6868b555a74d8d', N'75aa72236efa4b44', CAST(N'2017-01-01T00:00:00.000' AS DateTime), CAST(N'2100-12-31T23:59:59.000' AS DateTime), CAST(N'2017-01-01T00:00:00.000' AS DateTime), CAST(N'2017-01-01T00:00:00.000' AS DateTime), CAST(N'2020-10-12T09:29:18.060' AS DateTime), CAST(N'2020-10-12T13:46:50.753' AS DateTime), CAST(N'2020-10-12T13:46:50.753' AS DateTime), NULL, 0, 4, 1, NULL, NULL, 0, NULL, NULL)
GO
INSERT [dbo].[Sys_UserLogOn] ([Id], [UserId], [UserPassword], [UserSecretkey], [AllowStartTime], [AllowEndTime], [LockStartDate], [LockEndDate], [FirstVisitTime], [PreviousVisitTime], [LastVisitTime], [ChangePasswordDate], [MultiUserLogin], [LogOnCount], [UserOnLine], [Question], [AnswerQuestion], [CheckIPAddress], [Language], [Theme]) VALUES (N'2020050915115105156659', N'2020050915115104169149', N'7c6345b3c4d627f758232294875c9b24', N'b29c801634732471', CAST(N'2017-01-01T00:00:00.000' AS DateTime), CAST(N'2100-12-31T23:59:59.000' AS DateTime), CAST(N'2017-01-01T00:00:00.000' AS DateTime), CAST(N'2017-01-01T00:00:00.000' AS DateTime), NULL, NULL, NULL, NULL, 0, 1, NULL, NULL, NULL, 0, NULL, NULL)
GO
INSERT [dbo].[Sys_UserLogOn] ([Id], [UserId], [UserPassword], [UserSecretkey], [AllowStartTime], [AllowEndTime], [LockStartDate], [LockEndDate], [FirstVisitTime], [PreviousVisitTime], [LastVisitTime], [ChangePasswordDate], [MultiUserLogin], [LogOnCount], [UserOnLine], [Question], [AnswerQuestion], [CheckIPAddress], [Language], [Theme]) VALUES (N'2020051211433675926751', N'2020051211433674936555', N'8ba7db369731a86b6cbe4af2016f693e', N'ff96e6347a0eabea', CAST(N'2017-01-01T00:00:00.000' AS DateTime), CAST(N'2100-12-31T23:59:59.000' AS DateTime), CAST(N'2017-01-01T00:00:00.000' AS DateTime), CAST(N'2017-01-01T00:00:00.000' AS DateTime), NULL, NULL, NULL, NULL, 0, 1, NULL, NULL, NULL, 0, NULL, NULL)
GO
INSERT [dbo].[Sys_UserLogOn] ([Id], [UserId], [UserPassword], [UserSecretkey], [AllowStartTime], [AllowEndTime], [LockStartDate], [LockEndDate], [FirstVisitTime], [PreviousVisitTime], [LastVisitTime], [ChangePasswordDate], [MultiUserLogin], [LogOnCount], [UserOnLine], [Question], [AnswerQuestion], [CheckIPAddress], [Language], [Theme]) VALUES (N'2020051415044715016490', N'2020051415044714091504', N'8be532b339676be1d240795cc70e25d3', N'22b90d18792bb69d', CAST(N'2017-01-01T00:00:00.000' AS DateTime), CAST(N'2100-12-31T23:59:59.000' AS DateTime), CAST(N'2017-01-01T00:00:00.000' AS DateTime), CAST(N'2017-01-01T00:00:00.000' AS DateTime), NULL, NULL, NULL, CAST(N'2020-10-06T14:50:47.107' AS DateTime), 0, 1, NULL, NULL, NULL, 0, NULL, NULL)
GO
INSERT [dbo].[Sys_UserLogOn] ([Id], [UserId], [UserPassword], [UserSecretkey], [AllowStartTime], [AllowEndTime], [LockStartDate], [LockEndDate], [FirstVisitTime], [PreviousVisitTime], [LastVisitTime], [ChangePasswordDate], [MultiUserLogin], [LogOnCount], [UserOnLine], [Question], [AnswerQuestion], [CheckIPAddress], [Language], [Theme]) VALUES (N'2020062412372188409932', N'2020062412372187315896', N'3acc7019cc62326fc4620f54282a25c7', N'8f6136efddb347cc', CAST(N'2017-01-01T00:00:00.000' AS DateTime), CAST(N'2100-12-31T23:59:59.000' AS DateTime), CAST(N'2017-01-01T00:00:00.000' AS DateTime), CAST(N'2017-01-01T00:00:00.000' AS DateTime), NULL, NULL, NULL, NULL, 0, 1, NULL, NULL, NULL, 0, NULL, NULL)
GO
INSERT [dbo].[Sys_UserLogOn] ([Id], [UserId], [UserPassword], [UserSecretkey], [AllowStartTime], [AllowEndTime], [LockStartDate], [LockEndDate], [FirstVisitTime], [PreviousVisitTime], [LastVisitTime], [ChangePasswordDate], [MultiUserLogin], [LogOnCount], [UserOnLine], [Question], [AnswerQuestion], [CheckIPAddress], [Language], [Theme]) VALUES (N'2020062622485115721608', N'2020062622485115012955', N'09ba5f17f71c410644dae4eade1bcc4a', N'2a1e8158f8aeac92', CAST(N'2017-01-01T00:00:00.000' AS DateTime), CAST(N'2100-12-31T23:59:59.000' AS DateTime), CAST(N'2017-01-01T00:00:00.000' AS DateTime), CAST(N'2017-01-01T00:00:00.000' AS DateTime), NULL, NULL, NULL, NULL, 0, 1, NULL, NULL, NULL, 0, NULL, NULL)
GO
INSERT [dbo].[Sys_UserLogOn] ([Id], [UserId], [UserPassword], [UserSecretkey], [AllowStartTime], [AllowEndTime], [LockStartDate], [LockEndDate], [FirstVisitTime], [PreviousVisitTime], [LastVisitTime], [ChangePasswordDate], [MultiUserLogin], [LogOnCount], [UserOnLine], [Question], [AnswerQuestion], [CheckIPAddress], [Language], [Theme]) VALUES (N'2020100517554100798258', N'2020100517554098226223', N'317d0894ccaba9295c8496a3ab507de5', N'1a1992493e9e7205', CAST(N'2017-01-01T00:00:00.000' AS DateTime), CAST(N'2100-12-31T23:59:59.000' AS DateTime), CAST(N'2017-01-01T00:00:00.000' AS DateTime), CAST(N'2017-01-01T00:00:00.000' AS DateTime), CAST(N'2020-10-06T17:19:58.003' AS DateTime), CAST(N'2021-01-25T16:36:42.570' AS DateTime), CAST(N'2021-01-25T16:36:42.570' AS DateTime), CAST(N'2020-12-29T10:17:32.720' AS DateTime), 0, 422, 1, NULL, NULL, 0, NULL, N'{
  "Theme": "#6959CD",
  "SideTheme": "theme-dark",
  "FixedHeader": false,
  "TagsView": true,
  "SidebarLogo": true
}')
GO
INSERT [dbo].[Sys_UserLogOn] ([Id], [UserId], [UserPassword], [UserSecretkey], [AllowStartTime], [AllowEndTime], [LockStartDate], [LockEndDate], [FirstVisitTime], [PreviousVisitTime], [LastVisitTime], [ChangePasswordDate], [MultiUserLogin], [LogOnCount], [UserOnLine], [Question], [AnswerQuestion], [CheckIPAddress], [Language], [Theme]) VALUES (N'2020123011083107631739', N'2020123011083102191165', N'4fc49d37c96ef5edfb22bd425c6c233b', N'ec4b25f3d7482063', CAST(N'2020-12-30T11:08:31.073' AS DateTime), CAST(N'2120-12-30T11:08:31.073' AS DateTime), CAST(N'2020-12-30T11:08:31.073' AS DateTime), CAST(N'2020-12-30T11:08:31.073' AS DateTime), CAST(N'2020-12-30T11:08:56.127' AS DateTime), CAST(N'2020-12-30T11:08:56.127' AS DateTime), CAST(N'2020-12-30T11:08:56.127' AS DateTime), CAST(N'2020-12-30T11:08:40.140' AS DateTime), 0, 1, 1, NULL, NULL, 0, NULL, NULL)
GO
INSERT [dbo].[Sys_UserLogOn] ([Id], [UserId], [UserPassword], [UserSecretkey], [AllowStartTime], [AllowEndTime], [LockStartDate], [LockEndDate], [FirstVisitTime], [PreviousVisitTime], [LastVisitTime], [ChangePasswordDate], [MultiUserLogin], [LogOnCount], [UserOnLine], [Question], [AnswerQuestion], [CheckIPAddress], [Language], [Theme]) VALUES (N'2020122916175658629172', N'2020122916175658252204', N'dd28e689fdcc73bcf838f816dde0c34e', N'3d20cb5f8ee9774a', CAST(N'2020-12-29T16:17:56.583' AS DateTime), CAST(N'2120-12-29T16:17:56.583' AS DateTime), CAST(N'2020-12-29T16:17:56.583' AS DateTime), CAST(N'2020-12-29T16:17:56.583' AS DateTime), NULL, NULL, NULL, CAST(N'2020-12-29T16:17:56.583' AS DateTime), 0, 0, NULL, NULL, NULL, 0, NULL, NULL)
GO
