INSERT INTO `cms_articlecategory`(`Id`, `Title`, `ParentId`, `ClassPath`, `ClassLayer`, `SortCode`, `Description`, `LinkUrl`, `ImgUrl`, `SeoTitle`, `SeoKeywords`, `SeoDescription`, `IsHot`, `EnabledMark`, `DeleteMark`, `CreatorTime`, `CreatorUserId`, `CompanyId`, `DeptId`, `LastModifyTime`, `LastModifyUserId`, `DeleteTime`, `DeleteUserId`) VALUES ('2021010811152498127613', '通知', '', NULL, 1, 99, '', '', NULL, NULL, NULL, NULL, NULL, 1, 0, '2021-01-08 11:15:25', '9f2ec079-7d0f-4fe2-90ab-8b09a8302aba', NULL, NULL, '2021-01-08 11:32:28', '9f2ec079-7d0f-4fe2-90ab-8b09a8302aba', NULL, NULL);
INSERT INTO `cms_articlecategory`(`Id`, `Title`, `ParentId`, `ClassPath`, `ClassLayer`, `SortCode`, `Description`, `LinkUrl`, `ImgUrl`, `SeoTitle`, `SeoKeywords`, `SeoDescription`, `IsHot`, `EnabledMark`, `DeleteMark`, `CreatorTime`, `CreatorUserId`, `CompanyId`, `DeptId`, `LastModifyTime`, `LastModifyUserId`, `DeleteTime`, `DeleteUserId`) VALUES ('2021010811242542443354', '新闻', '', NULL, 1, 99, '', '', NULL, NULL, NULL, NULL, NULL, 1, 0, '2021-01-08 11:24:25', '9f2ec079-7d0f-4fe2-90ab-8b09a8302aba', NULL, NULL, '2021-01-08 11:33:00', '9f2ec079-7d0f-4fe2-90ab-8b09a8302aba', NULL, NULL);
INSERT INTO `cms_articlecategory`(`Id`, `Title`, `ParentId`, `ClassPath`, `ClassLayer`, `SortCode`, `Description`, `LinkUrl`, `ImgUrl`, `SeoTitle`, `SeoKeywords`, `SeoDescription`, `IsHot`, `EnabledMark`, `DeleteMark`, `CreatorTime`, `CreatorUserId`, `CompanyId`, `DeptId`, `LastModifyTime`, `LastModifyUserId`, `DeleteTime`, `DeleteUserId`) VALUES ('2021010811282177302429', '升级通知', '2021010811152498127613', NULL, 2, 99, '', '', NULL, NULL, NULL, NULL, NULL, 1, 0, '2021-01-08 11:28:22', '9f2ec079-7d0f-4fe2-90ab-8b09a8302aba', NULL, NULL, '2021-01-08 11:32:45', '9f2ec079-7d0f-4fe2-90ab-8b09a8302aba', NULL, NULL);
INSERT INTO `cms_articlecategory`(`Id`, `Title`, `ParentId`, `ClassPath`, `ClassLayer`, `SortCode`, `Description`, `LinkUrl`, `ImgUrl`, `SeoTitle`, `SeoKeywords`, `SeoDescription`, `IsHot`, `EnabledMark`, `DeleteMark`, `CreatorTime`, `CreatorUserId`, `CompanyId`, `DeptId`, `LastModifyTime`, `LastModifyUserId`, `DeleteTime`, `DeleteUserId`) VALUES ('2021010811283469785995', '企业新闻', '2021010811242542443354', NULL, 2, 99, '', '', NULL, NULL, NULL, NULL, NULL, 1, 0, '2021-01-08 11:28:35', '9f2ec079-7d0f-4fe2-90ab-8b09a8302aba', NULL, NULL, '2021-01-08 11:33:43', '9f2ec079-7d0f-4fe2-90ab-8b09a8302aba', NULL, NULL);
INSERT INTO `cms_articlecategory`(`Id`, `Title`, `ParentId`, `ClassPath`, `ClassLayer`, `SortCode`, `Description`, `LinkUrl`, `ImgUrl`, `SeoTitle`, `SeoKeywords`, `SeoDescription`, `IsHot`, `EnabledMark`, `DeleteMark`, `CreatorTime`, `CreatorUserId`, `CompanyId`, `DeptId`, `LastModifyTime`, `LastModifyUserId`, `DeleteTime`, `DeleteUserId`) VALUES ('2021010811294386657887', '行业动态', '2021010811242542443354', NULL, 2, 99, '', '', NULL, NULL, NULL, NULL, NULL, 1, 0, '2021-01-08 11:29:44', '9f2ec079-7d0f-4fe2-90ab-8b09a8302aba', NULL, NULL, '2021-01-08 11:34:09', '9f2ec079-7d0f-4fe2-90ab-8b09a8302aba', NULL, NULL);
INSERT INTO `cms_articlecategory`(`Id`, `Title`, `ParentId`, `ClassPath`, `ClassLayer`, `SortCode`, `Description`, `LinkUrl`, `ImgUrl`, `SeoTitle`, `SeoKeywords`, `SeoDescription`, `IsHot`, `EnabledMark`, `DeleteMark`, `CreatorTime`, `CreatorUserId`, `CompanyId`, `DeptId`, `LastModifyTime`, `LastModifyUserId`, `DeleteTime`, `DeleteUserId`) VALUES ('2021010811332831566658', '公司通知', '2021010811152498127613', NULL, 2, 99, '', '', NULL, NULL, NULL, NULL, NULL, 1, 0, '2021-01-08 11:33:28', '9f2ec079-7d0f-4fe2-90ab-8b09a8302aba', NULL, NULL, NULL, NULL, NULL, NULL);
INSERT INTO `cms_articlecategory`(`Id`, `Title`, `ParentId`, `ClassPath`, `ClassLayer`, `SortCode`, `Description`, `LinkUrl`, `ImgUrl`, `SeoTitle`, `SeoKeywords`, `SeoDescription`, `IsHot`, `EnabledMark`, `DeleteMark`, `CreatorTime`, `CreatorUserId`, `CompanyId`, `DeptId`, `LastModifyTime`, `LastModifyUserId`, `DeleteTime`, `DeleteUserId`) VALUES ('2021010811531597286696', '32123', '2021010811282177302429', NULL, 3, 99, '', '', NULL, NULL, NULL, NULL, NULL, 1, 0, '2021-01-08 11:53:16', '9f2ec079-7d0f-4fe2-90ab-8b09a8302aba', NULL, NULL, NULL, NULL, NULL, NULL);
INSERT INTO `cms_articlenews`(`Id`, `CategoryId`, `CategoryName`, `Title`, `SubTitle`, `LinkUrl`, `ImgUrl`, `SeoTitle`, `SeoKeywords`, `SeoDescription`, `Tags`, `Zhaiyao`, `Description`, `SortCode`, `IsMsg`, `IsTop`, `IsRed`, `IsHot`, `IsSys`, `IsNew`, `IsSlide`, `Click`, `LikeCount`, `TotalBrowse`, `Source`, `Author`, `EnabledMark`, `DeleteMark`, `CreatorTime`, `CreatorUserId`, `CompanyId`, `DeptId`, `LastModifyTime`, `LastModifyUserId`, `DeleteTime`, `DeleteUserId`) VALUES ('2021010820231694905386', '2021010811332831566658', '公司通知', '122', NULL, NULL, NULL, NULL, NULL, NULL, NULL, NULL, '<p>12121212121212</p>', 99, NULL, NULL, NULL, NULL, NULL, NULL, NULL, NULL, NULL, NULL, NULL, NULL, 0, 0, '2021-01-08 20:23:17', '9f2ec079-7d0f-4fe2-90ab-8b09a8302aba', NULL, NULL, '2021-01-08 23:47:33', '9f2ec079-7d0f-4fe2-90ab-8b09a8302aba', NULL, NULL);
INSERT INTO `cms_articlenews`(`Id`, `CategoryId`, `CategoryName`, `Title`, `SubTitle`, `LinkUrl`, `ImgUrl`, `SeoTitle`, `SeoKeywords`, `SeoDescription`, `Tags`, `Zhaiyao`, `Description`, `SortCode`, `IsMsg`, `IsTop`, `IsRed`, `IsHot`, `IsSys`, `IsNew`, `IsSlide`, `Click`, `LikeCount`, `TotalBrowse`, `Source`, `Author`, `EnabledMark`, `DeleteMark`, `CreatorTime`, `CreatorUserId`, `CompanyId`, `DeptId`, `LastModifyTime`, `LastModifyUserId`, `DeleteTime`, `DeleteUserId`) VALUES ('2021010820232008709835', '2021010811332831566658', '公司通知', '122', NULL, NULL, NULL, NULL, NULL, NULL, NULL, NULL, '<p>12121212121212</p>', 99, NULL, NULL, NULL, NULL, NULL, NULL, NULL, NULL, NULL, NULL, NULL, NULL, 1, 0, '2021-01-08 20:23:20', '9f2ec079-7d0f-4fe2-90ab-8b09a8302aba', NULL, NULL, NULL, NULL, NULL, NULL);
INSERT INTO `cms_articlenews`(`Id`, `CategoryId`, `CategoryName`, `Title`, `SubTitle`, `LinkUrl`, `ImgUrl`, `SeoTitle`, `SeoKeywords`, `SeoDescription`, `Tags`, `Zhaiyao`, `Description`, `SortCode`, `IsMsg`, `IsTop`, `IsRed`, `IsHot`, `IsSys`, `IsNew`, `IsSlide`, `Click`, `LikeCount`, `TotalBrowse`, `Source`, `Author`, `EnabledMark`, `DeleteMark`, `CreatorTime`, `CreatorUserId`, `CompanyId`, `DeptId`, `LastModifyTime`, `LastModifyUserId`, `DeleteTime`, `DeleteUserId`) VALUES ('2021010820332927637124', '2021010811282177302429', '升级通知', 'iiioo ', NULL, NULL, NULL, NULL, NULL, NULL, NULL, NULL, '<p><img src=\"data:image/png;base64,iVBORw0KGgoAAAANSUhEUgAAANcAAAAlCAYAAADRJ3ynAAAACXBIWXMAAC4jAAAuIwF4pT92AAAGtmlUWHRYTUw6Y29tLmFkb2JlLnhtcAAAAAAAPD94cGFja2V0IGJlZ2luPSLvu78iIGlkPSJXNU0wTXBDZWhpSHpyZVN6TlRjemtjOWQiPz4gPHg6eG1wbWV0YSB4bWxuczp4PSJhZG9iZTpuczptZXRhLyIgeDp4bXB0az0iQWRvYmUgWE1QIENvcmUgNS42LWMxNDIgNzkuMTYwOTI0LCAyMDE3LzA3LzEzLTAxOjA2OjM5ICAgICAgICAiPiA8cmRmOlJERiB4bWxuczpyZGY9Imh0dHA6Ly93d3cudzMub3JnLzE5OTkvMDIvMjItcmRmLXN5bnRheC1ucyMiPiA8cmRmOkRlc2NyaXB0aW9uIHJkZjphYm91dD0iIiB4bWxuczp4bXA9Imh0dHA6Ly9ucy5hZG9iZS5jb20veGFwLzEuMC8iIHhtbG5zOnhtcE1NPSJodHRwOi8vbnMuYWRvYmUuY29tL3hhcC8xLjAvbW0vIiB4bWxuczpzdEV2dD0iaHR0cDovL25zLmFkb2JlLmNvbS94YXAvMS4wL3NUeXBlL1Jlc291cmNlRXZlbnQjIiB4bWxuczpkYz0iaHR0cDovL3B1cmwub3JnL2RjL2VsZW1lbnRzLzEuMS8iIHhtbG5zOnBob3Rvc2hvcD0iaHR0cDovL25zLmFkb2JlLmNvbS9waG90b3Nob3AvMS4wLyIgeG1wOkNyZWF0b3JUb29sPSJBZG9iZSBQaG90b3Nob3AgQ0MgKFdpbmRvd3MpIiB4bXA6Q3JlYXRlRGF0ZT0iMjAxOC0wNi0wOVQwMDowNTo1MyswODowMCIgeG1wOk1ldGFkYXRhRGF0ZT0iMjAxOC0wNi0xN1QyMjoyMzowNyswODowMCIgeG1wOk1vZGlmeURhdGU9IjIwMTgtMDYtMTdUMjI6MjM6MDcrMDg6MDAiIHhtcE1NOkluc3RhbmNlSUQ9InhtcC5paWQ6NWU1Mjk1NjgtM2FiZS03YjRhLTllYzEtNjRjZGU0OTg0ZmFjIiB4bXBNTTpEb2N1bWVudElEPSJhZG9iZTpkb2NpZDpwaG90b3Nob3A6OWM4ZWE5NTctZWJkYS1iNTRlLWJjOTAtMDNmZmIyZmVlZWY2IiB4bXBNTTpPcmlnaW5hbERvY3VtZW50SUQ9InhtcC5kaWQ6MDVjMjVhZmUtZTg2MC0xYzRkLWEyMzAtMmJiM2ViYzVmNjliIiBkYzpmb3JtYXQ9ImltYWdlL3BuZyIgcGhvdG9zaG9wOkNvbG9yTW9kZT0iMyIgcGhvdG9zaG9wOklDQ1Byb2ZpbGU9InNSR0IgSUVDNjE5NjYtMi4xIj4gPHhtcE1NOkhpc3Rvcnk+IDxyZGY6U2VxPiA8cmRmOmxpIHN0RXZ0OmFjdGlvbj0iY3JlYXRlZCIgc3RFdnQ6aW5zdGFuY2VJRD0ieG1wLmlpZDowNWMyNWFmZS1lODYwLTFjNGQtYTIzMC0yYmIzZWJjNWY2OWIiIHN0RXZ0OndoZW49IjIwMTgtMDYtMDlUMDA6MDU6NTMrMDg6MDAiIHN0RXZ0OnNvZnR3YXJlQWdlbnQ9IkFkb2JlIFBob3Rvc2hvcCBDQyAoV2luZG93cykiLz4gPHJkZjpsaSBzdEV2dDphY3Rpb249InNhdmVkIiBzdEV2dDppbnN0YW5jZUlEPSJ4bXAuaWlkOjAwMDMzNGViLWZmYmMtNGE0ZC1hYWY3LTRlMTIwNDQ2ODI4YSIgc3RFdnQ6d2hlbj0iMjAxOC0wNi0wOVQwMDowNTo1MyswODowMCIgc3RFdnQ6c29mdHdhcmVBZ2VudD0iQWRvYmUgUGhvdG9zaG9wIENDIChXaW5kb3dzKSIgc3RFdnQ6Y2hhbmdlZD0iLyIvPiA8cmRmOmxpIHN0RXZ0OmFjdGlvbj0ic2F2ZWQiIHN0RXZ0Omluc3RhbmNlSUQ9InhtcC5paWQ6NWU1Mjk1NjgtM2FiZS03YjRhLTllYzEtNjRjZGU0OTg0ZmFjIiBzdEV2dDp3aGVuPSIyMDE4LTA2LTE3VDIyOjIzOjA3KzA4OjAwIiBzdEV2dDpzb2Z0d2FyZUFnZW50PSJBZG9iZSBQaG90b3Nob3AgQ0MgKFdpbmRvd3MpIiBzdEV2dDpjaGFuZ2VkPSIvIi8+IDwvcmRmOlNlcT4gPC94bXBNTTpIaXN0b3J5PiA8L3JkZjpEZXNjcmlwdGlvbj4gPC9yZGY6UkRGPiA8L3g6eG1wbWV0YT4gPD94cGFja2V0IGVuZD0iciI/PiHtIrYAABHQSURBVHic7Z13lBzFncc/VT09MxsVkVgEQiBswEggLImcwTowyQYM5h13RzBgng8O7CMcGNtgDAKDydF+wJ0JwhyIKODg4MjiIXEWkgwChCWUUWZ3dlJ31f3xq9b0zszujhIsvvm+N+re6kq/6vrlmpGy1lJHHXVseuivegJ11PG3ijpz1VHHZkKdueqoYzMhUV6w+qxtSn/4Ft1oUI1mqGow+6kGe6hqNNupBjNYN5iiajQLVIN5RTWYR1WTWamSXf03zysya/UOjH3+bgqhjyYALFhburp7ZauXy71Zdx9ce9xmXI466th0qGCuGBTwbeCfgJOAIeA2PFaewt4oTkRxMfBvwKTNO12Um0AddfR59MZcR2I5t+pTG7taRmB5GBiM4rZ4D1ptNC+0AvsCE4CtEEavo44+jwrmSttCdGs8E15ZsN5cY9V9WOVjAaPAKqyxEMrfKlRQVJCwN+IxDctUADSszLUQhGmUCtZH54wEDgSOAsYDW7u2L24ErXXU8aWigrlmpHcAwKBZnWplLLMf7G/aVxXCxCQVqlYipgqVfAKLLSrQCtAJEvZ64ADAYOHVJWMwYRKdKPY0j6HAHsB3EVN0FNBYpd7UjaK2jjq+RFQw1/4j7gTAogi9Vg7JvcajmUueS5v8iWGonyRQKQIFoYWiQnkKqwE0GAue3RfF3hr7ZphP8MKS8aDDamPvDBwCHArsDwzufbrq5Q2mtI46vmRUhOID7RNon1AlwGS8l1MHqZ82n4+vgxdUyM8InAlYVNiiwhY05BQ2rzA5jc1qbFYf5OUD3l22C2+vGY3yCh6wI3AGcDPwLjADuA34PjUxFiuBWZuO9Drq2LyoEtAwclEksIzB5qa/5u9Ou20kTeH2sKgPRavv42mUWH5Yo1GhBc+CpwBGWa3JZZOENoFSQQLRUH8P7LOBc30LWLGBbeuo40tHFeZS0c1+KGvA2A6bJkeKRnKEob7AFvRBaDNA7EEjPlighLk0oNg/bxpaD/Te/+KcgY9z54qT8kpn7gDuALYGxgF/h0QAt69ppoqX1oewcaNHVS2fNrM25VetfXnbqE6tfW6qdtVQS1+10FRrvXGjRxEaaEparjuonXFtRbKBqmiX8iwnP9WfuasTJL2uEa0NnfP6tP8q0dMJjQmgPoGQ1WoQH9ttSIQhGDXfFtWt5BQ2p8QMzOl19yarMZ1qmMnqQ4NOn4n97uVb6TkY0xT1uxB4AjgHeLX3KVqAAqhnYozfK6otfK0bqa+iO5pq3WSbul6mqNh36yL7DC/SWYWxNtdc1ofmrxJVmEsBagwwHFgMEKg0i+0W6KLBBkCRR0xBBzbvGCursZ3RVUV+17n5TFI1Z/M80HItO/ufYPBLpy8sg4Aja5zna8Bfu3v4dWKQjUV8U23IBttUmzI00NZsOHtMJx05tR5ib/3nsLE0f1WoNAtllU7FUogXrgpboaCwSgF8oAKm25A9CZ056FnQFpSOzlEcjGFChoYXdldzeSR1FfsVr6PdplGijY4HhtQ4zyn0kiUbN3pUxcJPmzmrRxNsczHlhvZbq9m2Pn1s6GaMr1138DUMaTQYC/0uXQzA2qu3qqgX/1ZTd/OJj9WdtupuPtXefV9ANc2VRCJ4y0pFikzYiMoDeQ15bW1Ov2GzCttpxSTMaWzOc+ahisqupFN72UwDA3Md+BSxSoNSKRT/XOMcM6CedBp1vQms5WV+HVGrsNgYhu2tngUC07UsYrI4kj2dA6JyjuvjL/fl96jKvyypbvpwNNj3sfaXwJUA6CbOWfNHblt+PV/oyHeyY1UyNQ0fCDpEB3oapWMMYMGG6peJ0Fz5hW1k74aJzFdbognOBntXrwd3rQXMg8ApUZfBNcdWEDFu9KjJwEHAKuBy4KGyKi3APYgZ+oCrcycSwZwKfA+IZ7mbEb/wW8DJiG84EHgQSXJboKF8Ld31IuAu4DTg1668EVmh6HDmF8DHwONuXoWyvr4D/AQ5pdLflRWBt4E/AvcDQaz+BcCFgA+8DpyJpC7iuA04EfiNVty8tEMz+fjV7DI4IB+W3lmjb3lnUZLTp7TSmuqyN0YCPwOOAEbEyqcBDzuaO8vGPAzxrQ8F+sXoeAf4D0dHfN0vQNbPIus1HTgByJT1ey1wqlsDDTw7beasH9HHUE2m7O+uzetKbIEpDXuzPBxAY5AnQINlOqF5wt9uv+9Zk8cs+wCbXY0xASgl5iEKjLo8CPSsps7C40OHfMH89LBB2OAXtU3PWlC311DxFuRUyPbAVcD/Ah/Env8Y+CESTLkZeSltCMMMpVIlKlfeBqRcmXZlQ4BFwLOxuvHrZ+7aDAxDchtPuTZJwEPSEQe7TwPw29jYZ7i/ByCb8Fk33/2Rjb0fstEvY13ehH5uriBWxyfIQep49n4gsAXQ2l5Q/GhMJ9v3Dyma6tZAmQ3+TURgjUUEwx3Ap0jU94fuOgJh8Lxrcypwgxt3KvAcIkQOBA4H9ga+AVxKSVC0AlsCWSDt6h3g2kbYFhG2g127pKOrz6Eac4111x3Xldgi81Pb80zDfpyx8mlWJVqlOFc4rzh3zviGY/9lmPJPIPjoTcJln2BWLMB2rnGKh4Q16rH+xc6jm03uGZS+CkulYV4dTyPSuje8AvwKuAnYDtG4pwEdyNnES129S4A5yMaNNkG2Sn8WyCFSNYiVRW3+G5HIQWXTdWXRdTlwNZI4dxKHNkSDHogw093Ipj0AuM7N7yFEe61x/dwC/AKR7BcDs10fUKn5zkcY87FYWS6qmw8Ue7QVGZC2am1ejXTPFkYVPQVJTwhWsnkvR/bFWuAfEIY3iOCZAVwDnIsw0UMI49yIaN1yOm6N0XEh8CFwbxkd/+Pa7o1YDnHmOgphwCmIsBsfo61PoVoofqi7HgA29jWTkJsHn8Q82uiX7UQVAJNaEC5aeHLnpBuWms4iqQnnkT7m56QmnE9ip8PBtKAytqN/R+ddL6R3nz6j4RsnK1v8cY1zC1DqKtGCsU/3uJ2SOXgC8I+IOXY18qLuBR51z+MddddpT4OFiAlUqPIp80IwlBjYuLYLgaWuLHDlHsJoA5Fk+Q2UNiSIaXQPIhwUwtzR+Uvl+pjqnvvARGCnavQoBdlAYSwWOBp4EmFsOouKvbYpcMH4DGtyGmA3xGwG+E/gmRiNeTenVxw9O7txzkLWfAXyXsrpuNXNE+B0RGPF5zgPMcstkguN6PAQZmtHTNF2+jCqaa6I0P5Yzkb8BghzzEzvwP473clli+/ntJXPYVF0JlKvh58v3zNzx8Wne9vveqw3dNsBNp8phgs/+jS9cs1TaPv8LYOOnnv50FMOaVfpP2hbLmS7xWOItK8VBtFMuwGjEam4L2L3f4Bos5oH7wVtru/I7NLIRvsLlZowjRxKbkA2h+fmdBiSXpiIaNjhiD8Hsrk+oBKfujF2REy1nRG/JJrDW4jP9TCwA3A98hWdcp8ljrwb9ylX/24Fy2Ou8x6IiWvdWOVR21UIgzQDCygdwgYxkd+vMuZCR9+Obp47I5o2jicQDdyGMPdERACMA95D/OALeqDrK0cvcRwuBDsZyywwYPMs9IdwzoiLeaF1PBcte5hxmTmg1GdFq39lPnz3Cm/2W40JZUObTObe7LcrV7f9gJdaxh2AKfxJm2K1k+7V0AFcvgHRwUXAT4FHEB9gBLKxLgfmr29nPeAwhLmiEKZG5nwoMDNWzyAm3q0II2qEudKIiTWRkmk3gJKfu4Kujn4ESylQkaLS12hBNuXvETPtSGQ9fk2lRi1HP1fvcCxnWctfXHlkyYRuztUwL3Y/nJKAXoOsSzUsd9dGYFDZs1Yk4PM2cBxwDPA7xCRMIRZIEdHQfRbVmGt17L4FmAT2KKIFtAWwlicGHMKU1j04bvVrHLh2BiOzi2kqZu2S5MDM3HQbbzXvzJR+YymqxvOUyVytLE1VxpIunSxUEMnFS1B8vIE0vYREAi9zfz+EROU2Jea6cUJKzJWjMkKnEE02GZHqPkLhNxF/6yKEqa5FNkukCXvaNNE7s1Rq4qS7/gLRHnsC/wq8TPeMEcdC4EUUn8fkWjSGondhHNWP/M0E3X97POrLUOm7Ruv0OMJcOyIBkn0QU3AyIqD6NKotVrmE3wV5OWez7suKFmWyFPCYNPhwJg2aAGEe3+Qp6jSgwdrdCHNXapM9ptrAdt0/kPQUSU+TLQRYyxPA7RuS04phFvLCEu6+/OWWJ83KtUTkB3U3iamISdLjl9Rc+7WI1H0vVu4h2jRKd0x1z5cjkcCtgCYqGSLhnoFssgXdjLsG0VhPIz7cbxANXu27P2lEMDwEXGdhDhoaEjYSep/E5rx1N+MdjGi4992cliJWwxbu83mVNsPcdW0PdExBBNlIJAo8AHEX5tE1HdAnUS2gMaVK2XbAC4hDeyBOQioMKuxEhVmwhqL2t8EUTlRhdrIy2akK04WxLNHJJ/C1piWdYFhriuH9GzAWjOVDFOdUBDFqC2jEkYzRlqzyPEfJN9qKUi4pQgvy8rNU99MsvTNWHOWSOUSYPu/m922EWaLDydsiYehy7AXs6u5fp7Txq+EthIEN8s6OoLqwmIVEVs8A5iQ0rOjQ/HmZTyphAd6gdPTsWCpP1WwD3If4eT9xdDwfo2NClTH3BMa4+3egWytlNbLnQJg04cb5WqCa5nqNkrSIQyFHlo5H/IrpiD3tAa0KOwJrdyOeH6PEUAqLpxRpX9Psa5pTHv1SHg2eZs7ydjoLwTItUb6lbH5kEE1xJLIBbkGSoEuQMO/ZCNPNQNaiHEORvFNkFkLJPPyUWFgbMXFGIZs8Mne2RxKyKYR5o6MHdyF+xRjgCjfP113bvRAtt6Xr/xq6/pJJNfwBCWefEpunsVaSxVqjgP+KN0h7lncXJXlwdpphLQZjWYj4jL9DTM2b3P08SnmqbRFGiH6g6G6EEXcHfo5op1cdHXsivt0Q5OzqRLqmO8rpmYxERluR/OUbVejskz9aVIW5bCdC/P09tBvtPlURN/l8rUh5Hk2+ptn3aPIVLb5mYKNPaAzTF65leaaw1FPqWKydvZHmYASfkubqzn+5B9mw30E233cRqduCmFKfIWbbEldfU0ooT0A2CVSG9W9EmCAadxCyOXOIIML17yOa6zokrwMSkDkDSdLuiTjuc12/wxHBNRs4j65RuMj/SNEVBUR7jUaiqApIt6Yst0xrYmT/0LY1hwSxRLIFfM/S5FtMacveiZhh5yKh8MOQKOEWjpZFiG/3uqu/FNGGdyFr/Aii/QzCiC2IQLmAruZyNP944GuG6/dIJKIZ+bVerH75aZk+gUrmEkP735FMf+VZo26wjqEseEqRTChakpoWX9Pka5p8RZPv0T/lMbgxwecdBd746xpWZwvztFYnYO30XoZYH3yCbEwf2YzVsBD58ubJyM8NbIeYaPOBNxHzIx75yyFS/jPEJCxfO+0+Uf5mDvAnZEP7dNVwedfPS4gfG/eF3kNCzydT+r6bQiJnLyLaodxHeR/xr96sQuc8ZOOf6eYxy9eWD1cmaC8ohtUmy3KIpn0V+AHihzci4fQo9F8ecp+B7J+TEJN0pKNjqqN7EqXTLBFmInm0V8vG/j2SV4wnxdsRF+ZTavrq0pePyrOFN0YRWNqw9mmwYyt/rNOgLFhr1p0H9ICUB42OkZoTmpakMwGTmgHpBIMaEuSKIe8t/oJ3F66lGIYvacWZYOeVzhb2jOCqIzbtCtRRx2ZCT6HVJYjkvA/JM3SBBbRSpBOOmXxNs69ocn+3OIYamPZoSmoy+ZA/L2nn3UVrWdtZWKO0ukZrdb1waB11/O2ht7zFKiTPcAmSLR8MEulr9hWtSU3/lEdLsqumavAVvlJgLYvaC8xZkeGjFZ1ksoUMHk9qT18B9qO+6YbWUcemQS1JwRDJk9yH2O2nB8YMzxQUxcCQKQS0+JqGhMJTkA8M2WJAZzGkIx+Qz4cWG85Eq8d0Qj8A9tNazL866vi6oxbmirAYCQ/fbOGwgrHHFgKzTUfB9F9hbAPWelgbYG0W7GqwC4AZ2lMvg56NpVhnqjr+P6EioFFHHXVsGtT/f6466thMqDNXHXVsJvwfxsOZE4uRW0YAAAAASUVORK5CYII=\"></p><p><strong>在线体验</strong></p><p>Vue版本体验地址：http://netvue.ts.yuebon.com/（用户名：test，密码：test123）</p><p><br></p><p>WebApi接口地址：http://netcoreapi.ts.yuebon.com</p><p><br></p><p>官方文档：http://docs.v.yuebon.com/</p><p><br></p><p>交流QQ群：90311523</p><p><br></p><p>更新日志</p><p>更新日志 点击查看</p><p><br></p><p>概述</p><p>YuebonCore是基于.Net5.0开发的权限管理及快速开发框架，整合应用最新技术包括Asp.NetCore MVC、Dapper、AutoFac、WebAPI、Swagger、EF、Vue等，核心模块包括：组织机构、角色用户、权限授权、多系统、多应用管理、定时任务、业务单据编码规则、代码生成器等。它的架构易于扩展，规范了一套业务实现的代码结构与操作流程，使 YuebonCore框架更易于应用到实际项目开发中。</p><p><br></p><p>YuebonCore FW其核心设计目标是开发迅速、代码量少、学习简单、功能强大、轻量级、易扩展，让Web开发更快速、简单，解决70%重复工作。轻松开发，专注您的业务，从YuebonCore FW开始！</p><p><br></p><p>项目简介</p><p>YuebonCore是一套基于Net5.0 开发出来的框架，源代码完全开源！目前发布了Vue单页面版和mvc版两个版本，开发者可以根据自己的喜好选择。</p><p><br></p><p>使用 MIT 协议，采用主流框架，容易上手，简单易学，学习成本低。可完全实现二次开发、基本满足80%项目需求。</p><p><br></p><p>代码生成器可以帮助解决.NET项目70%的重复工作，让开发更多关注业务逻辑。既能快速提高开发效率，帮助公司节省人力成本，同时又不失灵活性。</p><p><br></p><p>操作权限控制精密细致，对所有管理链接都进行权限验证，可控制到导航菜单、功能按钮。</p><p><br></p><p>数据权限（精细化数据权限控制，可以设置角色可以访问的数据范围，部门、工作组、公司数据）</p><p><br></p><p>常用类封装，日志、缓存、验证、字典、文件、邮件、,Excel。等等，目前兼容浏览器（IE11+、Chrome、Firefox、360浏览器等）</p><p><br></p><p>适用范围：可以开发OA、ERP、BPM、CRM、WMS、TMS、MIS、BI、电商平台后台、物流管理系统、快递管理系统、教务管理系统等各类管理软件。</p><p><br></p><p>技术介绍</p><p>前端目前采用Vue家族前端技术。</p><p><br></p><p>前端技术</p><p>Vue版前端技术栈 ：基于vue、vuex、vue-router 、vue-cli 、axios 和 element-ui，，前端采用vscode工具开发</p>', 99, NULL, NULL, NULL, NULL, NULL, NULL, NULL, NULL, NULL, NULL, NULL, NULL, 1, 0, '2021-01-08 20:33:30', '9f2ec079-7d0f-4fe2-90ab-8b09a8302aba', NULL, NULL, '2021-01-08 20:56:14', '9f2ec079-7d0f-4fe2-90ab-8b09a8302aba', NULL, NULL);
INSERT INTO `cms_articlenews`(`Id`, `CategoryId`, `CategoryName`, `Title`, `SubTitle`, `LinkUrl`, `ImgUrl`, `SeoTitle`, `SeoKeywords`, `SeoDescription`, `Tags`, `Zhaiyao`, `Description`, `SortCode`, `IsMsg`, `IsTop`, `IsRed`, `IsHot`, `IsSys`, `IsNew`, `IsSlide`, `Click`, `LikeCount`, `TotalBrowse`, `Source`, `Author`, `EnabledMark`, `DeleteMark`, `CreatorTime`, `CreatorUserId`, `CompanyId`, `DeptId`, `LastModifyTime`, `LastModifyUserId`, `DeleteTime`, `DeleteUserId`) VALUES ('2021010821344464535289', '2021010811283469785995', '企业新闻', '师范生大师', NULL, NULL, NULL, NULL, NULL, NULL, NULL, NULL, '<p>碍事法师法撒旦撒旦法是否士大夫撒旦法撒旦撒旦法啊实打实按时发达发达是打发士大夫士大夫撒发大是大非</p>', 99, NULL, 1, NULL, 1, NULL, 1, NULL, NULL, NULL, NULL, NULL, NULL, 0, 0, '2021-01-08 21:34:45', '9f2ec079-7d0f-4fe2-90ab-8b09a8302aba', NULL, NULL, '2021-01-08 23:47:38', '9f2ec079-7d0f-4fe2-90ab-8b09a8302aba', NULL, NULL);
INSERT INTO `cms_articlenews`(`Id`, `CategoryId`, `CategoryName`, `Title`, `SubTitle`, `LinkUrl`, `ImgUrl`, `SeoTitle`, `SeoKeywords`, `SeoDescription`, `Tags`, `Zhaiyao`, `Description`, `SortCode`, `IsMsg`, `IsTop`, `IsRed`, `IsHot`, `IsSys`, `IsNew`, `IsSlide`, `Click`, `LikeCount`, `TotalBrowse`, `Source`, `Author`, `EnabledMark`, `DeleteMark`, `CreatorTime`, `CreatorUserId`, `CompanyId`, `DeptId`, `LastModifyTime`, `LastModifyUserId`, `DeleteTime`, `DeleteUserId`) VALUES ('2021010821370472146641', '2021010811283469785995', '企业新闻', '师范生大师', NULL, NULL, NULL, NULL, NULL, NULL, NULL, NULL, '<p>碍事法师法撒旦撒旦法是否士大夫撒旦法撒旦撒旦法啊实打实按时发达发达是打发士大夫士大夫撒发大是大非</p>', 99, NULL, 1, 1, NULL, NULL, NULL, NULL, NULL, NULL, NULL, NULL, NULL, 1, 0, '2021-01-08 21:37:05', '9f2ec079-7d0f-4fe2-90ab-8b09a8302aba', NULL, NULL, '2021-01-08 23:48:45', '9f2ec079-7d0f-4fe2-90ab-8b09a8302aba', NULL, NULL);
INSERT INTO `cms_articlenews`(`Id`, `CategoryId`, `CategoryName`, `Title`, `SubTitle`, `LinkUrl`, `ImgUrl`, `SeoTitle`, `SeoKeywords`, `SeoDescription`, `Tags`, `Zhaiyao`, `Description`, `SortCode`, `IsMsg`, `IsTop`, `IsRed`, `IsHot`, `IsSys`, `IsNew`, `IsSlide`, `Click`, `LikeCount`, `TotalBrowse`, `Source`, `Author`, `EnabledMark`, `DeleteMark`, `CreatorTime`, `CreatorUserId`, `CompanyId`, `DeptId`, `LastModifyTime`, `LastModifyUserId`, `DeleteTime`, `DeleteUserId`) VALUES ('2021010821382525389279', '2021010811294386657887', '行业动态', '的工程系', '水电费水电费水电费是', NULL, NULL, NULL, NULL, NULL, NULL, NULL, '<p>手动发送的都是手动发送的都是手动发送的都是手动发送的都是手动发送的都是手动发送的都是手动发送的都是手动发送的都是手动发送的都是手动发送的都是手动发送的都是</p><p>手动发送的都是手动发送的都是手动发送的都是手动发送的都是手动发送的都是手动发送的都是手动发送的都是手动发送的都是手动发送的都是手动发送的都是手动发送的都是手动发送的都是手动发送的都是手动发送的都是手动发送的都是手动发送的都是手动发送的都是手动发送的都是手动发送的都是手动发送的都是手动</p><p>发送的都是手动发送的都是手动发送的都是手动发送的都是手动发送的都是手动发送的都是手动发送的都是手动发送的都是手动发送的都是手动发送的都是手动发送的都是手动发送的都是手动发送的都是手动发送的都是手动发送的都是手动发送的都是手动发送的都是手动发送的都是手动发送的都是手动发送的都是手动发送的都是手动发送的都是手动发送的都是手动发送的都是手动发送的都是手动发送的都是手动发送的都是手动发送的都是手动发送的都是手动发送的都是手动发送的都是手动发送的都是手动发送的都是手动发送的都是手动发送的都是手动发送的都是手动发送的都是手动发送的都是手动发送的都是手动发送的都是手动发送的都是手动发送的都是手动发送的都是手动发送的都是手动发送的都是手动发送的都是手动发送的都是手动发送的都是手动发送的都是手动发送的都是</p>', 998, NULL, 1, 1, 1, NULL, 1, NULL, NULL, NULL, NULL, NULL, NULL, 1, 0, '2021-01-08 21:38:25', '9f2ec079-7d0f-4fe2-90ab-8b09a8302aba', NULL, NULL, '2021-01-08 23:34:21', '9f2ec079-7d0f-4fe2-90ab-8b09a8302aba', NULL, NULL);
INSERT INTO `sys_app`(`Id`, `AppId`, `AppSecret`, `EncodingAESKey`, `RequestUrl`, `Token`, `IsOpenAEKey`, `DeleteMark`, `EnabledMark`, `Description`, `CreatorTime`, `CreatorUserId`, `CompanyId`, `DeptId`, `LastModifyTime`, `LastModifyUserId`, `DeleteTime`, `DeleteUserId`) VALUES ('201806291558018946', 'system', '87135AB0160F706D8B47F06BDABA6FC6', '0D32368A4029492DB8E2ADF12C5B468E', ',192.168.1.106:809,localhost,192.168.1.104:808,192.168.1.107:809,192.168.0.104:808,192.168.31.246:809,192.168.1.110:810,192.168.1.110:811,netcoreapi.ts.yuebon.com,,192.168.1.110:809;192.168.31.246:809', '0099', 1, 0, 1, NULL, '2018-06-29 00:00:00', '9f2ec079-7d0f-4fe2-90ab-8b09a8302aba', NULL, NULL, '2020-04-17 00:00:00', '9f2ec079-7d0f-4fe2-90ab-8b09a8302aba', '2001-01-01 00:00:00', NULL);
INSERT INTO `sys_app`(`Id`, `AppId`, `AppSecret`, `EncodingAESKey`, `RequestUrl`, `Token`, `IsOpenAEKey`, `DeleteMark`, `EnabledMark`, `Description`, `CreatorTime`, `CreatorUserId`, `CompanyId`, `DeptId`, `LastModifyTime`, `LastModifyUserId`, `DeleteTime`, `DeleteUserId`) VALUES ('201807031608165724', 'wmsapp', 'B8548D08B8BA023677939E3AE8A4388E', '39641FFDAED557D2D6F2F1FC08A37696', ',192.168.1.110,localhost,192.168.1.110:809,192.168.1.107:809,192.168.1.88:809,192.168.31.246:809,192.168.1.110:810,192.168.1.110:811,192.168.1.110:809,192.168.31.246:809;192.168.31.246:809', '00990l', 1, 0, 1, NULL, '2018-07-03 00:00:00', '9f2ec079-7d0f-4fe2-90ab-8b09a8302aba', '5AB270C0-5D33-4203-A54F-4552699FDA3C', '80E10CD5-7591-40B8-A005-BCDE1B961E76', '2020-04-08 00:00:00', '9f2ec079-7d0f-4fe2-90ab-8b09a8302aba', '2001-01-01 00:00:00', NULL);
INSERT INTO `sys_items`(`Id`, `ParentId`, `EnCode`, `FullName`, `IsTree`, `Layers`, `SortCode`, `DeleteMark`, `EnabledMark`, `Description`, `CreatorTime`, `CreatorUserId`, `LastModifyTime`, `LastModifyUserId`, `DeleteTime`, `DeleteUserId`) VALUES ('00F76465-DBBA-484A-B75C-E81DEE9313E6', '77070117-3F1A-41BA-BF81-B8B85BF10D5E', 'Education', '学历', 0, 2, 8, 0, 1, NULL, '2001-01-01 00:00:00', NULL, '2001-01-01 00:00:00', NULL, '2001-01-01 00:00:00', NULL);
INSERT INTO `sys_items`(`Id`, `ParentId`, `EnCode`, `FullName`, `IsTree`, `Layers`, `SortCode`, `DeleteMark`, `EnabledMark`, `Description`, `CreatorTime`, `CreatorUserId`, `LastModifyTime`, `LastModifyUserId`, `DeleteTime`, `DeleteUserId`) VALUES ('0DF5B725-5FB8-487F-B0E4-BC563A77EB04', '77070117-3F1A-41BA-BF81-B8B85BF10D5E', 'DbType', '数据库类型', 0, 2, 4, 0, 1, NULL, '2001-01-01 00:00:00', NULL, '2001-01-01 00:00:00', NULL, '2001-01-01 00:00:00', NULL);
INSERT INTO `sys_items`(`Id`, `ParentId`, `EnCode`, `FullName`, `IsTree`, `Layers`, `SortCode`, `DeleteMark`, `EnabledMark`, `Description`, `CreatorTime`, `CreatorUserId`, `LastModifyTime`, `LastModifyUserId`, `DeleteTime`, `DeleteUserId`) VALUES ('15023A4E-4856-44EB-BE71-36A106E2AA59', '77070117-3F1A-41BA-BF81-B8B85BF10D5E', '103', '民族', 0, 2, 14, 0, 1, NULL, '2001-01-01 00:00:00', NULL, '2001-01-01 00:00:00', NULL, '2001-01-01 00:00:00', NULL);
INSERT INTO `sys_items`(`Id`, `ParentId`, `EnCode`, `FullName`, `IsTree`, `Layers`, `SortCode`, `DeleteMark`, `EnabledMark`, `Description`, `CreatorTime`, `CreatorUserId`, `LastModifyTime`, `LastModifyUserId`, `DeleteTime`, `DeleteUserId`) VALUES ('201806291944303740', '77070117-3F1A-41BA-BF81-B8B85BF10D5E', 'QuestionType', '问题类型', 0, 2, 99, 0, 1, NULL, '2018-06-29 00:00:00', '9f2ec079-7d0f-4fe2-90ab-8b09a8302aba', '2001-01-01 00:00:00', NULL, '2001-01-01 00:00:00', NULL);
INSERT INTO `sys_items`(`Id`, `ParentId`, `EnCode`, `FullName`, `IsTree`, `Layers`, `SortCode`, `DeleteMark`, `EnabledMark`, `Description`, `CreatorTime`, `CreatorUserId`, `LastModifyTime`, `LastModifyUserId`, `DeleteTime`, `DeleteUserId`) VALUES ('2019111411143998775145', '77070117-3F1A-41BA-BF81-B8B85BF10D5E', 'sysIndustry', '行业', 1, 2, 67, 0, 1, NULL, '2019-11-14 00:00:00', '9f2ec079-7d0f-4fe2-90ab-8b09a8302aba', '2020-04-23 00:00:00', '9f2ec079-7d0f-4fe2-90ab-8b09a8302aba', '2001-01-01 00:00:00', NULL);
INSERT INTO `sys_items`(`Id`, `ParentId`, `EnCode`, `FullName`, `IsTree`, `Layers`, `SortCode`, `DeleteMark`, `EnabledMark`, `Description`, `CreatorTime`, `CreatorUserId`, `LastModifyTime`, `LastModifyUserId`, `DeleteTime`, `DeleteUserId`) VALUES ('2020031518363999932307', '2020031518574467761393', 'Unit', '单位', 0, 2, 11, 0, 1, NULL, '2020-03-15 00:00:00', '9f2ec079-7d0f-4fe2-90ab-8b09a8302aba', '2001-01-01 00:00:00', NULL, '2001-01-01 00:00:00', NULL);
INSERT INTO `sys_items`(`Id`, `ParentId`, `EnCode`, `FullName`, `IsTree`, `Layers`, `SortCode`, `DeleteMark`, `EnabledMark`, `Description`, `CreatorTime`, `CreatorUserId`, `LastModifyTime`, `LastModifyUserId`, `DeleteTime`, `DeleteUserId`) VALUES ('2020031518502068403513', '2020031518574467761393', 'StoreTemperatureLayer', '存放温层', 0, 2, 15, 0, 1, NULL, '2020-03-15 00:00:00', '9f2ec079-7d0f-4fe2-90ab-8b09a8302aba', '2001-01-01 00:00:00', NULL, '2001-01-01 00:00:00', NULL);
INSERT INTO `sys_items`(`Id`, `ParentId`, `EnCode`, `FullName`, `IsTree`, `Layers`, `SortCode`, `DeleteMark`, `EnabledMark`, `Description`, `CreatorTime`, `CreatorUserId`, `LastModifyTime`, `LastModifyUserId`, `DeleteTime`, `DeleteUserId`) VALUES ('2020031518574467761393', '', 'WMS', '仓储系统', 0, 1, 2, 0, 1, NULL, '2020-03-15 00:00:00', '9f2ec079-7d0f-4fe2-90ab-8b09a8302aba', '2001-01-01 00:00:00', NULL, '2001-01-01 00:00:00', NULL);
INSERT INTO `sys_items`(`Id`, `ParentId`, `EnCode`, `FullName`, `IsTree`, `Layers`, `SortCode`, `DeleteMark`, `EnabledMark`, `Description`, `CreatorTime`, `CreatorUserId`, `LastModifyTime`, `LastModifyUserId`, `DeleteTime`, `DeleteUserId`) VALUES ('2020031518590238738223', '2020031518574467761393', 'OutStockType', '出库类型', 0, 2, 1, 0, 1, NULL, '2020-03-15 00:00:00', '9f2ec079-7d0f-4fe2-90ab-8b09a8302aba', '2001-01-01 00:00:00', NULL, '2001-01-01 00:00:00', NULL);
INSERT INTO `sys_items`(`Id`, `ParentId`, `EnCode`, `FullName`, `IsTree`, `Layers`, `SortCode`, `DeleteMark`, `EnabledMark`, `Description`, `CreatorTime`, `CreatorUserId`, `LastModifyTime`, `LastModifyUserId`, `DeleteTime`, `DeleteUserId`) VALUES ('2020031518590238738718', '2020031518574467761393', 'BillingWays', '计费方式', 0, 2, 1, 0, 1, NULL, '2020-03-15 00:00:00', '9f2ec079-7d0f-4fe2-90ab-8b09a8302aba', '2001-01-01 00:00:00', NULL, '2001-01-01 00:00:00', NULL);
INSERT INTO `sys_items`(`Id`, `ParentId`, `EnCode`, `FullName`, `IsTree`, `Layers`, `SortCode`, `DeleteMark`, `EnabledMark`, `Description`, `CreatorTime`, `CreatorUserId`, `LastModifyTime`, `LastModifyUserId`, `DeleteTime`, `DeleteUserId`) VALUES ('2020031518590238738819', '2020031518574467761393', 'OutStockBillStatus', '出库单状态', 0, 2, 1, 0, 1, NULL, '2020-03-15 00:00:00', '9f2ec079-7d0f-4fe2-90ab-8b09a8302aba', '2001-01-01 00:00:00', NULL, '2001-01-01 00:00:00', NULL);
INSERT INTO `sys_items`(`Id`, `ParentId`, `EnCode`, `FullName`, `IsTree`, `Layers`, `SortCode`, `DeleteMark`, `EnabledMark`, `Description`, `CreatorTime`, `CreatorUserId`, `LastModifyTime`, `LastModifyUserId`, `DeleteTime`, `DeleteUserId`) VALUES ('2748F35F-4EE2-417C-A907-3453146AAF67', '77070117-3F1A-41BA-BF81-B8B85BF10D5E', 'Certificate', '证件名称', 0, 2, 7, 0, 1, NULL, '2001-01-01 00:00:00', NULL, '2020-04-23 00:00:00', '9f2ec079-7d0f-4fe2-90ab-8b09a8302aba', '2001-01-01 00:00:00', NULL);
INSERT INTO `sys_items`(`Id`, `ParentId`, `EnCode`, `FullName`, `IsTree`, `Layers`, `SortCode`, `DeleteMark`, `EnabledMark`, `Description`, `CreatorTime`, `CreatorUserId`, `LastModifyTime`, `LastModifyUserId`, `DeleteTime`, `DeleteUserId`) VALUES ('77070117-3F1A-41BA-BF81-B8B85BF10D5E', '', 'Sys_Items', '通用字典', 0, 1, 1, 0, 1, NULL, '2001-01-01 00:00:00', NULL, '2001-01-01 00:00:00', NULL, '2001-01-01 00:00:00', NULL);
INSERT INTO `sys_items`(`Id`, `ParentId`, `EnCode`, `FullName`, `IsTree`, `Layers`, `SortCode`, `DeleteMark`, `EnabledMark`, `Description`, `CreatorTime`, `CreatorUserId`, `LastModifyTime`, `LastModifyUserId`, `DeleteTime`, `DeleteUserId`) VALUES ('8CEB2F71-026C-4FA6-9A61-378127AE7320', '77070117-3F1A-41BA-BF81-B8B85BF10D5E', '102', '生育', 0, 2, 13, 0, 1, NULL, '2001-01-01 00:00:00', NULL, '2001-01-01 00:00:00', NULL, '2001-01-01 00:00:00', NULL);
INSERT INTO `sys_items`(`Id`, `ParentId`, `EnCode`, `FullName`, `IsTree`, `Layers`, `SortCode`, `DeleteMark`, `EnabledMark`, `Description`, `CreatorTime`, `CreatorUserId`, `LastModifyTime`, `LastModifyUserId`, `DeleteTime`, `DeleteUserId`) VALUES ('954AB9A1-9928-4C6D-820A-FC1CDC85CDE0', '77070117-3F1A-41BA-BF81-B8B85BF10D5E', 'AuditState', '审核状态', 0, 2, 6, 0, 1, NULL, '2001-01-01 00:00:00', NULL, '2001-01-01 00:00:00', NULL, '2001-01-01 00:00:00', NULL);
INSERT INTO `sys_items`(`Id`, `ParentId`, `EnCode`, `FullName`, `IsTree`, `Layers`, `SortCode`, `DeleteMark`, `EnabledMark`, `Description`, `CreatorTime`, `CreatorUserId`, `LastModifyTime`, `LastModifyUserId`, `DeleteTime`, `DeleteUserId`) VALUES ('9a7079bd-0660-4549-9c2d-db5e8616619f', '77070117-3F1A-41BA-BF81-B8B85BF10D5E', 'DbLogType', '系统日志', NULL, 0, 16, NULL, 1, NULL, '2016-07-19 00:00:00', NULL, '2001-01-01 00:00:00', NULL, '2001-01-01 00:00:00', NULL);
INSERT INTO `sys_items`(`Id`, `ParentId`, `EnCode`, `FullName`, `IsTree`, `Layers`, `SortCode`, `DeleteMark`, `EnabledMark`, `Description`, `CreatorTime`, `CreatorUserId`, `LastModifyTime`, `LastModifyUserId`, `DeleteTime`, `DeleteUserId`) VALUES ('9EB4602B-BF9A-4710-9D80-C73CE89BEC5D', '77070117-3F1A-41BA-BF81-B8B85BF10D5E', 'OrganizeCategory', '机构分类', 0, 2, 2, 0, 1, NULL, '2001-01-01 00:00:00', NULL, '2001-01-01 00:00:00', NULL, '2001-01-01 00:00:00', NULL);
INSERT INTO `sys_items`(`Id`, `ParentId`, `EnCode`, `FullName`, `IsTree`, `Layers`, `SortCode`, `DeleteMark`, `EnabledMark`, `Description`, `CreatorTime`, `CreatorUserId`, `LastModifyTime`, `LastModifyUserId`, `DeleteTime`, `DeleteUserId`) VALUES ('BDD797C3-2323-4868-9A63-C8CC3437AEAA', '77070117-3F1A-41BA-BF81-B8B85BF10D5E', '104', '性别', 0, 2, 15, 0, 1, NULL, '2001-01-01 00:00:00', NULL, '2001-01-01 00:00:00', NULL, '2001-01-01 00:00:00', NULL);
INSERT INTO `sys_items`(`Id`, `ParentId`, `EnCode`, `FullName`, `IsTree`, `Layers`, `SortCode`, `DeleteMark`, `EnabledMark`, `Description`, `CreatorTime`, `CreatorUserId`, `LastModifyTime`, `LastModifyUserId`, `DeleteTime`, `DeleteUserId`) VALUES ('D94E4DC1-C2FD-4D19-9D5D-3886D39900CE', '77070117-3F1A-41BA-BF81-B8B85BF10D5E', 'RoleType', '角色类型', 0, 2, 3, 0, 1, NULL, '2001-01-01 00:00:00', NULL, '2001-01-01 00:00:00', NULL, '2001-01-01 00:00:00', NULL);
INSERT INTO `sys_items`(`Id`, `ParentId`, `EnCode`, `FullName`, `IsTree`, `Layers`, `SortCode`, `DeleteMark`, `EnabledMark`, `Description`, `CreatorTime`, `CreatorUserId`, `LastModifyTime`, `LastModifyUserId`, `DeleteTime`, `DeleteUserId`) VALUES ('FA7537E2-1C64-4431-84BF-66158DD63269', '77070117-3F1A-41BA-BF81-B8B85BF10D5E', '101', '婚姻', 0, 2, 12, 0, 1, NULL, '2001-01-01 00:00:00', NULL, '2001-01-01 00:00:00', NULL, '2001-01-01 00:00:00', NULL);
INSERT INTO `sys_itemsdetail`(`Id`, `ItemId`, `ParentId`, `ItemCode`, `ItemName`, `SimpleSpelling`, `IsDefault`, `Layers`, `SortCode`, `DeleteMark`, `EnabledMark`, `Description`, `CreatorTime`, `CreatorUserId`, `LastModifyTime`, `LastModifyUserId`, `DeleteTime`, `DeleteUserId`) VALUES ('0096ad81-4317-486e-9144-a6a02999ff19', '2748F35F-4EE2-417C-A907-3453146AAF67', '', '4', '护照', NULL, 0, 0, 4, 0, 1, NULL, '2001-01-01 00:00:00', NULL, '2001-01-01 00:00:00', NULL, '2001-01-01', NULL);
INSERT INTO `sys_itemsdetail`(`Id`, `ItemId`, `ParentId`, `ItemCode`, `ItemName`, `SimpleSpelling`, `IsDefault`, `Layers`, `SortCode`, `DeleteMark`, `EnabledMark`, `Description`, `CreatorTime`, `CreatorUserId`, `LastModifyTime`, `LastModifyUserId`, `DeleteTime`, `DeleteUserId`) VALUES ('04aba88d-f09b-46c6-bd90-a38471399b0e', 'D94E4DC1-C2FD-4D19-9D5D-3886D39900CE', '', '2', '业务角色', NULL, 0, 0, 2, 0, 1, NULL, '2001-01-01 00:00:00', NULL, '2001-01-01 00:00:00', NULL, '2001-01-01', NULL);
INSERT INTO `sys_itemsdetail`(`Id`, `ItemId`, `ParentId`, `ItemCode`, `ItemName`, `SimpleSpelling`, `IsDefault`, `Layers`, `SortCode`, `DeleteMark`, `EnabledMark`, `Description`, `CreatorTime`, `CreatorUserId`, `LastModifyTime`, `LastModifyUserId`, `DeleteTime`, `DeleteUserId`) VALUES ('1950efdf-8685-4341-8d2c-ac85ac7addd0', '00F76465-DBBA-484A-B75C-E81DEE9313E6', '', '1', '小学', NULL, 0, 0, 1, 0, 1, NULL, '2001-01-01 00:00:00', NULL, '2001-01-01 00:00:00', NULL, '2001-01-01', NULL);
INSERT INTO `sys_itemsdetail`(`Id`, `ItemId`, `ParentId`, `ItemCode`, `ItemName`, `SimpleSpelling`, `IsDefault`, `Layers`, `SortCode`, `DeleteMark`, `EnabledMark`, `Description`, `CreatorTime`, `CreatorUserId`, `LastModifyTime`, `LastModifyUserId`, `DeleteTime`, `DeleteUserId`) VALUES ('19EE595A-E775-409D-A48F-B33CF9F262C7', '9EB4602B-BF9A-4710-9D80-C73CE89BEC5D', '', 'WorkGroup', '小组', NULL, 0, 0, 7, 0, 1, NULL, '2001-01-01 00:00:00', NULL, '2001-01-01 00:00:00', NULL, '2001-01-01', NULL);
INSERT INTO `sys_itemsdetail`(`Id`, `ItemId`, `ParentId`, `ItemCode`, `ItemName`, `SimpleSpelling`, `IsDefault`, `Layers`, `SortCode`, `DeleteMark`, `EnabledMark`, `Description`, `CreatorTime`, `CreatorUserId`, `LastModifyTime`, `LastModifyUserId`, `DeleteTime`, `DeleteUserId`) VALUES ('201806291944581505', '201806291944303740', '', '系统异常', '系统异常', NULL, 0, 0, 1, 0, 1, NULL, '2018-06-29 00:00:00', '9f2ec079-7d0f-4fe2-90ab-8b09a8302aba', '2018-06-30 00:00:00', '9f2ec079-7d0f-4fe2-90ab-8b09a8302aba', '2001-01-01', NULL);
INSERT INTO `sys_itemsdetail`(`Id`, `ItemId`, `ParentId`, `ItemCode`, `ItemName`, `SimpleSpelling`, `IsDefault`, `Layers`, `SortCode`, `DeleteMark`, `EnabledMark`, `Description`, `CreatorTime`, `CreatorUserId`, `LastModifyTime`, `LastModifyUserId`, `DeleteTime`, `DeleteUserId`) VALUES ('201806291945335901', '201806291944303740', '', '新需求', '新需求', NULL, 0, 0, 2, 0, 1, NULL, '2018-06-29 00:00:00', '9f2ec079-7d0f-4fe2-90ab-8b09a8302aba', '2018-06-30 00:00:00', '9f2ec079-7d0f-4fe2-90ab-8b09a8302aba', '2001-01-01', NULL);
INSERT INTO `sys_itemsdetail`(`Id`, `ItemId`, `ParentId`, `ItemCode`, `ItemName`, `SimpleSpelling`, `IsDefault`, `Layers`, `SortCode`, `DeleteMark`, `EnabledMark`, `Description`, `CreatorTime`, `CreatorUserId`, `LastModifyTime`, `LastModifyUserId`, `DeleteTime`, `DeleteUserId`) VALUES ('2020031518371073493219', '2020031518363999932307', '', '箱', '箱', 'xiang', 0, 0, 1, 0, 1, NULL, '2020-03-15 00:00:00', '9f2ec079-7d0f-4fe2-90ab-8b09a8302aba', '2001-01-01 00:00:00', NULL, '2001-01-01', NULL);
INSERT INTO `sys_itemsdetail`(`Id`, `ItemId`, `ParentId`, `ItemCode`, `ItemName`, `SimpleSpelling`, `IsDefault`, `Layers`, `SortCode`, `DeleteMark`, `EnabledMark`, `Description`, `CreatorTime`, `CreatorUserId`, `LastModifyTime`, `LastModifyUserId`, `DeleteTime`, `DeleteUserId`) VALUES ('2020031518371173493219', '2020031518363999932307', '', 'PC', 'PC', 'xiang', 0, 0, 1, 0, 1, NULL, '2020-03-15 00:00:00', '9f2ec079-7d0f-4fe2-90ab-8b09a8302aba', '2001-01-01 00:00:00', NULL, '2001-01-01', NULL);
INSERT INTO `sys_itemsdetail`(`Id`, `ItemId`, `ParentId`, `ItemCode`, `ItemName`, `SimpleSpelling`, `IsDefault`, `Layers`, `SortCode`, `DeleteMark`, `EnabledMark`, `Description`, `CreatorTime`, `CreatorUserId`, `LastModifyTime`, `LastModifyUserId`, `DeleteTime`, `DeleteUserId`) VALUES ('2020031518373510988350', '2020031518363999932307', '', '个', '个', 'ge', 0, 0, 2, 0, 1, NULL, '2020-03-15 00:00:00', '9f2ec079-7d0f-4fe2-90ab-8b09a8302aba', '2001-01-01 00:00:00', NULL, '2001-01-01', NULL);
INSERT INTO `sys_itemsdetail`(`Id`, `ItemId`, `ParentId`, `ItemCode`, `ItemName`, `SimpleSpelling`, `IsDefault`, `Layers`, `SortCode`, `DeleteMark`, `EnabledMark`, `Description`, `CreatorTime`, `CreatorUserId`, `LastModifyTime`, `LastModifyUserId`, `DeleteTime`, `DeleteUserId`) VALUES ('2020031518375117651872', '2020031518363999932307', '', '件', '件', 'jian', 0, 0, 3, 0, 1, NULL, '2020-03-15 00:00:00', '9f2ec079-7d0f-4fe2-90ab-8b09a8302aba', '2001-01-01 00:00:00', NULL, '2001-01-01', NULL);
INSERT INTO `sys_itemsdetail`(`Id`, `ItemId`, `ParentId`, `ItemCode`, `ItemName`, `SimpleSpelling`, `IsDefault`, `Layers`, `SortCode`, `DeleteMark`, `EnabledMark`, `Description`, `CreatorTime`, `CreatorUserId`, `LastModifyTime`, `LastModifyUserId`, `DeleteTime`, `DeleteUserId`) VALUES ('2020031518381846423927', '2020031518363999932307', '', '瓶', '瓶', 'ping', 0, 0, 4, 0, 1, NULL, '2020-03-15 00:00:00', '9f2ec079-7d0f-4fe2-90ab-8b09a8302aba', '2001-01-01 00:00:00', NULL, '2001-01-01', NULL);
INSERT INTO `sys_itemsdetail`(`Id`, `ItemId`, `ParentId`, `ItemCode`, `ItemName`, `SimpleSpelling`, `IsDefault`, `Layers`, `SortCode`, `DeleteMark`, `EnabledMark`, `Description`, `CreatorTime`, `CreatorUserId`, `LastModifyTime`, `LastModifyUserId`, `DeleteTime`, `DeleteUserId`) VALUES ('2020031518383329601924', '2020031518363999932307', '', '片', '片', 'pian', 0, 0, 5, 0, 1, NULL, '2020-03-15 00:00:00', '9f2ec079-7d0f-4fe2-90ab-8b09a8302aba', '2001-01-01 00:00:00', NULL, '2001-01-01', NULL);
INSERT INTO `sys_itemsdetail`(`Id`, `ItemId`, `ParentId`, `ItemCode`, `ItemName`, `SimpleSpelling`, `IsDefault`, `Layers`, `SortCode`, `DeleteMark`, `EnabledMark`, `Description`, `CreatorTime`, `CreatorUserId`, `LastModifyTime`, `LastModifyUserId`, `DeleteTime`, `DeleteUserId`) VALUES ('2020031518383329602924', '2020031518363999932307', '', '盒', '盒', 'he', 0, 0, 5, 0, 1, NULL, '2020-03-15 00:00:00', '9f2ec079-7d0f-4fe2-90ab-8b09a8302aba', '2001-01-01 00:00:00', NULL, '2001-01-01', NULL);
INSERT INTO `sys_itemsdetail`(`Id`, `ItemId`, `ParentId`, `ItemCode`, `ItemName`, `SimpleSpelling`, `IsDefault`, `Layers`, `SortCode`, `DeleteMark`, `EnabledMark`, `Description`, `CreatorTime`, `CreatorUserId`, `LastModifyTime`, `LastModifyUserId`, `DeleteTime`, `DeleteUserId`) VALUES ('2020031518383329605923', '2020031518363999932307', '', '条', '条', 'tiao', 0, 0, 5, 0, 1, NULL, '2020-03-15 00:00:00', '9f2ec079-7d0f-4fe2-90ab-8b09a8302aba', '2001-01-01 00:00:00', NULL, '2001-01-01', NULL);
INSERT INTO `sys_itemsdetail`(`Id`, `ItemId`, `ParentId`, `ItemCode`, `ItemName`, `SimpleSpelling`, `IsDefault`, `Layers`, `SortCode`, `DeleteMark`, `EnabledMark`, `Description`, `CreatorTime`, `CreatorUserId`, `LastModifyTime`, `LastModifyUserId`, `DeleteTime`, `DeleteUserId`) VALUES ('2020031518514008607372', '2020031518502068403513', '', '冷藏', '冷藏', 'lc', 0, 0, 1, 0, 1, NULL, '2020-03-15 00:00:00', '9f2ec079-7d0f-4fe2-90ab-8b09a8302aba', '2001-01-01 00:00:00', NULL, '2001-01-01', NULL);
INSERT INTO `sys_itemsdetail`(`Id`, `ItemId`, `ParentId`, `ItemCode`, `ItemName`, `SimpleSpelling`, `IsDefault`, `Layers`, `SortCode`, `DeleteMark`, `EnabledMark`, `Description`, `CreatorTime`, `CreatorUserId`, `LastModifyTime`, `LastModifyUserId`, `DeleteTime`, `DeleteUserId`) VALUES ('2020031518520550764804', '2020031518502068403513', '', '恒温', '恒温', 'hw', 0, 0, 2, 0, 1, NULL, '2020-03-15 00:00:00', '9f2ec079-7d0f-4fe2-90ab-8b09a8302aba', '2001-01-01 00:00:00', NULL, '2001-01-01', NULL);
INSERT INTO `sys_itemsdetail`(`Id`, `ItemId`, `ParentId`, `ItemCode`, `ItemName`, `SimpleSpelling`, `IsDefault`, `Layers`, `SortCode`, `DeleteMark`, `EnabledMark`, `Description`, `CreatorTime`, `CreatorUserId`, `LastModifyTime`, `LastModifyUserId`, `DeleteTime`, `DeleteUserId`) VALUES ('2020031518523777122682', '2020031518502068403513', '', '常温', '常温', 'cw', 0, 0, 3, 0, 1, NULL, '2020-03-15 00:00:00', '9f2ec079-7d0f-4fe2-90ab-8b09a8302aba', '2001-01-01 00:00:00', NULL, '2001-01-01', NULL);
INSERT INTO `sys_itemsdetail`(`Id`, `ItemId`, `ParentId`, `ItemCode`, `ItemName`, `SimpleSpelling`, `IsDefault`, `Layers`, `SortCode`, `DeleteMark`, `EnabledMark`, `Description`, `CreatorTime`, `CreatorUserId`, `LastModifyTime`, `LastModifyUserId`, `DeleteTime`, `DeleteUserId`) VALUES ('2020031519000746527561', '2020031518590238738718', '', '计吨', '计吨', 'jd', 0, 0, 1, 0, 1, NULL, '2020-03-15 00:00:00', '9f2ec079-7d0f-4fe2-90ab-8b09a8302aba', '2001-01-01 00:00:00', NULL, '2001-01-01', NULL);
INSERT INTO `sys_itemsdetail`(`Id`, `ItemId`, `ParentId`, `ItemCode`, `ItemName`, `SimpleSpelling`, `IsDefault`, `Layers`, `SortCode`, `DeleteMark`, `EnabledMark`, `Description`, `CreatorTime`, `CreatorUserId`, `LastModifyTime`, `LastModifyUserId`, `DeleteTime`, `DeleteUserId`) VALUES ('2020031519010257773237', '2020031518590238738718', '', '轻抛按箱', '按箱', 'qpax', 0, 0, 2, 0, 1, NULL, '2020-03-15 00:00:00', '9f2ec079-7d0f-4fe2-90ab-8b09a8302aba', '2001-01-01 00:00:00', NULL, '2001-01-01', NULL);
INSERT INTO `sys_itemsdetail`(`Id`, `ItemId`, `ParentId`, `ItemCode`, `ItemName`, `SimpleSpelling`, `IsDefault`, `Layers`, `SortCode`, `DeleteMark`, `EnabledMark`, `Description`, `CreatorTime`, `CreatorUserId`, `LastModifyTime`, `LastModifyUserId`, `DeleteTime`, `DeleteUserId`) VALUES ('2020031519013385646102', '2020031518590238738819', '', '1', '待分拣', NULL, 0, 0, 1, 0, 1, '出库单状态', '2020-03-15 00:00:00', '9f2ec079-7d0f-4fe2-90ab-8b09a8302aba', '2001-01-01 00:00:00', NULL, '2001-01-01', NULL);
INSERT INTO `sys_itemsdetail`(`Id`, `ItemId`, `ParentId`, `ItemCode`, `ItemName`, `SimpleSpelling`, `IsDefault`, `Layers`, `SortCode`, `DeleteMark`, `EnabledMark`, `Description`, `CreatorTime`, `CreatorUserId`, `LastModifyTime`, `LastModifyUserId`, `DeleteTime`, `DeleteUserId`) VALUES ('2020031519013385646103', '2020031518590238738819', '', '2', '分拣中', NULL, 0, 0, 1, 0, 1, '出库单状态', '2020-03-15 00:00:00', '9f2ec079-7d0f-4fe2-90ab-8b09a8302aba', '2001-01-01 00:00:00', NULL, '2001-01-01', NULL);
INSERT INTO `sys_itemsdetail`(`Id`, `ItemId`, `ParentId`, `ItemCode`, `ItemName`, `SimpleSpelling`, `IsDefault`, `Layers`, `SortCode`, `DeleteMark`, `EnabledMark`, `Description`, `CreatorTime`, `CreatorUserId`, `LastModifyTime`, `LastModifyUserId`, `DeleteTime`, `DeleteUserId`) VALUES ('2020031519013385646104', '2020031518590238738819', '', '3', '打包中', NULL, 0, 0, 1, 0, 1, '出库单状态', '2020-03-15 00:00:00', '9f2ec079-7d0f-4fe2-90ab-8b09a8302aba', '2001-01-01 00:00:00', NULL, '2001-01-01', NULL);
INSERT INTO `sys_itemsdetail`(`Id`, `ItemId`, `ParentId`, `ItemCode`, `ItemName`, `SimpleSpelling`, `IsDefault`, `Layers`, `SortCode`, `DeleteMark`, `EnabledMark`, `Description`, `CreatorTime`, `CreatorUserId`, `LastModifyTime`, `LastModifyUserId`, `DeleteTime`, `DeleteUserId`) VALUES ('2020031519013385646105', '2020031518590238738819', '', '4', '待出库', NULL, 0, 0, 1, 0, 1, '出库单状态', '2020-03-15 00:00:00', '9f2ec079-7d0f-4fe2-90ab-8b09a8302aba', '2001-01-01 00:00:00', NULL, '2001-01-01', NULL);
INSERT INTO `sys_itemsdetail`(`Id`, `ItemId`, `ParentId`, `ItemCode`, `ItemName`, `SimpleSpelling`, `IsDefault`, `Layers`, `SortCode`, `DeleteMark`, `EnabledMark`, `Description`, `CreatorTime`, `CreatorUserId`, `LastModifyTime`, `LastModifyUserId`, `DeleteTime`, `DeleteUserId`) VALUES ('2020031519013385646106', '2020031518590238738819', '', '5', '已出库', NULL, 0, 0, 1, 0, 1, '出库单状态', '2020-03-15 00:00:00', '9f2ec079-7d0f-4fe2-90ab-8b09a8302aba', '2001-01-01 00:00:00', NULL, '2001-01-01', NULL);
INSERT INTO `sys_itemsdetail`(`Id`, `ItemId`, `ParentId`, `ItemCode`, `ItemName`, `SimpleSpelling`, `IsDefault`, `Layers`, `SortCode`, `DeleteMark`, `EnabledMark`, `Description`, `CreatorTime`, `CreatorUserId`, `LastModifyTime`, `LastModifyUserId`, `DeleteTime`, `DeleteUserId`) VALUES ('2020031519013385646198', '2020031518590238738718', '', '整托', '整托', 'ztp', 0, 0, 1, 0, 1, '整托盘', '2020-03-15 00:00:00', '9f2ec079-7d0f-4fe2-90ab-8b09a8302aba', '2001-01-01 00:00:00', NULL, '2001-01-01', NULL);
INSERT INTO `sys_itemsdetail`(`Id`, `ItemId`, `ParentId`, `ItemCode`, `ItemName`, `SimpleSpelling`, `IsDefault`, `Layers`, `SortCode`, `DeleteMark`, `EnabledMark`, `Description`, `CreatorTime`, `CreatorUserId`, `LastModifyTime`, `LastModifyUserId`, `DeleteTime`, `DeleteUserId`) VALUES ('2020031519013385646199', '2020031518590238738819', '', '0', '待审核', NULL, 0, 0, 1, 0, 1, '出库单状态', '2020-03-15 00:00:00', '9f2ec079-7d0f-4fe2-90ab-8b09a8302aba', '2001-01-01 00:00:00', NULL, '2001-01-01', NULL);
INSERT INTO `sys_itemsdetail`(`Id`, `ItemId`, `ParentId`, `ItemCode`, `ItemName`, `SimpleSpelling`, `IsDefault`, `Layers`, `SortCode`, `DeleteMark`, `EnabledMark`, `Description`, `CreatorTime`, `CreatorUserId`, `LastModifyTime`, `LastModifyUserId`, `DeleteTime`, `DeleteUserId`) VALUES ('202003151901338564622', '2020031518590238738223', '', '1', '补货', NULL, 0, 0, 1, 0, 1, '整托盘', '2020-03-15 00:00:00', '9f2ec079-7d0f-4fe2-90ab-8b09a8302aba', '2001-01-01 00:00:00', NULL, '2001-01-01', NULL);
INSERT INTO `sys_itemsdetail`(`Id`, `ItemId`, `ParentId`, `ItemCode`, `ItemName`, `SimpleSpelling`, `IsDefault`, `Layers`, `SortCode`, `DeleteMark`, `EnabledMark`, `Description`, `CreatorTime`, `CreatorUserId`, `LastModifyTime`, `LastModifyUserId`, `DeleteTime`, `DeleteUserId`) VALUES ('202003151901338564623', '2020031518590238738223', '', '2', '其他', NULL, 0, 0, 1, 0, 1, '整托盘', '2020-03-15 00:00:00', '9f2ec079-7d0f-4fe2-90ab-8b09a8302aba', '2001-01-01 00:00:00', NULL, '2001-01-01', NULL);
INSERT INTO `sys_itemsdetail`(`Id`, `ItemId`, `ParentId`, `ItemCode`, `ItemName`, `SimpleSpelling`, `IsDefault`, `Layers`, `SortCode`, `DeleteMark`, `EnabledMark`, `Description`, `CreatorTime`, `CreatorUserId`, `LastModifyTime`, `LastModifyUserId`, `DeleteTime`, `DeleteUserId`) VALUES ('2020031519013385646298', '2020031518590238738223', '', '0', '销售出库', NULL, 0, 0, 1, 0, 1, '整托盘', '2020-03-15 00:00:00', '9f2ec079-7d0f-4fe2-90ab-8b09a8302aba', '2001-01-01 00:00:00', NULL, '2001-01-01', NULL);
INSERT INTO `sys_itemsdetail`(`Id`, `ItemId`, `ParentId`, `ItemCode`, `ItemName`, `SimpleSpelling`, `IsDefault`, `Layers`, `SortCode`, `DeleteMark`, `EnabledMark`, `Description`, `CreatorTime`, `CreatorUserId`, `LastModifyTime`, `LastModifyUserId`, `DeleteTime`, `DeleteUserId`) VALUES ('24e39617-f04e-4f6f-9209-ad71e870e7c6', '9a7079bd-0660-4549-9c2d-db5e8616619f', '', 'Submit', '提交', NULL, 0, 0, 7, NULL, 1, NULL, '2016-07-19 00:00:00', NULL, '2016-07-19 00:00:00', NULL, '2001-01-01', NULL);
INSERT INTO `sys_itemsdetail`(`Id`, `ItemId`, `ParentId`, `ItemCode`, `ItemName`, `SimpleSpelling`, `IsDefault`, `Layers`, `SortCode`, `DeleteMark`, `EnabledMark`, `Description`, `CreatorTime`, `CreatorUserId`, `LastModifyTime`, `LastModifyUserId`, `DeleteTime`, `DeleteUserId`) VALUES ('27e85cb8-04e7-447b-911d-dd1e97dfab83', '0DF5B725-5FB8-487F-B0E4-BC563A77EB04', '', 'Oracle', 'Oracle', NULL, 0, 0, 2, 0, 1, NULL, '2001-01-01 00:00:00', NULL, '2001-01-01 00:00:00', NULL, '2001-01-01', NULL);
INSERT INTO `sys_itemsdetail`(`Id`, `ItemId`, `ParentId`, `ItemCode`, `ItemName`, `SimpleSpelling`, `IsDefault`, `Layers`, `SortCode`, `DeleteMark`, `EnabledMark`, `Description`, `CreatorTime`, `CreatorUserId`, `LastModifyTime`, `LastModifyUserId`, `DeleteTime`, `DeleteUserId`) VALUES ('2B540AC5-6E64-4688-BB60-E0C01DFA982C', '9EB4602B-BF9A-4710-9D80-C73CE89BEC5D', '', 'SubCompany', '子公司', NULL, NULL, 0, 4, 0, 1, NULL, '2001-01-01 00:00:00', NULL, '2001-01-01 00:00:00', NULL, '2001-01-01', NULL);
INSERT INTO `sys_itemsdetail`(`Id`, `ItemId`, `ParentId`, `ItemCode`, `ItemName`, `SimpleSpelling`, `IsDefault`, `Layers`, `SortCode`, `DeleteMark`, `EnabledMark`, `Description`, `CreatorTime`, `CreatorUserId`, `LastModifyTime`, `LastModifyUserId`, `DeleteTime`, `DeleteUserId`) VALUES ('2C3715AC-16F7-48FC-AB40-B0931DB1E729', '9EB4602B-BF9A-4710-9D80-C73CE89BEC5D', '', 'Area', '区域', NULL, NULL, 0, 2, 0, 1, NULL, '2001-01-01 00:00:00', NULL, '2001-01-01 00:00:00', NULL, '2001-01-01', NULL);
INSERT INTO `sys_itemsdetail`(`Id`, `ItemId`, `ParentId`, `ItemCode`, `ItemName`, `SimpleSpelling`, `IsDefault`, `Layers`, `SortCode`, `DeleteMark`, `EnabledMark`, `Description`, `CreatorTime`, `CreatorUserId`, `LastModifyTime`, `LastModifyUserId`, `DeleteTime`, `DeleteUserId`) VALUES ('34222d46-e0c6-446e-8150-dbefc47a1d5f', '00F76465-DBBA-484A-B75C-E81DEE9313E6', '', '6', '本科', NULL, 0, 0, 6, 0, 1, NULL, '2001-01-01 00:00:00', NULL, '2001-01-01 00:00:00', NULL, '2001-01-01', NULL);
INSERT INTO `sys_itemsdetail`(`Id`, `ItemId`, `ParentId`, `ItemCode`, `ItemName`, `SimpleSpelling`, `IsDefault`, `Layers`, `SortCode`, `DeleteMark`, `EnabledMark`, `Description`, `CreatorTime`, `CreatorUserId`, `LastModifyTime`, `LastModifyUserId`, `DeleteTime`, `DeleteUserId`) VALUES ('34a642b2-44d4-485f-b3fc-6cce24f68b0f', '0DF5B725-5FB8-487F-B0E4-BC563A77EB04', '', 'MySql', 'MySql', NULL, 0, 0, 3, 0, 1, NULL, '2001-01-01 00:00:00', NULL, '2001-01-01 00:00:00', NULL, '2001-01-01', NULL);
INSERT INTO `sys_itemsdetail`(`Id`, `ItemId`, `ParentId`, `ItemCode`, `ItemName`, `SimpleSpelling`, `IsDefault`, `Layers`, `SortCode`, `DeleteMark`, `EnabledMark`, `Description`, `CreatorTime`, `CreatorUserId`, `LastModifyTime`, `LastModifyUserId`, `DeleteTime`, `DeleteUserId`) VALUES ('355ad7a4-c4f8-4bd3-9c72-ff07983da0f0', '00F76465-DBBA-484A-B75C-E81DEE9313E6', '', '9', '其他', NULL, 0, 0, 9, 0, 1, NULL, '2001-01-01 00:00:00', NULL, '2001-01-01 00:00:00', NULL, '2001-01-01', NULL);
INSERT INTO `sys_itemsdetail`(`Id`, `ItemId`, `ParentId`, `ItemCode`, `ItemName`, `SimpleSpelling`, `IsDefault`, `Layers`, `SortCode`, `DeleteMark`, `EnabledMark`, `Description`, `CreatorTime`, `CreatorUserId`, `LastModifyTime`, `LastModifyUserId`, `DeleteTime`, `DeleteUserId`) VALUES ('392f88a8-02c2-49eb-8aed-b2acf474272a', '9a7079bd-0660-4549-9c2d-db5e8616619f', '', 'Update', '修改', NULL, 0, 0, 6, NULL, 1, NULL, '2016-07-19 00:00:00', NULL, '2016-07-19 00:00:00', NULL, '2001-01-01', NULL);
INSERT INTO `sys_itemsdetail`(`Id`, `ItemId`, `ParentId`, `ItemCode`, `ItemName`, `SimpleSpelling`, `IsDefault`, `Layers`, `SortCode`, `DeleteMark`, `EnabledMark`, `Description`, `CreatorTime`, `CreatorUserId`, `LastModifyTime`, `LastModifyUserId`, `DeleteTime`, `DeleteUserId`) VALUES ('3c884a03-4f34-4150-b134-966387f1de2a', '9a7079bd-0660-4549-9c2d-db5e8616619f', '', 'Exit', '退出', NULL, 0, 0, 2, NULL, 1, NULL, '2016-07-19 00:00:00', NULL, '2016-07-19 00:00:00', NULL, '2001-01-01', NULL);
INSERT INTO `sys_itemsdetail`(`Id`, `ItemId`, `ParentId`, `ItemCode`, `ItemName`, `SimpleSpelling`, `IsDefault`, `Layers`, `SortCode`, `DeleteMark`, `EnabledMark`, `Description`, `CreatorTime`, `CreatorUserId`, `LastModifyTime`, `LastModifyUserId`, `DeleteTime`, `DeleteUserId`) VALUES ('3f280e2b-92f6-466c-8cc3-d7c8ff48cc8d', '00F76465-DBBA-484A-B75C-E81DEE9313E6', '', '7', '硕士', NULL, 0, 0, 7, 0, 1, NULL, '2001-01-01 00:00:00', NULL, '2001-01-01 00:00:00', NULL, '2001-01-01', NULL);
INSERT INTO `sys_itemsdetail`(`Id`, `ItemId`, `ParentId`, `ItemCode`, `ItemName`, `SimpleSpelling`, `IsDefault`, `Layers`, `SortCode`, `DeleteMark`, `EnabledMark`, `Description`, `CreatorTime`, `CreatorUserId`, `LastModifyTime`, `LastModifyUserId`, `DeleteTime`, `DeleteUserId`) VALUES ('41053517-215d-4e11-81cd-367c0e9578d7', '954AB9A1-9928-4C6D-820A-FC1CDC85CDE0', '', '3', '通过', NULL, 0, 0, 3, 0, 1, NULL, '2001-01-01 00:00:00', NULL, '2001-01-01 00:00:00', NULL, '2001-01-01', NULL);
INSERT INTO `sys_itemsdetail`(`Id`, `ItemId`, `ParentId`, `ItemCode`, `ItemName`, `SimpleSpelling`, `IsDefault`, `Layers`, `SortCode`, `DeleteMark`, `EnabledMark`, `Description`, `CreatorTime`, `CreatorUserId`, `LastModifyTime`, `LastModifyUserId`, `DeleteTime`, `DeleteUserId`) VALUES ('433511a9-78bd-41a0-ab25-e4d4b3423055', '00F76465-DBBA-484A-B75C-E81DEE9313E6', '', '2', '初中', NULL, 0, 0, 2, 0, 1, NULL, '2001-01-01 00:00:00', NULL, '2001-01-01 00:00:00', NULL, '2001-01-01', NULL);
INSERT INTO `sys_itemsdetail`(`Id`, `ItemId`, `ParentId`, `ItemCode`, `ItemName`, `SimpleSpelling`, `IsDefault`, `Layers`, `SortCode`, `DeleteMark`, `EnabledMark`, `Description`, `CreatorTime`, `CreatorUserId`, `LastModifyTime`, `LastModifyUserId`, `DeleteTime`, `DeleteUserId`) VALUES ('486a82e3-1950-425e-b2ce-b5d98f33016a', '00F76465-DBBA-484A-B75C-E81DEE9313E6', '', '5', '大专', NULL, 0, 0, 5, 0, 1, NULL, '2001-01-01 00:00:00', NULL, '2001-01-01 00:00:00', NULL, '2001-01-01', NULL);
INSERT INTO `sys_itemsdetail`(`Id`, `ItemId`, `ParentId`, `ItemCode`, `ItemName`, `SimpleSpelling`, `IsDefault`, `Layers`, `SortCode`, `DeleteMark`, `EnabledMark`, `Description`, `CreatorTime`, `CreatorUserId`, `LastModifyTime`, `LastModifyUserId`, `DeleteTime`, `DeleteUserId`) VALUES ('48c4e0f5-f570-4601-8946-6078762db3bf', '2748F35F-4EE2-417C-A907-3453146AAF67', '', '3', '军官证', NULL, 0, 0, 3, 0, 1, NULL, '2001-01-01 00:00:00', NULL, '2001-01-01 00:00:00', NULL, '2001-01-01', NULL);
INSERT INTO `sys_itemsdetail`(`Id`, `ItemId`, `ParentId`, `ItemCode`, `ItemName`, `SimpleSpelling`, `IsDefault`, `Layers`, `SortCode`, `DeleteMark`, `EnabledMark`, `Description`, `CreatorTime`, `CreatorUserId`, `LastModifyTime`, `LastModifyUserId`, `DeleteTime`, `DeleteUserId`) VALUES ('49300258-1227-4b85-b6a2-e948dbbe57a4', '15023A4E-4856-44EB-BE71-36A106E2AA59', '', '汉族', '汉族', NULL, 0, 0, 1, 0, 1, NULL, '2001-01-01 00:00:00', NULL, '2001-01-01 00:00:00', NULL, '2001-01-01', NULL);
INSERT INTO `sys_itemsdetail`(`Id`, `ItemId`, `ParentId`, `ItemCode`, `ItemName`, `SimpleSpelling`, `IsDefault`, `Layers`, `SortCode`, `DeleteMark`, `EnabledMark`, `Description`, `CreatorTime`, `CreatorUserId`, `LastModifyTime`, `LastModifyUserId`, `DeleteTime`, `DeleteUserId`) VALUES ('49b68663-ad01-4c43-b084-f98e3e23fee8', '954AB9A1-9928-4C6D-820A-FC1CDC85CDE0', '', '7', '废弃', NULL, 0, 0, 7, 0, 1, NULL, '2001-01-01 00:00:00', NULL, '2001-01-01 00:00:00', NULL, '2001-01-01', NULL);
INSERT INTO `sys_itemsdetail`(`Id`, `ItemId`, `ParentId`, `ItemCode`, `ItemName`, `SimpleSpelling`, `IsDefault`, `Layers`, `SortCode`, `DeleteMark`, `EnabledMark`, `Description`, `CreatorTime`, `CreatorUserId`, `LastModifyTime`, `LastModifyUserId`, `DeleteTime`, `DeleteUserId`) VALUES ('4c2f2428-2e00-4336-b9ce-5a61f24193f6', '2748F35F-4EE2-417C-A907-3453146AAF67', '', '2', '士兵证', NULL, 0, 0, 2, 0, 1, NULL, '2001-01-01 00:00:00', NULL, '2001-01-01 00:00:00', NULL, '2001-01-01', NULL);
INSERT INTO `sys_itemsdetail`(`Id`, `ItemId`, `ParentId`, `ItemCode`, `ItemName`, `SimpleSpelling`, `IsDefault`, `Layers`, `SortCode`, `DeleteMark`, `EnabledMark`, `Description`, `CreatorTime`, `CreatorUserId`, `LastModifyTime`, `LastModifyUserId`, `DeleteTime`, `DeleteUserId`) VALUES ('582e0b66-2ee9-4885-9f0c-3ce3ebf96e12', '8CEB2F71-026C-4FA6-9A61-378127AE7320', '', '1', '已育', NULL, 0, 0, 1, 0, 1, NULL, '2001-01-01 00:00:00', NULL, '2001-01-01 00:00:00', NULL, '2001-01-01', NULL);
INSERT INTO `sys_itemsdetail`(`Id`, `ItemId`, `ParentId`, `ItemCode`, `ItemName`, `SimpleSpelling`, `IsDefault`, `Layers`, `SortCode`, `DeleteMark`, `EnabledMark`, `Description`, `CreatorTime`, `CreatorUserId`, `LastModifyTime`, `LastModifyUserId`, `DeleteTime`, `DeleteUserId`) VALUES ('5d6def0e-e2a7-48eb-b43c-cc3631f60dd7', 'BDD797C3-2323-4868-9A63-C8CC3437AEAA', '', '1', '男', NULL, 0, 0, 1, 0, 1, NULL, '2001-01-01 00:00:00', NULL, '2001-01-01 00:00:00', NULL, '2001-01-01', NULL);
INSERT INTO `sys_itemsdetail`(`Id`, `ItemId`, `ParentId`, `ItemCode`, `ItemName`, `SimpleSpelling`, `IsDefault`, `Layers`, `SortCode`, `DeleteMark`, `EnabledMark`, `Description`, `CreatorTime`, `CreatorUserId`, `LastModifyTime`, `LastModifyUserId`, `DeleteTime`, `DeleteUserId`) VALUES ('63acf96d-6115-4d76-a994-438f59419aad', '954AB9A1-9928-4C6D-820A-FC1CDC85CDE0', '', '5', '退回', NULL, 0, 0, 5, 0, 1, NULL, '2001-01-01 00:00:00', NULL, '2001-01-01 00:00:00', NULL, '2001-01-01', NULL);
INSERT INTO `sys_itemsdetail`(`Id`, `ItemId`, `ParentId`, `ItemCode`, `ItemName`, `SimpleSpelling`, `IsDefault`, `Layers`, `SortCode`, `DeleteMark`, `EnabledMark`, `Description`, `CreatorTime`, `CreatorUserId`, `LastModifyTime`, `LastModifyUserId`, `DeleteTime`, `DeleteUserId`) VALUES ('643209c8-931b-4641-9e04-b8bdd11800af', '9a7079bd-0660-4549-9c2d-db5e8616619f', '', 'Login', '登录', NULL, 0, 0, 1, NULL, 1, NULL, '2016-07-19 00:00:00', NULL, '2016-07-19 00:00:00', NULL, '2001-01-01', NULL);
INSERT INTO `sys_itemsdetail`(`Id`, `ItemId`, `ParentId`, `ItemCode`, `ItemName`, `SimpleSpelling`, `IsDefault`, `Layers`, `SortCode`, `DeleteMark`, `EnabledMark`, `Description`, `CreatorTime`, `CreatorUserId`, `LastModifyTime`, `LastModifyUserId`, `DeleteTime`, `DeleteUserId`) VALUES ('738edf2a-d59f-4992-97ef-d847db23bcb8', 'FA7537E2-1C64-4431-84BF-66158DD63269', '', '1', '已婚', NULL, 0, 0, 1, 0, 1, NULL, '2001-01-01 00:00:00', NULL, '2001-01-01 00:00:00', NULL, '2001-01-01', NULL);
INSERT INTO `sys_itemsdetail`(`Id`, `ItemId`, `ParentId`, `ItemCode`, `ItemName`, `SimpleSpelling`, `IsDefault`, `Layers`, `SortCode`, `DeleteMark`, `EnabledMark`, `Description`, `CreatorTime`, `CreatorUserId`, `LastModifyTime`, `LastModifyUserId`, `DeleteTime`, `DeleteUserId`) VALUES ('795f2695-497a-4f5e-ab1d-706095c1edb9', '9a7079bd-0660-4549-9c2d-db5e8616619f', '', 'Other', '其他', NULL, 0, 0, 0, NULL, 1, NULL, '2016-07-19 00:00:00', NULL, '2016-07-19 00:00:00', NULL, '2001-01-01', NULL);
INSERT INTO `sys_itemsdetail`(`Id`, `ItemId`, `ParentId`, `ItemCode`, `ItemName`, `SimpleSpelling`, `IsDefault`, `Layers`, `SortCode`, `DeleteMark`, `EnabledMark`, `Description`, `CreatorTime`, `CreatorUserId`, `LastModifyTime`, `LastModifyUserId`, `DeleteTime`, `DeleteUserId`) VALUES ('7a6d1bc4-3ec7-4c57-be9b-b4c97d60d5f6', '954AB9A1-9928-4C6D-820A-FC1CDC85CDE0', '', '1', '草稿', NULL, 0, 0, 1, 0, 1, NULL, '2001-01-01 00:00:00', NULL, '2001-01-01 00:00:00', NULL, '2001-01-01', NULL);
INSERT INTO `sys_itemsdetail`(`Id`, `ItemId`, `ParentId`, `ItemCode`, `ItemName`, `SimpleSpelling`, `IsDefault`, `Layers`, `SortCode`, `DeleteMark`, `EnabledMark`, `Description`, `CreatorTime`, `CreatorUserId`, `LastModifyTime`, `LastModifyUserId`, `DeleteTime`, `DeleteUserId`) VALUES ('7c1135be-0148-43eb-ae49-62a1e16ebbe3', 'FA7537E2-1C64-4431-84BF-66158DD63269', '', '5', '其他', NULL, 0, 0, 5, 0, 1, NULL, '2001-01-01 00:00:00', NULL, '2001-01-01 00:00:00', NULL, '2001-01-01', NULL);
INSERT INTO `sys_itemsdetail`(`Id`, `ItemId`, `ParentId`, `ItemCode`, `ItemName`, `SimpleSpelling`, `IsDefault`, `Layers`, `SortCode`, `DeleteMark`, `EnabledMark`, `Description`, `CreatorTime`, `CreatorUserId`, `LastModifyTime`, `LastModifyUserId`, `DeleteTime`, `DeleteUserId`) VALUES ('7fc8fa11-4acf-409a-a771-aaf1eb81e814', '9a7079bd-0660-4549-9c2d-db5e8616619f', '', 'Exception', '异常', NULL, 0, 0, 8, NULL, 1, NULL, '2016-07-19 00:00:00', NULL, '2016-07-19 00:00:00', NULL, '2001-01-01', NULL);
INSERT INTO `sys_itemsdetail`(`Id`, `ItemId`, `ParentId`, `ItemCode`, `ItemName`, `SimpleSpelling`, `IsDefault`, `Layers`, `SortCode`, `DeleteMark`, `EnabledMark`, `Description`, `CreatorTime`, `CreatorUserId`, `LastModifyTime`, `LastModifyUserId`, `DeleteTime`, `DeleteUserId`) VALUES ('822baf7c-abdb-4257-9b78-1f550806f544', 'BDD797C3-2323-4868-9A63-C8CC3437AEAA', '', '0', '女', NULL, 0, 0, 2, 0, 1, NULL, '2001-01-01 00:00:00', NULL, '2001-01-01 00:00:00', NULL, '2001-01-01', NULL);
INSERT INTO `sys_itemsdetail`(`Id`, `ItemId`, `ParentId`, `ItemCode`, `ItemName`, `SimpleSpelling`, `IsDefault`, `Layers`, `SortCode`, `DeleteMark`, `EnabledMark`, `Description`, `CreatorTime`, `CreatorUserId`, `LastModifyTime`, `LastModifyUserId`, `DeleteTime`, `DeleteUserId`) VALUES ('8b7b38bf-07c5-4f71-a853-41c5add4a94e', '954AB9A1-9928-4C6D-820A-FC1CDC85CDE0', '', '6', '完成', NULL, 0, 0, 6, 0, 1, NULL, '2001-01-01 00:00:00', NULL, '2001-01-01 00:00:00', NULL, '2001-01-01', NULL);
INSERT INTO `sys_itemsdetail`(`Id`, `ItemId`, `ParentId`, `ItemCode`, `ItemName`, `SimpleSpelling`, `IsDefault`, `Layers`, `SortCode`, `DeleteMark`, `EnabledMark`, `Description`, `CreatorTime`, `CreatorUserId`, `LastModifyTime`, `LastModifyUserId`, `DeleteTime`, `DeleteUserId`) VALUES ('930b8de2-049f-4753-b9fd-87f484911ee4', '00F76465-DBBA-484A-B75C-E81DEE9313E6', '', '8', '博士', NULL, 0, 0, 8, 0, 1, NULL, '2001-01-01 00:00:00', NULL, '2001-01-01 00:00:00', NULL, '2001-01-01', NULL);
INSERT INTO `sys_itemsdetail`(`Id`, `ItemId`, `ParentId`, `ItemCode`, `ItemName`, `SimpleSpelling`, `IsDefault`, `Layers`, `SortCode`, `DeleteMark`, `EnabledMark`, `Description`, `CreatorTime`, `CreatorUserId`, `LastModifyTime`, `LastModifyUserId`, `DeleteTime`, `DeleteUserId`) VALUES ('9b6a2225-6138-4cf2-9845-1bbecdf9b3ed', '8CEB2F71-026C-4FA6-9A61-378127AE7320', '', '3', '其他', NULL, 0, 0, 3, 0, 1, NULL, '2001-01-01 00:00:00', NULL, '2001-01-01 00:00:00', NULL, '2001-01-01', NULL);
INSERT INTO `sys_itemsdetail`(`Id`, `ItemId`, `ParentId`, `ItemCode`, `ItemName`, `SimpleSpelling`, `IsDefault`, `Layers`, `SortCode`, `DeleteMark`, `EnabledMark`, `Description`, `CreatorTime`, `CreatorUserId`, `LastModifyTime`, `LastModifyUserId`, `DeleteTime`, `DeleteUserId`) VALUES ('a13ccf0d-ac8f-44ac-a522-4a54edf1f0fa', '9a7079bd-0660-4549-9c2d-db5e8616619f', '', 'Delete', '删除', NULL, 0, 0, 5, NULL, 1, NULL, '2016-07-19 00:00:00', NULL, '2016-07-19 00:00:00', NULL, '2001-01-01', NULL);
INSERT INTO `sys_itemsdetail`(`Id`, `ItemId`, `ParentId`, `ItemCode`, `ItemName`, `SimpleSpelling`, `IsDefault`, `Layers`, `SortCode`, `DeleteMark`, `EnabledMark`, `Description`, `CreatorTime`, `CreatorUserId`, `LastModifyTime`, `LastModifyUserId`, `DeleteTime`, `DeleteUserId`) VALUES ('a4974810-d88d-4d54-82cc-fd779875478f', '00F76465-DBBA-484A-B75C-E81DEE9313E6', '', '4', '中专', NULL, 0, 0, 4, 0, 1, NULL, '2001-01-01 00:00:00', NULL, '2001-01-01 00:00:00', NULL, '2001-01-01', NULL);
INSERT INTO `sys_itemsdetail`(`Id`, `ItemId`, `ParentId`, `ItemCode`, `ItemName`, `SimpleSpelling`, `IsDefault`, `Layers`, `SortCode`, `DeleteMark`, `EnabledMark`, `Description`, `CreatorTime`, `CreatorUserId`, `LastModifyTime`, `LastModifyUserId`, `DeleteTime`, `DeleteUserId`) VALUES ('A64EBB80-6A24-48AF-A10E-B6A532C32CA6', '9EB4602B-BF9A-4710-9D80-C73CE89BEC5D', '', 'Department', '部门', NULL, NULL, 0, 5, 0, 1, NULL, '2001-01-01 00:00:00', NULL, '2001-01-01 00:00:00', NULL, '2001-01-01', NULL);
INSERT INTO `sys_itemsdetail`(`Id`, `ItemId`, `ParentId`, `ItemCode`, `ItemName`, `SimpleSpelling`, `IsDefault`, `Layers`, `SortCode`, `DeleteMark`, `EnabledMark`, `Description`, `CreatorTime`, `CreatorUserId`, `LastModifyTime`, `LastModifyUserId`, `DeleteTime`, `DeleteUserId`) VALUES ('a6f271f9-8653-4c5c-86cf-4cd00324b3c3', 'FA7537E2-1C64-4431-84BF-66158DD63269', '', '4', '丧偶', NULL, 0, 0, 4, 0, 1, NULL, '2001-01-01 00:00:00', NULL, '2001-01-01 00:00:00', NULL, '2001-01-01', NULL);
INSERT INTO `sys_itemsdetail`(`Id`, `ItemId`, `ParentId`, `ItemCode`, `ItemName`, `SimpleSpelling`, `IsDefault`, `Layers`, `SortCode`, `DeleteMark`, `EnabledMark`, `Description`, `CreatorTime`, `CreatorUserId`, `LastModifyTime`, `LastModifyUserId`, `DeleteTime`, `DeleteUserId`) VALUES ('a7c4aba2-a891-4558-9b0a-bd7a1100a645', 'FA7537E2-1C64-4431-84BF-66158DD63269', '', '2', '未婚', NULL, 0, 0, 2, 0, 1, NULL, '2001-01-01 00:00:00', NULL, '2001-01-01 00:00:00', NULL, '2001-01-01', NULL);
INSERT INTO `sys_itemsdetail`(`Id`, `ItemId`, `ParentId`, `ItemCode`, `ItemName`, `SimpleSpelling`, `IsDefault`, `Layers`, `SortCode`, `DeleteMark`, `EnabledMark`, `Description`, `CreatorTime`, `CreatorUserId`, `LastModifyTime`, `LastModifyUserId`, `DeleteTime`, `DeleteUserId`) VALUES ('acb128a6-ff63-4e25-b1e8-0a336ed3ab18', '00F76465-DBBA-484A-B75C-E81DEE9313E6', '', '3', '高中', NULL, 0, 0, 3, 0, 1, NULL, '2001-01-01 00:00:00', NULL, '2001-01-01 00:00:00', NULL, '2001-01-01', NULL);
INSERT INTO `sys_itemsdetail`(`Id`, `ItemId`, `ParentId`, `ItemCode`, `ItemName`, `SimpleSpelling`, `IsDefault`, `Layers`, `SortCode`, `DeleteMark`, `EnabledMark`, `Description`, `CreatorTime`, `CreatorUserId`, `LastModifyTime`, `LastModifyUserId`, `DeleteTime`, `DeleteUserId`) VALUES ('ace2d5e8-56d4-4c8b-8409-34bc272df404', '2748F35F-4EE2-417C-A907-3453146AAF67', '', '5', '其它', NULL, 0, 0, 5, 0, 1, NULL, '2001-01-01 00:00:00', NULL, '2001-01-01 00:00:00', NULL, '2001-01-01', NULL);
INSERT INTO `sys_itemsdetail`(`Id`, `ItemId`, `ParentId`, `ItemCode`, `ItemName`, `SimpleSpelling`, `IsDefault`, `Layers`, `SortCode`, `DeleteMark`, `EnabledMark`, `Description`, `CreatorTime`, `CreatorUserId`, `LastModifyTime`, `LastModifyUserId`, `DeleteTime`, `DeleteUserId`) VALUES ('B97BD7F5-B212-40C1-A1F7-DD9A2E63EEF2', '9EB4602B-BF9A-4710-9D80-C73CE89BEC5D', '', 'Group', '集团', NULL, NULL, 0, 1, 0, 1, NULL, '2001-01-01 00:00:00', NULL, '2001-01-01 00:00:00', NULL, '2001-01-01', NULL);
INSERT INTO `sys_itemsdetail`(`Id`, `ItemId`, `ParentId`, `ItemCode`, `ItemName`, `SimpleSpelling`, `IsDefault`, `Layers`, `SortCode`, `DeleteMark`, `EnabledMark`, `Description`, `CreatorTime`, `CreatorUserId`, `LastModifyTime`, `LastModifyUserId`, `DeleteTime`, `DeleteUserId`) VALUES ('cc6daa5c-a71c-4b2c-9a98-336bc3ee13c8', 'D94E4DC1-C2FD-4D19-9D5D-3886D39900CE', '', '3', '其他角色', NULL, 0, 0, 3, 0, 1, NULL, '2001-01-01 00:00:00', NULL, '2001-01-01 00:00:00', NULL, '2001-01-01', NULL);
INSERT INTO `sys_itemsdetail`(`Id`, `ItemId`, `ParentId`, `ItemCode`, `ItemName`, `SimpleSpelling`, `IsDefault`, `Layers`, `SortCode`, `DeleteMark`, `EnabledMark`, `Description`, `CreatorTime`, `CreatorUserId`, `LastModifyTime`, `LastModifyUserId`, `DeleteTime`, `DeleteUserId`) VALUES ('ccc8e274-75da-4eb8-bed0-69008ab7c41c', '9a7079bd-0660-4549-9c2d-db5e8616619f', '', 'Visit', '访问', NULL, 0, 0, 3, NULL, 1, NULL, '2016-07-19 00:00:00', NULL, '2016-07-19 00:00:00', NULL, '2001-01-01', NULL);
INSERT INTO `sys_itemsdetail`(`Id`, `ItemId`, `ParentId`, `ItemCode`, `ItemName`, `SimpleSpelling`, `IsDefault`, `Layers`, `SortCode`, `DeleteMark`, `EnabledMark`, `Description`, `CreatorTime`, `CreatorUserId`, `LastModifyTime`, `LastModifyUserId`, `DeleteTime`, `DeleteUserId`) VALUES ('ce340c73-5048-4940-b86e-e3b3d53fdb2c', '954AB9A1-9928-4C6D-820A-FC1CDC85CDE0', '', '2', '提交', NULL, 0, 0, 2, 0, 1, NULL, '2001-01-01 00:00:00', NULL, '2001-01-01 00:00:00', NULL, '2001-01-01', NULL);
INSERT INTO `sys_itemsdetail`(`Id`, `ItemId`, `ParentId`, `ItemCode`, `ItemName`, `SimpleSpelling`, `IsDefault`, `Layers`, `SortCode`, `DeleteMark`, `EnabledMark`, `Description`, `CreatorTime`, `CreatorUserId`, `LastModifyTime`, `LastModifyUserId`, `DeleteTime`, `DeleteUserId`) VALUES ('D082BDB9-5C34-49BF-BD51-4E85D7BFF646', '9EB4602B-BF9A-4710-9D80-C73CE89BEC5D', '', 'Company', '公司', NULL, NULL, 0, 3, 0, 1, NULL, '2001-01-01 00:00:00', NULL, '2001-01-01 00:00:00', NULL, '2001-01-01', NULL);
INSERT INTO `sys_itemsdetail`(`Id`, `ItemId`, `ParentId`, `ItemCode`, `ItemName`, `SimpleSpelling`, `IsDefault`, `Layers`, `SortCode`, `DeleteMark`, `EnabledMark`, `Description`, `CreatorTime`, `CreatorUserId`, `LastModifyTime`, `LastModifyUserId`, `DeleteTime`, `DeleteUserId`) VALUES ('D1F439B9-D80E-4547-9EF0-163391854AB5', '9EB4602B-BF9A-4710-9D80-C73CE89BEC5D', '', 'SubDepartment', '子部门', NULL, NULL, 0, 6, 0, 1, NULL, '2001-01-01 00:00:00', NULL, '2001-01-01 00:00:00', NULL, '2001-01-01', NULL);
INSERT INTO `sys_itemsdetail`(`Id`, `ItemId`, `ParentId`, `ItemCode`, `ItemName`, `SimpleSpelling`, `IsDefault`, `Layers`, `SortCode`, `DeleteMark`, `EnabledMark`, `Description`, `CreatorTime`, `CreatorUserId`, `LastModifyTime`, `LastModifyUserId`, `DeleteTime`, `DeleteUserId`) VALUES ('d69cb819-2bb3-4e1d-9917-33b9a439233d', '2748F35F-4EE2-417C-A907-3453146AAF67', '', '1', '身份证', NULL, 0, 0, 1, 0, 1, NULL, '2001-01-01 00:00:00', NULL, '2001-01-01 00:00:00', NULL, '2001-01-01', NULL);
INSERT INTO `sys_itemsdetail`(`Id`, `ItemId`, `ParentId`, `ItemCode`, `ItemName`, `SimpleSpelling`, `IsDefault`, `Layers`, `SortCode`, `DeleteMark`, `EnabledMark`, `Description`, `CreatorTime`, `CreatorUserId`, `LastModifyTime`, `LastModifyUserId`, `DeleteTime`, `DeleteUserId`) VALUES ('de2167f3-40fe-4bf7-b8cb-5b1c554bad7a', '8CEB2F71-026C-4FA6-9A61-378127AE7320', '', '2', '未育', NULL, 0, 0, 2, 0, 1, NULL, '2001-01-01 00:00:00', NULL, '2001-01-01 00:00:00', NULL, '2001-01-01', NULL);
INSERT INTO `sys_itemsdetail`(`Id`, `ItemId`, `ParentId`, `ItemCode`, `ItemName`, `SimpleSpelling`, `IsDefault`, `Layers`, `SortCode`, `DeleteMark`, `EnabledMark`, `Description`, `CreatorTime`, `CreatorUserId`, `LastModifyTime`, `LastModifyUserId`, `DeleteTime`, `DeleteUserId`) VALUES ('e1979a4f-7fc1-42b9-a0e2-52d7059e8fb9', '954AB9A1-9928-4C6D-820A-FC1CDC85CDE0', '', '4', '待审', NULL, 0, 0, 4, 0, 1, NULL, '2001-01-01 00:00:00', NULL, '2001-01-01 00:00:00', NULL, '2001-01-01', NULL);
INSERT INTO `sys_itemsdetail`(`Id`, `ItemId`, `ParentId`, `ItemCode`, `ItemName`, `SimpleSpelling`, `IsDefault`, `Layers`, `SortCode`, `DeleteMark`, `EnabledMark`, `Description`, `CreatorTime`, `CreatorUserId`, `LastModifyTime`, `LastModifyUserId`, `DeleteTime`, `DeleteUserId`) VALUES ('e5079bae-a8c0-4209-9019-6a2b4a3a7dac', 'D94E4DC1-C2FD-4D19-9D5D-3886D39900CE', '', '1', '系统角色', NULL, 0, 0, 1, 0, 1, NULL, '2001-01-01 00:00:00', NULL, '2001-01-01 00:00:00', NULL, '2001-01-01', NULL);
INSERT INTO `sys_itemsdetail`(`Id`, `ItemId`, `ParentId`, `ItemCode`, `ItemName`, `SimpleSpelling`, `IsDefault`, `Layers`, `SortCode`, `DeleteMark`, `EnabledMark`, `Description`, `CreatorTime`, `CreatorUserId`, `LastModifyTime`, `LastModifyUserId`, `DeleteTime`, `DeleteUserId`) VALUES ('e545061c-93fd-4ca2-ab29-b43db9db798b', '9a7079bd-0660-4549-9c2d-db5e8616619f', '', 'Create', '新增', NULL, 0, 0, 4, NULL, 1, NULL, '2016-07-19 00:00:00', NULL, '2016-07-19 00:00:00', NULL, '2001-01-01', NULL);
INSERT INTO `sys_itemsdetail`(`Id`, `ItemId`, `ParentId`, `ItemCode`, `ItemName`, `SimpleSpelling`, `IsDefault`, `Layers`, `SortCode`, `DeleteMark`, `EnabledMark`, `Description`, `CreatorTime`, `CreatorUserId`, `LastModifyTime`, `LastModifyUserId`, `DeleteTime`, `DeleteUserId`) VALUES ('f9609400-7caf-49af-ae3c-7671a9292fb3', 'FA7537E2-1C64-4431-84BF-66158DD63269', '', '3', '离异', NULL, 0, 0, 3, 0, 1, NULL, '2001-01-01 00:00:00', NULL, '2001-01-01 00:00:00', NULL, '2001-01-01', NULL);
INSERT INTO `sys_itemsdetail`(`Id`, `ItemId`, `ParentId`, `ItemCode`, `ItemName`, `SimpleSpelling`, `IsDefault`, `Layers`, `SortCode`, `DeleteMark`, `EnabledMark`, `Description`, `CreatorTime`, `CreatorUserId`, `LastModifyTime`, `LastModifyUserId`, `DeleteTime`, `DeleteUserId`) VALUES ('fa6c1873-888c-4b70-a2cc-59fccbb22078', '0DF5B725-5FB8-487F-B0E4-BC563A77EB04', '', 'SqlServer', 'SqlServer', NULL, 0, 0, 1, 0, 1, NULL, '2001-01-01 00:00:00', NULL, '2001-01-01 00:00:00', NULL, '2001-01-01', NULL);
INSERT INTO `sys_menu`(`Id`, `SystemTypeId`, `ParentId`, `Layers`, `EnCode`, `FullName`, `Icon`, `UrlAddress`, `Component`, `Target`, `MenuType`, `IsExpand`, `IsFrame`, `IsShow`, `IsCache`, `IsPublic`, `AllowEdit`, `AllowDelete`, `SortCode`, `DeleteMark`, `EnabledMark`, `Description`, `CreatorTime`, `CreatorUserId`, `LastModifyTime`, `LastModifyUserId`, `DeleteTime`, `DeleteUserId`) VALUES ('1', '201806141508359155', '', 1, 'Security', '系统管理', 'set', '/setting', NULL, 'expand', 'C', 1, 0, 1, 0, 0, 1, 1, 996, 0, 1, NULL, '2018-06-03 00:00:00', '9f2ec079-7d0f-4fe2-90ab-8b09a8302aba', '2021-01-20 20:16:39', '9f2ec079-7d0f-4fe2-90ab-8b09a8302aba', '2018-06-03 00:00:00', '9f2ec079-7d0f-4fe2-90ab-8b09a8302aba');
INSERT INTO `sys_menu`(`Id`, `SystemTypeId`, `ParentId`, `Layers`, `EnCode`, `FullName`, `Icon`, `UrlAddress`, `Component`, `Target`, `MenuType`, `IsExpand`, `IsFrame`, `IsShow`, `IsCache`, `IsPublic`, `AllowEdit`, `AllowDelete`, `SortCode`, `DeleteMark`, `EnabledMark`, `Description`, `CreatorTime`, `CreatorUserId`, `LastModifyTime`, `LastModifyUserId`, `DeleteTime`, `DeleteUserId`) VALUES ('201806040726499682', '201806141508359155', '9', 2, 'DbTools', '数据库连接', 'database', '/tool/dbtools', 'tool/dbtools', 'iframe', 'M', 0, 0, 1, 0, 0, 1, 1, 100, 0, 1, NULL, '2018-06-04 00:00:00', '9f2ec079-7d0f-4fe2-90ab-8b09a8302aba', '2021-01-20 20:21:39', '9f2ec079-7d0f-4fe2-90ab-8b09a8302aba', '2001-01-01 00:00:00', NULL);
INSERT INTO `sys_menu`(`Id`, `SystemTypeId`, `ParentId`, `Layers`, `EnCode`, `FullName`, `Icon`, `UrlAddress`, `Component`, `Target`, `MenuType`, `IsExpand`, `IsFrame`, `IsShow`, `IsCache`, `IsPublic`, `AllowEdit`, `AllowDelete`, `SortCode`, `DeleteMark`, `EnabledMark`, `Description`, `CreatorTime`, `CreatorUserId`, `LastModifyTime`, `LastModifyUserId`, `DeleteTime`, `DeleteUserId`) VALUES ('201806120821141288', '201806141508359155', '', 1, 'SysLog', '日志管理', 'logtask', '/log', NULL, 'expand', 'C', 0, 0, 1, 0, 0, 1, 1, 998, 0, 1, NULL, '2018-06-12 00:00:00', '9f2ec079-7d0f-4fe2-90ab-8b09a8302aba', '2021-01-20 20:19:45', '9f2ec079-7d0f-4fe2-90ab-8b09a8302aba', '2001-01-01 00:00:00', NULL);
INSERT INTO `sys_menu`(`Id`, `SystemTypeId`, `ParentId`, `Layers`, `EnCode`, `FullName`, `Icon`, `UrlAddress`, `Component`, `Target`, `MenuType`, `IsExpand`, `IsFrame`, `IsShow`, `IsCache`, `IsPublic`, `AllowEdit`, `AllowDelete`, `SortCode`, `DeleteMark`, `EnabledMark`, `Description`, `CreatorTime`, `CreatorUserId`, `LastModifyTime`, `LastModifyUserId`, `DeleteTime`, `DeleteUserId`) VALUES ('201806121608404625', '201806141508359155', '9', 2, 'Menu', '功能模块', 'menu-module', '/menu/index', 'menu/index', 'iframe', 'M', 0, 0, 1, 0, 0, 1, 1, 7, 0, 1, NULL, '2018-06-12 00:00:00', '9f2ec079-7d0f-4fe2-90ab-8b09a8302aba', '2021-01-20 20:21:18', '9f2ec079-7d0f-4fe2-90ab-8b09a8302aba', '2001-01-01 00:00:00', NULL);
INSERT INTO `sys_menu`(`Id`, `SystemTypeId`, `ParentId`, `Layers`, `EnCode`, `FullName`, `Icon`, `UrlAddress`, `Component`, `Target`, `MenuType`, `IsExpand`, `IsFrame`, `IsShow`, `IsCache`, `IsPublic`, `AllowEdit`, `AllowDelete`, `SortCode`, `DeleteMark`, `EnabledMark`, `Description`, `CreatorTime`, `CreatorUserId`, `LastModifyTime`, `LastModifyUserId`, `DeleteTime`, `DeleteUserId`) VALUES ('201806141351101389', '201806141508359155', '9', 2, 'SystemType', '系统类型', 'system', '/systemtype/index', 'systemtype/index', 'expand', 'M', 0, 0, 1, 0, 0, 1, 1, 5, 0, 1, NULL, '2018-06-14 00:00:00', '9f2ec079-7d0f-4fe2-90ab-8b09a8302aba', '2021-01-20 20:20:55', '9f2ec079-7d0f-4fe2-90ab-8b09a8302aba', '2001-01-01 00:00:00', NULL);
INSERT INTO `sys_menu`(`Id`, `SystemTypeId`, `ParentId`, `Layers`, `EnCode`, `FullName`, `Icon`, `UrlAddress`, `Component`, `Target`, `MenuType`, `IsExpand`, `IsFrame`, `IsShow`, `IsCache`, `IsPublic`, `AllowEdit`, `AllowDelete`, `SortCode`, `DeleteMark`, `EnabledMark`, `Description`, `CreatorTime`, `CreatorUserId`, `LastModifyTime`, `LastModifyUserId`, `DeleteTime`, `DeleteUserId`) VALUES ('201806291506346894', '201806141508359155', '9', 2, 'APP', '应用管理', 'app', '/app/index', 'app/index', 'iframe', 'M', 0, 0, 1, 0, 0, 1, 1, 6, 0, 1, NULL, '2018-06-29 00:00:00', '9f2ec079-7d0f-4fe2-90ab-8b09a8302aba', '2021-01-20 20:21:07', '9f2ec079-7d0f-4fe2-90ab-8b09a8302aba', '2001-01-01 00:00:00', NULL);
INSERT INTO `sys_menu`(`Id`, `SystemTypeId`, `ParentId`, `Layers`, `EnCode`, `FullName`, `Icon`, `UrlAddress`, `Component`, `Target`, `MenuType`, `IsExpand`, `IsFrame`, `IsShow`, `IsCache`, `IsPublic`, `AllowEdit`, `AllowDelete`, `SortCode`, `DeleteMark`, `EnabledMark`, `Description`, `CreatorTime`, `CreatorUserId`, `LastModifyTime`, `LastModifyUserId`, `DeleteTime`, `DeleteUserId`) VALUES ('201905041649159560', '201806141508359155', '1', 2, 'SysSetting', '系统设置', 'set', '/setting/index', 'setting/index', 'iframe', 'M', 0, 0, 1, 0, 0, 1, 1, 1, 0, 1, NULL, '2019-05-04 00:00:00', '9f2ec079-7d0f-4fe2-90ab-8b09a8302aba', '2021-01-20 20:16:47', '9f2ec079-7d0f-4fe2-90ab-8b09a8302aba', '2001-01-01 00:00:00', NULL);
INSERT INTO `sys_menu`(`Id`, `SystemTypeId`, `ParentId`, `Layers`, `EnCode`, `FullName`, `Icon`, `UrlAddress`, `Component`, `Target`, `MenuType`, `IsExpand`, `IsFrame`, `IsShow`, `IsCache`, `IsPublic`, `AllowEdit`, `AllowDelete`, `SortCode`, `DeleteMark`, `EnabledMark`, `Description`, `CreatorTime`, `CreatorUserId`, `LastModifyTime`, `LastModifyUserId`, `DeleteTime`, `DeleteUserId`) VALUES ('2020042216381028741066', '201806141508359155', '9', 2, 'CodeGenerator', '代码生成器', 'code', '/tool/index', 'tool/index', NULL, 'M', 0, 0, 1, 0, 0, 1, 1, 99, 0, 1, NULL, '2020-04-22 00:00:00', '9f2ec079-7d0f-4fe2-90ab-8b09a8302aba', '2021-01-20 20:21:30', '9f2ec079-7d0f-4fe2-90ab-8b09a8302aba', '2001-01-01 00:00:00', NULL);
INSERT INTO `sys_menu`(`Id`, `SystemTypeId`, `ParentId`, `Layers`, `EnCode`, `FullName`, `Icon`, `UrlAddress`, `Component`, `Target`, `MenuType`, `IsExpand`, `IsFrame`, `IsShow`, `IsCache`, `IsPublic`, `AllowEdit`, `AllowDelete`, `SortCode`, `DeleteMark`, `EnabledMark`, `Description`, `CreatorTime`, `CreatorUserId`, `LastModifyTime`, `LastModifyUserId`, `DeleteTime`, `DeleteUserId`) VALUES ('2020042316122987266087', '201806141508359155', '1', 2, 'UploadFile', '文件管理', 'documentation', '/uploadfile/index', 'uploadfile/index', NULL, 'M', 0, 0, 1, 0, 1, 1, 1, 99, 0, 1, NULL, '2020-04-23 00:00:00', '9f2ec079-7d0f-4fe2-90ab-8b09a8302aba', '2021-01-20 20:17:47', '9f2ec079-7d0f-4fe2-90ab-8b09a8302aba', '2001-01-01 00:00:00', NULL);
INSERT INTO `sys_menu`(`Id`, `SystemTypeId`, `ParentId`, `Layers`, `EnCode`, `FullName`, `Icon`, `UrlAddress`, `Component`, `Target`, `MenuType`, `IsExpand`, `IsFrame`, `IsShow`, `IsCache`, `IsPublic`, `AllowEdit`, `AllowDelete`, `SortCode`, `DeleteMark`, `EnabledMark`, `Description`, `CreatorTime`, `CreatorUserId`, `LastModifyTime`, `LastModifyUserId`, `DeleteTime`, `DeleteUserId`) VALUES ('2020110314123396328561', '201806141508359155', '1', 2, 'Tenant', '多租户', 'shequ', '/tenant/index', 'tenant/index', NULL, 'M', 0, 0, 1, 0, 1, 1, 1, 99, 0, 1, NULL, '2020-11-03 14:12:34', '9f2ec079-7d0f-4fe2-90ab-8b09a8302aba', '2021-01-20 20:17:57', '9f2ec079-7d0f-4fe2-90ab-8b09a8302aba', NULL, NULL);
INSERT INTO `sys_menu`(`Id`, `SystemTypeId`, `ParentId`, `Layers`, `EnCode`, `FullName`, `Icon`, `UrlAddress`, `Component`, `Target`, `MenuType`, `IsExpand`, `IsFrame`, `IsShow`, `IsCache`, `IsPublic`, `AllowEdit`, `AllowDelete`, `SortCode`, `DeleteMark`, `EnabledMark`, `Description`, `CreatorTime`, `CreatorUserId`, `LastModifyTime`, `LastModifyUserId`, `DeleteTime`, `DeleteUserId`) VALUES ('2020110314142274602075', '201806141508359155', '', 1, 'Task', '定时任务', 'time', '/taskmanager', NULL, NULL, 'C', 0, 0, 1, 0, 0, 1, 1, 997, 0, 1, NULL, '2020-11-03 14:14:23', '9f2ec079-7d0f-4fe2-90ab-8b09a8302aba', '2021-01-20 20:18:17', '9f2ec079-7d0f-4fe2-90ab-8b09a8302aba', NULL, NULL);
INSERT INTO `sys_menu`(`Id`, `SystemTypeId`, `ParentId`, `Layers`, `EnCode`, `FullName`, `Icon`, `UrlAddress`, `Component`, `Target`, `MenuType`, `IsExpand`, `IsFrame`, `IsShow`, `IsCache`, `IsPublic`, `AllowEdit`, `AllowDelete`, `SortCode`, `DeleteMark`, `EnabledMark`, `Description`, `CreatorTime`, `CreatorUserId`, `LastModifyTime`, `LastModifyUserId`, `DeleteTime`, `DeleteUserId`) VALUES ('2020110314161523904459', '201806141508359155', '2020110314142274602075', 2, 'TaskManager', '任务列表', 'time', '/taskmanager/index', 'taskmanager/index', NULL, 'M', 0, 0, 1, 0, 0, 1, 1, 99, 0, 1, NULL, '2020-11-03 14:16:15', '9f2ec079-7d0f-4fe2-90ab-8b09a8302aba', '2021-01-20 20:18:30', '9f2ec079-7d0f-4fe2-90ab-8b09a8302aba', NULL, NULL);
INSERT INTO `sys_menu`(`Id`, `SystemTypeId`, `ParentId`, `Layers`, `EnCode`, `FullName`, `Icon`, `UrlAddress`, `Component`, `Target`, `MenuType`, `IsExpand`, `IsFrame`, `IsShow`, `IsCache`, `IsPublic`, `AllowEdit`, `AllowDelete`, `SortCode`, `DeleteMark`, `EnabledMark`, `Description`, `CreatorTime`, `CreatorUserId`, `LastModifyTime`, `LastModifyUserId`, `DeleteTime`, `DeleteUserId`) VALUES ('2020110314165224964779', '201806141508359155', '2020110314142274602075', 2, 'TaskJobsLog', '任务日志', 'logtask', '/taskmanager/log', 'taskmanager/log', NULL, 'M', 0, 0, 1, 0, 0, 1, 1, 99, 0, 1, NULL, '2020-11-03 14:16:52', '9f2ec079-7d0f-4fe2-90ab-8b09a8302aba', '2021-01-20 20:18:41', '9f2ec079-7d0f-4fe2-90ab-8b09a8302aba', NULL, NULL);
INSERT INTO `sys_menu`(`Id`, `SystemTypeId`, `ParentId`, `Layers`, `EnCode`, `FullName`, `Icon`, `UrlAddress`, `Component`, `Target`, `MenuType`, `IsExpand`, `IsFrame`, `IsShow`, `IsCache`, `IsPublic`, `AllowEdit`, `AllowDelete`, `SortCode`, `DeleteMark`, `EnabledMark`, `Description`, `CreatorTime`, `CreatorUserId`, `LastModifyTime`, `LastModifyUserId`, `DeleteTime`, `DeleteUserId`) VALUES ('2020110314182794069057', '201806141508359155', '', 1, 'DocumentConfig', '单据配置', 'guze', '/seq', NULL, NULL, 'C', 0, 0, 1, 0, 0, 1, 1, 997, 0, 1, NULL, '2020-11-03 14:18:28', '9f2ec079-7d0f-4fe2-90ab-8b09a8302aba', '2021-01-20 20:19:10', '9f2ec079-7d0f-4fe2-90ab-8b09a8302aba', NULL, NULL);
INSERT INTO `sys_menu`(`Id`, `SystemTypeId`, `ParentId`, `Layers`, `EnCode`, `FullName`, `Icon`, `UrlAddress`, `Component`, `Target`, `MenuType`, `IsExpand`, `IsFrame`, `IsShow`, `IsCache`, `IsPublic`, `AllowEdit`, `AllowDelete`, `SortCode`, `DeleteMark`, `EnabledMark`, `Description`, `CreatorTime`, `CreatorUserId`, `LastModifyTime`, `LastModifyUserId`, `DeleteTime`, `DeleteUserId`) VALUES ('2020110314190914102881', '201806141508359155', '2020110314182794069057', 2, 'Sequence', '业务单据编码', 'xuhao', '/seq/index', 'seq/index', NULL, 'M', 0, 0, 1, 0, 0, 1, 1, 99, 0, 1, NULL, '2020-11-03 14:19:09', '9f2ec079-7d0f-4fe2-90ab-8b09a8302aba', '2021-01-20 20:19:21', '9f2ec079-7d0f-4fe2-90ab-8b09a8302aba', NULL, NULL);
INSERT INTO `sys_menu`(`Id`, `SystemTypeId`, `ParentId`, `Layers`, `EnCode`, `FullName`, `Icon`, `UrlAddress`, `Component`, `Target`, `MenuType`, `IsExpand`, `IsFrame`, `IsShow`, `IsCache`, `IsPublic`, `AllowEdit`, `AllowDelete`, `SortCode`, `DeleteMark`, `EnabledMark`, `Description`, `CreatorTime`, `CreatorUserId`, `LastModifyTime`, `LastModifyUserId`, `DeleteTime`, `DeleteUserId`) VALUES ('2020110314195207514356', '201806141508359155', '2020110314182794069057', 2, 'SequenceRule', '单据编码规则', 'guze', '/seq/rule', 'seq/rule', NULL, 'M', 0, 0, 1, 0, 0, 1, 1, 100, 0, 1, NULL, '2020-11-03 14:19:52', '9f2ec079-7d0f-4fe2-90ab-8b09a8302aba', '2021-01-20 20:19:31', '9f2ec079-7d0f-4fe2-90ab-8b09a8302aba', NULL, NULL);
INSERT INTO `sys_menu`(`Id`, `SystemTypeId`, `ParentId`, `Layers`, `EnCode`, `FullName`, `Icon`, `UrlAddress`, `Component`, `Target`, `MenuType`, `IsExpand`, `IsFrame`, `IsShow`, `IsCache`, `IsPublic`, `AllowEdit`, `AllowDelete`, `SortCode`, `DeleteMark`, `EnabledMark`, `Description`, `CreatorTime`, `CreatorUserId`, `LastModifyTime`, `LastModifyUserId`, `DeleteTime`, `DeleteUserId`) VALUES ('2020110314220971767837', '201806141508359155', '201806120821141288', 2, 'LogList', '操作日志', 'logtask', '/syslog/index', 'syslog/index', NULL, 'M', 0, 0, 1, 0, 0, 1, 1, 99, 0, 1, NULL, '2020-11-03 14:22:10', '9f2ec079-7d0f-4fe2-90ab-8b09a8302aba', '2021-01-20 20:20:06', '9f2ec079-7d0f-4fe2-90ab-8b09a8302aba', NULL, NULL);
INSERT INTO `sys_menu`(`Id`, `SystemTypeId`, `ParentId`, `Layers`, `EnCode`, `FullName`, `Icon`, `UrlAddress`, `Component`, `Target`, `MenuType`, `IsExpand`, `IsFrame`, `IsShow`, `IsCache`, `IsPublic`, `AllowEdit`, `AllowDelete`, `SortCode`, `DeleteMark`, `EnabledMark`, `Description`, `CreatorTime`, `CreatorUserId`, `LastModifyTime`, `LastModifyUserId`, `DeleteTime`, `DeleteUserId`) VALUES ('2020110314224299715445', '201806141508359155', '201806120821141288', 2, 'LogException', '异常日志', 'logtask', '/syslog/exception', 'syslog/exception', NULL, 'M', 0, 0, 1, 0, 0, 1, 1, 99, 0, 1, NULL, '2020-11-03 14:22:43', '9f2ec079-7d0f-4fe2-90ab-8b09a8302aba', '2021-01-20 20:20:17', '9f2ec079-7d0f-4fe2-90ab-8b09a8302aba', NULL, NULL);
INSERT INTO `sys_menu`(`Id`, `SystemTypeId`, `ParentId`, `Layers`, `EnCode`, `FullName`, `Icon`, `UrlAddress`, `Component`, `Target`, `MenuType`, `IsExpand`, `IsFrame`, `IsShow`, `IsCache`, `IsPublic`, `AllowEdit`, `AllowDelete`, `SortCode`, `DeleteMark`, `EnabledMark`, `Description`, `CreatorTime`, `CreatorUserId`, `LastModifyTime`, `LastModifyUserId`, `DeleteTime`, `DeleteUserId`) VALUES ('2020110314231504343408', '201806141508359155', '201806120821141288', 2, 'LogSQL', 'SQL日志', 'logtask', '/syslog/sql', 'syslog/sql', NULL, 'M', 0, 0, 1, 0, 0, 1, 1, 99, 0, 1, NULL, '2020-11-03 14:23:15', '9f2ec079-7d0f-4fe2-90ab-8b09a8302aba', '2021-01-20 20:20:26', '9f2ec079-7d0f-4fe2-90ab-8b09a8302aba', NULL, NULL);
INSERT INTO `sys_menu`(`Id`, `SystemTypeId`, `ParentId`, `Layers`, `EnCode`, `FullName`, `Icon`, `UrlAddress`, `Component`, `Target`, `MenuType`, `IsExpand`, `IsFrame`, `IsShow`, `IsCache`, `IsPublic`, `AllowEdit`, `AllowDelete`, `SortCode`, `DeleteMark`, `EnabledMark`, `Description`, `CreatorTime`, `CreatorUserId`, `LastModifyTime`, `LastModifyUserId`, `DeleteTime`, `DeleteUserId`) VALUES ('2021010314265872439474', '201806141508359155', '201905041649159560', 3, 'SysSetting/GetSysInfo', '获取系统信息', '', '', '', NULL, 'F', 0, 0, 1, 0, 0, NULL, NULL, 99, 0, 1, NULL, '2021-01-03 14:26:59', '2020031712130656785909', NULL, NULL, NULL, NULL);
INSERT INTO `sys_menu`(`Id`, `SystemTypeId`, `ParentId`, `Layers`, `EnCode`, `FullName`, `Icon`, `UrlAddress`, `Component`, `Target`, `MenuType`, `IsExpand`, `IsFrame`, `IsShow`, `IsCache`, `IsPublic`, `AllowEdit`, `AllowDelete`, `SortCode`, `DeleteMark`, `EnabledMark`, `Description`, `CreatorTime`, `CreatorUserId`, `LastModifyTime`, `LastModifyUserId`, `DeleteTime`, `DeleteUserId`) VALUES ('2021010314280909099314', '201806141508359155', '201905041649159560', 3, 'SysSetting/Edit', '修改', '', '', '', NULL, 'F', 0, 0, 1, 0, 0, NULL, NULL, 99, 0, 1, NULL, '2021-01-03 14:28:09', '2020031712130656785909', NULL, NULL, NULL, NULL);
INSERT INTO `sys_menu`(`Id`, `SystemTypeId`, `ParentId`, `Layers`, `EnCode`, `FullName`, `Icon`, `UrlAddress`, `Component`, `Target`, `MenuType`, `IsExpand`, `IsFrame`, `IsShow`, `IsCache`, `IsPublic`, `AllowEdit`, `AllowDelete`, `SortCode`, `DeleteMark`, `EnabledMark`, `Description`, `CreatorTime`, `CreatorUserId`, `LastModifyTime`, `LastModifyUserId`, `DeleteTime`, `DeleteUserId`) VALUES ('2021010314293148672477', '201806141508359155', '3', 3, 'Organize/Add', '新增', 'el-icon-plus', '', '', NULL, 'F', 0, 0, 1, 0, 0, NULL, NULL, 1, 0, 1, NULL, '2021-01-03 14:29:31', '2020031712130656785909', '2021-01-03 19:01:38', '2020031712130656785909', NULL, NULL);
INSERT INTO `sys_menu`(`Id`, `SystemTypeId`, `ParentId`, `Layers`, `EnCode`, `FullName`, `Icon`, `UrlAddress`, `Component`, `Target`, `MenuType`, `IsExpand`, `IsFrame`, `IsShow`, `IsCache`, `IsPublic`, `AllowEdit`, `AllowDelete`, `SortCode`, `DeleteMark`, `EnabledMark`, `Description`, `CreatorTime`, `CreatorUserId`, `LastModifyTime`, `LastModifyUserId`, `DeleteTime`, `DeleteUserId`) VALUES ('2021010314302276644526', '201806141508359155', '3', 3, 'Organize/Edit', '修改', '', '', '', NULL, 'F', 0, 0, 1, 0, 0, NULL, NULL, 2, 0, 1, NULL, '2021-01-03 14:30:23', '2020031712130656785909', '2021-01-03 14:53:24', '2020031712130656785909', NULL, NULL);
INSERT INTO `sys_menu`(`Id`, `SystemTypeId`, `ParentId`, `Layers`, `EnCode`, `FullName`, `Icon`, `UrlAddress`, `Component`, `Target`, `MenuType`, `IsExpand`, `IsFrame`, `IsShow`, `IsCache`, `IsPublic`, `AllowEdit`, `AllowDelete`, `SortCode`, `DeleteMark`, `EnabledMark`, `Description`, `CreatorTime`, `CreatorUserId`, `LastModifyTime`, `LastModifyUserId`, `DeleteTime`, `DeleteUserId`) VALUES ('2021010314473160136431', '201806141508359155', '3', 3, 'Organize/Delete', '删除', '', '', '', NULL, 'F', 0, 0, 1, 0, 0, NULL, NULL, 3, 0, 1, NULL, '2021-01-03 14:47:32', '2020031712130656785909', '2021-01-03 14:51:53', '2020031712130656785909', NULL, NULL);
INSERT INTO `sys_menu`(`Id`, `SystemTypeId`, `ParentId`, `Layers`, `EnCode`, `FullName`, `Icon`, `UrlAddress`, `Component`, `Target`, `MenuType`, `IsExpand`, `IsFrame`, `IsShow`, `IsCache`, `IsPublic`, `AllowEdit`, `AllowDelete`, `SortCode`, `DeleteMark`, `EnabledMark`, `Description`, `CreatorTime`, `CreatorUserId`, `LastModifyTime`, `LastModifyUserId`, `DeleteTime`, `DeleteUserId`) VALUES ('2021010314525585211515', '201806141508359155', '3', 3, 'Organize/Enable', '启用', '', '', '', NULL, 'F', 0, 0, 1, 0, 0, NULL, NULL, 4, 0, 1, NULL, '2021-01-03 14:52:56', '2020031712130656785909', '2021-01-03 14:53:08', '2020031712130656785909', NULL, NULL);
INSERT INTO `sys_menu`(`Id`, `SystemTypeId`, `ParentId`, `Layers`, `EnCode`, `FullName`, `Icon`, `UrlAddress`, `Component`, `Target`, `MenuType`, `IsExpand`, `IsFrame`, `IsShow`, `IsCache`, `IsPublic`, `AllowEdit`, `AllowDelete`, `SortCode`, `DeleteMark`, `EnabledMark`, `Description`, `CreatorTime`, `CreatorUserId`, `LastModifyTime`, `LastModifyUserId`, `DeleteTime`, `DeleteUserId`) VALUES ('2021010314535010864350', '201806141508359155', '3', 3, 'Organize/Enable', '禁用', '', '', '', NULL, 'F', 0, 0, 1, 0, 0, NULL, NULL, 5, 0, 1, NULL, '2021-01-03 14:53:50', '2020031712130656785909', NULL, NULL, NULL, NULL);
INSERT INTO `sys_menu`(`Id`, `SystemTypeId`, `ParentId`, `Layers`, `EnCode`, `FullName`, `Icon`, `UrlAddress`, `Component`, `Target`, `MenuType`, `IsExpand`, `IsFrame`, `IsShow`, `IsCache`, `IsPublic`, `AllowEdit`, `AllowDelete`, `SortCode`, `DeleteMark`, `EnabledMark`, `Description`, `CreatorTime`, `CreatorUserId`, `LastModifyTime`, `LastModifyUserId`, `DeleteTime`, `DeleteUserId`) VALUES ('2021010315063384478437', '201806141508359155', '4', 3, 'User/List', '列表', '', '', '', NULL, 'F', 0, 0, 0, 0, 0, NULL, NULL, 99, 0, 1, NULL, '2021-01-03 15:06:34', '2020031712130656785909', NULL, NULL, NULL, NULL);
INSERT INTO `sys_menu`(`Id`, `SystemTypeId`, `ParentId`, `Layers`, `EnCode`, `FullName`, `Icon`, `UrlAddress`, `Component`, `Target`, `MenuType`, `IsExpand`, `IsFrame`, `IsShow`, `IsCache`, `IsPublic`, `AllowEdit`, `AllowDelete`, `SortCode`, `DeleteMark`, `EnabledMark`, `Description`, `CreatorTime`, `CreatorUserId`, `LastModifyTime`, `LastModifyUserId`, `DeleteTime`, `DeleteUserId`) VALUES ('2021010315063387468705', '201806141508359155', '4', 3, 'User/Add', '新增', 'el-icon-plus', '', '', NULL, 'F', 0, 0, 1, 0, 0, NULL, NULL, 1, 0, 1, NULL, '2021-01-03 15:06:34', '2020031712130656785909', NULL, NULL, NULL, NULL);
INSERT INTO `sys_menu`(`Id`, `SystemTypeId`, `ParentId`, `Layers`, `EnCode`, `FullName`, `Icon`, `UrlAddress`, `Component`, `Target`, `MenuType`, `IsExpand`, `IsFrame`, `IsShow`, `IsCache`, `IsPublic`, `AllowEdit`, `AllowDelete`, `SortCode`, `DeleteMark`, `EnabledMark`, `Description`, `CreatorTime`, `CreatorUserId`, `LastModifyTime`, `LastModifyUserId`, `DeleteTime`, `DeleteUserId`) VALUES ('2021010315063389314029', '201806141508359155', '4', 3, 'User/Edit', '修改', 'el-icon-edit', '', '', NULL, 'F', 0, 0, 1, 0, 0, NULL, NULL, 2, 0, 1, NULL, '2021-01-03 15:06:34', '2020031712130656785909', NULL, NULL, NULL, NULL);
INSERT INTO `sys_menu`(`Id`, `SystemTypeId`, `ParentId`, `Layers`, `EnCode`, `FullName`, `Icon`, `UrlAddress`, `Component`, `Target`, `MenuType`, `IsExpand`, `IsFrame`, `IsShow`, `IsCache`, `IsPublic`, `AllowEdit`, `AllowDelete`, `SortCode`, `DeleteMark`, `EnabledMark`, `Description`, `CreatorTime`, `CreatorUserId`, `LastModifyTime`, `LastModifyUserId`, `DeleteTime`, `DeleteUserId`) VALUES ('2021010315063392168016', '201806141508359155', '4', 3, 'User/Enable', '禁用', 'el-icon-video-pause', '', '', NULL, 'F', 0, 0, 1, 0, 0, NULL, NULL, 3, 0, 1, NULL, '2021-01-03 15:06:34', '2020031712130656785909', NULL, NULL, NULL, NULL);
INSERT INTO `sys_menu`(`Id`, `SystemTypeId`, `ParentId`, `Layers`, `EnCode`, `FullName`, `Icon`, `UrlAddress`, `Component`, `Target`, `MenuType`, `IsExpand`, `IsFrame`, `IsShow`, `IsCache`, `IsPublic`, `AllowEdit`, `AllowDelete`, `SortCode`, `DeleteMark`, `EnabledMark`, `Description`, `CreatorTime`, `CreatorUserId`, `LastModifyTime`, `LastModifyUserId`, `DeleteTime`, `DeleteUserId`) VALUES ('2021010315063394048962', '201806141508359155', '4', 3, 'User/Enable', '启用', 'el-icon-video-play', '', '', NULL, 'F', 0, 0, 1, 0, 0, NULL, NULL, 4, 0, 1, NULL, '2021-01-03 15:06:34', '2020031712130656785909', NULL, NULL, NULL, NULL);
INSERT INTO `sys_menu`(`Id`, `SystemTypeId`, `ParentId`, `Layers`, `EnCode`, `FullName`, `Icon`, `UrlAddress`, `Component`, `Target`, `MenuType`, `IsExpand`, `IsFrame`, `IsShow`, `IsCache`, `IsPublic`, `AllowEdit`, `AllowDelete`, `SortCode`, `DeleteMark`, `EnabledMark`, `Description`, `CreatorTime`, `CreatorUserId`, `LastModifyTime`, `LastModifyUserId`, `DeleteTime`, `DeleteUserId`) VALUES ('2021010315063395829111', '201806141508359155', '4', 3, 'User/DeleteSoft', '软删除', 'el-icon-delete', '', '', NULL, 'F', 0, 0, 1, 0, 0, NULL, NULL, 5, 0, 1, NULL, '2021-01-03 15:06:34', '2020031712130656785909', NULL, NULL, NULL, NULL);
INSERT INTO `sys_menu`(`Id`, `SystemTypeId`, `ParentId`, `Layers`, `EnCode`, `FullName`, `Icon`, `UrlAddress`, `Component`, `Target`, `MenuType`, `IsExpand`, `IsFrame`, `IsShow`, `IsCache`, `IsPublic`, `AllowEdit`, `AllowDelete`, `SortCode`, `DeleteMark`, `EnabledMark`, `Description`, `CreatorTime`, `CreatorUserId`, `LastModifyTime`, `LastModifyUserId`, `DeleteTime`, `DeleteUserId`) VALUES ('2021010315063397424616', '201806141508359155', '4', 3, 'User/Delete', '删除', 'el-icon-delete', '', '', NULL, 'F', 0, 0, 1, 0, 0, NULL, NULL, 6, 0, 1, NULL, '2021-01-03 15:06:34', '2020031712130656785909', NULL, NULL, NULL, NULL);
INSERT INTO `sys_menu`(`Id`, `SystemTypeId`, `ParentId`, `Layers`, `EnCode`, `FullName`, `Icon`, `UrlAddress`, `Component`, `Target`, `MenuType`, `IsExpand`, `IsFrame`, `IsShow`, `IsCache`, `IsPublic`, `AllowEdit`, `AllowDelete`, `SortCode`, `DeleteMark`, `EnabledMark`, `Description`, `CreatorTime`, `CreatorUserId`, `LastModifyTime`, `LastModifyUserId`, `DeleteTime`, `DeleteUserId`) VALUES ('2021010315075515608293', '201806141508359155', '5', 3, 'Role/List', '列表', '', '', '', NULL, 'F', 0, 0, 0, 0, 0, NULL, NULL, 1, 0, 1, NULL, '2021-01-03 15:07:55', '2020031712130656785909', NULL, NULL, NULL, NULL);
INSERT INTO `sys_menu`(`Id`, `SystemTypeId`, `ParentId`, `Layers`, `EnCode`, `FullName`, `Icon`, `UrlAddress`, `Component`, `Target`, `MenuType`, `IsExpand`, `IsFrame`, `IsShow`, `IsCache`, `IsPublic`, `AllowEdit`, `AllowDelete`, `SortCode`, `DeleteMark`, `EnabledMark`, `Description`, `CreatorTime`, `CreatorUserId`, `LastModifyTime`, `LastModifyUserId`, `DeleteTime`, `DeleteUserId`) VALUES ('2021010315075517418867', '201806141508359155', '5', 3, 'Role/Add', '新增', 'el-icon-plus', '', '', NULL, 'F', 0, 0, 1, 0, 0, NULL, NULL, 1, 0, 1, NULL, '2021-01-03 15:07:55', '2020031712130656785909', NULL, NULL, NULL, NULL);
INSERT INTO `sys_menu`(`Id`, `SystemTypeId`, `ParentId`, `Layers`, `EnCode`, `FullName`, `Icon`, `UrlAddress`, `Component`, `Target`, `MenuType`, `IsExpand`, `IsFrame`, `IsShow`, `IsCache`, `IsPublic`, `AllowEdit`, `AllowDelete`, `SortCode`, `DeleteMark`, `EnabledMark`, `Description`, `CreatorTime`, `CreatorUserId`, `LastModifyTime`, `LastModifyUserId`, `DeleteTime`, `DeleteUserId`) VALUES ('2021010315075519656824', '201806141508359155', '5', 3, 'Role/Edit', '修改', 'el-icon-edit', '', '', NULL, 'F', 0, 0, 1, 0, 0, NULL, NULL, 2, 0, 1, NULL, '2021-01-03 15:07:55', '2020031712130656785909', NULL, NULL, NULL, NULL);
INSERT INTO `sys_menu`(`Id`, `SystemTypeId`, `ParentId`, `Layers`, `EnCode`, `FullName`, `Icon`, `UrlAddress`, `Component`, `Target`, `MenuType`, `IsExpand`, `IsFrame`, `IsShow`, `IsCache`, `IsPublic`, `AllowEdit`, `AllowDelete`, `SortCode`, `DeleteMark`, `EnabledMark`, `Description`, `CreatorTime`, `CreatorUserId`, `LastModifyTime`, `LastModifyUserId`, `DeleteTime`, `DeleteUserId`) VALUES ('2021010315075521218314', '201806141508359155', '5', 3, 'Role/Enable', '禁用', 'el-icon-video-pause', '', '', NULL, 'F', 0, 0, 1, 0, 0, NULL, NULL, 3, 0, 1, NULL, '2021-01-03 15:07:55', '2020031712130656785909', NULL, NULL, NULL, NULL);
INSERT INTO `sys_menu`(`Id`, `SystemTypeId`, `ParentId`, `Layers`, `EnCode`, `FullName`, `Icon`, `UrlAddress`, `Component`, `Target`, `MenuType`, `IsExpand`, `IsFrame`, `IsShow`, `IsCache`, `IsPublic`, `AllowEdit`, `AllowDelete`, `SortCode`, `DeleteMark`, `EnabledMark`, `Description`, `CreatorTime`, `CreatorUserId`, `LastModifyTime`, `LastModifyUserId`, `DeleteTime`, `DeleteUserId`) VALUES ('2021010315075522857783', '201806141508359155', '5', 3, 'Role/Enable', '启用', 'el-icon-video-play', '', '', NULL, 'F', 0, 0, 1, 0, 0, NULL, NULL, 4, 0, 1, NULL, '2021-01-03 15:07:55', '2020031712130656785909', NULL, NULL, NULL, NULL);
INSERT INTO `sys_menu`(`Id`, `SystemTypeId`, `ParentId`, `Layers`, `EnCode`, `FullName`, `Icon`, `UrlAddress`, `Component`, `Target`, `MenuType`, `IsExpand`, `IsFrame`, `IsShow`, `IsCache`, `IsPublic`, `AllowEdit`, `AllowDelete`, `SortCode`, `DeleteMark`, `EnabledMark`, `Description`, `CreatorTime`, `CreatorUserId`, `LastModifyTime`, `LastModifyUserId`, `DeleteTime`, `DeleteUserId`) VALUES ('2021010315075524463436', '201806141508359155', '5', 3, 'Role/DeleteSoft', '软删除', 'el-icon-delete', '', '', NULL, 'F', 0, 0, 1, 0, 0, NULL, NULL, 5, 0, 1, NULL, '2021-01-03 15:07:55', '2020031712130656785909', NULL, NULL, NULL, NULL);
INSERT INTO `sys_menu`(`Id`, `SystemTypeId`, `ParentId`, `Layers`, `EnCode`, `FullName`, `Icon`, `UrlAddress`, `Component`, `Target`, `MenuType`, `IsExpand`, `IsFrame`, `IsShow`, `IsCache`, `IsPublic`, `AllowEdit`, `AllowDelete`, `SortCode`, `DeleteMark`, `EnabledMark`, `Description`, `CreatorTime`, `CreatorUserId`, `LastModifyTime`, `LastModifyUserId`, `DeleteTime`, `DeleteUserId`) VALUES ('2021010315075525983094', '201806141508359155', '5', 3, 'Role/Delete', '删除', 'el-icon-delete', '', '', NULL, 'F', 0, 0, 1, 0, 0, NULL, NULL, 6, 0, 1, NULL, '2021-01-03 15:07:55', '2020031712130656785909', NULL, NULL, NULL, NULL);
INSERT INTO `sys_menu`(`Id`, `SystemTypeId`, `ParentId`, `Layers`, `EnCode`, `FullName`, `Icon`, `UrlAddress`, `Component`, `Target`, `MenuType`, `IsExpand`, `IsFrame`, `IsShow`, `IsCache`, `IsPublic`, `AllowEdit`, `AllowDelete`, `SortCode`, `DeleteMark`, `EnabledMark`, `Description`, `CreatorTime`, `CreatorUserId`, `LastModifyTime`, `LastModifyUserId`, `DeleteTime`, `DeleteUserId`) VALUES ('2021010315100806775237', '201806141508359155', '5', 3, 'RoleAuthorize/List', '角色功能', '', '', '', NULL, 'F', 0, 0, 0, 0, 1, NULL, NULL, 99, 0, 1, NULL, '2021-01-03 15:10:08', '2020031712130656785909', '2021-01-03 21:18:21', '9f2ec079-7d0f-4fe2-90ab-8b09a8302aba', NULL, NULL);
INSERT INTO `sys_menu`(`Id`, `SystemTypeId`, `ParentId`, `Layers`, `EnCode`, `FullName`, `Icon`, `UrlAddress`, `Component`, `Target`, `MenuType`, `IsExpand`, `IsFrame`, `IsShow`, `IsCache`, `IsPublic`, `AllowEdit`, `AllowDelete`, `SortCode`, `DeleteMark`, `EnabledMark`, `Description`, `CreatorTime`, `CreatorUserId`, `LastModifyTime`, `LastModifyUserId`, `DeleteTime`, `DeleteUserId`) VALUES ('2021010315105223757513', '201806141508359155', '5', 3, 'Role/SetAuthorize', '设置权限', 'true', '', '', NULL, 'F', 0, 0, 1, 0, 0, NULL, NULL, 8, 0, 1, NULL, '2021-01-03 15:10:52', '2020031712130656785909', NULL, NULL, NULL, NULL);
INSERT INTO `sys_menu`(`Id`, `SystemTypeId`, `ParentId`, `Layers`, `EnCode`, `FullName`, `Icon`, `UrlAddress`, `Component`, `Target`, `MenuType`, `IsExpand`, `IsFrame`, `IsShow`, `IsCache`, `IsPublic`, `AllowEdit`, `AllowDelete`, `SortCode`, `DeleteMark`, `EnabledMark`, `Description`, `CreatorTime`, `CreatorUserId`, `LastModifyTime`, `LastModifyUserId`, `DeleteTime`, `DeleteUserId`) VALUES ('2021010315132781838294', '201806141508359155', '6', 3, 'Items/List', '列表', '', '', '', NULL, 'F', 0, 0, 0, 0, 0, NULL, NULL, 99, 0, 1, NULL, '2021-01-03 15:13:28', '2020031712130656785909', NULL, NULL, NULL, NULL);
INSERT INTO `sys_menu`(`Id`, `SystemTypeId`, `ParentId`, `Layers`, `EnCode`, `FullName`, `Icon`, `UrlAddress`, `Component`, `Target`, `MenuType`, `IsExpand`, `IsFrame`, `IsShow`, `IsCache`, `IsPublic`, `AllowEdit`, `AllowDelete`, `SortCode`, `DeleteMark`, `EnabledMark`, `Description`, `CreatorTime`, `CreatorUserId`, `LastModifyTime`, `LastModifyUserId`, `DeleteTime`, `DeleteUserId`) VALUES ('2021010315132783165373', '201806141508359155', '6', 3, 'Items/Add', '新增', 'el-icon-plus', '', '', NULL, 'F', 0, 0, 1, 0, 0, NULL, NULL, 1, 0, 1, NULL, '2021-01-03 15:13:28', '2020031712130656785909', NULL, NULL, NULL, NULL);
INSERT INTO `sys_menu`(`Id`, `SystemTypeId`, `ParentId`, `Layers`, `EnCode`, `FullName`, `Icon`, `UrlAddress`, `Component`, `Target`, `MenuType`, `IsExpand`, `IsFrame`, `IsShow`, `IsCache`, `IsPublic`, `AllowEdit`, `AllowDelete`, `SortCode`, `DeleteMark`, `EnabledMark`, `Description`, `CreatorTime`, `CreatorUserId`, `LastModifyTime`, `LastModifyUserId`, `DeleteTime`, `DeleteUserId`) VALUES ('2021010315132784647036', '201806141508359155', '6', 3, 'Items/Edit', '修改', 'el-icon-edit', '', '', NULL, 'F', 0, 0, 1, 0, 0, NULL, NULL, 2, 0, 1, NULL, '2021-01-03 15:13:28', '2020031712130656785909', NULL, NULL, NULL, NULL);
INSERT INTO `sys_menu`(`Id`, `SystemTypeId`, `ParentId`, `Layers`, `EnCode`, `FullName`, `Icon`, `UrlAddress`, `Component`, `Target`, `MenuType`, `IsExpand`, `IsFrame`, `IsShow`, `IsCache`, `IsPublic`, `AllowEdit`, `AllowDelete`, `SortCode`, `DeleteMark`, `EnabledMark`, `Description`, `CreatorTime`, `CreatorUserId`, `LastModifyTime`, `LastModifyUserId`, `DeleteTime`, `DeleteUserId`) VALUES ('2021010315132786229265', '201806141508359155', '6', 3, 'Items/Enable', '禁用', 'el-icon-video-pause', '', '', NULL, 'F', 0, 0, 1, 0, 0, NULL, NULL, 3, 0, 1, NULL, '2021-01-03 15:13:28', '2020031712130656785909', NULL, NULL, NULL, NULL);
INSERT INTO `sys_menu`(`Id`, `SystemTypeId`, `ParentId`, `Layers`, `EnCode`, `FullName`, `Icon`, `UrlAddress`, `Component`, `Target`, `MenuType`, `IsExpand`, `IsFrame`, `IsShow`, `IsCache`, `IsPublic`, `AllowEdit`, `AllowDelete`, `SortCode`, `DeleteMark`, `EnabledMark`, `Description`, `CreatorTime`, `CreatorUserId`, `LastModifyTime`, `LastModifyUserId`, `DeleteTime`, `DeleteUserId`) VALUES ('2021010315132787977688', '201806141508359155', '6', 3, 'Items/Enable', '启用', 'el-icon-video-play', '', '', NULL, 'F', 0, 0, 1, 0, 0, NULL, NULL, 4, 0, 1, NULL, '2021-01-03 15:13:28', '2020031712130656785909', NULL, NULL, NULL, NULL);
INSERT INTO `sys_menu`(`Id`, `SystemTypeId`, `ParentId`, `Layers`, `EnCode`, `FullName`, `Icon`, `UrlAddress`, `Component`, `Target`, `MenuType`, `IsExpand`, `IsFrame`, `IsShow`, `IsCache`, `IsPublic`, `AllowEdit`, `AllowDelete`, `SortCode`, `DeleteMark`, `EnabledMark`, `Description`, `CreatorTime`, `CreatorUserId`, `LastModifyTime`, `LastModifyUserId`, `DeleteTime`, `DeleteUserId`) VALUES ('2021010315132789912350', '201806141508359155', '6', 3, 'Items/DeleteSoft', '软删除', 'el-icon-delete', '', '', NULL, 'F', 0, 0, 1, 0, 0, NULL, NULL, 5, 0, 1, NULL, '2021-01-03 15:13:28', '2020031712130656785909', NULL, NULL, NULL, NULL);
INSERT INTO `sys_menu`(`Id`, `SystemTypeId`, `ParentId`, `Layers`, `EnCode`, `FullName`, `Icon`, `UrlAddress`, `Component`, `Target`, `MenuType`, `IsExpand`, `IsFrame`, `IsShow`, `IsCache`, `IsPublic`, `AllowEdit`, `AllowDelete`, `SortCode`, `DeleteMark`, `EnabledMark`, `Description`, `CreatorTime`, `CreatorUserId`, `LastModifyTime`, `LastModifyUserId`, `DeleteTime`, `DeleteUserId`) VALUES ('2021010315132791643307', '201806141508359155', '6', 3, 'Items/Delete', '删除', 'el-icon-delete', '', '', NULL, 'F', 0, 0, 1, 0, 0, NULL, NULL, 6, 0, 1, NULL, '2021-01-03 15:13:28', '2020031712130656785909', NULL, NULL, NULL, NULL);
INSERT INTO `sys_menu`(`Id`, `SystemTypeId`, `ParentId`, `Layers`, `EnCode`, `FullName`, `Icon`, `UrlAddress`, `Component`, `Target`, `MenuType`, `IsExpand`, `IsFrame`, `IsShow`, `IsCache`, `IsPublic`, `AllowEdit`, `AllowDelete`, `SortCode`, `DeleteMark`, `EnabledMark`, `Description`, `CreatorTime`, `CreatorUserId`, `LastModifyTime`, `LastModifyUserId`, `DeleteTime`, `DeleteUserId`) VALUES ('2021010315175285146141', '201806141508359155', '2020110314123396328561', 3, 'Tenant/List', '列表', '', '', '', NULL, 'F', 0, 0, 0, 0, 0, NULL, NULL, 99, 0, 1, NULL, '2021-01-03 15:17:53', '2020031712130656785909', NULL, NULL, NULL, NULL);
INSERT INTO `sys_menu`(`Id`, `SystemTypeId`, `ParentId`, `Layers`, `EnCode`, `FullName`, `Icon`, `UrlAddress`, `Component`, `Target`, `MenuType`, `IsExpand`, `IsFrame`, `IsShow`, `IsCache`, `IsPublic`, `AllowEdit`, `AllowDelete`, `SortCode`, `DeleteMark`, `EnabledMark`, `Description`, `CreatorTime`, `CreatorUserId`, `LastModifyTime`, `LastModifyUserId`, `DeleteTime`, `DeleteUserId`) VALUES ('2021010315175286366578', '201806141508359155', '2020110314123396328561', 3, 'Tenant/Add', '新增', 'el-icon-plus', '', '', NULL, 'F', 0, 0, 1, 0, 0, NULL, NULL, 1, 0, 1, NULL, '2021-01-03 15:17:53', '2020031712130656785909', NULL, NULL, NULL, NULL);
INSERT INTO `sys_menu`(`Id`, `SystemTypeId`, `ParentId`, `Layers`, `EnCode`, `FullName`, `Icon`, `UrlAddress`, `Component`, `Target`, `MenuType`, `IsExpand`, `IsFrame`, `IsShow`, `IsCache`, `IsPublic`, `AllowEdit`, `AllowDelete`, `SortCode`, `DeleteMark`, `EnabledMark`, `Description`, `CreatorTime`, `CreatorUserId`, `LastModifyTime`, `LastModifyUserId`, `DeleteTime`, `DeleteUserId`) VALUES ('2021010315175287647040', '201806141508359155', '2020110314123396328561', 3, 'Tenant/Edit', '修改', 'el-icon-edit', '', '', NULL, 'F', 0, 0, 1, 0, 0, NULL, NULL, 2, 0, 1, NULL, '2021-01-03 15:17:53', '2020031712130656785909', NULL, NULL, NULL, NULL);
INSERT INTO `sys_menu`(`Id`, `SystemTypeId`, `ParentId`, `Layers`, `EnCode`, `FullName`, `Icon`, `UrlAddress`, `Component`, `Target`, `MenuType`, `IsExpand`, `IsFrame`, `IsShow`, `IsCache`, `IsPublic`, `AllowEdit`, `AllowDelete`, `SortCode`, `DeleteMark`, `EnabledMark`, `Description`, `CreatorTime`, `CreatorUserId`, `LastModifyTime`, `LastModifyUserId`, `DeleteTime`, `DeleteUserId`) VALUES ('2021010315175288886376', '201806141508359155', '2020110314123396328561', 3, 'Tenant/Enable', '禁用', 'el-icon-video-pause', '', '', NULL, 'F', 0, 0, 1, 0, 0, NULL, NULL, 3, 0, 1, NULL, '2021-01-03 15:17:53', '2020031712130656785909', NULL, NULL, NULL, NULL);
INSERT INTO `sys_menu`(`Id`, `SystemTypeId`, `ParentId`, `Layers`, `EnCode`, `FullName`, `Icon`, `UrlAddress`, `Component`, `Target`, `MenuType`, `IsExpand`, `IsFrame`, `IsShow`, `IsCache`, `IsPublic`, `AllowEdit`, `AllowDelete`, `SortCode`, `DeleteMark`, `EnabledMark`, `Description`, `CreatorTime`, `CreatorUserId`, `LastModifyTime`, `LastModifyUserId`, `DeleteTime`, `DeleteUserId`) VALUES ('2021010315175290104050', '201806141508359155', '2020110314123396328561', 3, 'Tenant/Enable', '启用', 'el-icon-video-play', '', '', NULL, 'F', 0, 0, 1, 0, 0, NULL, NULL, 4, 0, 1, NULL, '2021-01-03 15:17:53', '2020031712130656785909', NULL, NULL, NULL, NULL);
INSERT INTO `sys_menu`(`Id`, `SystemTypeId`, `ParentId`, `Layers`, `EnCode`, `FullName`, `Icon`, `UrlAddress`, `Component`, `Target`, `MenuType`, `IsExpand`, `IsFrame`, `IsShow`, `IsCache`, `IsPublic`, `AllowEdit`, `AllowDelete`, `SortCode`, `DeleteMark`, `EnabledMark`, `Description`, `CreatorTime`, `CreatorUserId`, `LastModifyTime`, `LastModifyUserId`, `DeleteTime`, `DeleteUserId`) VALUES ('2021010315175292201815', '201806141508359155', '2020110314123396328561', 3, 'Tenant/DeleteSoft', '软删除', 'el-icon-delete', '', '', NULL, 'F', 0, 0, 1, 0, 0, NULL, NULL, 5, 0, 1, NULL, '2021-01-03 15:17:53', '2020031712130656785909', NULL, NULL, NULL, NULL);
INSERT INTO `sys_menu`(`Id`, `SystemTypeId`, `ParentId`, `Layers`, `EnCode`, `FullName`, `Icon`, `UrlAddress`, `Component`, `Target`, `MenuType`, `IsExpand`, `IsFrame`, `IsShow`, `IsCache`, `IsPublic`, `AllowEdit`, `AllowDelete`, `SortCode`, `DeleteMark`, `EnabledMark`, `Description`, `CreatorTime`, `CreatorUserId`, `LastModifyTime`, `LastModifyUserId`, `DeleteTime`, `DeleteUserId`) VALUES ('2021010315175293736914', '201806141508359155', '2020110314123396328561', 3, 'Tenant/Delete', '删除', 'el-icon-delete', '', '', NULL, 'F', 0, 0, 1, 0, 0, NULL, NULL, 6, 0, 1, NULL, '2021-01-03 15:17:53', '2020031712130656785909', NULL, NULL, NULL, NULL);
INSERT INTO `sys_menu`(`Id`, `SystemTypeId`, `ParentId`, `Layers`, `EnCode`, `FullName`, `Icon`, `UrlAddress`, `Component`, `Target`, `MenuType`, `IsExpand`, `IsFrame`, `IsShow`, `IsCache`, `IsPublic`, `AllowEdit`, `AllowDelete`, `SortCode`, `DeleteMark`, `EnabledMark`, `Description`, `CreatorTime`, `CreatorUserId`, `LastModifyTime`, `LastModifyUserId`, `DeleteTime`, `DeleteUserId`) VALUES ('2021010315183150312981', '201806141508359155', '8', 3, 'FilterIP/List', '列表', '', '', '', NULL, 'F', 0, 0, 0, 0, 0, NULL, NULL, 0, 0, 1, NULL, '2021-01-03 15:18:32', '2020031712130656785909', NULL, NULL, NULL, NULL);
INSERT INTO `sys_menu`(`Id`, `SystemTypeId`, `ParentId`, `Layers`, `EnCode`, `FullName`, `Icon`, `UrlAddress`, `Component`, `Target`, `MenuType`, `IsExpand`, `IsFrame`, `IsShow`, `IsCache`, `IsPublic`, `AllowEdit`, `AllowDelete`, `SortCode`, `DeleteMark`, `EnabledMark`, `Description`, `CreatorTime`, `CreatorUserId`, `LastModifyTime`, `LastModifyUserId`, `DeleteTime`, `DeleteUserId`) VALUES ('2021010315183151659795', '201806141508359155', '8', 3, 'FilterIP/Add', '新增', 'el-icon-plus', '', '', NULL, 'F', 0, 0, 1, 0, 0, NULL, NULL, 1, 0, 1, NULL, '2021-01-03 15:18:32', '2020031712130656785909', NULL, NULL, NULL, NULL);
INSERT INTO `sys_menu`(`Id`, `SystemTypeId`, `ParentId`, `Layers`, `EnCode`, `FullName`, `Icon`, `UrlAddress`, `Component`, `Target`, `MenuType`, `IsExpand`, `IsFrame`, `IsShow`, `IsCache`, `IsPublic`, `AllowEdit`, `AllowDelete`, `SortCode`, `DeleteMark`, `EnabledMark`, `Description`, `CreatorTime`, `CreatorUserId`, `LastModifyTime`, `LastModifyUserId`, `DeleteTime`, `DeleteUserId`) VALUES ('2021010315183153249546', '201806141508359155', '8', 3, 'FilterIP/Edit', '修改', 'el-icon-edit', '', '', NULL, 'F', 0, 0, 1, 0, 0, NULL, NULL, 2, 0, 1, NULL, '2021-01-03 15:18:32', '2020031712130656785909', NULL, NULL, NULL, NULL);
INSERT INTO `sys_menu`(`Id`, `SystemTypeId`, `ParentId`, `Layers`, `EnCode`, `FullName`, `Icon`, `UrlAddress`, `Component`, `Target`, `MenuType`, `IsExpand`, `IsFrame`, `IsShow`, `IsCache`, `IsPublic`, `AllowEdit`, `AllowDelete`, `SortCode`, `DeleteMark`, `EnabledMark`, `Description`, `CreatorTime`, `CreatorUserId`, `LastModifyTime`, `LastModifyUserId`, `DeleteTime`, `DeleteUserId`) VALUES ('2021010315183154826786', '201806141508359155', '8', 3, 'FilterIP/Enable', '禁用', 'el-icon-video-pause', '', '', NULL, 'F', 0, 0, 1, 0, 0, NULL, NULL, 3, 0, 1, NULL, '2021-01-03 15:18:32', '2020031712130656785909', NULL, NULL, NULL, NULL);
INSERT INTO `sys_menu`(`Id`, `SystemTypeId`, `ParentId`, `Layers`, `EnCode`, `FullName`, `Icon`, `UrlAddress`, `Component`, `Target`, `MenuType`, `IsExpand`, `IsFrame`, `IsShow`, `IsCache`, `IsPublic`, `AllowEdit`, `AllowDelete`, `SortCode`, `DeleteMark`, `EnabledMark`, `Description`, `CreatorTime`, `CreatorUserId`, `LastModifyTime`, `LastModifyUserId`, `DeleteTime`, `DeleteUserId`) VALUES ('2021010315183156352951', '201806141508359155', '8', 3, 'FilterIP/Enable', '启用', 'el-icon-video-play', '', '', NULL, 'F', 0, 0, 1, 0, 0, NULL, NULL, 4, 0, 1, NULL, '2021-01-03 15:18:32', '2020031712130656785909', NULL, NULL, NULL, NULL);
INSERT INTO `sys_menu`(`Id`, `SystemTypeId`, `ParentId`, `Layers`, `EnCode`, `FullName`, `Icon`, `UrlAddress`, `Component`, `Target`, `MenuType`, `IsExpand`, `IsFrame`, `IsShow`, `IsCache`, `IsPublic`, `AllowEdit`, `AllowDelete`, `SortCode`, `DeleteMark`, `EnabledMark`, `Description`, `CreatorTime`, `CreatorUserId`, `LastModifyTime`, `LastModifyUserId`, `DeleteTime`, `DeleteUserId`) VALUES ('2021010315183157889290', '201806141508359155', '8', 3, 'FilterIP/DeleteSoft', '软删除', 'el-icon-delete', '', '', NULL, 'F', 0, 0, 1, 0, 0, NULL, NULL, 5, 0, 1, NULL, '2021-01-03 15:18:32', '2020031712130656785909', NULL, NULL, NULL, NULL);
INSERT INTO `sys_menu`(`Id`, `SystemTypeId`, `ParentId`, `Layers`, `EnCode`, `FullName`, `Icon`, `UrlAddress`, `Component`, `Target`, `MenuType`, `IsExpand`, `IsFrame`, `IsShow`, `IsCache`, `IsPublic`, `AllowEdit`, `AllowDelete`, `SortCode`, `DeleteMark`, `EnabledMark`, `Description`, `CreatorTime`, `CreatorUserId`, `LastModifyTime`, `LastModifyUserId`, `DeleteTime`, `DeleteUserId`) VALUES ('2021010315183159324286', '201806141508359155', '8', 3, 'FilterIP/Delete', '删除', 'el-icon-delete', '', '', NULL, 'F', 0, 0, 1, 0, 0, NULL, NULL, 6, 0, 1, NULL, '2021-01-03 15:18:32', '2020031712130656785909', NULL, NULL, NULL, NULL);
INSERT INTO `sys_menu`(`Id`, `SystemTypeId`, `ParentId`, `Layers`, `EnCode`, `FullName`, `Icon`, `UrlAddress`, `Component`, `Target`, `MenuType`, `IsExpand`, `IsFrame`, `IsShow`, `IsCache`, `IsPublic`, `AllowEdit`, `AllowDelete`, `SortCode`, `DeleteMark`, `EnabledMark`, `Description`, `CreatorTime`, `CreatorUserId`, `LastModifyTime`, `LastModifyUserId`, `DeleteTime`, `DeleteUserId`) VALUES ('2021010315194792606013', '201806141508359155', '2020110314161523904459', 3, 'TaskManager/List', '列表', '', '', '', NULL, 'F', 0, 0, 0, 0, 1, NULL, NULL, 0, 0, 1, NULL, '2021-01-03 15:19:48', '2020031712130656785909', NULL, NULL, NULL, NULL);
INSERT INTO `sys_menu`(`Id`, `SystemTypeId`, `ParentId`, `Layers`, `EnCode`, `FullName`, `Icon`, `UrlAddress`, `Component`, `Target`, `MenuType`, `IsExpand`, `IsFrame`, `IsShow`, `IsCache`, `IsPublic`, `AllowEdit`, `AllowDelete`, `SortCode`, `DeleteMark`, `EnabledMark`, `Description`, `CreatorTime`, `CreatorUserId`, `LastModifyTime`, `LastModifyUserId`, `DeleteTime`, `DeleteUserId`) VALUES ('2021010315194793896582', '201806141508359155', '2020110314161523904459', 3, 'TaskManager/Add', '新增', 'el-icon-plus', '', '', NULL, 'F', 0, 0, 1, 0, 1, NULL, NULL, 1, 0, 1, NULL, '2021-01-03 15:19:48', '2020031712130656785909', NULL, NULL, NULL, NULL);
INSERT INTO `sys_menu`(`Id`, `SystemTypeId`, `ParentId`, `Layers`, `EnCode`, `FullName`, `Icon`, `UrlAddress`, `Component`, `Target`, `MenuType`, `IsExpand`, `IsFrame`, `IsShow`, `IsCache`, `IsPublic`, `AllowEdit`, `AllowDelete`, `SortCode`, `DeleteMark`, `EnabledMark`, `Description`, `CreatorTime`, `CreatorUserId`, `LastModifyTime`, `LastModifyUserId`, `DeleteTime`, `DeleteUserId`) VALUES ('2021010315194795273488', '201806141508359155', '2020110314161523904459', 3, 'TaskManager/Edit', '修改', 'el-icon-edit', '', '', NULL, 'F', 0, 0, 1, 0, 1, NULL, NULL, 2, 0, 1, NULL, '2021-01-03 15:19:48', '2020031712130656785909', NULL, NULL, NULL, NULL);
INSERT INTO `sys_menu`(`Id`, `SystemTypeId`, `ParentId`, `Layers`, `EnCode`, `FullName`, `Icon`, `UrlAddress`, `Component`, `Target`, `MenuType`, `IsExpand`, `IsFrame`, `IsShow`, `IsCache`, `IsPublic`, `AllowEdit`, `AllowDelete`, `SortCode`, `DeleteMark`, `EnabledMark`, `Description`, `CreatorTime`, `CreatorUserId`, `LastModifyTime`, `LastModifyUserId`, `DeleteTime`, `DeleteUserId`) VALUES ('2021010315194797086431', '201806141508359155', '2020110314161523904459', 3, 'TaskManager/Enable', '禁用', 'el-icon-video-pause', '', '', NULL, 'F', 0, 0, 1, 0, 1, NULL, NULL, 3, 0, 1, NULL, '2021-01-03 15:19:48', '2020031712130656785909', NULL, NULL, NULL, NULL);
INSERT INTO `sys_menu`(`Id`, `SystemTypeId`, `ParentId`, `Layers`, `EnCode`, `FullName`, `Icon`, `UrlAddress`, `Component`, `Target`, `MenuType`, `IsExpand`, `IsFrame`, `IsShow`, `IsCache`, `IsPublic`, `AllowEdit`, `AllowDelete`, `SortCode`, `DeleteMark`, `EnabledMark`, `Description`, `CreatorTime`, `CreatorUserId`, `LastModifyTime`, `LastModifyUserId`, `DeleteTime`, `DeleteUserId`) VALUES ('2021010315194798698862', '201806141508359155', '2020110314161523904459', 3, 'TaskManager/Enable', '启用', 'el-icon-video-play', '', '', NULL, 'F', 0, 0, 1, 0, 1, NULL, NULL, 4, 0, 1, NULL, '2021-01-03 15:19:48', '2020031712130656785909', NULL, NULL, NULL, NULL);
INSERT INTO `sys_menu`(`Id`, `SystemTypeId`, `ParentId`, `Layers`, `EnCode`, `FullName`, `Icon`, `UrlAddress`, `Component`, `Target`, `MenuType`, `IsExpand`, `IsFrame`, `IsShow`, `IsCache`, `IsPublic`, `AllowEdit`, `AllowDelete`, `SortCode`, `DeleteMark`, `EnabledMark`, `Description`, `CreatorTime`, `CreatorUserId`, `LastModifyTime`, `LastModifyUserId`, `DeleteTime`, `DeleteUserId`) VALUES ('2021010315194799827547', '201806141508359155', '2020110314161523904459', 3, 'TaskManager/DeleteSoft', '软删除', 'el-icon-delete', '', '', NULL, 'F', 0, 0, 1, 0, 1, NULL, NULL, 5, 0, 1, NULL, '2021-01-03 15:19:48', '2020031712130656785909', NULL, NULL, NULL, NULL);
INSERT INTO `sys_menu`(`Id`, `SystemTypeId`, `ParentId`, `Layers`, `EnCode`, `FullName`, `Icon`, `UrlAddress`, `Component`, `Target`, `MenuType`, `IsExpand`, `IsFrame`, `IsShow`, `IsCache`, `IsPublic`, `AllowEdit`, `AllowDelete`, `SortCode`, `DeleteMark`, `EnabledMark`, `Description`, `CreatorTime`, `CreatorUserId`, `LastModifyTime`, `LastModifyUserId`, `DeleteTime`, `DeleteUserId`) VALUES ('2021010315194800999273', '201806141508359155', '2020110314161523904459', 3, 'TaskManager/Delete', '删除', 'el-icon-delete', '', '', NULL, 'F', 0, 0, 1, 0, 1, NULL, NULL, 6, 0, 1, NULL, '2021-01-03 15:19:48', '2020031712130656785909', NULL, NULL, NULL, NULL);
INSERT INTO `sys_menu`(`Id`, `SystemTypeId`, `ParentId`, `Layers`, `EnCode`, `FullName`, `Icon`, `UrlAddress`, `Component`, `Target`, `MenuType`, `IsExpand`, `IsFrame`, `IsShow`, `IsCache`, `IsPublic`, `AllowEdit`, `AllowDelete`, `SortCode`, `DeleteMark`, `EnabledMark`, `Description`, `CreatorTime`, `CreatorUserId`, `LastModifyTime`, `LastModifyUserId`, `DeleteTime`, `DeleteUserId`) VALUES ('2021010315204129496922', '201806141508359155', '2020110314161523904459', 3, 'TaskManager/ChangeStatus', '启动', '', '', '', NULL, 'F', 0, 0, 1, 0, 0, NULL, NULL, 0, 0, 1, NULL, '2021-01-03 15:20:41', '2020031712130656785909', NULL, NULL, NULL, NULL);
INSERT INTO `sys_menu`(`Id`, `SystemTypeId`, `ParentId`, `Layers`, `EnCode`, `FullName`, `Icon`, `UrlAddress`, `Component`, `Target`, `MenuType`, `IsExpand`, `IsFrame`, `IsShow`, `IsCache`, `IsPublic`, `AllowEdit`, `AllowDelete`, `SortCode`, `DeleteMark`, `EnabledMark`, `Description`, `CreatorTime`, `CreatorUserId`, `LastModifyTime`, `LastModifyUserId`, `DeleteTime`, `DeleteUserId`) VALUES ('2021010315212004586381', '201806141508359155', '2020110314165224964779', 3, 'TaskJobsLog/Delete', '删除', '', '', '', NULL, 'F', 0, 0, 1, 0, 0, NULL, NULL, 0, 0, 1, NULL, '2021-01-03 15:21:20', '2020031712130656785909', NULL, NULL, NULL, NULL);
INSERT INTO `sys_menu`(`Id`, `SystemTypeId`, `ParentId`, `Layers`, `EnCode`, `FullName`, `Icon`, `UrlAddress`, `Component`, `Target`, `MenuType`, `IsExpand`, `IsFrame`, `IsShow`, `IsCache`, `IsPublic`, `AllowEdit`, `AllowDelete`, `SortCode`, `DeleteMark`, `EnabledMark`, `Description`, `CreatorTime`, `CreatorUserId`, `LastModifyTime`, `LastModifyUserId`, `DeleteTime`, `DeleteUserId`) VALUES ('2021010315215315394611', '201806141508359155', '2020110314190914102881', 3, 'Sequence/List', '列表', '', '', '', NULL, 'F', 0, 0, 0, 0, 0, NULL, NULL, 0, 0, 1, NULL, '2021-01-03 15:21:53', '2020031712130656785909', NULL, NULL, NULL, NULL);
INSERT INTO `sys_menu`(`Id`, `SystemTypeId`, `ParentId`, `Layers`, `EnCode`, `FullName`, `Icon`, `UrlAddress`, `Component`, `Target`, `MenuType`, `IsExpand`, `IsFrame`, `IsShow`, `IsCache`, `IsPublic`, `AllowEdit`, `AllowDelete`, `SortCode`, `DeleteMark`, `EnabledMark`, `Description`, `CreatorTime`, `CreatorUserId`, `LastModifyTime`, `LastModifyUserId`, `DeleteTime`, `DeleteUserId`) VALUES ('2021010315215327767703', '201806141508359155', '2020110314190914102881', 3, 'Sequence/Add', '新增', 'el-icon-plus', '', '', NULL, 'F', 0, 0, 1, 0, 0, NULL, NULL, 1, 0, 1, NULL, '2021-01-03 15:21:53', '2020031712130656785909', NULL, NULL, NULL, NULL);
INSERT INTO `sys_menu`(`Id`, `SystemTypeId`, `ParentId`, `Layers`, `EnCode`, `FullName`, `Icon`, `UrlAddress`, `Component`, `Target`, `MenuType`, `IsExpand`, `IsFrame`, `IsShow`, `IsCache`, `IsPublic`, `AllowEdit`, `AllowDelete`, `SortCode`, `DeleteMark`, `EnabledMark`, `Description`, `CreatorTime`, `CreatorUserId`, `LastModifyTime`, `LastModifyUserId`, `DeleteTime`, `DeleteUserId`) VALUES ('2021010315215328948079', '201806141508359155', '2020110314190914102881', 3, 'Sequence/Edit', '修改', 'el-icon-edit', '', '', NULL, 'F', 0, 0, 1, 0, 0, NULL, NULL, 2, 0, 1, NULL, '2021-01-03 15:21:53', '2020031712130656785909', NULL, NULL, NULL, NULL);
INSERT INTO `sys_menu`(`Id`, `SystemTypeId`, `ParentId`, `Layers`, `EnCode`, `FullName`, `Icon`, `UrlAddress`, `Component`, `Target`, `MenuType`, `IsExpand`, `IsFrame`, `IsShow`, `IsCache`, `IsPublic`, `AllowEdit`, `AllowDelete`, `SortCode`, `DeleteMark`, `EnabledMark`, `Description`, `CreatorTime`, `CreatorUserId`, `LastModifyTime`, `LastModifyUserId`, `DeleteTime`, `DeleteUserId`) VALUES ('2021010315215330182636', '201806141508359155', '2020110314190914102881', 3, 'Sequence/Enable', '禁用', 'el-icon-video-pause', '', '', NULL, 'F', 0, 0, 1, 0, 0, NULL, NULL, 3, 0, 1, NULL, '2021-01-03 15:21:53', '2020031712130656785909', NULL, NULL, NULL, NULL);
INSERT INTO `sys_menu`(`Id`, `SystemTypeId`, `ParentId`, `Layers`, `EnCode`, `FullName`, `Icon`, `UrlAddress`, `Component`, `Target`, `MenuType`, `IsExpand`, `IsFrame`, `IsShow`, `IsCache`, `IsPublic`, `AllowEdit`, `AllowDelete`, `SortCode`, `DeleteMark`, `EnabledMark`, `Description`, `CreatorTime`, `CreatorUserId`, `LastModifyTime`, `LastModifyUserId`, `DeleteTime`, `DeleteUserId`) VALUES ('2021010315215331498258', '201806141508359155', '2020110314190914102881', 3, 'Sequence/Enable', '启用', 'el-icon-video-play', '', '', NULL, 'F', 0, 0, 1, 0, 0, NULL, NULL, 4, 0, 1, NULL, '2021-01-03 15:21:53', '2020031712130656785909', NULL, NULL, NULL, NULL);
INSERT INTO `sys_menu`(`Id`, `SystemTypeId`, `ParentId`, `Layers`, `EnCode`, `FullName`, `Icon`, `UrlAddress`, `Component`, `Target`, `MenuType`, `IsExpand`, `IsFrame`, `IsShow`, `IsCache`, `IsPublic`, `AllowEdit`, `AllowDelete`, `SortCode`, `DeleteMark`, `EnabledMark`, `Description`, `CreatorTime`, `CreatorUserId`, `LastModifyTime`, `LastModifyUserId`, `DeleteTime`, `DeleteUserId`) VALUES ('2021010315215332842957', '201806141508359155', '2020110314190914102881', 3, 'Sequence/DeleteSoft', '软删除', 'el-icon-delete', '', '', NULL, 'F', 0, 0, 1, 0, 0, NULL, NULL, 5, 0, 1, NULL, '2021-01-03 15:21:53', '2020031712130656785909', NULL, NULL, NULL, NULL);
INSERT INTO `sys_menu`(`Id`, `SystemTypeId`, `ParentId`, `Layers`, `EnCode`, `FullName`, `Icon`, `UrlAddress`, `Component`, `Target`, `MenuType`, `IsExpand`, `IsFrame`, `IsShow`, `IsCache`, `IsPublic`, `AllowEdit`, `AllowDelete`, `SortCode`, `DeleteMark`, `EnabledMark`, `Description`, `CreatorTime`, `CreatorUserId`, `LastModifyTime`, `LastModifyUserId`, `DeleteTime`, `DeleteUserId`) VALUES ('2021010315215334061002', '201806141508359155', '2020110314190914102881', 3, 'Sequence/Delete', '删除', 'el-icon-delete', '', '', NULL, 'F', 0, 0, 1, 0, 0, NULL, NULL, 6, 0, 1, NULL, '2021-01-03 15:21:53', '2020031712130656785909', NULL, NULL, NULL, NULL);
INSERT INTO `sys_menu`(`Id`, `SystemTypeId`, `ParentId`, `Layers`, `EnCode`, `FullName`, `Icon`, `UrlAddress`, `Component`, `Target`, `MenuType`, `IsExpand`, `IsFrame`, `IsShow`, `IsCache`, `IsPublic`, `AllowEdit`, `AllowDelete`, `SortCode`, `DeleteMark`, `EnabledMark`, `Description`, `CreatorTime`, `CreatorUserId`, `LastModifyTime`, `LastModifyUserId`, `DeleteTime`, `DeleteUserId`) VALUES ('2021010315222503738750', '201806141508359155', '2020110314195207514356', 3, 'SequenceRule/List', '列表', '', '', '', NULL, 'F', 0, 0, 0, 0, 0, NULL, NULL, 0, 0, 1, NULL, '2021-01-03 15:22:25', '2020031712130656785909', '2021-01-03 21:03:15', '2020031712130656785909', NULL, NULL);
INSERT INTO `sys_menu`(`Id`, `SystemTypeId`, `ParentId`, `Layers`, `EnCode`, `FullName`, `Icon`, `UrlAddress`, `Component`, `Target`, `MenuType`, `IsExpand`, `IsFrame`, `IsShow`, `IsCache`, `IsPublic`, `AllowEdit`, `AllowDelete`, `SortCode`, `DeleteMark`, `EnabledMark`, `Description`, `CreatorTime`, `CreatorUserId`, `LastModifyTime`, `LastModifyUserId`, `DeleteTime`, `DeleteUserId`) VALUES ('2021010315222505099926', '201806141508359155', '2020110314195207514356', 3, 'SequenceRule/Add', '新增', 'el-icon-plus', '', '', NULL, 'F', 0, 0, 1, 0, 0, NULL, NULL, 1, 0, 1, NULL, '2021-01-03 15:22:25', '2020031712130656785909', NULL, NULL, NULL, NULL);
INSERT INTO `sys_menu`(`Id`, `SystemTypeId`, `ParentId`, `Layers`, `EnCode`, `FullName`, `Icon`, `UrlAddress`, `Component`, `Target`, `MenuType`, `IsExpand`, `IsFrame`, `IsShow`, `IsCache`, `IsPublic`, `AllowEdit`, `AllowDelete`, `SortCode`, `DeleteMark`, `EnabledMark`, `Description`, `CreatorTime`, `CreatorUserId`, `LastModifyTime`, `LastModifyUserId`, `DeleteTime`, `DeleteUserId`) VALUES ('2021010315222506982025', '201806141508359155', '2020110314195207514356', 3, 'SequenceRule/Edit', '修改', 'el-icon-edit', '', '', NULL, 'F', 0, 0, 1, 0, 0, NULL, NULL, 2, 0, 1, NULL, '2021-01-03 15:22:25', '2020031712130656785909', NULL, NULL, NULL, NULL);
INSERT INTO `sys_menu`(`Id`, `SystemTypeId`, `ParentId`, `Layers`, `EnCode`, `FullName`, `Icon`, `UrlAddress`, `Component`, `Target`, `MenuType`, `IsExpand`, `IsFrame`, `IsShow`, `IsCache`, `IsPublic`, `AllowEdit`, `AllowDelete`, `SortCode`, `DeleteMark`, `EnabledMark`, `Description`, `CreatorTime`, `CreatorUserId`, `LastModifyTime`, `LastModifyUserId`, `DeleteTime`, `DeleteUserId`) VALUES ('2021010315222508743670', '201806141508359155', '2020110314195207514356', 3, 'SequenceRule/Enable', '禁用', 'el-icon-video-pause', '', '', NULL, 'F', 0, 0, 1, 0, 0, NULL, NULL, 3, 0, 1, NULL, '2021-01-03 15:22:25', '2020031712130656785909', NULL, NULL, NULL, NULL);
INSERT INTO `sys_menu`(`Id`, `SystemTypeId`, `ParentId`, `Layers`, `EnCode`, `FullName`, `Icon`, `UrlAddress`, `Component`, `Target`, `MenuType`, `IsExpand`, `IsFrame`, `IsShow`, `IsCache`, `IsPublic`, `AllowEdit`, `AllowDelete`, `SortCode`, `DeleteMark`, `EnabledMark`, `Description`, `CreatorTime`, `CreatorUserId`, `LastModifyTime`, `LastModifyUserId`, `DeleteTime`, `DeleteUserId`) VALUES ('2021010315222510354377', '201806141508359155', '2020110314195207514356', 3, 'SequenceRule/Enable', '启用', 'el-icon-video-play', '', '', NULL, 'F', 0, 0, 1, 0, 0, NULL, NULL, 4, 0, 1, NULL, '2021-01-03 15:22:25', '2020031712130656785909', NULL, NULL, NULL, NULL);
INSERT INTO `sys_menu`(`Id`, `SystemTypeId`, `ParentId`, `Layers`, `EnCode`, `FullName`, `Icon`, `UrlAddress`, `Component`, `Target`, `MenuType`, `IsExpand`, `IsFrame`, `IsShow`, `IsCache`, `IsPublic`, `AllowEdit`, `AllowDelete`, `SortCode`, `DeleteMark`, `EnabledMark`, `Description`, `CreatorTime`, `CreatorUserId`, `LastModifyTime`, `LastModifyUserId`, `DeleteTime`, `DeleteUserId`) VALUES ('2021010315222511918449', '201806141508359155', '2020110314195207514356', 3, 'SequenceRule/DeleteSoft', '软删除', 'el-icon-delete', '', '', NULL, 'F', 0, 0, 1, 0, 0, NULL, NULL, 5, 0, 1, NULL, '2021-01-03 15:22:25', '2020031712130656785909', NULL, NULL, NULL, NULL);
INSERT INTO `sys_menu`(`Id`, `SystemTypeId`, `ParentId`, `Layers`, `EnCode`, `FullName`, `Icon`, `UrlAddress`, `Component`, `Target`, `MenuType`, `IsExpand`, `IsFrame`, `IsShow`, `IsCache`, `IsPublic`, `AllowEdit`, `AllowDelete`, `SortCode`, `DeleteMark`, `EnabledMark`, `Description`, `CreatorTime`, `CreatorUserId`, `LastModifyTime`, `LastModifyUserId`, `DeleteTime`, `DeleteUserId`) VALUES ('2021010315222513987026', '201806141508359155', '2020110314195207514356', 3, 'SequenceRule/Delete', '删除', 'el-icon-delete', '', '', NULL, 'F', 0, 0, 1, 0, 0, NULL, NULL, 6, 0, 1, NULL, '2021-01-03 15:22:25', '2020031712130656785909', NULL, NULL, NULL, NULL);
INSERT INTO `sys_menu`(`Id`, `SystemTypeId`, `ParentId`, `Layers`, `EnCode`, `FullName`, `Icon`, `UrlAddress`, `Component`, `Target`, `MenuType`, `IsExpand`, `IsFrame`, `IsShow`, `IsCache`, `IsPublic`, `AllowEdit`, `AllowDelete`, `SortCode`, `DeleteMark`, `EnabledMark`, `Description`, `CreatorTime`, `CreatorUserId`, `LastModifyTime`, `LastModifyUserId`, `DeleteTime`, `DeleteUserId`) VALUES ('2021010315233975086228', '201806141508359155', '201806141351101389', 3, 'SystemType/List', '列表', '', '', '', NULL, 'F', 0, 0, 0, 0, 0, NULL, NULL, 0, 0, 1, NULL, '2021-01-03 15:23:40', '2020031712130656785909', NULL, NULL, NULL, NULL);
INSERT INTO `sys_menu`(`Id`, `SystemTypeId`, `ParentId`, `Layers`, `EnCode`, `FullName`, `Icon`, `UrlAddress`, `Component`, `Target`, `MenuType`, `IsExpand`, `IsFrame`, `IsShow`, `IsCache`, `IsPublic`, `AllowEdit`, `AllowDelete`, `SortCode`, `DeleteMark`, `EnabledMark`, `Description`, `CreatorTime`, `CreatorUserId`, `LastModifyTime`, `LastModifyUserId`, `DeleteTime`, `DeleteUserId`) VALUES ('2021010315233976493618', '201806141508359155', '201806141351101389', 3, 'SystemType/Add', '新增', 'el-icon-plus', '', '', NULL, 'F', 0, 0, 1, 0, 0, NULL, NULL, 1, 0, 1, NULL, '2021-01-03 15:23:40', '2020031712130656785909', NULL, NULL, NULL, NULL);
INSERT INTO `sys_menu`(`Id`, `SystemTypeId`, `ParentId`, `Layers`, `EnCode`, `FullName`, `Icon`, `UrlAddress`, `Component`, `Target`, `MenuType`, `IsExpand`, `IsFrame`, `IsShow`, `IsCache`, `IsPublic`, `AllowEdit`, `AllowDelete`, `SortCode`, `DeleteMark`, `EnabledMark`, `Description`, `CreatorTime`, `CreatorUserId`, `LastModifyTime`, `LastModifyUserId`, `DeleteTime`, `DeleteUserId`) VALUES ('2021010315233978026300', '201806141508359155', '201806141351101389', 3, 'SystemType/Edit', '修改', 'el-icon-edit', '', '', NULL, 'F', 0, 0, 1, 0, 0, NULL, NULL, 2, 0, 1, NULL, '2021-01-03 15:23:40', '2020031712130656785909', NULL, NULL, NULL, NULL);
INSERT INTO `sys_menu`(`Id`, `SystemTypeId`, `ParentId`, `Layers`, `EnCode`, `FullName`, `Icon`, `UrlAddress`, `Component`, `Target`, `MenuType`, `IsExpand`, `IsFrame`, `IsShow`, `IsCache`, `IsPublic`, `AllowEdit`, `AllowDelete`, `SortCode`, `DeleteMark`, `EnabledMark`, `Description`, `CreatorTime`, `CreatorUserId`, `LastModifyTime`, `LastModifyUserId`, `DeleteTime`, `DeleteUserId`) VALUES ('2021010315233979627999', '201806141508359155', '201806141351101389', 3, 'SystemType/Enable', '禁用', 'el-icon-video-pause', '', '', NULL, 'F', 0, 0, 1, 0, 0, NULL, NULL, 3, 0, 1, NULL, '2021-01-03 15:23:40', '2020031712130656785909', NULL, NULL, NULL, NULL);
INSERT INTO `sys_menu`(`Id`, `SystemTypeId`, `ParentId`, `Layers`, `EnCode`, `FullName`, `Icon`, `UrlAddress`, `Component`, `Target`, `MenuType`, `IsExpand`, `IsFrame`, `IsShow`, `IsCache`, `IsPublic`, `AllowEdit`, `AllowDelete`, `SortCode`, `DeleteMark`, `EnabledMark`, `Description`, `CreatorTime`, `CreatorUserId`, `LastModifyTime`, `LastModifyUserId`, `DeleteTime`, `DeleteUserId`) VALUES ('2021010315233981246649', '201806141508359155', '201806141351101389', 3, 'SystemType/Enable', '启用', 'el-icon-video-play', '', '', NULL, 'F', 0, 0, 1, 0, 0, NULL, NULL, 4, 0, 1, NULL, '2021-01-03 15:23:40', '2020031712130656785909', NULL, NULL, NULL, NULL);
INSERT INTO `sys_menu`(`Id`, `SystemTypeId`, `ParentId`, `Layers`, `EnCode`, `FullName`, `Icon`, `UrlAddress`, `Component`, `Target`, `MenuType`, `IsExpand`, `IsFrame`, `IsShow`, `IsCache`, `IsPublic`, `AllowEdit`, `AllowDelete`, `SortCode`, `DeleteMark`, `EnabledMark`, `Description`, `CreatorTime`, `CreatorUserId`, `LastModifyTime`, `LastModifyUserId`, `DeleteTime`, `DeleteUserId`) VALUES ('2021010315233982801956', '201806141508359155', '201806141351101389', 3, 'SystemType/DeleteSoft', '软删除', 'el-icon-delete', '', '', NULL, 'F', 0, 0, 1, 0, 0, NULL, NULL, 5, 0, 1, NULL, '2021-01-03 15:23:40', '2020031712130656785909', NULL, NULL, NULL, NULL);
INSERT INTO `sys_menu`(`Id`, `SystemTypeId`, `ParentId`, `Layers`, `EnCode`, `FullName`, `Icon`, `UrlAddress`, `Component`, `Target`, `MenuType`, `IsExpand`, `IsFrame`, `IsShow`, `IsCache`, `IsPublic`, `AllowEdit`, `AllowDelete`, `SortCode`, `DeleteMark`, `EnabledMark`, `Description`, `CreatorTime`, `CreatorUserId`, `LastModifyTime`, `LastModifyUserId`, `DeleteTime`, `DeleteUserId`) VALUES ('2021010315233984299075', '201806141508359155', '201806141351101389', 3, 'SystemType/Delete', '删除', 'el-icon-delete', '', '', NULL, 'F', 0, 0, 1, 0, 0, NULL, NULL, 6, 0, 1, NULL, '2021-01-03 15:23:40', '2020031712130656785909', NULL, NULL, NULL, NULL);
INSERT INTO `sys_menu`(`Id`, `SystemTypeId`, `ParentId`, `Layers`, `EnCode`, `FullName`, `Icon`, `UrlAddress`, `Component`, `Target`, `MenuType`, `IsExpand`, `IsFrame`, `IsShow`, `IsCache`, `IsPublic`, `AllowEdit`, `AllowDelete`, `SortCode`, `DeleteMark`, `EnabledMark`, `Description`, `CreatorTime`, `CreatorUserId`, `LastModifyTime`, `LastModifyUserId`, `DeleteTime`, `DeleteUserId`) VALUES ('2021010315295372466127', '201806141508359155', '201806291506346894', 3, 'APP/List', '列表', '', '', '', NULL, 'F', 0, 0, 0, 0, 0, NULL, NULL, 0, 0, 1, NULL, '2021-01-03 15:29:54', '2020031712130656785909', '2021-01-03 15:33:01', '2020031712130656785909', NULL, NULL);
INSERT INTO `sys_menu`(`Id`, `SystemTypeId`, `ParentId`, `Layers`, `EnCode`, `FullName`, `Icon`, `UrlAddress`, `Component`, `Target`, `MenuType`, `IsExpand`, `IsFrame`, `IsShow`, `IsCache`, `IsPublic`, `AllowEdit`, `AllowDelete`, `SortCode`, `DeleteMark`, `EnabledMark`, `Description`, `CreatorTime`, `CreatorUserId`, `LastModifyTime`, `LastModifyUserId`, `DeleteTime`, `DeleteUserId`) VALUES ('2021010315295385481609', '201806141508359155', '201806291506346894', 3, 'APP/Add', '新增', 'el-icon-plus', '', '', NULL, 'F', 0, 0, 1, 0, 0, NULL, NULL, 1, 0, 1, NULL, '2021-01-03 15:29:54', '2020031712130656785909', NULL, NULL, NULL, NULL);
INSERT INTO `sys_menu`(`Id`, `SystemTypeId`, `ParentId`, `Layers`, `EnCode`, `FullName`, `Icon`, `UrlAddress`, `Component`, `Target`, `MenuType`, `IsExpand`, `IsFrame`, `IsShow`, `IsCache`, `IsPublic`, `AllowEdit`, `AllowDelete`, `SortCode`, `DeleteMark`, `EnabledMark`, `Description`, `CreatorTime`, `CreatorUserId`, `LastModifyTime`, `LastModifyUserId`, `DeleteTime`, `DeleteUserId`) VALUES ('2021010315295389238874', '201806141508359155', '201806291506346894', 3, 'APP/Edit', '修改', 'el-icon-edit', '', '', NULL, 'F', 0, 0, 1, 0, 0, NULL, NULL, 2, 0, 1, NULL, '2021-01-03 15:29:54', '2020031712130656785909', NULL, NULL, NULL, NULL);
INSERT INTO `sys_menu`(`Id`, `SystemTypeId`, `ParentId`, `Layers`, `EnCode`, `FullName`, `Icon`, `UrlAddress`, `Component`, `Target`, `MenuType`, `IsExpand`, `IsFrame`, `IsShow`, `IsCache`, `IsPublic`, `AllowEdit`, `AllowDelete`, `SortCode`, `DeleteMark`, `EnabledMark`, `Description`, `CreatorTime`, `CreatorUserId`, `LastModifyTime`, `LastModifyUserId`, `DeleteTime`, `DeleteUserId`) VALUES ('2021010315295390992753', '201806141508359155', '201806291506346894', 3, 'APP/Enable', '禁用', 'el-icon-video-pause', '', '', NULL, 'F', 0, 0, 1, 0, 0, NULL, NULL, 3, 0, 1, NULL, '2021-01-03 15:29:54', '2020031712130656785909', NULL, NULL, NULL, NULL);
INSERT INTO `sys_menu`(`Id`, `SystemTypeId`, `ParentId`, `Layers`, `EnCode`, `FullName`, `Icon`, `UrlAddress`, `Component`, `Target`, `MenuType`, `IsExpand`, `IsFrame`, `IsShow`, `IsCache`, `IsPublic`, `AllowEdit`, `AllowDelete`, `SortCode`, `DeleteMark`, `EnabledMark`, `Description`, `CreatorTime`, `CreatorUserId`, `LastModifyTime`, `LastModifyUserId`, `DeleteTime`, `DeleteUserId`) VALUES ('2021010315295392674499', '201806141508359155', '201806291506346894', 3, 'APP/Enable', '启用', 'el-icon-video-play', '', '', NULL, 'F', 0, 0, 1, 0, 0, NULL, NULL, 4, 0, 1, NULL, '2021-01-03 15:29:54', '2020031712130656785909', NULL, NULL, NULL, NULL);
INSERT INTO `sys_menu`(`Id`, `SystemTypeId`, `ParentId`, `Layers`, `EnCode`, `FullName`, `Icon`, `UrlAddress`, `Component`, `Target`, `MenuType`, `IsExpand`, `IsFrame`, `IsShow`, `IsCache`, `IsPublic`, `AllowEdit`, `AllowDelete`, `SortCode`, `DeleteMark`, `EnabledMark`, `Description`, `CreatorTime`, `CreatorUserId`, `LastModifyTime`, `LastModifyUserId`, `DeleteTime`, `DeleteUserId`) VALUES ('2021010315295394456942', '201806141508359155', '201806291506346894', 3, 'APP/DeleteSoft', '软删除', 'el-icon-delete', '', '', NULL, 'F', 0, 0, 1, 0, 0, NULL, NULL, 5, 0, 1, NULL, '2021-01-03 15:29:54', '2020031712130656785909', NULL, NULL, NULL, NULL);
INSERT INTO `sys_menu`(`Id`, `SystemTypeId`, `ParentId`, `Layers`, `EnCode`, `FullName`, `Icon`, `UrlAddress`, `Component`, `Target`, `MenuType`, `IsExpand`, `IsFrame`, `IsShow`, `IsCache`, `IsPublic`, `AllowEdit`, `AllowDelete`, `SortCode`, `DeleteMark`, `EnabledMark`, `Description`, `CreatorTime`, `CreatorUserId`, `LastModifyTime`, `LastModifyUserId`, `DeleteTime`, `DeleteUserId`) VALUES ('2021010315295396508020', '201806141508359155', '201806291506346894', 3, 'APP/Delete', '删除', 'el-icon-delete', '', '', NULL, 'F', 0, 0, 1, 0, 0, NULL, NULL, 6, 0, 1, NULL, '2021-01-03 15:29:54', '2020031712130656785909', NULL, NULL, NULL, NULL);
INSERT INTO `sys_menu`(`Id`, `SystemTypeId`, `ParentId`, `Layers`, `EnCode`, `FullName`, `Icon`, `UrlAddress`, `Component`, `Target`, `MenuType`, `IsExpand`, `IsFrame`, `IsShow`, `IsCache`, `IsPublic`, `AllowEdit`, `AllowDelete`, `SortCode`, `DeleteMark`, `EnabledMark`, `Description`, `CreatorTime`, `CreatorUserId`, `LastModifyTime`, `LastModifyUserId`, `DeleteTime`, `DeleteUserId`) VALUES ('2021010315304417212621', '201806141508359155', '201806121608404625', 3, 'Menu/List', '列表', '', '', '', NULL, 'F', 0, 0, 0, 0, 0, NULL, NULL, 99, 0, 1, NULL, '2021-01-03 15:30:44', '2020031712130656785909', NULL, NULL, NULL, NULL);
INSERT INTO `sys_menu`(`Id`, `SystemTypeId`, `ParentId`, `Layers`, `EnCode`, `FullName`, `Icon`, `UrlAddress`, `Component`, `Target`, `MenuType`, `IsExpand`, `IsFrame`, `IsShow`, `IsCache`, `IsPublic`, `AllowEdit`, `AllowDelete`, `SortCode`, `DeleteMark`, `EnabledMark`, `Description`, `CreatorTime`, `CreatorUserId`, `LastModifyTime`, `LastModifyUserId`, `DeleteTime`, `DeleteUserId`) VALUES ('2021010315304419294420', '201806141508359155', '201806121608404625', 3, 'Menu/Add', '新增', 'el-icon-plus', '', '', NULL, 'F', 0, 0, 1, 0, 0, NULL, NULL, 1, 0, 1, NULL, '2021-01-03 15:30:44', '2020031712130656785909', NULL, NULL, NULL, NULL);
INSERT INTO `sys_menu`(`Id`, `SystemTypeId`, `ParentId`, `Layers`, `EnCode`, `FullName`, `Icon`, `UrlAddress`, `Component`, `Target`, `MenuType`, `IsExpand`, `IsFrame`, `IsShow`, `IsCache`, `IsPublic`, `AllowEdit`, `AllowDelete`, `SortCode`, `DeleteMark`, `EnabledMark`, `Description`, `CreatorTime`, `CreatorUserId`, `LastModifyTime`, `LastModifyUserId`, `DeleteTime`, `DeleteUserId`) VALUES ('2021010315304421057774', '201806141508359155', '201806121608404625', 3, 'Menu/Edit', '修改', 'el-icon-edit', '', '', NULL, 'F', 0, 0, 1, 0, 0, NULL, NULL, 2, 0, 1, NULL, '2021-01-03 15:30:44', '2020031712130656785909', NULL, NULL, NULL, NULL);
INSERT INTO `sys_menu`(`Id`, `SystemTypeId`, `ParentId`, `Layers`, `EnCode`, `FullName`, `Icon`, `UrlAddress`, `Component`, `Target`, `MenuType`, `IsExpand`, `IsFrame`, `IsShow`, `IsCache`, `IsPublic`, `AllowEdit`, `AllowDelete`, `SortCode`, `DeleteMark`, `EnabledMark`, `Description`, `CreatorTime`, `CreatorUserId`, `LastModifyTime`, `LastModifyUserId`, `DeleteTime`, `DeleteUserId`) VALUES ('2021010315304422692928', '201806141508359155', '201806121608404625', 3, 'Menu/Enable', '禁用', 'el-icon-video-pause', '', '', NULL, 'F', 0, 0, 1, 0, 0, NULL, NULL, 3, 0, 1, NULL, '2021-01-03 15:30:44', '2020031712130656785909', NULL, NULL, NULL, NULL);
INSERT INTO `sys_menu`(`Id`, `SystemTypeId`, `ParentId`, `Layers`, `EnCode`, `FullName`, `Icon`, `UrlAddress`, `Component`, `Target`, `MenuType`, `IsExpand`, `IsFrame`, `IsShow`, `IsCache`, `IsPublic`, `AllowEdit`, `AllowDelete`, `SortCode`, `DeleteMark`, `EnabledMark`, `Description`, `CreatorTime`, `CreatorUserId`, `LastModifyTime`, `LastModifyUserId`, `DeleteTime`, `DeleteUserId`) VALUES ('2021010315304424338490', '201806141508359155', '201806121608404625', 3, 'Menu/Enable', '启用', 'el-icon-video-play', '', '', NULL, 'F', 0, 0, 1, 0, 0, NULL, NULL, 4, 0, 1, NULL, '2021-01-03 15:30:44', '2020031712130656785909', NULL, NULL, NULL, NULL);
INSERT INTO `sys_menu`(`Id`, `SystemTypeId`, `ParentId`, `Layers`, `EnCode`, `FullName`, `Icon`, `UrlAddress`, `Component`, `Target`, `MenuType`, `IsExpand`, `IsFrame`, `IsShow`, `IsCache`, `IsPublic`, `AllowEdit`, `AllowDelete`, `SortCode`, `DeleteMark`, `EnabledMark`, `Description`, `CreatorTime`, `CreatorUserId`, `LastModifyTime`, `LastModifyUserId`, `DeleteTime`, `DeleteUserId`) VALUES ('2021010315304425833907', '201806141508359155', '201806121608404625', 3, 'Menu/DeleteSoft', '软删除', 'el-icon-delete', '', '', NULL, 'F', 0, 0, 1, 0, 0, NULL, NULL, 5, 0, 1, NULL, '2021-01-03 15:30:44', '2020031712130656785909', NULL, NULL, NULL, NULL);
INSERT INTO `sys_menu`(`Id`, `SystemTypeId`, `ParentId`, `Layers`, `EnCode`, `FullName`, `Icon`, `UrlAddress`, `Component`, `Target`, `MenuType`, `IsExpand`, `IsFrame`, `IsShow`, `IsCache`, `IsPublic`, `AllowEdit`, `AllowDelete`, `SortCode`, `DeleteMark`, `EnabledMark`, `Description`, `CreatorTime`, `CreatorUserId`, `LastModifyTime`, `LastModifyUserId`, `DeleteTime`, `DeleteUserId`) VALUES ('2021010315304436069801', '201806141508359155', '201806121608404625', 3, 'Menu/Delete', '删除', 'el-icon-delete', '', '', NULL, 'F', 0, 0, 1, 0, 0, NULL, NULL, 6, 0, 1, NULL, '2021-01-03 15:30:44', '2020031712130656785909', NULL, NULL, NULL, NULL);
INSERT INTO `sys_menu`(`Id`, `SystemTypeId`, `ParentId`, `Layers`, `EnCode`, `FullName`, `Icon`, `UrlAddress`, `Component`, `Target`, `MenuType`, `IsExpand`, `IsFrame`, `IsShow`, `IsCache`, `IsPublic`, `AllowEdit`, `AllowDelete`, `SortCode`, `DeleteMark`, `EnabledMark`, `Description`, `CreatorTime`, `CreatorUserId`, `LastModifyTime`, `LastModifyUserId`, `DeleteTime`, `DeleteUserId`) VALUES ('2021010315315773909706', '201806141508359155', '201806291506346894', 3, 'APP/ResetAppSecret', '重置AppSecret', '', '', '', NULL, 'F', 0, 0, 1, 0, 0, NULL, NULL, 98, 0, 1, NULL, '2021-01-03 15:31:58', '2020031712130656785909', '2021-01-03 15:32:49', '2020031712130656785909', NULL, NULL);
INSERT INTO `sys_menu`(`Id`, `SystemTypeId`, `ParentId`, `Layers`, `EnCode`, `FullName`, `Icon`, `UrlAddress`, `Component`, `Target`, `MenuType`, `IsExpand`, `IsFrame`, `IsShow`, `IsCache`, `IsPublic`, `AllowEdit`, `AllowDelete`, `SortCode`, `DeleteMark`, `EnabledMark`, `Description`, `CreatorTime`, `CreatorUserId`, `LastModifyTime`, `LastModifyUserId`, `DeleteTime`, `DeleteUserId`) VALUES ('2021010315323086026943', '201806141508359155', '201806291506346894', 3, 'APP/ResetEncodingAESKey', '重置消息密钥', 'true', '', '', NULL, 'F', 0, 0, 1, 0, 0, NULL, NULL, 99, 0, 1, NULL, '2021-01-03 15:32:31', '2020031712130656785909', NULL, NULL, NULL, NULL);
INSERT INTO `sys_menu`(`Id`, `SystemTypeId`, `ParentId`, `Layers`, `EnCode`, `FullName`, `Icon`, `UrlAddress`, `Component`, `Target`, `MenuType`, `IsExpand`, `IsFrame`, `IsShow`, `IsCache`, `IsPublic`, `AllowEdit`, `AllowDelete`, `SortCode`, `DeleteMark`, `EnabledMark`, `Description`, `CreatorTime`, `CreatorUserId`, `LastModifyTime`, `LastModifyUserId`, `DeleteTime`, `DeleteUserId`) VALUES ('2021010315340190128841', '201806141508359155', '7', 3, 'Log/Delete', '删除', '', '', '', NULL, 'F', 0, 0, 1, 0, 0, NULL, NULL, 0, 0, 1, NULL, '2021-01-03 15:34:02', '2020031712130656785909', NULL, NULL, NULL, NULL);
INSERT INTO `sys_menu`(`Id`, `SystemTypeId`, `ParentId`, `Layers`, `EnCode`, `FullName`, `Icon`, `UrlAddress`, `Component`, `Target`, `MenuType`, `IsExpand`, `IsFrame`, `IsShow`, `IsCache`, `IsPublic`, `AllowEdit`, `AllowDelete`, `SortCode`, `DeleteMark`, `EnabledMark`, `Description`, `CreatorTime`, `CreatorUserId`, `LastModifyTime`, `LastModifyUserId`, `DeleteTime`, `DeleteUserId`) VALUES ('2021010316040698162073', '201806141508359155', '4', 3, 'User/ModifyPassword', '修改密码', '', '', '', NULL, 'F', 0, 0, 1, 0, 0, NULL, NULL, 99, 0, 1, NULL, '2021-01-03 16:04:07', '2020031712130656785909', NULL, NULL, NULL, NULL);
INSERT INTO `sys_menu`(`Id`, `SystemTypeId`, `ParentId`, `Layers`, `EnCode`, `FullName`, `Icon`, `UrlAddress`, `Component`, `Target`, `MenuType`, `IsExpand`, `IsFrame`, `IsShow`, `IsCache`, `IsPublic`, `AllowEdit`, `AllowDelete`, `SortCode`, `DeleteMark`, `EnabledMark`, `Description`, `CreatorTime`, `CreatorUserId`, `LastModifyTime`, `LastModifyUserId`, `DeleteTime`, `DeleteUserId`) VALUES ('2021010316051714119704', '201806141508359155', '4', 3, 'User/ResetPassword', '重置密码', '', '', '', NULL, 'F', 0, 0, 1, 0, 0, NULL, NULL, 99, 0, 1, NULL, '2021-01-03 16:05:17', '2020031712130656785909', NULL, NULL, NULL, NULL);
INSERT INTO `sys_menu`(`Id`, `SystemTypeId`, `ParentId`, `Layers`, `EnCode`, `FullName`, `Icon`, `UrlAddress`, `Component`, `Target`, `MenuType`, `IsExpand`, `IsFrame`, `IsShow`, `IsCache`, `IsPublic`, `AllowEdit`, `AllowDelete`, `SortCode`, `DeleteMark`, `EnabledMark`, `Description`, `CreatorTime`, `CreatorUserId`, `LastModifyTime`, `LastModifyUserId`, `DeleteTime`, `DeleteUserId`) VALUES ('2021010316083259762810', '201806141508359155', '6', 3, 'ItemsDetail', '字典明细', '', '', '', NULL, 'F', 0, 0, 0, 0, 0, NULL, NULL, 99, 0, 1, NULL, '2021-01-03 16:08:33', '2020031712130656785909', '2021-01-05 21:40:33', '2020031712130656785909', NULL, NULL);
INSERT INTO `sys_menu`(`Id`, `SystemTypeId`, `ParentId`, `Layers`, `EnCode`, `FullName`, `Icon`, `UrlAddress`, `Component`, `Target`, `MenuType`, `IsExpand`, `IsFrame`, `IsShow`, `IsCache`, `IsPublic`, `AllowEdit`, `AllowDelete`, `SortCode`, `DeleteMark`, `EnabledMark`, `Description`, `CreatorTime`, `CreatorUserId`, `LastModifyTime`, `LastModifyUserId`, `DeleteTime`, `DeleteUserId`) VALUES ('2021010316100009998659', '201806141508359155', '2021010316083259762810', 4, 'ItemsDetail/List', '列表', '', '', '', NULL, 'F', 0, 0, 0, 0, 0, NULL, NULL, 99, 0, 1, NULL, '2021-01-03 16:10:00', '2020031712130656785909', '2021-01-05 21:41:25', '2020031712130656785909', NULL, NULL);
INSERT INTO `sys_menu`(`Id`, `SystemTypeId`, `ParentId`, `Layers`, `EnCode`, `FullName`, `Icon`, `UrlAddress`, `Component`, `Target`, `MenuType`, `IsExpand`, `IsFrame`, `IsShow`, `IsCache`, `IsPublic`, `AllowEdit`, `AllowDelete`, `SortCode`, `DeleteMark`, `EnabledMark`, `Description`, `CreatorTime`, `CreatorUserId`, `LastModifyTime`, `LastModifyUserId`, `DeleteTime`, `DeleteUserId`) VALUES ('2021010316100011385581', '201806141508359155', '2021010316083259762810', 4, 'ItemsDetail/Add', '明细新增', 'el-icon-plus', '', '', NULL, 'F', 0, 0, 1, 0, 0, NULL, NULL, 1, 0, 1, NULL, '2021-01-03 16:10:00', '2020031712130656785909', '2021-01-05 21:42:21', '2020031712130656785909', NULL, NULL);
INSERT INTO `sys_menu`(`Id`, `SystemTypeId`, `ParentId`, `Layers`, `EnCode`, `FullName`, `Icon`, `UrlAddress`, `Component`, `Target`, `MenuType`, `IsExpand`, `IsFrame`, `IsShow`, `IsCache`, `IsPublic`, `AllowEdit`, `AllowDelete`, `SortCode`, `DeleteMark`, `EnabledMark`, `Description`, `CreatorTime`, `CreatorUserId`, `LastModifyTime`, `LastModifyUserId`, `DeleteTime`, `DeleteUserId`) VALUES ('2021010316100012707325', '201806141508359155', '2021010316083259762810', 4, 'ItemsDetail/Edit', '修改', 'el-icon-edit', '', '', NULL, 'F', 0, 0, 1, 0, 0, NULL, NULL, 2, 0, 1, NULL, '2021-01-03 16:10:00', '2020031712130656785909', '2021-01-05 21:42:34', '2020031712130656785909', NULL, NULL);
INSERT INTO `sys_menu`(`Id`, `SystemTypeId`, `ParentId`, `Layers`, `EnCode`, `FullName`, `Icon`, `UrlAddress`, `Component`, `Target`, `MenuType`, `IsExpand`, `IsFrame`, `IsShow`, `IsCache`, `IsPublic`, `AllowEdit`, `AllowDelete`, `SortCode`, `DeleteMark`, `EnabledMark`, `Description`, `CreatorTime`, `CreatorUserId`, `LastModifyTime`, `LastModifyUserId`, `DeleteTime`, `DeleteUserId`) VALUES ('2021010316100014008890', '201806141508359155', '2021010316083259762810', 4, 'ItemsDetail/Enable', '禁用', 'el-icon-video-pause', '', '', NULL, 'F', 0, 0, 1, 0, 0, NULL, NULL, 3, 0, 1, NULL, '2021-01-03 16:10:00', '2020031712130656785909', '2021-01-05 21:42:45', '2020031712130656785909', NULL, NULL);
INSERT INTO `sys_menu`(`Id`, `SystemTypeId`, `ParentId`, `Layers`, `EnCode`, `FullName`, `Icon`, `UrlAddress`, `Component`, `Target`, `MenuType`, `IsExpand`, `IsFrame`, `IsShow`, `IsCache`, `IsPublic`, `AllowEdit`, `AllowDelete`, `SortCode`, `DeleteMark`, `EnabledMark`, `Description`, `CreatorTime`, `CreatorUserId`, `LastModifyTime`, `LastModifyUserId`, `DeleteTime`, `DeleteUserId`) VALUES ('2021010316100015306916', '201806141508359155', '2021010316083259762810', 4, 'ItemsDetail/Enable', '启用', 'el-icon-video-play', '', '', NULL, 'F', 0, 0, 1, 0, 0, NULL, NULL, 4, 0, 1, NULL, '2021-01-03 16:10:00', '2020031712130656785909', '2021-01-05 21:42:58', '2020031712130656785909', NULL, NULL);
INSERT INTO `sys_menu`(`Id`, `SystemTypeId`, `ParentId`, `Layers`, `EnCode`, `FullName`, `Icon`, `UrlAddress`, `Component`, `Target`, `MenuType`, `IsExpand`, `IsFrame`, `IsShow`, `IsCache`, `IsPublic`, `AllowEdit`, `AllowDelete`, `SortCode`, `DeleteMark`, `EnabledMark`, `Description`, `CreatorTime`, `CreatorUserId`, `LastModifyTime`, `LastModifyUserId`, `DeleteTime`, `DeleteUserId`) VALUES ('2021010316100016609991', '201806141508359155', '2021010316083259762810', 4, 'ItemsDetail/DeleteSoft', '软删除', 'el-icon-delete', '', '', NULL, 'F', 0, 0, 1, 0, 0, NULL, NULL, 5, 0, 1, NULL, '2021-01-03 16:10:00', '2020031712130656785909', '2021-01-05 21:42:06', '2020031712130656785909', NULL, NULL);
INSERT INTO `sys_menu`(`Id`, `SystemTypeId`, `ParentId`, `Layers`, `EnCode`, `FullName`, `Icon`, `UrlAddress`, `Component`, `Target`, `MenuType`, `IsExpand`, `IsFrame`, `IsShow`, `IsCache`, `IsPublic`, `AllowEdit`, `AllowDelete`, `SortCode`, `DeleteMark`, `EnabledMark`, `Description`, `CreatorTime`, `CreatorUserId`, `LastModifyTime`, `LastModifyUserId`, `DeleteTime`, `DeleteUserId`) VALUES ('2021010316100018015698', '201806141508359155', '2021010316083259762810', 4, 'ItemsDetail/Delete', '删除', 'el-icon-delete', '', '', NULL, 'F', 0, 0, 1, 0, 0, NULL, NULL, 6, 0, 1, NULL, '2021-01-03 16:10:00', '2020031712130656785909', '2021-01-05 21:41:53', '2020031712130656785909', NULL, NULL);
INSERT INTO `sys_menu`(`Id`, `SystemTypeId`, `ParentId`, `Layers`, `EnCode`, `FullName`, `Icon`, `UrlAddress`, `Component`, `Target`, `MenuType`, `IsExpand`, `IsFrame`, `IsShow`, `IsCache`, `IsPublic`, `AllowEdit`, `AllowDelete`, `SortCode`, `DeleteMark`, `EnabledMark`, `Description`, `CreatorTime`, `CreatorUserId`, `LastModifyTime`, `LastModifyUserId`, `DeleteTime`, `DeleteUserId`) VALUES ('2021010316453710775564', '201806141508359155', '2020042316122987266087', 3, 'UploadFile/List', '列表', '', '', '', NULL, 'F', 0, 0, 0, 0, 0, NULL, NULL, 99, 0, 1, NULL, '2021-01-03 16:45:37', '2020031712130656785909', '2021-01-03 19:05:56', '2020031712130656785909', NULL, NULL);
INSERT INTO `sys_menu`(`Id`, `SystemTypeId`, `ParentId`, `Layers`, `EnCode`, `FullName`, `Icon`, `UrlAddress`, `Component`, `Target`, `MenuType`, `IsExpand`, `IsFrame`, `IsShow`, `IsCache`, `IsPublic`, `AllowEdit`, `AllowDelete`, `SortCode`, `DeleteMark`, `EnabledMark`, `Description`, `CreatorTime`, `CreatorUserId`, `LastModifyTime`, `LastModifyUserId`, `DeleteTime`, `DeleteUserId`) VALUES ('2021010316453713145150', '201806141508359155', '2020042316122987266087', 3, 'UploadFile/Add', '新增', 'el-icon-plus', '', '', NULL, 'F', 0, 0, 1, 0, 0, NULL, NULL, 1, 0, 1, NULL, '2021-01-03 16:45:37', '2020031712130656785909', NULL, NULL, NULL, NULL);
INSERT INTO `sys_menu`(`Id`, `SystemTypeId`, `ParentId`, `Layers`, `EnCode`, `FullName`, `Icon`, `UrlAddress`, `Component`, `Target`, `MenuType`, `IsExpand`, `IsFrame`, `IsShow`, `IsCache`, `IsPublic`, `AllowEdit`, `AllowDelete`, `SortCode`, `DeleteMark`, `EnabledMark`, `Description`, `CreatorTime`, `CreatorUserId`, `LastModifyTime`, `LastModifyUserId`, `DeleteTime`, `DeleteUserId`) VALUES ('2021010316453714778755', '201806141508359155', '2020042316122987266087', 3, 'UploadFile/Edit', '修改', 'el-icon-edit', '', '', NULL, 'F', 0, 0, 1, 0, 0, NULL, NULL, 2, 0, 1, NULL, '2021-01-03 16:45:37', '2020031712130656785909', NULL, NULL, NULL, NULL);
INSERT INTO `sys_menu`(`Id`, `SystemTypeId`, `ParentId`, `Layers`, `EnCode`, `FullName`, `Icon`, `UrlAddress`, `Component`, `Target`, `MenuType`, `IsExpand`, `IsFrame`, `IsShow`, `IsCache`, `IsPublic`, `AllowEdit`, `AllowDelete`, `SortCode`, `DeleteMark`, `EnabledMark`, `Description`, `CreatorTime`, `CreatorUserId`, `LastModifyTime`, `LastModifyUserId`, `DeleteTime`, `DeleteUserId`) VALUES ('2021010316453715932821', '201806141508359155', '2020042316122987266087', 3, 'UploadFile/Enable', '禁用', 'el-icon-video-pause', '', '', NULL, 'F', 0, 0, 1, 0, 0, NULL, NULL, 3, 0, 1, NULL, '2021-01-03 16:45:37', '2020031712130656785909', NULL, NULL, NULL, NULL);
INSERT INTO `sys_menu`(`Id`, `SystemTypeId`, `ParentId`, `Layers`, `EnCode`, `FullName`, `Icon`, `UrlAddress`, `Component`, `Target`, `MenuType`, `IsExpand`, `IsFrame`, `IsShow`, `IsCache`, `IsPublic`, `AllowEdit`, `AllowDelete`, `SortCode`, `DeleteMark`, `EnabledMark`, `Description`, `CreatorTime`, `CreatorUserId`, `LastModifyTime`, `LastModifyUserId`, `DeleteTime`, `DeleteUserId`) VALUES ('2021010316453717238579', '201806141508359155', '2020042316122987266087', 3, 'UploadFile/Enable', '启用', 'el-icon-video-play', '', '', NULL, 'F', 0, 0, 1, 0, 0, NULL, NULL, 4, 0, 1, NULL, '2021-01-03 16:45:37', '2020031712130656785909', NULL, NULL, NULL, NULL);
INSERT INTO `sys_menu`(`Id`, `SystemTypeId`, `ParentId`, `Layers`, `EnCode`, `FullName`, `Icon`, `UrlAddress`, `Component`, `Target`, `MenuType`, `IsExpand`, `IsFrame`, `IsShow`, `IsCache`, `IsPublic`, `AllowEdit`, `AllowDelete`, `SortCode`, `DeleteMark`, `EnabledMark`, `Description`, `CreatorTime`, `CreatorUserId`, `LastModifyTime`, `LastModifyUserId`, `DeleteTime`, `DeleteUserId`) VALUES ('2021010316453718652652', '201806141508359155', '2020042316122987266087', 3, 'UploadFile/DeleteSoft', '软删除', 'el-icon-delete', '', '', NULL, 'F', 0, 0, 1, 0, 0, NULL, NULL, 5, 0, 1, NULL, '2021-01-03 16:45:37', '2020031712130656785909', NULL, NULL, NULL, NULL);
INSERT INTO `sys_menu`(`Id`, `SystemTypeId`, `ParentId`, `Layers`, `EnCode`, `FullName`, `Icon`, `UrlAddress`, `Component`, `Target`, `MenuType`, `IsExpand`, `IsFrame`, `IsShow`, `IsCache`, `IsPublic`, `AllowEdit`, `AllowDelete`, `SortCode`, `DeleteMark`, `EnabledMark`, `Description`, `CreatorTime`, `CreatorUserId`, `LastModifyTime`, `LastModifyUserId`, `DeleteTime`, `DeleteUserId`) VALUES ('2021010316453719872053', '201806141508359155', '2020042316122987266087', 3, 'UploadFile/Delete', '删除', 'el-icon-delete', '', '', NULL, 'F', 0, 0, 1, 0, 0, NULL, NULL, 6, 0, 1, NULL, '2021-01-03 16:45:37', '2020031712130656785909', NULL, NULL, NULL, NULL);
INSERT INTO `sys_menu`(`Id`, `SystemTypeId`, `ParentId`, `Layers`, `EnCode`, `FullName`, `Icon`, `UrlAddress`, `Component`, `Target`, `MenuType`, `IsExpand`, `IsFrame`, `IsShow`, `IsCache`, `IsPublic`, `AllowEdit`, `AllowDelete`, `SortCode`, `DeleteMark`, `EnabledMark`, `Description`, `CreatorTime`, `CreatorUserId`, `LastModifyTime`, `LastModifyUserId`, `DeleteTime`, `DeleteUserId`) VALUES ('2021010320121395837658', '201806141508359155', '3', 3, 'Organize/List', '列表', '', '', '', NULL, 'F', 0, 0, 0, 0, 0, NULL, NULL, 99, 0, 1, NULL, '2021-01-03 20:12:14', '2020031712130656785909', NULL, NULL, NULL, NULL);
INSERT INTO `sys_menu`(`Id`, `SystemTypeId`, `ParentId`, `Layers`, `EnCode`, `FullName`, `Icon`, `UrlAddress`, `Component`, `Target`, `MenuType`, `IsExpand`, `IsFrame`, `IsShow`, `IsCache`, `IsPublic`, `AllowEdit`, `AllowDelete`, `SortCode`, `DeleteMark`, `EnabledMark`, `Description`, `CreatorTime`, `CreatorUserId`, `LastModifyTime`, `LastModifyUserId`, `DeleteTime`, `DeleteUserId`) VALUES ('2021010321015604704406', '201806141508359155', '2020110314165224964779', 3, 'TaskJobsLog/List', '列表', '', '', '', NULL, 'F', 0, 0, 0, 0, 0, NULL, NULL, 0, 0, 1, NULL, '2021-01-03 21:01:56', '2020031712130656785909', NULL, NULL, NULL, NULL);
INSERT INTO `sys_menu`(`Id`, `SystemTypeId`, `ParentId`, `Layers`, `EnCode`, `FullName`, `Icon`, `UrlAddress`, `Component`, `Target`, `MenuType`, `IsExpand`, `IsFrame`, `IsShow`, `IsCache`, `IsPublic`, `AllowEdit`, `AllowDelete`, `SortCode`, `DeleteMark`, `EnabledMark`, `Description`, `CreatorTime`, `CreatorUserId`, `LastModifyTime`, `LastModifyUserId`, `DeleteTime`, `DeleteUserId`) VALUES ('2021010321100441931251', '201806141508359155', '2020110314220971767837', 3, 'Log/Delete', '删除', '', '', '', NULL, 'F', 0, 0, 1, 0, 0, NULL, NULL, 0, 0, 1, NULL, '2021-01-03 21:10:04', '2020031712130656785909', NULL, NULL, NULL, NULL);
INSERT INTO `sys_menu`(`Id`, `SystemTypeId`, `ParentId`, `Layers`, `EnCode`, `FullName`, `Icon`, `UrlAddress`, `Component`, `Target`, `MenuType`, `IsExpand`, `IsFrame`, `IsShow`, `IsCache`, `IsPublic`, `AllowEdit`, `AllowDelete`, `SortCode`, `DeleteMark`, `EnabledMark`, `Description`, `CreatorTime`, `CreatorUserId`, `LastModifyTime`, `LastModifyUserId`, `DeleteTime`, `DeleteUserId`) VALUES ('2021010321102869902680', '201806141508359155', '2020110314224299715445', 3, 'Log/Delete', '删除', '', '', '', NULL, 'F', 0, 0, 1, 0, 0, NULL, NULL, 0, 0, 1, NULL, '2021-01-03 21:10:29', '2020031712130656785909', NULL, NULL, NULL, NULL);
INSERT INTO `sys_menu`(`Id`, `SystemTypeId`, `ParentId`, `Layers`, `EnCode`, `FullName`, `Icon`, `UrlAddress`, `Component`, `Target`, `MenuType`, `IsExpand`, `IsFrame`, `IsShow`, `IsCache`, `IsPublic`, `AllowEdit`, `AllowDelete`, `SortCode`, `DeleteMark`, `EnabledMark`, `Description`, `CreatorTime`, `CreatorUserId`, `LastModifyTime`, `LastModifyUserId`, `DeleteTime`, `DeleteUserId`) VALUES ('2021010321105884295252', '201806141508359155', '2020110314231504343408', 3, 'Log/Delete', '删除', 'true', '', '', NULL, 'F', 0, 0, 1, 0, 0, NULL, NULL, 0, 0, 1, NULL, '2021-01-03 21:10:59', '2020031712130656785909', NULL, NULL, NULL, NULL);
INSERT INTO `sys_menu`(`Id`, `SystemTypeId`, `ParentId`, `Layers`, `EnCode`, `FullName`, `Icon`, `UrlAddress`, `Component`, `Target`, `MenuType`, `IsExpand`, `IsFrame`, `IsShow`, `IsCache`, `IsPublic`, `AllowEdit`, `AllowDelete`, `SortCode`, `DeleteMark`, `EnabledMark`, `Description`, `CreatorTime`, `CreatorUserId`, `LastModifyTime`, `LastModifyUserId`, `DeleteTime`, `DeleteUserId`) VALUES ('2021010612383675183980', '201806141508359155', '', 1, 'Cms', '文章管理', 'news', '/cms', '', NULL, 'C', 0, 0, 1, 0, 0, NULL, NULL, 990, 0, 1, NULL, '2021-01-06 12:38:37', '9f2ec079-7d0f-4fe2-90ab-8b09a8302aba', '2021-01-20 20:16:00', '9f2ec079-7d0f-4fe2-90ab-8b09a8302aba', NULL, NULL);
INSERT INTO `sys_menu`(`Id`, `SystemTypeId`, `ParentId`, `Layers`, `EnCode`, `FullName`, `Icon`, `UrlAddress`, `Component`, `Target`, `MenuType`, `IsExpand`, `IsFrame`, `IsShow`, `IsCache`, `IsPublic`, `AllowEdit`, `AllowDelete`, `SortCode`, `DeleteMark`, `EnabledMark`, `Description`, `CreatorTime`, `CreatorUserId`, `LastModifyTime`, `LastModifyUserId`, `DeleteTime`, `DeleteUserId`) VALUES ('2021010612464998158840', '201806141508359155', '2021010612383675183980', 2, 'Articlecategory', '文章分类', 'list', '/articlecategory/index', 'articlecategory/index', NULL, 'M', 0, 0, 1, 0, 0, NULL, NULL, 99, 0, 1, NULL, '2021-01-06 12:46:50', '9f2ec079-7d0f-4fe2-90ab-8b09a8302aba', '2021-01-20 20:16:14', '9f2ec079-7d0f-4fe2-90ab-8b09a8302aba', NULL, NULL);
INSERT INTO `sys_menu`(`Id`, `SystemTypeId`, `ParentId`, `Layers`, `EnCode`, `FullName`, `Icon`, `UrlAddress`, `Component`, `Target`, `MenuType`, `IsExpand`, `IsFrame`, `IsShow`, `IsCache`, `IsPublic`, `AllowEdit`, `AllowDelete`, `SortCode`, `DeleteMark`, `EnabledMark`, `Description`, `CreatorTime`, `CreatorUserId`, `LastModifyTime`, `LastModifyUserId`, `DeleteTime`, `DeleteUserId`) VALUES ('2021010612491813391450', '201806141508359155', '2021010612464998158840', 3, 'Articlecategory/List', '列表', '', '', '', NULL, 'F', 0, 0, 1, 0, 0, NULL, NULL, 99, 0, 1, NULL, '2021-01-06 12:49:18', '9f2ec079-7d0f-4fe2-90ab-8b09a8302aba', NULL, NULL, NULL, NULL);
INSERT INTO `sys_menu`(`Id`, `SystemTypeId`, `ParentId`, `Layers`, `EnCode`, `FullName`, `Icon`, `UrlAddress`, `Component`, `Target`, `MenuType`, `IsExpand`, `IsFrame`, `IsShow`, `IsCache`, `IsPublic`, `AllowEdit`, `AllowDelete`, `SortCode`, `DeleteMark`, `EnabledMark`, `Description`, `CreatorTime`, `CreatorUserId`, `LastModifyTime`, `LastModifyUserId`, `DeleteTime`, `DeleteUserId`) VALUES ('2021010612491819924157', '201806141508359155', '2021010612464998158840', 3, 'Articlecategory/Add', '新增', 'el-icon-plus', '', '', NULL, 'F', 0, 0, 1, 0, 0, NULL, NULL, 1, 0, 1, NULL, '2021-01-06 12:49:18', '9f2ec079-7d0f-4fe2-90ab-8b09a8302aba', NULL, NULL, NULL, NULL);
INSERT INTO `sys_menu`(`Id`, `SystemTypeId`, `ParentId`, `Layers`, `EnCode`, `FullName`, `Icon`, `UrlAddress`, `Component`, `Target`, `MenuType`, `IsExpand`, `IsFrame`, `IsShow`, `IsCache`, `IsPublic`, `AllowEdit`, `AllowDelete`, `SortCode`, `DeleteMark`, `EnabledMark`, `Description`, `CreatorTime`, `CreatorUserId`, `LastModifyTime`, `LastModifyUserId`, `DeleteTime`, `DeleteUserId`) VALUES ('2021010612491822062867', '201806141508359155', '2021010612464998158840', 3, 'Articlecategory/Edit', '修改', 'el-icon-edit', '', '', NULL, 'F', 0, 0, 1, 0, 0, NULL, NULL, 2, 0, 1, NULL, '2021-01-06 12:49:18', '9f2ec079-7d0f-4fe2-90ab-8b09a8302aba', NULL, NULL, NULL, NULL);
INSERT INTO `sys_menu`(`Id`, `SystemTypeId`, `ParentId`, `Layers`, `EnCode`, `FullName`, `Icon`, `UrlAddress`, `Component`, `Target`, `MenuType`, `IsExpand`, `IsFrame`, `IsShow`, `IsCache`, `IsPublic`, `AllowEdit`, `AllowDelete`, `SortCode`, `DeleteMark`, `EnabledMark`, `Description`, `CreatorTime`, `CreatorUserId`, `LastModifyTime`, `LastModifyUserId`, `DeleteTime`, `DeleteUserId`) VALUES ('2021010612491831898409', '201806141508359155', '2021010612464998158840', 3, 'Articlecategory/Enable', '禁用', 'el-icon-video-pause', '', '', NULL, 'F', 0, 0, 1, 0, 0, NULL, NULL, 3, 0, 1, NULL, '2021-01-06 12:49:18', '9f2ec079-7d0f-4fe2-90ab-8b09a8302aba', NULL, NULL, NULL, NULL);
INSERT INTO `sys_menu`(`Id`, `SystemTypeId`, `ParentId`, `Layers`, `EnCode`, `FullName`, `Icon`, `UrlAddress`, `Component`, `Target`, `MenuType`, `IsExpand`, `IsFrame`, `IsShow`, `IsCache`, `IsPublic`, `AllowEdit`, `AllowDelete`, `SortCode`, `DeleteMark`, `EnabledMark`, `Description`, `CreatorTime`, `CreatorUserId`, `LastModifyTime`, `LastModifyUserId`, `DeleteTime`, `DeleteUserId`) VALUES ('2021010612491833636611', '201806141508359155', '2021010612464998158840', 3, 'Articlecategory/Enable', '启用', 'el-icon-video-play', '', '', NULL, 'F', 0, 0, 1, 0, 0, NULL, NULL, 4, 0, 1, NULL, '2021-01-06 12:49:18', '9f2ec079-7d0f-4fe2-90ab-8b09a8302aba', NULL, NULL, NULL, NULL);
INSERT INTO `sys_menu`(`Id`, `SystemTypeId`, `ParentId`, `Layers`, `EnCode`, `FullName`, `Icon`, `UrlAddress`, `Component`, `Target`, `MenuType`, `IsExpand`, `IsFrame`, `IsShow`, `IsCache`, `IsPublic`, `AllowEdit`, `AllowDelete`, `SortCode`, `DeleteMark`, `EnabledMark`, `Description`, `CreatorTime`, `CreatorUserId`, `LastModifyTime`, `LastModifyUserId`, `DeleteTime`, `DeleteUserId`) VALUES ('2021010612491835335516', '201806141508359155', '2021010612464998158840', 3, 'Articlecategory/DeleteSoft', '软删除', 'el-icon-delete', '', '', NULL, 'F', 0, 0, 1, 0, 0, NULL, NULL, 5, 0, 1, NULL, '2021-01-06 12:49:18', '9f2ec079-7d0f-4fe2-90ab-8b09a8302aba', NULL, NULL, NULL, NULL);
INSERT INTO `sys_menu`(`Id`, `SystemTypeId`, `ParentId`, `Layers`, `EnCode`, `FullName`, `Icon`, `UrlAddress`, `Component`, `Target`, `MenuType`, `IsExpand`, `IsFrame`, `IsShow`, `IsCache`, `IsPublic`, `AllowEdit`, `AllowDelete`, `SortCode`, `DeleteMark`, `EnabledMark`, `Description`, `CreatorTime`, `CreatorUserId`, `LastModifyTime`, `LastModifyUserId`, `DeleteTime`, `DeleteUserId`) VALUES ('2021010612491836859838', '201806141508359155', '2021010612464998158840', 3, 'Articlecategory/Delete', '删除', 'el-icon-delete', '', '', NULL, 'F', 0, 0, 1, 0, 0, NULL, NULL, 6, 0, 1, NULL, '2021-01-06 12:49:18', '9f2ec079-7d0f-4fe2-90ab-8b09a8302aba', NULL, NULL, NULL, NULL);
INSERT INTO `sys_menu`(`Id`, `SystemTypeId`, `ParentId`, `Layers`, `EnCode`, `FullName`, `Icon`, `UrlAddress`, `Component`, `Target`, `MenuType`, `IsExpand`, `IsFrame`, `IsShow`, `IsCache`, `IsPublic`, `AllowEdit`, `AllowDelete`, `SortCode`, `DeleteMark`, `EnabledMark`, `Description`, `CreatorTime`, `CreatorUserId`, `LastModifyTime`, `LastModifyUserId`, `DeleteTime`, `DeleteUserId`) VALUES ('2021010612514163234452', '201806141508359155', '2021010612383675183980', 2, 'Articlenews', '文章列表', 'order', '/articlenews/index', 'articlenews/index', NULL, 'M', 0, 0, 1, 0, 0, NULL, NULL, 99, 0, 1, NULL, '2021-01-06 12:51:42', '9f2ec079-7d0f-4fe2-90ab-8b09a8302aba', '2021-01-20 20:16:27', '9f2ec079-7d0f-4fe2-90ab-8b09a8302aba', NULL, NULL);
INSERT INTO `sys_menu`(`Id`, `SystemTypeId`, `ParentId`, `Layers`, `EnCode`, `FullName`, `Icon`, `UrlAddress`, `Component`, `Target`, `MenuType`, `IsExpand`, `IsFrame`, `IsShow`, `IsCache`, `IsPublic`, `AllowEdit`, `AllowDelete`, `SortCode`, `DeleteMark`, `EnabledMark`, `Description`, `CreatorTime`, `CreatorUserId`, `LastModifyTime`, `LastModifyUserId`, `DeleteTime`, `DeleteUserId`) VALUES ('2021010612522823068793', '201806141508359155', '2021010612514163234452', 3, 'Articlenews/List', '列表', '', '', '', NULL, 'F', 0, 0, 1, 0, 0, NULL, NULL, 99, 0, 1, NULL, '2021-01-06 12:52:28', '9f2ec079-7d0f-4fe2-90ab-8b09a8302aba', NULL, NULL, NULL, NULL);
INSERT INTO `sys_menu`(`Id`, `SystemTypeId`, `ParentId`, `Layers`, `EnCode`, `FullName`, `Icon`, `UrlAddress`, `Component`, `Target`, `MenuType`, `IsExpand`, `IsFrame`, `IsShow`, `IsCache`, `IsPublic`, `AllowEdit`, `AllowDelete`, `SortCode`, `DeleteMark`, `EnabledMark`, `Description`, `CreatorTime`, `CreatorUserId`, `LastModifyTime`, `LastModifyUserId`, `DeleteTime`, `DeleteUserId`) VALUES ('2021010612522824805771', '201806141508359155', '2021010612514163234452', 3, 'Articlenews/Add', '新增', 'el-icon-plus', '', '', NULL, 'F', 0, 0, 1, 0, 0, NULL, NULL, 1, 0, 1, NULL, '2021-01-06 12:52:28', '9f2ec079-7d0f-4fe2-90ab-8b09a8302aba', NULL, NULL, NULL, NULL);
INSERT INTO `sys_menu`(`Id`, `SystemTypeId`, `ParentId`, `Layers`, `EnCode`, `FullName`, `Icon`, `UrlAddress`, `Component`, `Target`, `MenuType`, `IsExpand`, `IsFrame`, `IsShow`, `IsCache`, `IsPublic`, `AllowEdit`, `AllowDelete`, `SortCode`, `DeleteMark`, `EnabledMark`, `Description`, `CreatorTime`, `CreatorUserId`, `LastModifyTime`, `LastModifyUserId`, `DeleteTime`, `DeleteUserId`) VALUES ('2021010612522826599230', '201806141508359155', '2021010612514163234452', 3, 'Articlenews/Edit', '修改', 'el-icon-edit', '', '', NULL, 'F', 0, 0, 1, 0, 0, NULL, NULL, 2, 0, 1, NULL, '2021-01-06 12:52:28', '9f2ec079-7d0f-4fe2-90ab-8b09a8302aba', NULL, NULL, NULL, NULL);
INSERT INTO `sys_menu`(`Id`, `SystemTypeId`, `ParentId`, `Layers`, `EnCode`, `FullName`, `Icon`, `UrlAddress`, `Component`, `Target`, `MenuType`, `IsExpand`, `IsFrame`, `IsShow`, `IsCache`, `IsPublic`, `AllowEdit`, `AllowDelete`, `SortCode`, `DeleteMark`, `EnabledMark`, `Description`, `CreatorTime`, `CreatorUserId`, `LastModifyTime`, `LastModifyUserId`, `DeleteTime`, `DeleteUserId`) VALUES ('2021010612522828498318', '201806141508359155', '2021010612514163234452', 3, 'Articlenews/Enable', '禁用', 'el-icon-video-pause', '', '', NULL, 'F', 0, 0, 1, 0, 0, NULL, NULL, 3, 0, 1, NULL, '2021-01-06 12:52:28', '9f2ec079-7d0f-4fe2-90ab-8b09a8302aba', NULL, NULL, NULL, NULL);
INSERT INTO `sys_menu`(`Id`, `SystemTypeId`, `ParentId`, `Layers`, `EnCode`, `FullName`, `Icon`, `UrlAddress`, `Component`, `Target`, `MenuType`, `IsExpand`, `IsFrame`, `IsShow`, `IsCache`, `IsPublic`, `AllowEdit`, `AllowDelete`, `SortCode`, `DeleteMark`, `EnabledMark`, `Description`, `CreatorTime`, `CreatorUserId`, `LastModifyTime`, `LastModifyUserId`, `DeleteTime`, `DeleteUserId`) VALUES ('2021010612522830229383', '201806141508359155', '2021010612514163234452', 3, 'Articlenews/Enable', '启用', 'el-icon-video-play', '', '', NULL, 'F', 0, 0, 1, 0, 0, NULL, NULL, 4, 0, 1, NULL, '2021-01-06 12:52:28', '9f2ec079-7d0f-4fe2-90ab-8b09a8302aba', NULL, NULL, NULL, NULL);
INSERT INTO `sys_menu`(`Id`, `SystemTypeId`, `ParentId`, `Layers`, `EnCode`, `FullName`, `Icon`, `UrlAddress`, `Component`, `Target`, `MenuType`, `IsExpand`, `IsFrame`, `IsShow`, `IsCache`, `IsPublic`, `AllowEdit`, `AllowDelete`, `SortCode`, `DeleteMark`, `EnabledMark`, `Description`, `CreatorTime`, `CreatorUserId`, `LastModifyTime`, `LastModifyUserId`, `DeleteTime`, `DeleteUserId`) VALUES ('2021010612522832039767', '201806141508359155', '2021010612514163234452', 3, 'Articlenews/DeleteSoft', '软删除', 'el-icon-delete', '', '', NULL, 'F', 0, 0, 1, 0, 0, NULL, NULL, 5, 0, 1, NULL, '2021-01-06 12:52:28', '9f2ec079-7d0f-4fe2-90ab-8b09a8302aba', NULL, NULL, NULL, NULL);
INSERT INTO `sys_menu`(`Id`, `SystemTypeId`, `ParentId`, `Layers`, `EnCode`, `FullName`, `Icon`, `UrlAddress`, `Component`, `Target`, `MenuType`, `IsExpand`, `IsFrame`, `IsShow`, `IsCache`, `IsPublic`, `AllowEdit`, `AllowDelete`, `SortCode`, `DeleteMark`, `EnabledMark`, `Description`, `CreatorTime`, `CreatorUserId`, `LastModifyTime`, `LastModifyUserId`, `DeleteTime`, `DeleteUserId`) VALUES ('2021010612522833744963', '201806141508359155', '2021010612514163234452', 3, 'Articlenews/Delete', '删除', 'el-icon-delete', '', '', NULL, 'F', 0, 0, 1, 0, 0, NULL, NULL, 6, 0, 1, NULL, '2021-01-06 12:52:28', '9f2ec079-7d0f-4fe2-90ab-8b09a8302aba', NULL, NULL, NULL, NULL);
INSERT INTO `sys_menu`(`Id`, `SystemTypeId`, `ParentId`, `Layers`, `EnCode`, `FullName`, `Icon`, `UrlAddress`, `Component`, `Target`, `MenuType`, `IsExpand`, `IsFrame`, `IsShow`, `IsCache`, `IsPublic`, `AllowEdit`, `AllowDelete`, `SortCode`, `DeleteMark`, `EnabledMark`, `Description`, `CreatorTime`, `CreatorUserId`, `LastModifyTime`, `LastModifyUserId`, `DeleteTime`, `DeleteUserId`) VALUES ('3', '201806141508359155', '1', 2, 'Organize', '机构管理', 'jigou', '/organize/index', 'organize/index', 'iframe', 'M', 0, 0, 1, 0, 0, 1, 1, 1, 0, 1, NULL, '2018-06-03 00:00:00', '9f2ec079-7d0f-4fe2-90ab-8b09a8302aba', '2021-01-20 20:16:55', '9f2ec079-7d0f-4fe2-90ab-8b09a8302aba', '2001-01-01 00:00:00', NULL);
INSERT INTO `sys_menu`(`Id`, `SystemTypeId`, `ParentId`, `Layers`, `EnCode`, `FullName`, `Icon`, `UrlAddress`, `Component`, `Target`, `MenuType`, `IsExpand`, `IsFrame`, `IsShow`, `IsCache`, `IsPublic`, `AllowEdit`, `AllowDelete`, `SortCode`, `DeleteMark`, `EnabledMark`, `Description`, `CreatorTime`, `CreatorUserId`, `LastModifyTime`, `LastModifyUserId`, `DeleteTime`, `DeleteUserId`) VALUES ('4', '201806141508359155', '1', 2, 'User', '用户管理', 'friend', '/user/index', 'user/index', 'iframe', 'M', 0, 0, 1, 0, 0, 1, 1, 3, 0, 1, NULL, '2018-06-03 00:00:00', '9f2ec079-7d0f-4fe2-90ab-8b09a8302aba', '2021-01-20 20:17:06', '9f2ec079-7d0f-4fe2-90ab-8b09a8302aba', '2001-01-01 00:00:00', NULL);
INSERT INTO `sys_menu`(`Id`, `SystemTypeId`, `ParentId`, `Layers`, `EnCode`, `FullName`, `Icon`, `UrlAddress`, `Component`, `Target`, `MenuType`, `IsExpand`, `IsFrame`, `IsShow`, `IsCache`, `IsPublic`, `AllowEdit`, `AllowDelete`, `SortCode`, `DeleteMark`, `EnabledMark`, `Description`, `CreatorTime`, `CreatorUserId`, `LastModifyTime`, `LastModifyUserId`, `DeleteTime`, `DeleteUserId`) VALUES ('5', '201806141508359155', '1', 2, 'Role', '岗位角色', 'juese', '/role/index', 'role/index', 'iframe', 'M', 0, 0, 1, 0, 0, 1, 1, 4, 0, 1, NULL, '2018-06-03 00:00:00', '9f2ec079-7d0f-4fe2-90ab-8b09a8302aba', '2021-01-20 20:17:16', '9f2ec079-7d0f-4fe2-90ab-8b09a8302aba', '2001-01-01 00:00:00', NULL);
INSERT INTO `sys_menu`(`Id`, `SystemTypeId`, `ParentId`, `Layers`, `EnCode`, `FullName`, `Icon`, `UrlAddress`, `Component`, `Target`, `MenuType`, `IsExpand`, `IsFrame`, `IsShow`, `IsCache`, `IsPublic`, `AllowEdit`, `AllowDelete`, `SortCode`, `DeleteMark`, `EnabledMark`, `Description`, `CreatorTime`, `CreatorUserId`, `LastModifyTime`, `LastModifyUserId`, `DeleteTime`, `DeleteUserId`) VALUES ('6', '201806141508359155', '1', 2, 'Items', '数据字典', 'zidian', '/items/index', 'items/index', 'iframe', 'M', 0, 0, 1, 0, 0, 1, 1, 6, 0, 1, NULL, '2018-06-03 00:00:00', '9f2ec079-7d0f-4fe2-90ab-8b09a8302aba', '2021-01-20 20:17:26', '9f2ec079-7d0f-4fe2-90ab-8b09a8302aba', '2001-01-01 00:00:00', NULL);
INSERT INTO `sys_menu`(`Id`, `SystemTypeId`, `ParentId`, `Layers`, `EnCode`, `FullName`, `Icon`, `UrlAddress`, `Component`, `Target`, `MenuType`, `IsExpand`, `IsFrame`, `IsShow`, `IsCache`, `IsPublic`, `AllowEdit`, `AllowDelete`, `SortCode`, `DeleteMark`, `EnabledMark`, `Description`, `CreatorTime`, `CreatorUserId`, `LastModifyTime`, `LastModifyUserId`, `DeleteTime`, `DeleteUserId`) VALUES ('7', '201806141508359155', '201806120821141288', 2, 'LogLogin', '登录日志', 'logtask', '/syslog/login', 'syslog/login', 'iframe', 'M', 0, 0, 1, 0, 0, 1, 1, 7, 0, 1, NULL, '2018-06-03 00:00:00', '9f2ec079-7d0f-4fe2-90ab-8b09a8302aba', '2021-01-20 20:19:56', '9f2ec079-7d0f-4fe2-90ab-8b09a8302aba', '2001-01-01 00:00:00', NULL);
INSERT INTO `sys_menu`(`Id`, `SystemTypeId`, `ParentId`, `Layers`, `EnCode`, `FullName`, `Icon`, `UrlAddress`, `Component`, `Target`, `MenuType`, `IsExpand`, `IsFrame`, `IsShow`, `IsCache`, `IsPublic`, `AllowEdit`, `AllowDelete`, `SortCode`, `DeleteMark`, `EnabledMark`, `Description`, `CreatorTime`, `CreatorUserId`, `LastModifyTime`, `LastModifyUserId`, `DeleteTime`, `DeleteUserId`) VALUES ('8', '201806141508359155', '1', 2, 'FilterIP', '访问控制', 'adjust', '/filterip/index', 'filterip/index', 'iframe', 'M', 0, 0, 1, 0, 0, 1, 1, 102, 0, 1, NULL, '2018-06-03 00:00:00', '9f2ec079-7d0f-4fe2-90ab-8b09a8302aba', '2021-01-20 20:18:07', '9f2ec079-7d0f-4fe2-90ab-8b09a8302aba', '2001-01-01 00:00:00', NULL);
INSERT INTO `sys_menu`(`Id`, `SystemTypeId`, `ParentId`, `Layers`, `EnCode`, `FullName`, `Icon`, `UrlAddress`, `Component`, `Target`, `MenuType`, `IsExpand`, `IsFrame`, `IsShow`, `IsCache`, `IsPublic`, `AllowEdit`, `AllowDelete`, `SortCode`, `DeleteMark`, `EnabledMark`, `Description`, `CreatorTime`, `CreatorUserId`, `LastModifyTime`, `LastModifyUserId`, `DeleteTime`, `DeleteUserId`) VALUES ('9', '201806141508359155', '', 1, 'Tools', '开发者', 'kaifazhe', '/tool', NULL, 'expand', 'C', 0, 0, 1, 0, 0, 1, 1, 1003, 0, 1, NULL, '2018-06-04 00:00:00', '9f2ec079-7d0f-4fe2-90ab-8b09a8302aba', '2021-01-20 20:20:38', '9f2ec079-7d0f-4fe2-90ab-8b09a8302aba', '2001-01-01 00:00:00', NULL);
INSERT INTO `sys_organize`(`Id`, `ParentId`, `Layers`, `EnCode`, `FullName`, `ShortName`, `CategoryId`, `ManagerId`, `TelePhone`, `MobilePhone`, `WeChat`, `Fax`, `Email`, `AreaId`, `Address`, `AllowEdit`, `AllowDelete`, `SortCode`, `DeleteMark`, `EnabledMark`, `Description`, `CreatorTime`, `CreatorUserId`, `LastModifyTime`, `LastModifyUserId`, `DeleteTime`, `DeleteUserId`) VALUES ('201806122217567448', '554C61CE-6AE0-44EB-B33D-A462BE7EB3E1', 4, 'Development', '定制开发组', '定开组', 'WorkGroup', 'aryy', '021-728384234', '1380013800', '2323', '1212', '2323@yuebon.com', NULL, '121212', 0, 0, 99, 0, 1, '', '2018-06-12 00:00:00', '9f2ec079-7d0f-4fe2-90ab-8b09a8302aba', '2020-11-03 13:53:10', '9f2ec079-7d0f-4fe2-90ab-8b09a8302aba', '2001-01-01 00:00:00', NULL);
INSERT INTO `sys_organize`(`Id`, `ParentId`, `Layers`, `EnCode`, `FullName`, `ShortName`, `CategoryId`, `ManagerId`, `TelePhone`, `MobilePhone`, `WeChat`, `Fax`, `Email`, `AreaId`, `Address`, `AllowEdit`, `AllowDelete`, `SortCode`, `DeleteMark`, `EnabledMark`, `Description`, `CreatorTime`, `CreatorUserId`, `LastModifyTime`, `LastModifyUserId`, `DeleteTime`, `DeleteUserId`) VALUES ('201806131523019338', '5AB270C0-5D33-4203-A54F-4552699FDA3C', 2, '001', '越邦上海总部', '越邦科技', 'Company', '陈青文', '021-61974937', '13800013800', 'cqinwn', NULL, NULL, NULL, NULL, 0, 0, 99, 0, 1, NULL, '2018-06-13 00:00:00', '9f2ec079-7d0f-4fe2-90ab-8b09a8302aba', '2020-04-22 00:00:00', '9f2ec079-7d0f-4fe2-90ab-8b09a8302aba', '2001-01-01 00:00:00', NULL);
INSERT INTO `sys_organize`(`Id`, `ParentId`, `Layers`, `EnCode`, `FullName`, `ShortName`, `CategoryId`, `ManagerId`, `TelePhone`, `MobilePhone`, `WeChat`, `Fax`, `Email`, `AreaId`, `Address`, `AllowEdit`, `AllowDelete`, `SortCode`, `DeleteMark`, `EnabledMark`, `Description`, `CreatorTime`, `CreatorUserId`, `LastModifyTime`, `LastModifyUserId`, `DeleteTime`, `DeleteUserId`) VALUES ('201806131926145404', '554C61CE-6AE0-44EB-B33D-A462BE7EB3E1', 4, 'Kingdee', 'Kingdee组', '金蝶', 'WorkGroup', '邹大烈', '021-61974937', '13800013800', 'cqinwn', NULL, 'cqinwn@qq.com', NULL, NULL, 0, 0, 99, 0, 1, NULL, '2018-06-13 00:00:00', '9f2ec079-7d0f-4fe2-90ab-8b09a8302aba', '2018-06-29 00:00:00', '9f2ec079-7d0f-4fe2-90ab-8b09a8302aba', '2001-01-01 00:00:00', NULL);
INSERT INTO `sys_organize`(`Id`, `ParentId`, `Layers`, `EnCode`, `FullName`, `ShortName`, `CategoryId`, `ManagerId`, `TelePhone`, `MobilePhone`, `WeChat`, `Fax`, `Email`, `AreaId`, `Address`, `AllowEdit`, `AllowDelete`, `SortCode`, `DeleteMark`, `EnabledMark`, `Description`, `CreatorTime`, `CreatorUserId`, `LastModifyTime`, `LastModifyUserId`, `DeleteTime`, `DeleteUserId`) VALUES ('201806131957002010', 'BD830AEF-0A2E-4228-ACF8-8843C39D41D8', 3, '1', '行政部', NULL, 'Department', NULL, NULL, NULL, NULL, NULL, NULL, NULL, NULL, 0, 0, 99, 0, 1, NULL, '2018-06-13 00:00:00', '9f2ec079-7d0f-4fe2-90ab-8b09a8302aba', '2001-01-01 00:00:00', NULL, '2001-01-01 00:00:00', NULL);
INSERT INTO `sys_organize`(`Id`, `ParentId`, `Layers`, `EnCode`, `FullName`, `ShortName`, `CategoryId`, `ManagerId`, `TelePhone`, `MobilePhone`, `WeChat`, `Fax`, `Email`, `AreaId`, `Address`, `AllowEdit`, `AllowDelete`, `SortCode`, `DeleteMark`, `EnabledMark`, `Description`, `CreatorTime`, `CreatorUserId`, `LastModifyTime`, `LastModifyUserId`, `DeleteTime`, `DeleteUserId`) VALUES ('201806132002245913', 'BD830AEF-0A2E-4228-ACF8-8843C39D41D8', 3, NULL, '财务部', NULL, 'Department', NULL, NULL, NULL, NULL, NULL, NULL, NULL, NULL, 0, 0, 99, 0, 1, NULL, '2018-06-13 00:00:00', '9f2ec079-7d0f-4fe2-90ab-8b09a8302aba', '2001-01-01 00:00:00', NULL, '2001-01-01 00:00:00', NULL);
INSERT INTO `sys_organize`(`Id`, `ParentId`, `Layers`, `EnCode`, `FullName`, `ShortName`, `CategoryId`, `ManagerId`, `TelePhone`, `MobilePhone`, `WeChat`, `Fax`, `Email`, `AreaId`, `Address`, `AllowEdit`, `AllowDelete`, `SortCode`, `DeleteMark`, `EnabledMark`, `Description`, `CreatorTime`, `CreatorUserId`, `LastModifyTime`, `LastModifyUserId`, `DeleteTime`, `DeleteUserId`) VALUES ('201806291156482855', '201806131523019338', 3, 'wechatXiaochengxun', '小程序部', NULL, 'Department', NULL, NULL, NULL, NULL, NULL, NULL, NULL, NULL, 0, 0, 99, 0, 1, NULL, '2018-06-29 00:00:00', '9f2ec079-7d0f-4fe2-90ab-8b09a8302aba', '2001-01-01 00:00:00', NULL, '2001-01-01 00:00:00', NULL);
INSERT INTO `sys_organize`(`Id`, `ParentId`, `Layers`, `EnCode`, `FullName`, `ShortName`, `CategoryId`, `ManagerId`, `TelePhone`, `MobilePhone`, `WeChat`, `Fax`, `Email`, `AreaId`, `Address`, `AllowEdit`, `AllowDelete`, `SortCode`, `DeleteMark`, `EnabledMark`, `Description`, `CreatorTime`, `CreatorUserId`, `LastModifyTime`, `LastModifyUserId`, `DeleteTime`, `DeleteUserId`) VALUES ('201806301121597235', '201806131523019338', 3, 'Auto', '人工智能组', NULL, 'WorkGroup', NULL, NULL, NULL, NULL, NULL, NULL, NULL, NULL, 0, 0, 99, 0, 1, NULL, '2018-06-30 00:00:00', '9f2ec079-7d0f-4fe2-90ab-8b09a8302aba', '2020-04-17 00:00:00', '9f2ec079-7d0f-4fe2-90ab-8b09a8302aba', '2001-01-01 00:00:00', NULL);
INSERT INTO `sys_organize`(`Id`, `ParentId`, `Layers`, `EnCode`, `FullName`, `ShortName`, `CategoryId`, `ManagerId`, `TelePhone`, `MobilePhone`, `WeChat`, `Fax`, `Email`, `AreaId`, `Address`, `AllowEdit`, `AllowDelete`, `SortCode`, `DeleteMark`, `EnabledMark`, `Description`, `CreatorTime`, `CreatorUserId`, `LastModifyTime`, `LastModifyUserId`, `DeleteTime`, `DeleteUserId`) VALUES ('201906060900443360', 'BD830AEF-0A2E-4228-ACF8-8843C39D41D8', 3, '1002', 'IT开发部', 'IT开发', 'Department', NULL, NULL, NULL, NULL, NULL, NULL, NULL, NULL, 0, 0, 1, 0, 1, '', '2019-06-06 00:00:00', '9f2ec079-7d0f-4fe2-90ab-8b09a8302aba', '2020-11-09 13:09:45', '9f2ec079-7d0f-4fe2-90ab-8b09a8302aba', '2001-01-01 00:00:00', NULL);
INSERT INTO `sys_organize`(`Id`, `ParentId`, `Layers`, `EnCode`, `FullName`, `ShortName`, `CategoryId`, `ManagerId`, `TelePhone`, `MobilePhone`, `WeChat`, `Fax`, `Email`, `AreaId`, `Address`, `AllowEdit`, `AllowDelete`, `SortCode`, `DeleteMark`, `EnabledMark`, `Description`, `CreatorTime`, `CreatorUserId`, `LastModifyTime`, `LastModifyUserId`, `DeleteTime`, `DeleteUserId`) VALUES ('253EDA1F-F158-4F3F-A778-B7E538E052A2', 'BD830AEF-0A2E-4228-ACF8-8843C39D41D8', 3, 'Manufacturing', '生产部', NULL, 'Department', NULL, NULL, NULL, NULL, NULL, NULL, NULL, NULL, 0, 0, 7, 0, 1, NULL, '2016-06-10 00:00:00', NULL, '2018-07-01 00:00:00', '9f2ec079-7d0f-4fe2-90ab-8b09a8302aba', '2001-01-01 00:00:00', NULL);
INSERT INTO `sys_organize`(`Id`, `ParentId`, `Layers`, `EnCode`, `FullName`, `ShortName`, `CategoryId`, `ManagerId`, `TelePhone`, `MobilePhone`, `WeChat`, `Fax`, `Email`, `AreaId`, `Address`, `AllowEdit`, `AllowDelete`, `SortCode`, `DeleteMark`, `EnabledMark`, `Description`, `CreatorTime`, `CreatorUserId`, `LastModifyTime`, `LastModifyUserId`, `DeleteTime`, `DeleteUserId`) VALUES ('554C61CE-6AE0-44EB-B33D-A462BE7EB3E1', '201806131523019338', 3, 'Ministry', '技术部', NULL, 'Department', NULL, NULL, NULL, NULL, NULL, NULL, NULL, NULL, 0, 0, 5, 0, 1, NULL, '2016-06-10 00:00:00', NULL, '2018-06-13 00:00:00', '9f2ec079-7d0f-4fe2-90ab-8b09a8302aba', '2001-01-01 00:00:00', NULL);
INSERT INTO `sys_organize`(`Id`, `ParentId`, `Layers`, `EnCode`, `FullName`, `ShortName`, `CategoryId`, `ManagerId`, `TelePhone`, `MobilePhone`, `WeChat`, `Fax`, `Email`, `AreaId`, `Address`, `AllowEdit`, `AllowDelete`, `SortCode`, `DeleteMark`, `EnabledMark`, `Description`, `CreatorTime`, `CreatorUserId`, `LastModifyTime`, `LastModifyUserId`, `DeleteTime`, `DeleteUserId`) VALUES ('59703D6A-0EC9-4762-824F-A8D9E62E93D2', 'BD830AEF-0A2E-4228-ACF8-8843C39D41D8', 3, 'Sales', '营销部', NULL, 'Department', NULL, NULL, NULL, NULL, NULL, NULL, NULL, NULL, 0, 0, 9, 0, 1, NULL, '2016-06-10 00:00:00', NULL, '2018-06-13 00:00:00', '9f2ec079-7d0f-4fe2-90ab-8b09a8302aba', '2001-01-01 00:00:00', NULL);
INSERT INTO `sys_organize`(`Id`, `ParentId`, `Layers`, `EnCode`, `FullName`, `ShortName`, `CategoryId`, `ManagerId`, `TelePhone`, `MobilePhone`, `WeChat`, `Fax`, `Email`, `AreaId`, `Address`, `AllowEdit`, `AllowDelete`, `SortCode`, `DeleteMark`, `EnabledMark`, `Description`, `CreatorTime`, `CreatorUserId`, `LastModifyTime`, `LastModifyUserId`, `DeleteTime`, `DeleteUserId`) VALUES ('5AB270C0-5D33-4203-A54F-4552699FDA3C', '', 1, 'Company', '上海越邦网络科技有限公司', '煦儒科技', 'Group', '陈青文', '021-61974937', '13800013800', 'cqinwn', NULL, 'admin@qq.com', NULL, '上海市松江区', 0, 0, 1, 0, 1, NULL, '2016-06-10 00:00:00', NULL, '2020-04-22 00:00:00', '9f2ec079-7d0f-4fe2-90ab-8b09a8302aba', '2001-01-01 00:00:00', NULL);
INSERT INTO `sys_organize`(`Id`, `ParentId`, `Layers`, `EnCode`, `FullName`, `ShortName`, `CategoryId`, `ManagerId`, `TelePhone`, `MobilePhone`, `WeChat`, `Fax`, `Email`, `AreaId`, `Address`, `AllowEdit`, `AllowDelete`, `SortCode`, `DeleteMark`, `EnabledMark`, `Description`, `CreatorTime`, `CreatorUserId`, `LastModifyTime`, `LastModifyUserId`, `DeleteTime`, `DeleteUserId`) VALUES ('5B417E2B-4B96-4F37-8BAA-10E5A812D05E', '201806131523019338', 3, 'Market', '市场部', NULL, 'Department', NULL, NULL, NULL, NULL, NULL, NULL, NULL, NULL, 0, 0, 3, 0, 1, NULL, '2016-06-10 00:00:00', NULL, '2018-06-13 00:00:00', '9f2ec079-7d0f-4fe2-90ab-8b09a8302aba', '2001-01-01 00:00:00', NULL);
INSERT INTO `sys_organize`(`Id`, `ParentId`, `Layers`, `EnCode`, `FullName`, `ShortName`, `CategoryId`, `ManagerId`, `TelePhone`, `MobilePhone`, `WeChat`, `Fax`, `Email`, `AreaId`, `Address`, `AllowEdit`, `AllowDelete`, `SortCode`, `DeleteMark`, `EnabledMark`, `Description`, `CreatorTime`, `CreatorUserId`, `LastModifyTime`, `LastModifyUserId`, `DeleteTime`, `DeleteUserId`) VALUES ('80E10CD5-7591-40B8-A005-BCDE1B961E76', '201806131523019338', 3, 'Administration', '行政部', NULL, 'Department', NULL, NULL, NULL, NULL, NULL, NULL, NULL, NULL, 0, 0, 2, 0, 1, NULL, '2016-06-10 00:00:00', NULL, '2018-06-13 00:00:00', '9f2ec079-7d0f-4fe2-90ab-8b09a8302aba', '2001-01-01 00:00:00', NULL);
INSERT INTO `sys_organize`(`Id`, `ParentId`, `Layers`, `EnCode`, `FullName`, `ShortName`, `CategoryId`, `ManagerId`, `TelePhone`, `MobilePhone`, `WeChat`, `Fax`, `Email`, `AreaId`, `Address`, `AllowEdit`, `AllowDelete`, `SortCode`, `DeleteMark`, `EnabledMark`, `Description`, `CreatorTime`, `CreatorUserId`, `LastModifyTime`, `LastModifyUserId`, `DeleteTime`, `DeleteUserId`) VALUES ('BD830AEF-0A2E-4228-ACF8-8843C39D41D8', '5AB270C0-5D33-4203-A54F-4552699FDA3C', 2, 'sccompany', '越邦四川分公司', NULL, 'Company', NULL, NULL, NULL, NULL, NULL, NULL, NULL, NULL, 0, 0, 6, 0, 1, NULL, '2016-06-10 00:00:00', NULL, '2020-04-22 00:00:00', '9f2ec079-7d0f-4fe2-90ab-8b09a8302aba', '2001-01-01 00:00:00', NULL);
INSERT INTO `sys_organize`(`Id`, `ParentId`, `Layers`, `EnCode`, `FullName`, `ShortName`, `CategoryId`, `ManagerId`, `TelePhone`, `MobilePhone`, `WeChat`, `Fax`, `Email`, `AreaId`, `Address`, `AllowEdit`, `AllowDelete`, `SortCode`, `DeleteMark`, `EnabledMark`, `Description`, `CreatorTime`, `CreatorUserId`, `LastModifyTime`, `LastModifyUserId`, `DeleteTime`, `DeleteUserId`) VALUES ('DFA2FB91-C909-44A3-9282-BF946102E1C9', 'BD830AEF-0A2E-4228-ACF8-8843C39D41D8', 3, 'HumanResourse', '人事部', NULL, 'Department', NULL, NULL, NULL, NULL, NULL, NULL, NULL, NULL, 0, 0, 8, 0, 1, NULL, '2016-06-10 00:00:00', NULL, '2018-06-13 00:00:00', '9f2ec079-7d0f-4fe2-90ab-8b09a8302aba', '2001-01-01 00:00:00', NULL);
INSERT INTO `sys_organize`(`Id`, `ParentId`, `Layers`, `EnCode`, `FullName`, `ShortName`, `CategoryId`, `ManagerId`, `TelePhone`, `MobilePhone`, `WeChat`, `Fax`, `Email`, `AreaId`, `Address`, `AllowEdit`, `AllowDelete`, `SortCode`, `DeleteMark`, `EnabledMark`, `Description`, `CreatorTime`, `CreatorUserId`, `LastModifyTime`, `LastModifyUserId`, `DeleteTime`, `DeleteUserId`) VALUES ('F02A66CA-3D8B-491B-8A17-C9ACA3E3B5DD', '201806131523019338', 3, 'Financial', '财务部', NULL, 'Department', NULL, NULL, NULL, NULL, NULL, NULL, NULL, NULL, 0, 0, 4, 0, 1, NULL, '2016-06-10 00:00:00', NULL, '2018-06-13 00:00:00', '9f2ec079-7d0f-4fe2-90ab-8b09a8302aba', '2001-01-01 00:00:00', NULL);
INSERT INTO `sys_role`(`Id`, `OrganizeId`, `Category`, `EnCode`, `FullName`, `Type`, `AllowEdit`, `AllowDelete`, `SortCode`, `DeleteMark`, `EnabledMark`, `Description`, `CreatorTime`, `CreatorUserId`, `LastModifyTime`, `LastModifyUserId`, `DeleteTime`, `DeleteUserId`) VALUES ('2020123019220797868356', '201806131523019338', 1, 'usermember', '普通会员', '2', NULL, NULL, 99, 0, 1, '', '2020-12-30 19:22:08', '9f2ec079-7d0f-4fe2-90ab-8b09a8302aba', NULL, NULL, NULL, NULL);
INSERT INTO `sys_role`(`Id`, `OrganizeId`, `Category`, `EnCode`, `FullName`, `Type`, `AllowEdit`, `AllowDelete`, `SortCode`, `DeleteMark`, `EnabledMark`, `Description`, `CreatorTime`, `CreatorUserId`, `LastModifyTime`, `LastModifyUserId`, `DeleteTime`, `DeleteUserId`) VALUES ('2DA8390B-61A4-4E6C-A6E7-8F6794C7EDCE', '5AB270C0-5D33-4203-A54F-4552699FDA3C', 1, 'default', '默认', '2', 0, 0, 8, 0, 1, '', '2016-07-10 00:00:00', NULL, '2020-12-30 19:02:04', '9f2ec079-7d0f-4fe2-90ab-8b09a8302aba', '2001-01-01 00:00:00', NULL);
INSERT INTO `sys_role`(`Id`, `OrganizeId`, `Category`, `EnCode`, `FullName`, `Type`, `AllowEdit`, `AllowDelete`, `SortCode`, `DeleteMark`, `EnabledMark`, `Description`, `CreatorTime`, `CreatorUserId`, `LastModifyTime`, `LastModifyUserId`, `DeleteTime`, `DeleteUserId`) VALUES ('42C44AC0-27FA-482D-B5E3-8F9B38B80A6A', '5AB270C0-5D33-4203-A54F-4552699FDA3C', 1, 'configuration', '系统配置员', '2', 0, 0, 3, 0, 1, NULL, '2016-07-10 00:00:00', NULL, '2018-06-13 00:00:00', '9f2ec079-7d0f-4fe2-90ab-8b09a8302aba', '2001-01-01 00:00:00', NULL);
INSERT INTO `sys_role`(`Id`, `OrganizeId`, `Category`, `EnCode`, `FullName`, `Type`, `AllowEdit`, `AllowDelete`, `SortCode`, `DeleteMark`, `EnabledMark`, `Description`, `CreatorTime`, `CreatorUserId`, `LastModifyTime`, `LastModifyUserId`, `DeleteTime`, `DeleteUserId`) VALUES ('4B2140D3-E61D-488E-ADF6-FF0EBCBC5D2C', '5AB270C0-5D33-4203-A54F-4552699FDA3C', 1, 'system', '系统管理员', '1', 0, 0, 2, 0, 1, NULL, '2016-07-10 00:00:00', NULL, '2020-04-17 00:00:00', '9f2ec079-7d0f-4fe2-90ab-8b09a8302aba', '2001-01-01 00:00:00', NULL);
INSERT INTO `sys_role`(`Id`, `OrganizeId`, `Category`, `EnCode`, `FullName`, `Type`, `AllowEdit`, `AllowDelete`, `SortCode`, `DeleteMark`, `EnabledMark`, `Description`, `CreatorTime`, `CreatorUserId`, `LastModifyTime`, `LastModifyUserId`, `DeleteTime`, `DeleteUserId`) VALUES ('531F7D18-C49F-4F4F-A920-0074FCB52078', '5AB270C0-5D33-4203-A54F-4552699FDA3C', 1, 'guest', '访客人员', '1', 0, 0, 7, 0, 1, NULL, '2016-07-10 00:00:00', NULL, '2019-10-24 00:00:00', '9f2ec079-7d0f-4fe2-90ab-8b09a8302aba', '2001-01-01 00:00:00', NULL);
INSERT INTO `sys_role`(`Id`, `OrganizeId`, `Category`, `EnCode`, `FullName`, `Type`, `AllowEdit`, `AllowDelete`, `SortCode`, `DeleteMark`, `EnabledMark`, `Description`, `CreatorTime`, `CreatorUserId`, `LastModifyTime`, `LastModifyUserId`, `DeleteTime`, `DeleteUserId`) VALUES ('7A9CF301-FCDF-4BC9-A52B-A7D4FAE2D344', '5AB270C0-5D33-4203-A54F-4552699FDA3C', 1, 'developer', '系统开发人员', '2', 0, 0, 4, 0, 1, NULL, '2016-07-10 00:00:00', NULL, '2018-06-13 00:00:00', '9f2ec079-7d0f-4fe2-90ab-8b09a8302aba', '2001-01-01 00:00:00', NULL);
INSERT INTO `sys_role`(`Id`, `OrganizeId`, `Category`, `EnCode`, `FullName`, `Type`, `AllowEdit`, `AllowDelete`, `SortCode`, `DeleteMark`, `EnabledMark`, `Description`, `CreatorTime`, `CreatorUserId`, `LastModifyTime`, `LastModifyUserId`, `DeleteTime`, `DeleteUserId`) VALUES ('F0A2B36F-35A7-4660-B46C-D4AB796591EB', '5AB270C0-5D33-4203-A54F-4552699FDA3C', 1, 'administrators', '超级管理员', '1', 0, 0, 1, 0, 1, NULL, '2016-07-10 00:00:00', NULL, '2019-05-22 00:00:00', '9f2ec079-7d0f-4fe2-90ab-8b09a8302aba', '2001-01-01 00:00:00', NULL);
INSERT INTO `sys_roleauthorize`(`Id`, `ItemType`, `ItemId`, `ObjectType`, `ObjectId`, `SortCode`, `CreatorTime`, `CreatorUserId`) VALUES ('2021011814270889853917', 1, '2021010612383675183980', 1, 'F0A2B36F-35A7-4660-B46C-D4AB796591EB', 99, '2021-01-18 14:27:09', '9f2ec079-7d0f-4fe2-90ab-8b09a8302aba');
INSERT INTO `sys_roleauthorize`(`Id`, `ItemType`, `ItemId`, `ObjectType`, `ObjectId`, `SortCode`, `CreatorTime`, `CreatorUserId`) VALUES ('2021011814270890512631', 1, '2021010612464998158840', 1, 'F0A2B36F-35A7-4660-B46C-D4AB796591EB', 99, '2021-01-18 14:27:09', '9f2ec079-7d0f-4fe2-90ab-8b09a8302aba');
INSERT INTO `sys_roleauthorize`(`Id`, `ItemType`, `ItemId`, `ObjectType`, `ObjectId`, `SortCode`, `CreatorTime`, `CreatorUserId`) VALUES ('2021011814270891042170', 2, '2021010612491819924157', 1, 'F0A2B36F-35A7-4660-B46C-D4AB796591EB', 99, '2021-01-18 14:27:09', '9f2ec079-7d0f-4fe2-90ab-8b09a8302aba');
INSERT INTO `sys_roleauthorize`(`Id`, `ItemType`, `ItemId`, `ObjectType`, `ObjectId`, `SortCode`, `CreatorTime`, `CreatorUserId`) VALUES ('2021011814270891427323', 2, '2021010612491822062867', 1, 'F0A2B36F-35A7-4660-B46C-D4AB796591EB', 99, '2021-01-18 14:27:09', '9f2ec079-7d0f-4fe2-90ab-8b09a8302aba');
INSERT INTO `sys_roleauthorize`(`Id`, `ItemType`, `ItemId`, `ObjectType`, `ObjectId`, `SortCode`, `CreatorTime`, `CreatorUserId`) VALUES ('2021011814270891905243', 2, '2021010612491831898409', 1, 'F0A2B36F-35A7-4660-B46C-D4AB796591EB', 99, '2021-01-18 14:27:09', '9f2ec079-7d0f-4fe2-90ab-8b09a8302aba');
INSERT INTO `sys_roleauthorize`(`Id`, `ItemType`, `ItemId`, `ObjectType`, `ObjectId`, `SortCode`, `CreatorTime`, `CreatorUserId`) VALUES ('2021011814270892361412', 2, '2021010612491833636611', 1, 'F0A2B36F-35A7-4660-B46C-D4AB796591EB', 99, '2021-01-18 14:27:09', '9f2ec079-7d0f-4fe2-90ab-8b09a8302aba');
INSERT INTO `sys_roleauthorize`(`Id`, `ItemType`, `ItemId`, `ObjectType`, `ObjectId`, `SortCode`, `CreatorTime`, `CreatorUserId`) VALUES ('2021011814270892753592', 2, '2021010612491835335516', 1, 'F0A2B36F-35A7-4660-B46C-D4AB796591EB', 99, '2021-01-18 14:27:09', '9f2ec079-7d0f-4fe2-90ab-8b09a8302aba');
INSERT INTO `sys_roleauthorize`(`Id`, `ItemType`, `ItemId`, `ObjectType`, `ObjectId`, `SortCode`, `CreatorTime`, `CreatorUserId`) VALUES ('2021011814270893166423', 2, '2021010612491836859838', 1, 'F0A2B36F-35A7-4660-B46C-D4AB796591EB', 99, '2021-01-18 14:27:09', '9f2ec079-7d0f-4fe2-90ab-8b09a8302aba');
INSERT INTO `sys_roleauthorize`(`Id`, `ItemType`, `ItemId`, `ObjectType`, `ObjectId`, `SortCode`, `CreatorTime`, `CreatorUserId`) VALUES ('2021011814270893766626', 2, '2021010612491813391450', 1, 'F0A2B36F-35A7-4660-B46C-D4AB796591EB', 99, '2021-01-18 14:27:09', '9f2ec079-7d0f-4fe2-90ab-8b09a8302aba');
INSERT INTO `sys_roleauthorize`(`Id`, `ItemType`, `ItemId`, `ObjectType`, `ObjectId`, `SortCode`, `CreatorTime`, `CreatorUserId`) VALUES ('2021011814270894196269', 1, '2021010612514163234452', 1, 'F0A2B36F-35A7-4660-B46C-D4AB796591EB', 99, '2021-01-18 14:27:09', '9f2ec079-7d0f-4fe2-90ab-8b09a8302aba');
INSERT INTO `sys_roleauthorize`(`Id`, `ItemType`, `ItemId`, `ObjectType`, `ObjectId`, `SortCode`, `CreatorTime`, `CreatorUserId`) VALUES ('2021011814270894716430', 2, '2021010612522824805771', 1, 'F0A2B36F-35A7-4660-B46C-D4AB796591EB', 99, '2021-01-18 14:27:09', '9f2ec079-7d0f-4fe2-90ab-8b09a8302aba');
INSERT INTO `sys_roleauthorize`(`Id`, `ItemType`, `ItemId`, `ObjectType`, `ObjectId`, `SortCode`, `CreatorTime`, `CreatorUserId`) VALUES ('2021011814270895155154', 2, '2021010612522826599230', 1, 'F0A2B36F-35A7-4660-B46C-D4AB796591EB', 99, '2021-01-18 14:27:09', '9f2ec079-7d0f-4fe2-90ab-8b09a8302aba');
INSERT INTO `sys_roleauthorize`(`Id`, `ItemType`, `ItemId`, `ObjectType`, `ObjectId`, `SortCode`, `CreatorTime`, `CreatorUserId`) VALUES ('2021011814270895716448', 2, '2021010612522828498318', 1, 'F0A2B36F-35A7-4660-B46C-D4AB796591EB', 99, '2021-01-18 14:27:09', '9f2ec079-7d0f-4fe2-90ab-8b09a8302aba');
INSERT INTO `sys_roleauthorize`(`Id`, `ItemType`, `ItemId`, `ObjectType`, `ObjectId`, `SortCode`, `CreatorTime`, `CreatorUserId`) VALUES ('2021011814270896137831', 2, '2021010612522830229383', 1, 'F0A2B36F-35A7-4660-B46C-D4AB796591EB', 99, '2021-01-18 14:27:09', '9f2ec079-7d0f-4fe2-90ab-8b09a8302aba');
INSERT INTO `sys_roleauthorize`(`Id`, `ItemType`, `ItemId`, `ObjectType`, `ObjectId`, `SortCode`, `CreatorTime`, `CreatorUserId`) VALUES ('2021011814270896548452', 2, '2021010612522832039767', 1, 'F0A2B36F-35A7-4660-B46C-D4AB796591EB', 99, '2021-01-18 14:27:09', '9f2ec079-7d0f-4fe2-90ab-8b09a8302aba');
INSERT INTO `sys_roleauthorize`(`Id`, `ItemType`, `ItemId`, `ObjectType`, `ObjectId`, `SortCode`, `CreatorTime`, `CreatorUserId`) VALUES ('2021011814270896977925', 2, '2021010612522833744963', 1, 'F0A2B36F-35A7-4660-B46C-D4AB796591EB', 99, '2021-01-18 14:27:09', '9f2ec079-7d0f-4fe2-90ab-8b09a8302aba');
INSERT INTO `sys_roleauthorize`(`Id`, `ItemType`, `ItemId`, `ObjectType`, `ObjectId`, `SortCode`, `CreatorTime`, `CreatorUserId`) VALUES ('2021011814270897311585', 2, '2021010612522823068793', 1, 'F0A2B36F-35A7-4660-B46C-D4AB796591EB', 99, '2021-01-18 14:27:09', '9f2ec079-7d0f-4fe2-90ab-8b09a8302aba');
INSERT INTO `sys_roleauthorize`(`Id`, `ItemType`, `ItemId`, `ObjectType`, `ObjectId`, `SortCode`, `CreatorTime`, `CreatorUserId`) VALUES ('2021011814270897677162', 1, '1', 1, 'F0A2B36F-35A7-4660-B46C-D4AB796591EB', 99, '2021-01-18 14:27:09', '9f2ec079-7d0f-4fe2-90ab-8b09a8302aba');
INSERT INTO `sys_roleauthorize`(`Id`, `ItemType`, `ItemId`, `ObjectType`, `ObjectId`, `SortCode`, `CreatorTime`, `CreatorUserId`) VALUES ('2021011814270898154266', 1, '201905041649159560', 1, 'F0A2B36F-35A7-4660-B46C-D4AB796591EB', 99, '2021-01-18 14:27:09', '9f2ec079-7d0f-4fe2-90ab-8b09a8302aba');
INSERT INTO `sys_roleauthorize`(`Id`, `ItemType`, `ItemId`, `ObjectType`, `ObjectId`, `SortCode`, `CreatorTime`, `CreatorUserId`) VALUES ('2021011814270898582097', 2, '2021010314265872439474', 1, 'F0A2B36F-35A7-4660-B46C-D4AB796591EB', 99, '2021-01-18 14:27:09', '9f2ec079-7d0f-4fe2-90ab-8b09a8302aba');
INSERT INTO `sys_roleauthorize`(`Id`, `ItemType`, `ItemId`, `ObjectType`, `ObjectId`, `SortCode`, `CreatorTime`, `CreatorUserId`) VALUES ('2021011814270898971432', 2, '2021010314280909099314', 1, 'F0A2B36F-35A7-4660-B46C-D4AB796591EB', 99, '2021-01-18 14:27:09', '9f2ec079-7d0f-4fe2-90ab-8b09a8302aba');
INSERT INTO `sys_roleauthorize`(`Id`, `ItemType`, `ItemId`, `ObjectType`, `ObjectId`, `SortCode`, `CreatorTime`, `CreatorUserId`) VALUES ('2021011814270899433101', 1, '3', 1, 'F0A2B36F-35A7-4660-B46C-D4AB796591EB', 99, '2021-01-18 14:27:09', '9f2ec079-7d0f-4fe2-90ab-8b09a8302aba');
INSERT INTO `sys_roleauthorize`(`Id`, `ItemType`, `ItemId`, `ObjectType`, `ObjectId`, `SortCode`, `CreatorTime`, `CreatorUserId`) VALUES ('2021011814270899945180', 2, '2021010314293148672477', 1, 'F0A2B36F-35A7-4660-B46C-D4AB796591EB', 99, '2021-01-18 14:27:09', '9f2ec079-7d0f-4fe2-90ab-8b09a8302aba');
INSERT INTO `sys_roleauthorize`(`Id`, `ItemType`, `ItemId`, `ObjectType`, `ObjectId`, `SortCode`, `CreatorTime`, `CreatorUserId`) VALUES ('2021011814270900329532', 2, '2021010314302276644526', 1, 'F0A2B36F-35A7-4660-B46C-D4AB796591EB', 99, '2021-01-18 14:27:09', '9f2ec079-7d0f-4fe2-90ab-8b09a8302aba');
INSERT INTO `sys_roleauthorize`(`Id`, `ItemType`, `ItemId`, `ObjectType`, `ObjectId`, `SortCode`, `CreatorTime`, `CreatorUserId`) VALUES ('2021011814270900916101', 2, '2021010314473160136431', 1, 'F0A2B36F-35A7-4660-B46C-D4AB796591EB', 99, '2021-01-18 14:27:09', '9f2ec079-7d0f-4fe2-90ab-8b09a8302aba');
INSERT INTO `sys_roleauthorize`(`Id`, `ItemType`, `ItemId`, `ObjectType`, `ObjectId`, `SortCode`, `CreatorTime`, `CreatorUserId`) VALUES ('2021011814270901504143', 2, '2021010314525585211515', 1, 'F0A2B36F-35A7-4660-B46C-D4AB796591EB', 99, '2021-01-18 14:27:09', '9f2ec079-7d0f-4fe2-90ab-8b09a8302aba');
INSERT INTO `sys_roleauthorize`(`Id`, `ItemType`, `ItemId`, `ObjectType`, `ObjectId`, `SortCode`, `CreatorTime`, `CreatorUserId`) VALUES ('2021011814270902013492', 2, '2021010314535010864350', 1, 'F0A2B36F-35A7-4660-B46C-D4AB796591EB', 99, '2021-01-18 14:27:09', '9f2ec079-7d0f-4fe2-90ab-8b09a8302aba');
INSERT INTO `sys_roleauthorize`(`Id`, `ItemType`, `ItemId`, `ObjectType`, `ObjectId`, `SortCode`, `CreatorTime`, `CreatorUserId`) VALUES ('2021011814270902386101', 2, '2021010320121395837658', 1, 'F0A2B36F-35A7-4660-B46C-D4AB796591EB', 99, '2021-01-18 14:27:09', '9f2ec079-7d0f-4fe2-90ab-8b09a8302aba');
INSERT INTO `sys_roleauthorize`(`Id`, `ItemType`, `ItemId`, `ObjectType`, `ObjectId`, `SortCode`, `CreatorTime`, `CreatorUserId`) VALUES ('2021011814270902798972', 1, '4', 1, 'F0A2B36F-35A7-4660-B46C-D4AB796591EB', 99, '2021-01-18 14:27:09', '9f2ec079-7d0f-4fe2-90ab-8b09a8302aba');
INSERT INTO `sys_roleauthorize`(`Id`, `ItemType`, `ItemId`, `ObjectType`, `ObjectId`, `SortCode`, `CreatorTime`, `CreatorUserId`) VALUES ('2021011814270903269476', 2, '2021010315063387468705', 1, 'F0A2B36F-35A7-4660-B46C-D4AB796591EB', 99, '2021-01-18 14:27:09', '9f2ec079-7d0f-4fe2-90ab-8b09a8302aba');
INSERT INTO `sys_roleauthorize`(`Id`, `ItemType`, `ItemId`, `ObjectType`, `ObjectId`, `SortCode`, `CreatorTime`, `CreatorUserId`) VALUES ('2021011814270903825953', 2, '2021010315063389314029', 1, 'F0A2B36F-35A7-4660-B46C-D4AB796591EB', 99, '2021-01-18 14:27:09', '9f2ec079-7d0f-4fe2-90ab-8b09a8302aba');
INSERT INTO `sys_roleauthorize`(`Id`, `ItemType`, `ItemId`, `ObjectType`, `ObjectId`, `SortCode`, `CreatorTime`, `CreatorUserId`) VALUES ('2021011814270904342322', 2, '2021010315063392168016', 1, 'F0A2B36F-35A7-4660-B46C-D4AB796591EB', 99, '2021-01-18 14:27:09', '9f2ec079-7d0f-4fe2-90ab-8b09a8302aba');
INSERT INTO `sys_roleauthorize`(`Id`, `ItemType`, `ItemId`, `ObjectType`, `ObjectId`, `SortCode`, `CreatorTime`, `CreatorUserId`) VALUES ('2021011814270904726515', 2, '2021010315063394048962', 1, 'F0A2B36F-35A7-4660-B46C-D4AB796591EB', 99, '2021-01-18 14:27:09', '9f2ec079-7d0f-4fe2-90ab-8b09a8302aba');
INSERT INTO `sys_roleauthorize`(`Id`, `ItemType`, `ItemId`, `ObjectType`, `ObjectId`, `SortCode`, `CreatorTime`, `CreatorUserId`) VALUES ('2021011814270905191120', 2, '2021010315063395829111', 1, 'F0A2B36F-35A7-4660-B46C-D4AB796591EB', 99, '2021-01-18 14:27:09', '9f2ec079-7d0f-4fe2-90ab-8b09a8302aba');
INSERT INTO `sys_roleauthorize`(`Id`, `ItemType`, `ItemId`, `ObjectType`, `ObjectId`, `SortCode`, `CreatorTime`, `CreatorUserId`) VALUES ('2021011814270905674707', 2, '2021010315063397424616', 1, 'F0A2B36F-35A7-4660-B46C-D4AB796591EB', 99, '2021-01-18 14:27:09', '9f2ec079-7d0f-4fe2-90ab-8b09a8302aba');
INSERT INTO `sys_roleauthorize`(`Id`, `ItemType`, `ItemId`, `ObjectType`, `ObjectId`, `SortCode`, `CreatorTime`, `CreatorUserId`) VALUES ('2021011814270906066166', 2, '2021010315063384478437', 1, 'F0A2B36F-35A7-4660-B46C-D4AB796591EB', 99, '2021-01-18 14:27:09', '9f2ec079-7d0f-4fe2-90ab-8b09a8302aba');
INSERT INTO `sys_roleauthorize`(`Id`, `ItemType`, `ItemId`, `ObjectType`, `ObjectId`, `SortCode`, `CreatorTime`, `CreatorUserId`) VALUES ('2021011814270906518624', 2, '2021010316040698162073', 1, 'F0A2B36F-35A7-4660-B46C-D4AB796591EB', 99, '2021-01-18 14:27:09', '9f2ec079-7d0f-4fe2-90ab-8b09a8302aba');
INSERT INTO `sys_roleauthorize`(`Id`, `ItemType`, `ItemId`, `ObjectType`, `ObjectId`, `SortCode`, `CreatorTime`, `CreatorUserId`) VALUES ('2021011814270906936884', 2, '2021010316051714119704', 1, 'F0A2B36F-35A7-4660-B46C-D4AB796591EB', 99, '2021-01-18 14:27:09', '9f2ec079-7d0f-4fe2-90ab-8b09a8302aba');
INSERT INTO `sys_roleauthorize`(`Id`, `ItemType`, `ItemId`, `ObjectType`, `ObjectId`, `SortCode`, `CreatorTime`, `CreatorUserId`) VALUES ('2021011814270907395865', 1, '5', 1, 'F0A2B36F-35A7-4660-B46C-D4AB796591EB', 99, '2021-01-18 14:27:09', '9f2ec079-7d0f-4fe2-90ab-8b09a8302aba');
INSERT INTO `sys_roleauthorize`(`Id`, `ItemType`, `ItemId`, `ObjectType`, `ObjectId`, `SortCode`, `CreatorTime`, `CreatorUserId`) VALUES ('2021011814270907757749', 2, '2021010315075515608293', 1, 'F0A2B36F-35A7-4660-B46C-D4AB796591EB', 99, '2021-01-18 14:27:09', '9f2ec079-7d0f-4fe2-90ab-8b09a8302aba');
INSERT INTO `sys_roleauthorize`(`Id`, `ItemType`, `ItemId`, `ObjectType`, `ObjectId`, `SortCode`, `CreatorTime`, `CreatorUserId`) VALUES ('2021011814270908163954', 2, '2021010315075517418867', 1, 'F0A2B36F-35A7-4660-B46C-D4AB796591EB', 99, '2021-01-18 14:27:09', '9f2ec079-7d0f-4fe2-90ab-8b09a8302aba');
INSERT INTO `sys_roleauthorize`(`Id`, `ItemType`, `ItemId`, `ObjectType`, `ObjectId`, `SortCode`, `CreatorTime`, `CreatorUserId`) VALUES ('2021011814270908636683', 2, '2021010315075519656824', 1, 'F0A2B36F-35A7-4660-B46C-D4AB796591EB', 99, '2021-01-18 14:27:09', '9f2ec079-7d0f-4fe2-90ab-8b09a8302aba');
INSERT INTO `sys_roleauthorize`(`Id`, `ItemType`, `ItemId`, `ObjectType`, `ObjectId`, `SortCode`, `CreatorTime`, `CreatorUserId`) VALUES ('2021011814270909152618', 2, '2021010315075521218314', 1, 'F0A2B36F-35A7-4660-B46C-D4AB796591EB', 99, '2021-01-18 14:27:09', '9f2ec079-7d0f-4fe2-90ab-8b09a8302aba');
INSERT INTO `sys_roleauthorize`(`Id`, `ItemType`, `ItemId`, `ObjectType`, `ObjectId`, `SortCode`, `CreatorTime`, `CreatorUserId`) VALUES ('2021011814270909656482', 2, '2021010315075522857783', 1, 'F0A2B36F-35A7-4660-B46C-D4AB796591EB', 99, '2021-01-18 14:27:09', '9f2ec079-7d0f-4fe2-90ab-8b09a8302aba');
INSERT INTO `sys_roleauthorize`(`Id`, `ItemType`, `ItemId`, `ObjectType`, `ObjectId`, `SortCode`, `CreatorTime`, `CreatorUserId`) VALUES ('2021011814270910118424', 2, '2021010315075524463436', 1, 'F0A2B36F-35A7-4660-B46C-D4AB796591EB', 99, '2021-01-18 14:27:09', '9f2ec079-7d0f-4fe2-90ab-8b09a8302aba');
INSERT INTO `sys_roleauthorize`(`Id`, `ItemType`, `ItemId`, `ObjectType`, `ObjectId`, `SortCode`, `CreatorTime`, `CreatorUserId`) VALUES ('2021011814270910706626', 2, '2021010315075525983094', 1, 'F0A2B36F-35A7-4660-B46C-D4AB796591EB', 99, '2021-01-18 14:27:09', '9f2ec079-7d0f-4fe2-90ab-8b09a8302aba');
INSERT INTO `sys_roleauthorize`(`Id`, `ItemType`, `ItemId`, `ObjectType`, `ObjectId`, `SortCode`, `CreatorTime`, `CreatorUserId`) VALUES ('2021011814270911238323', 2, '2021010315105223757513', 1, 'F0A2B36F-35A7-4660-B46C-D4AB796591EB', 99, '2021-01-18 14:27:09', '9f2ec079-7d0f-4fe2-90ab-8b09a8302aba');
INSERT INTO `sys_roleauthorize`(`Id`, `ItemType`, `ItemId`, `ObjectType`, `ObjectId`, `SortCode`, `CreatorTime`, `CreatorUserId`) VALUES ('2021011814270911683126', 2, '2021010315100806775237', 1, 'F0A2B36F-35A7-4660-B46C-D4AB796591EB', 99, '2021-01-18 14:27:09', '9f2ec079-7d0f-4fe2-90ab-8b09a8302aba');
INSERT INTO `sys_roleauthorize`(`Id`, `ItemType`, `ItemId`, `ObjectType`, `ObjectId`, `SortCode`, `CreatorTime`, `CreatorUserId`) VALUES ('2021011814270917218864', 1, '6', 1, 'F0A2B36F-35A7-4660-B46C-D4AB796591EB', 99, '2021-01-18 14:27:09', '9f2ec079-7d0f-4fe2-90ab-8b09a8302aba');
INSERT INTO `sys_roleauthorize`(`Id`, `ItemType`, `ItemId`, `ObjectType`, `ObjectId`, `SortCode`, `CreatorTime`, `CreatorUserId`) VALUES ('2021011814270917822519', 2, '2021010315132783165373', 1, 'F0A2B36F-35A7-4660-B46C-D4AB796591EB', 99, '2021-01-18 14:27:09', '9f2ec079-7d0f-4fe2-90ab-8b09a8302aba');
INSERT INTO `sys_roleauthorize`(`Id`, `ItemType`, `ItemId`, `ObjectType`, `ObjectId`, `SortCode`, `CreatorTime`, `CreatorUserId`) VALUES ('2021011814270918289816', 2, '2021010315132784647036', 1, 'F0A2B36F-35A7-4660-B46C-D4AB796591EB', 99, '2021-01-18 14:27:09', '9f2ec079-7d0f-4fe2-90ab-8b09a8302aba');
INSERT INTO `sys_roleauthorize`(`Id`, `ItemType`, `ItemId`, `ObjectType`, `ObjectId`, `SortCode`, `CreatorTime`, `CreatorUserId`) VALUES ('2021011814270918825793', 2, '2021010315132786229265', 1, 'F0A2B36F-35A7-4660-B46C-D4AB796591EB', 99, '2021-01-18 14:27:09', '9f2ec079-7d0f-4fe2-90ab-8b09a8302aba');
INSERT INTO `sys_roleauthorize`(`Id`, `ItemType`, `ItemId`, `ObjectType`, `ObjectId`, `SortCode`, `CreatorTime`, `CreatorUserId`) VALUES ('2021011814270919237608', 2, '2021010315132787977688', 1, 'F0A2B36F-35A7-4660-B46C-D4AB796591EB', 99, '2021-01-18 14:27:09', '9f2ec079-7d0f-4fe2-90ab-8b09a8302aba');
INSERT INTO `sys_roleauthorize`(`Id`, `ItemType`, `ItemId`, `ObjectType`, `ObjectId`, `SortCode`, `CreatorTime`, `CreatorUserId`) VALUES ('2021011814270919702299', 2, '2021010315132789912350', 1, 'F0A2B36F-35A7-4660-B46C-D4AB796591EB', 99, '2021-01-18 14:27:09', '9f2ec079-7d0f-4fe2-90ab-8b09a8302aba');
INSERT INTO `sys_roleauthorize`(`Id`, `ItemType`, `ItemId`, `ObjectType`, `ObjectId`, `SortCode`, `CreatorTime`, `CreatorUserId`) VALUES ('2021011814270920233269', 2, '2021010315132791643307', 1, 'F0A2B36F-35A7-4660-B46C-D4AB796591EB', 99, '2021-01-18 14:27:09', '9f2ec079-7d0f-4fe2-90ab-8b09a8302aba');
INSERT INTO `sys_roleauthorize`(`Id`, `ItemType`, `ItemId`, `ObjectType`, `ObjectId`, `SortCode`, `CreatorTime`, `CreatorUserId`) VALUES ('2021011814270920592301', 2, '2021010315132781838294', 1, 'F0A2B36F-35A7-4660-B46C-D4AB796591EB', 99, '2021-01-18 14:27:09', '9f2ec079-7d0f-4fe2-90ab-8b09a8302aba');
INSERT INTO `sys_roleauthorize`(`Id`, `ItemType`, `ItemId`, `ObjectType`, `ObjectId`, `SortCode`, `CreatorTime`, `CreatorUserId`) VALUES ('2021011814270921009132', 2, '2021010316083259762810', 1, 'F0A2B36F-35A7-4660-B46C-D4AB796591EB', 99, '2021-01-18 14:27:09', '9f2ec079-7d0f-4fe2-90ab-8b09a8302aba');
INSERT INTO `sys_roleauthorize`(`Id`, `ItemType`, `ItemId`, `ObjectType`, `ObjectId`, `SortCode`, `CreatorTime`, `CreatorUserId`) VALUES ('2021011814270921411988', 2, '2021010316100011385581', 1, 'F0A2B36F-35A7-4660-B46C-D4AB796591EB', 99, '2021-01-18 14:27:09', '9f2ec079-7d0f-4fe2-90ab-8b09a8302aba');
INSERT INTO `sys_roleauthorize`(`Id`, `ItemType`, `ItemId`, `ObjectType`, `ObjectId`, `SortCode`, `CreatorTime`, `CreatorUserId`) VALUES ('2021011814270921899320', 2, '2021010316100012707325', 1, 'F0A2B36F-35A7-4660-B46C-D4AB796591EB', 99, '2021-01-18 14:27:09', '9f2ec079-7d0f-4fe2-90ab-8b09a8302aba');
INSERT INTO `sys_roleauthorize`(`Id`, `ItemType`, `ItemId`, `ObjectType`, `ObjectId`, `SortCode`, `CreatorTime`, `CreatorUserId`) VALUES ('2021011814270922306408', 2, '2021010316100014008890', 1, 'F0A2B36F-35A7-4660-B46C-D4AB796591EB', 99, '2021-01-18 14:27:09', '9f2ec079-7d0f-4fe2-90ab-8b09a8302aba');
INSERT INTO `sys_roleauthorize`(`Id`, `ItemType`, `ItemId`, `ObjectType`, `ObjectId`, `SortCode`, `CreatorTime`, `CreatorUserId`) VALUES ('2021011814270922753493', 2, '2021010316100015306916', 1, 'F0A2B36F-35A7-4660-B46C-D4AB796591EB', 99, '2021-01-18 14:27:09', '9f2ec079-7d0f-4fe2-90ab-8b09a8302aba');
INSERT INTO `sys_roleauthorize`(`Id`, `ItemType`, `ItemId`, `ObjectType`, `ObjectId`, `SortCode`, `CreatorTime`, `CreatorUserId`) VALUES ('2021011814270923273524', 2, '2021010316100016609991', 1, 'F0A2B36F-35A7-4660-B46C-D4AB796591EB', 99, '2021-01-18 14:27:09', '9f2ec079-7d0f-4fe2-90ab-8b09a8302aba');
INSERT INTO `sys_roleauthorize`(`Id`, `ItemType`, `ItemId`, `ObjectType`, `ObjectId`, `SortCode`, `CreatorTime`, `CreatorUserId`) VALUES ('2021011814270923894834', 2, '2021010316100018015698', 1, 'F0A2B36F-35A7-4660-B46C-D4AB796591EB', 99, '2021-01-18 14:27:09', '9f2ec079-7d0f-4fe2-90ab-8b09a8302aba');
INSERT INTO `sys_roleauthorize`(`Id`, `ItemType`, `ItemId`, `ObjectType`, `ObjectId`, `SortCode`, `CreatorTime`, `CreatorUserId`) VALUES ('2021011814270924296946', 2, '2021010316100009998659', 1, 'F0A2B36F-35A7-4660-B46C-D4AB796591EB', 99, '2021-01-18 14:27:09', '9f2ec079-7d0f-4fe2-90ab-8b09a8302aba');
INSERT INTO `sys_roleauthorize`(`Id`, `ItemType`, `ItemId`, `ObjectType`, `ObjectId`, `SortCode`, `CreatorTime`, `CreatorUserId`) VALUES ('2021011814270924689236', 1, '2020042316122987266087', 1, 'F0A2B36F-35A7-4660-B46C-D4AB796591EB', 99, '2021-01-18 14:27:09', '9f2ec079-7d0f-4fe2-90ab-8b09a8302aba');
INSERT INTO `sys_roleauthorize`(`Id`, `ItemType`, `ItemId`, `ObjectType`, `ObjectId`, `SortCode`, `CreatorTime`, `CreatorUserId`) VALUES ('2021011814270925043813', 2, '2021010316453713145150', 1, 'F0A2B36F-35A7-4660-B46C-D4AB796591EB', 99, '2021-01-18 14:27:09', '9f2ec079-7d0f-4fe2-90ab-8b09a8302aba');
INSERT INTO `sys_roleauthorize`(`Id`, `ItemType`, `ItemId`, `ObjectType`, `ObjectId`, `SortCode`, `CreatorTime`, `CreatorUserId`) VALUES ('2021011814270925558740', 2, '2021010316453714778755', 1, 'F0A2B36F-35A7-4660-B46C-D4AB796591EB', 99, '2021-01-18 14:27:09', '9f2ec079-7d0f-4fe2-90ab-8b09a8302aba');
INSERT INTO `sys_roleauthorize`(`Id`, `ItemType`, `ItemId`, `ObjectType`, `ObjectId`, `SortCode`, `CreatorTime`, `CreatorUserId`) VALUES ('2021011814270925919672', 2, '2021010316453715932821', 1, 'F0A2B36F-35A7-4660-B46C-D4AB796591EB', 99, '2021-01-18 14:27:09', '9f2ec079-7d0f-4fe2-90ab-8b09a8302aba');
INSERT INTO `sys_roleauthorize`(`Id`, `ItemType`, `ItemId`, `ObjectType`, `ObjectId`, `SortCode`, `CreatorTime`, `CreatorUserId`) VALUES ('2021011814270926364524', 2, '2021010316453717238579', 1, 'F0A2B36F-35A7-4660-B46C-D4AB796591EB', 99, '2021-01-18 14:27:09', '9f2ec079-7d0f-4fe2-90ab-8b09a8302aba');
INSERT INTO `sys_roleauthorize`(`Id`, `ItemType`, `ItemId`, `ObjectType`, `ObjectId`, `SortCode`, `CreatorTime`, `CreatorUserId`) VALUES ('2021011814270926759684', 2, '2021010316453718652652', 1, 'F0A2B36F-35A7-4660-B46C-D4AB796591EB', 99, '2021-01-18 14:27:09', '9f2ec079-7d0f-4fe2-90ab-8b09a8302aba');
INSERT INTO `sys_roleauthorize`(`Id`, `ItemType`, `ItemId`, `ObjectType`, `ObjectId`, `SortCode`, `CreatorTime`, `CreatorUserId`) VALUES ('2021011814270927191623', 2, '2021010316453719872053', 1, 'F0A2B36F-35A7-4660-B46C-D4AB796591EB', 99, '2021-01-18 14:27:09', '9f2ec079-7d0f-4fe2-90ab-8b09a8302aba');
INSERT INTO `sys_roleauthorize`(`Id`, `ItemType`, `ItemId`, `ObjectType`, `ObjectId`, `SortCode`, `CreatorTime`, `CreatorUserId`) VALUES ('2021011814270927744656', 2, '2021010316453710775564', 1, 'F0A2B36F-35A7-4660-B46C-D4AB796591EB', 99, '2021-01-18 14:27:09', '9f2ec079-7d0f-4fe2-90ab-8b09a8302aba');
INSERT INTO `sys_roleauthorize`(`Id`, `ItemType`, `ItemId`, `ObjectType`, `ObjectId`, `SortCode`, `CreatorTime`, `CreatorUserId`) VALUES ('2021011814270928175925', 1, '2020110314123396328561', 1, 'F0A2B36F-35A7-4660-B46C-D4AB796591EB', 99, '2021-01-18 14:27:09', '9f2ec079-7d0f-4fe2-90ab-8b09a8302aba');
INSERT INTO `sys_roleauthorize`(`Id`, `ItemType`, `ItemId`, `ObjectType`, `ObjectId`, `SortCode`, `CreatorTime`, `CreatorUserId`) VALUES ('2021011814270928577457', 2, '2021010315175286366578', 1, 'F0A2B36F-35A7-4660-B46C-D4AB796591EB', 99, '2021-01-18 14:27:09', '9f2ec079-7d0f-4fe2-90ab-8b09a8302aba');
INSERT INTO `sys_roleauthorize`(`Id`, `ItemType`, `ItemId`, `ObjectType`, `ObjectId`, `SortCode`, `CreatorTime`, `CreatorUserId`) VALUES ('2021011814270929031386', 2, '2021010315175287647040', 1, 'F0A2B36F-35A7-4660-B46C-D4AB796591EB', 99, '2021-01-18 14:27:09', '9f2ec079-7d0f-4fe2-90ab-8b09a8302aba');
INSERT INTO `sys_roleauthorize`(`Id`, `ItemType`, `ItemId`, `ObjectType`, `ObjectId`, `SortCode`, `CreatorTime`, `CreatorUserId`) VALUES ('2021011814270929394033', 2, '2021010315175288886376', 1, 'F0A2B36F-35A7-4660-B46C-D4AB796591EB', 99, '2021-01-18 14:27:09', '9f2ec079-7d0f-4fe2-90ab-8b09a8302aba');
INSERT INTO `sys_roleauthorize`(`Id`, `ItemType`, `ItemId`, `ObjectType`, `ObjectId`, `SortCode`, `CreatorTime`, `CreatorUserId`) VALUES ('2021011814270929778640', 2, '2021010315175290104050', 1, 'F0A2B36F-35A7-4660-B46C-D4AB796591EB', 99, '2021-01-18 14:27:09', '9f2ec079-7d0f-4fe2-90ab-8b09a8302aba');
INSERT INTO `sys_roleauthorize`(`Id`, `ItemType`, `ItemId`, `ObjectType`, `ObjectId`, `SortCode`, `CreatorTime`, `CreatorUserId`) VALUES ('2021011814270930246559', 2, '2021010315175292201815', 1, 'F0A2B36F-35A7-4660-B46C-D4AB796591EB', 99, '2021-01-18 14:27:09', '9f2ec079-7d0f-4fe2-90ab-8b09a8302aba');
INSERT INTO `sys_roleauthorize`(`Id`, `ItemType`, `ItemId`, `ObjectType`, `ObjectId`, `SortCode`, `CreatorTime`, `CreatorUserId`) VALUES ('2021011814270930598407', 2, '2021010315175293736914', 1, 'F0A2B36F-35A7-4660-B46C-D4AB796591EB', 99, '2021-01-18 14:27:09', '9f2ec079-7d0f-4fe2-90ab-8b09a8302aba');
INSERT INTO `sys_roleauthorize`(`Id`, `ItemType`, `ItemId`, `ObjectType`, `ObjectId`, `SortCode`, `CreatorTime`, `CreatorUserId`) VALUES ('2021011814270931118150', 2, '2021010315175285146141', 1, 'F0A2B36F-35A7-4660-B46C-D4AB796591EB', 99, '2021-01-18 14:27:09', '9f2ec079-7d0f-4fe2-90ab-8b09a8302aba');
INSERT INTO `sys_roleauthorize`(`Id`, `ItemType`, `ItemId`, `ObjectType`, `ObjectId`, `SortCode`, `CreatorTime`, `CreatorUserId`) VALUES ('2021011814270931589718', 1, '8', 1, 'F0A2B36F-35A7-4660-B46C-D4AB796591EB', 99, '2021-01-18 14:27:09', '9f2ec079-7d0f-4fe2-90ab-8b09a8302aba');
INSERT INTO `sys_roleauthorize`(`Id`, `ItemType`, `ItemId`, `ObjectType`, `ObjectId`, `SortCode`, `CreatorTime`, `CreatorUserId`) VALUES ('2021011814270932086149', 2, '2021010315183150312981', 1, 'F0A2B36F-35A7-4660-B46C-D4AB796591EB', 99, '2021-01-18 14:27:09', '9f2ec079-7d0f-4fe2-90ab-8b09a8302aba');
INSERT INTO `sys_roleauthorize`(`Id`, `ItemType`, `ItemId`, `ObjectType`, `ObjectId`, `SortCode`, `CreatorTime`, `CreatorUserId`) VALUES ('2021011814270932776983', 2, '2021010315183151659795', 1, 'F0A2B36F-35A7-4660-B46C-D4AB796591EB', 99, '2021-01-18 14:27:09', '9f2ec079-7d0f-4fe2-90ab-8b09a8302aba');
INSERT INTO `sys_roleauthorize`(`Id`, `ItemType`, `ItemId`, `ObjectType`, `ObjectId`, `SortCode`, `CreatorTime`, `CreatorUserId`) VALUES ('2021011814270933344787', 2, '2021010315183153249546', 1, 'F0A2B36F-35A7-4660-B46C-D4AB796591EB', 99, '2021-01-18 14:27:09', '9f2ec079-7d0f-4fe2-90ab-8b09a8302aba');
INSERT INTO `sys_roleauthorize`(`Id`, `ItemType`, `ItemId`, `ObjectType`, `ObjectId`, `SortCode`, `CreatorTime`, `CreatorUserId`) VALUES ('2021011814270933887302', 2, '2021010315183154826786', 1, 'F0A2B36F-35A7-4660-B46C-D4AB796591EB', 99, '2021-01-18 14:27:09', '9f2ec079-7d0f-4fe2-90ab-8b09a8302aba');
INSERT INTO `sys_roleauthorize`(`Id`, `ItemType`, `ItemId`, `ObjectType`, `ObjectId`, `SortCode`, `CreatorTime`, `CreatorUserId`) VALUES ('2021011814270934295839', 2, '2021010315183156352951', 1, 'F0A2B36F-35A7-4660-B46C-D4AB796591EB', 99, '2021-01-18 14:27:09', '9f2ec079-7d0f-4fe2-90ab-8b09a8302aba');
INSERT INTO `sys_roleauthorize`(`Id`, `ItemType`, `ItemId`, `ObjectType`, `ObjectId`, `SortCode`, `CreatorTime`, `CreatorUserId`) VALUES ('2021011814270934682966', 2, '2021010315183157889290', 1, 'F0A2B36F-35A7-4660-B46C-D4AB796591EB', 99, '2021-01-18 14:27:09', '9f2ec079-7d0f-4fe2-90ab-8b09a8302aba');
INSERT INTO `sys_roleauthorize`(`Id`, `ItemType`, `ItemId`, `ObjectType`, `ObjectId`, `SortCode`, `CreatorTime`, `CreatorUserId`) VALUES ('2021011814270935028103', 2, '2021010315183159324286', 1, 'F0A2B36F-35A7-4660-B46C-D4AB796591EB', 99, '2021-01-18 14:27:09', '9f2ec079-7d0f-4fe2-90ab-8b09a8302aba');
INSERT INTO `sys_roleauthorize`(`Id`, `ItemType`, `ItemId`, `ObjectType`, `ObjectId`, `SortCode`, `CreatorTime`, `CreatorUserId`) VALUES ('2021011814270935493680', 1, '2020110314142274602075', 1, 'F0A2B36F-35A7-4660-B46C-D4AB796591EB', 99, '2021-01-18 14:27:09', '9f2ec079-7d0f-4fe2-90ab-8b09a8302aba');
INSERT INTO `sys_roleauthorize`(`Id`, `ItemType`, `ItemId`, `ObjectType`, `ObjectId`, `SortCode`, `CreatorTime`, `CreatorUserId`) VALUES ('2021011814270935884448', 1, '2020110314161523904459', 1, 'F0A2B36F-35A7-4660-B46C-D4AB796591EB', 99, '2021-01-18 14:27:09', '9f2ec079-7d0f-4fe2-90ab-8b09a8302aba');
INSERT INTO `sys_roleauthorize`(`Id`, `ItemType`, `ItemId`, `ObjectType`, `ObjectId`, `SortCode`, `CreatorTime`, `CreatorUserId`) VALUES ('2021011814270936205343', 2, '2021010315194792606013', 1, 'F0A2B36F-35A7-4660-B46C-D4AB796591EB', 99, '2021-01-18 14:27:09', '9f2ec079-7d0f-4fe2-90ab-8b09a8302aba');
INSERT INTO `sys_roleauthorize`(`Id`, `ItemType`, `ItemId`, `ObjectType`, `ObjectId`, `SortCode`, `CreatorTime`, `CreatorUserId`) VALUES ('2021011814270936537489', 2, '2021010315204129496922', 1, 'F0A2B36F-35A7-4660-B46C-D4AB796591EB', 99, '2021-01-18 14:27:09', '9f2ec079-7d0f-4fe2-90ab-8b09a8302aba');
INSERT INTO `sys_roleauthorize`(`Id`, `ItemType`, `ItemId`, `ObjectType`, `ObjectId`, `SortCode`, `CreatorTime`, `CreatorUserId`) VALUES ('2021011814270937023380', 2, '2021010315194793896582', 1, 'F0A2B36F-35A7-4660-B46C-D4AB796591EB', 99, '2021-01-18 14:27:09', '9f2ec079-7d0f-4fe2-90ab-8b09a8302aba');
INSERT INTO `sys_roleauthorize`(`Id`, `ItemType`, `ItemId`, `ObjectType`, `ObjectId`, `SortCode`, `CreatorTime`, `CreatorUserId`) VALUES ('2021011814270937348687', 2, '2021010315194795273488', 1, 'F0A2B36F-35A7-4660-B46C-D4AB796591EB', 99, '2021-01-18 14:27:09', '9f2ec079-7d0f-4fe2-90ab-8b09a8302aba');
INSERT INTO `sys_roleauthorize`(`Id`, `ItemType`, `ItemId`, `ObjectType`, `ObjectId`, `SortCode`, `CreatorTime`, `CreatorUserId`) VALUES ('2021011814270937657637', 2, '2021010315194797086431', 1, 'F0A2B36F-35A7-4660-B46C-D4AB796591EB', 99, '2021-01-18 14:27:09', '9f2ec079-7d0f-4fe2-90ab-8b09a8302aba');
INSERT INTO `sys_roleauthorize`(`Id`, `ItemType`, `ItemId`, `ObjectType`, `ObjectId`, `SortCode`, `CreatorTime`, `CreatorUserId`) VALUES ('2021011814270938137277', 2, '2021010315194798698862', 1, 'F0A2B36F-35A7-4660-B46C-D4AB796591EB', 99, '2021-01-18 14:27:09', '9f2ec079-7d0f-4fe2-90ab-8b09a8302aba');
INSERT INTO `sys_roleauthorize`(`Id`, `ItemType`, `ItemId`, `ObjectType`, `ObjectId`, `SortCode`, `CreatorTime`, `CreatorUserId`) VALUES ('2021011814270938472134', 2, '2021010315194799827547', 1, 'F0A2B36F-35A7-4660-B46C-D4AB796591EB', 99, '2021-01-18 14:27:09', '9f2ec079-7d0f-4fe2-90ab-8b09a8302aba');
INSERT INTO `sys_roleauthorize`(`Id`, `ItemType`, `ItemId`, `ObjectType`, `ObjectId`, `SortCode`, `CreatorTime`, `CreatorUserId`) VALUES ('2021011814270938804565', 2, '2021010315194800999273', 1, 'F0A2B36F-35A7-4660-B46C-D4AB796591EB', 99, '2021-01-18 14:27:09', '9f2ec079-7d0f-4fe2-90ab-8b09a8302aba');
INSERT INTO `sys_roleauthorize`(`Id`, `ItemType`, `ItemId`, `ObjectType`, `ObjectId`, `SortCode`, `CreatorTime`, `CreatorUserId`) VALUES ('2021011814270939227679', 1, '2020110314165224964779', 1, 'F0A2B36F-35A7-4660-B46C-D4AB796591EB', 99, '2021-01-18 14:27:09', '9f2ec079-7d0f-4fe2-90ab-8b09a8302aba');
INSERT INTO `sys_roleauthorize`(`Id`, `ItemType`, `ItemId`, `ObjectType`, `ObjectId`, `SortCode`, `CreatorTime`, `CreatorUserId`) VALUES ('2021011814270939564844', 2, '2021010315212004586381', 1, 'F0A2B36F-35A7-4660-B46C-D4AB796591EB', 99, '2021-01-18 14:27:09', '9f2ec079-7d0f-4fe2-90ab-8b09a8302aba');
INSERT INTO `sys_roleauthorize`(`Id`, `ItemType`, `ItemId`, `ObjectType`, `ObjectId`, `SortCode`, `CreatorTime`, `CreatorUserId`) VALUES ('2021011814270939913654', 2, '2021010321015604704406', 1, 'F0A2B36F-35A7-4660-B46C-D4AB796591EB', 99, '2021-01-18 14:27:09', '9f2ec079-7d0f-4fe2-90ab-8b09a8302aba');
INSERT INTO `sys_roleauthorize`(`Id`, `ItemType`, `ItemId`, `ObjectType`, `ObjectId`, `SortCode`, `CreatorTime`, `CreatorUserId`) VALUES ('2021011814270940304707', 1, '2020110314182794069057', 1, 'F0A2B36F-35A7-4660-B46C-D4AB796591EB', 99, '2021-01-18 14:27:09', '9f2ec079-7d0f-4fe2-90ab-8b09a8302aba');
INSERT INTO `sys_roleauthorize`(`Id`, `ItemType`, `ItemId`, `ObjectType`, `ObjectId`, `SortCode`, `CreatorTime`, `CreatorUserId`) VALUES ('2021011814270940655647', 1, '2020110314190914102881', 1, 'F0A2B36F-35A7-4660-B46C-D4AB796591EB', 99, '2021-01-18 14:27:09', '9f2ec079-7d0f-4fe2-90ab-8b09a8302aba');
INSERT INTO `sys_roleauthorize`(`Id`, `ItemType`, `ItemId`, `ObjectType`, `ObjectId`, `SortCode`, `CreatorTime`, `CreatorUserId`) VALUES ('2021011814270940959312', 2, '2021010315215315394611', 1, 'F0A2B36F-35A7-4660-B46C-D4AB796591EB', 99, '2021-01-18 14:27:09', '9f2ec079-7d0f-4fe2-90ab-8b09a8302aba');
INSERT INTO `sys_roleauthorize`(`Id`, `ItemType`, `ItemId`, `ObjectType`, `ObjectId`, `SortCode`, `CreatorTime`, `CreatorUserId`) VALUES ('2021011814270941372130', 2, '2021010315215327767703', 1, 'F0A2B36F-35A7-4660-B46C-D4AB796591EB', 99, '2021-01-18 14:27:09', '9f2ec079-7d0f-4fe2-90ab-8b09a8302aba');
INSERT INTO `sys_roleauthorize`(`Id`, `ItemType`, `ItemId`, `ObjectType`, `ObjectId`, `SortCode`, `CreatorTime`, `CreatorUserId`) VALUES ('2021011814270941868644', 2, '2021010315215328948079', 1, 'F0A2B36F-35A7-4660-B46C-D4AB796591EB', 99, '2021-01-18 14:27:09', '9f2ec079-7d0f-4fe2-90ab-8b09a8302aba');
INSERT INTO `sys_roleauthorize`(`Id`, `ItemType`, `ItemId`, `ObjectType`, `ObjectId`, `SortCode`, `CreatorTime`, `CreatorUserId`) VALUES ('2021011814270942313171', 2, '2021010315215330182636', 1, 'F0A2B36F-35A7-4660-B46C-D4AB796591EB', 99, '2021-01-18 14:27:09', '9f2ec079-7d0f-4fe2-90ab-8b09a8302aba');
INSERT INTO `sys_roleauthorize`(`Id`, `ItemType`, `ItemId`, `ObjectType`, `ObjectId`, `SortCode`, `CreatorTime`, `CreatorUserId`) VALUES ('2021011814270942772100', 2, '2021010315215331498258', 1, 'F0A2B36F-35A7-4660-B46C-D4AB796591EB', 99, '2021-01-18 14:27:09', '9f2ec079-7d0f-4fe2-90ab-8b09a8302aba');
INSERT INTO `sys_roleauthorize`(`Id`, `ItemType`, `ItemId`, `ObjectType`, `ObjectId`, `SortCode`, `CreatorTime`, `CreatorUserId`) VALUES ('2021011814270943194766', 2, '2021010315215332842957', 1, 'F0A2B36F-35A7-4660-B46C-D4AB796591EB', 99, '2021-01-18 14:27:09', '9f2ec079-7d0f-4fe2-90ab-8b09a8302aba');
INSERT INTO `sys_roleauthorize`(`Id`, `ItemType`, `ItemId`, `ObjectType`, `ObjectId`, `SortCode`, `CreatorTime`, `CreatorUserId`) VALUES ('2021011814270943904473', 2, '2021010315215334061002', 1, 'F0A2B36F-35A7-4660-B46C-D4AB796591EB', 99, '2021-01-18 14:27:09', '9f2ec079-7d0f-4fe2-90ab-8b09a8302aba');
INSERT INTO `sys_roleauthorize`(`Id`, `ItemType`, `ItemId`, `ObjectType`, `ObjectId`, `SortCode`, `CreatorTime`, `CreatorUserId`) VALUES ('2021011814270944341510', 1, '2020110314195207514356', 1, 'F0A2B36F-35A7-4660-B46C-D4AB796591EB', 99, '2021-01-18 14:27:09', '9f2ec079-7d0f-4fe2-90ab-8b09a8302aba');
INSERT INTO `sys_roleauthorize`(`Id`, `ItemType`, `ItemId`, `ObjectType`, `ObjectId`, `SortCode`, `CreatorTime`, `CreatorUserId`) VALUES ('2021011814270944811602', 2, '2021010315222503738750', 1, 'F0A2B36F-35A7-4660-B46C-D4AB796591EB', 99, '2021-01-18 14:27:09', '9f2ec079-7d0f-4fe2-90ab-8b09a8302aba');
INSERT INTO `sys_roleauthorize`(`Id`, `ItemType`, `ItemId`, `ObjectType`, `ObjectId`, `SortCode`, `CreatorTime`, `CreatorUserId`) VALUES ('2021011814270945213094', 2, '2021010315222505099926', 1, 'F0A2B36F-35A7-4660-B46C-D4AB796591EB', 99, '2021-01-18 14:27:09', '9f2ec079-7d0f-4fe2-90ab-8b09a8302aba');
INSERT INTO `sys_roleauthorize`(`Id`, `ItemType`, `ItemId`, `ObjectType`, `ObjectId`, `SortCode`, `CreatorTime`, `CreatorUserId`) VALUES ('2021011814270945581807', 2, '2021010315222506982025', 1, 'F0A2B36F-35A7-4660-B46C-D4AB796591EB', 99, '2021-01-18 14:27:09', '9f2ec079-7d0f-4fe2-90ab-8b09a8302aba');
INSERT INTO `sys_roleauthorize`(`Id`, `ItemType`, `ItemId`, `ObjectType`, `ObjectId`, `SortCode`, `CreatorTime`, `CreatorUserId`) VALUES ('2021011814270945887365', 2, '2021010315222508743670', 1, 'F0A2B36F-35A7-4660-B46C-D4AB796591EB', 99, '2021-01-18 14:27:09', '9f2ec079-7d0f-4fe2-90ab-8b09a8302aba');
INSERT INTO `sys_roleauthorize`(`Id`, `ItemType`, `ItemId`, `ObjectType`, `ObjectId`, `SortCode`, `CreatorTime`, `CreatorUserId`) VALUES ('2021011814270946222213', 2, '2021010315222510354377', 1, 'F0A2B36F-35A7-4660-B46C-D4AB796591EB', 99, '2021-01-18 14:27:09', '9f2ec079-7d0f-4fe2-90ab-8b09a8302aba');
INSERT INTO `sys_roleauthorize`(`Id`, `ItemType`, `ItemId`, `ObjectType`, `ObjectId`, `SortCode`, `CreatorTime`, `CreatorUserId`) VALUES ('2021011814270946577165', 2, '2021010315222511918449', 1, 'F0A2B36F-35A7-4660-B46C-D4AB796591EB', 99, '2021-01-18 14:27:09', '9f2ec079-7d0f-4fe2-90ab-8b09a8302aba');
INSERT INTO `sys_roleauthorize`(`Id`, `ItemType`, `ItemId`, `ObjectType`, `ObjectId`, `SortCode`, `CreatorTime`, `CreatorUserId`) VALUES ('2021011814270946944404', 2, '2021010315222513987026', 1, 'F0A2B36F-35A7-4660-B46C-D4AB796591EB', 99, '2021-01-18 14:27:09', '9f2ec079-7d0f-4fe2-90ab-8b09a8302aba');
INSERT INTO `sys_roleauthorize`(`Id`, `ItemType`, `ItemId`, `ObjectType`, `ObjectId`, `SortCode`, `CreatorTime`, `CreatorUserId`) VALUES ('2021011814270947312799', 1, '201806120821141288', 1, 'F0A2B36F-35A7-4660-B46C-D4AB796591EB', 99, '2021-01-18 14:27:09', '9f2ec079-7d0f-4fe2-90ab-8b09a8302aba');
INSERT INTO `sys_roleauthorize`(`Id`, `ItemType`, `ItemId`, `ObjectType`, `ObjectId`, `SortCode`, `CreatorTime`, `CreatorUserId`) VALUES ('2021011814270947617609', 1, '7', 1, 'F0A2B36F-35A7-4660-B46C-D4AB796591EB', 99, '2021-01-18 14:27:09', '9f2ec079-7d0f-4fe2-90ab-8b09a8302aba');
INSERT INTO `sys_roleauthorize`(`Id`, `ItemType`, `ItemId`, `ObjectType`, `ObjectId`, `SortCode`, `CreatorTime`, `CreatorUserId`) VALUES ('2021011814270948029789', 2, '2021010315340190128841', 1, 'F0A2B36F-35A7-4660-B46C-D4AB796591EB', 99, '2021-01-18 14:27:09', '9f2ec079-7d0f-4fe2-90ab-8b09a8302aba');
INSERT INTO `sys_roleauthorize`(`Id`, `ItemType`, `ItemId`, `ObjectType`, `ObjectId`, `SortCode`, `CreatorTime`, `CreatorUserId`) VALUES ('2021011814270948367287', 1, '2020110314220971767837', 1, 'F0A2B36F-35A7-4660-B46C-D4AB796591EB', 99, '2021-01-18 14:27:09', '9f2ec079-7d0f-4fe2-90ab-8b09a8302aba');
INSERT INTO `sys_roleauthorize`(`Id`, `ItemType`, `ItemId`, `ObjectType`, `ObjectId`, `SortCode`, `CreatorTime`, `CreatorUserId`) VALUES ('2021011814270948715449', 2, '2021010321100441931251', 1, 'F0A2B36F-35A7-4660-B46C-D4AB796591EB', 99, '2021-01-18 14:27:09', '9f2ec079-7d0f-4fe2-90ab-8b09a8302aba');
INSERT INTO `sys_roleauthorize`(`Id`, `ItemType`, `ItemId`, `ObjectType`, `ObjectId`, `SortCode`, `CreatorTime`, `CreatorUserId`) VALUES ('2021011814270949016699', 1, '2020110314224299715445', 1, 'F0A2B36F-35A7-4660-B46C-D4AB796591EB', 99, '2021-01-18 14:27:09', '9f2ec079-7d0f-4fe2-90ab-8b09a8302aba');
INSERT INTO `sys_roleauthorize`(`Id`, `ItemType`, `ItemId`, `ObjectType`, `ObjectId`, `SortCode`, `CreatorTime`, `CreatorUserId`) VALUES ('2021011814270949288744', 2, '2021010321102869902680', 1, 'F0A2B36F-35A7-4660-B46C-D4AB796591EB', 99, '2021-01-18 14:27:09', '9f2ec079-7d0f-4fe2-90ab-8b09a8302aba');
INSERT INTO `sys_roleauthorize`(`Id`, `ItemType`, `ItemId`, `ObjectType`, `ObjectId`, `SortCode`, `CreatorTime`, `CreatorUserId`) VALUES ('2021011814270949692425', 1, '2020110314231504343408', 1, 'F0A2B36F-35A7-4660-B46C-D4AB796591EB', 99, '2021-01-18 14:27:09', '9f2ec079-7d0f-4fe2-90ab-8b09a8302aba');
INSERT INTO `sys_roleauthorize`(`Id`, `ItemType`, `ItemId`, `ObjectType`, `ObjectId`, `SortCode`, `CreatorTime`, `CreatorUserId`) VALUES ('2021011814270950035525', 2, '2021010321105884295252', 1, 'F0A2B36F-35A7-4660-B46C-D4AB796591EB', 99, '2021-01-18 14:27:10', '9f2ec079-7d0f-4fe2-90ab-8b09a8302aba');
INSERT INTO `sys_roleauthorize`(`Id`, `ItemType`, `ItemId`, `ObjectType`, `ObjectId`, `SortCode`, `CreatorTime`, `CreatorUserId`) VALUES ('2021011814270950586601', 1, '9', 1, 'F0A2B36F-35A7-4660-B46C-D4AB796591EB', 99, '2021-01-18 14:27:10', '9f2ec079-7d0f-4fe2-90ab-8b09a8302aba');
INSERT INTO `sys_roleauthorize`(`Id`, `ItemType`, `ItemId`, `ObjectType`, `ObjectId`, `SortCode`, `CreatorTime`, `CreatorUserId`) VALUES ('2021011814270951096925', 1, '201806141351101389', 1, 'F0A2B36F-35A7-4660-B46C-D4AB796591EB', 99, '2021-01-18 14:27:10', '9f2ec079-7d0f-4fe2-90ab-8b09a8302aba');
INSERT INTO `sys_roleauthorize`(`Id`, `ItemType`, `ItemId`, `ObjectType`, `ObjectId`, `SortCode`, `CreatorTime`, `CreatorUserId`) VALUES ('2021011814270951464784', 2, '2021010315233975086228', 1, 'F0A2B36F-35A7-4660-B46C-D4AB796591EB', 99, '2021-01-18 14:27:10', '9f2ec079-7d0f-4fe2-90ab-8b09a8302aba');
INSERT INTO `sys_roleauthorize`(`Id`, `ItemType`, `ItemId`, `ObjectType`, `ObjectId`, `SortCode`, `CreatorTime`, `CreatorUserId`) VALUES ('2021011814270951843637', 2, '2021010315233976493618', 1, 'F0A2B36F-35A7-4660-B46C-D4AB796591EB', 99, '2021-01-18 14:27:10', '9f2ec079-7d0f-4fe2-90ab-8b09a8302aba');
INSERT INTO `sys_roleauthorize`(`Id`, `ItemType`, `ItemId`, `ObjectType`, `ObjectId`, `SortCode`, `CreatorTime`, `CreatorUserId`) VALUES ('2021011814270952277099', 2, '2021010315233978026300', 1, 'F0A2B36F-35A7-4660-B46C-D4AB796591EB', 99, '2021-01-18 14:27:10', '9f2ec079-7d0f-4fe2-90ab-8b09a8302aba');
INSERT INTO `sys_roleauthorize`(`Id`, `ItemType`, `ItemId`, `ObjectType`, `ObjectId`, `SortCode`, `CreatorTime`, `CreatorUserId`) VALUES ('2021011814270952753793', 2, '2021010315233979627999', 1, 'F0A2B36F-35A7-4660-B46C-D4AB796591EB', 99, '2021-01-18 14:27:10', '9f2ec079-7d0f-4fe2-90ab-8b09a8302aba');
INSERT INTO `sys_roleauthorize`(`Id`, `ItemType`, `ItemId`, `ObjectType`, `ObjectId`, `SortCode`, `CreatorTime`, `CreatorUserId`) VALUES ('2021011814270953049621', 2, '2021010315233981246649', 1, 'F0A2B36F-35A7-4660-B46C-D4AB796591EB', 99, '2021-01-18 14:27:10', '9f2ec079-7d0f-4fe2-90ab-8b09a8302aba');
INSERT INTO `sys_roleauthorize`(`Id`, `ItemType`, `ItemId`, `ObjectType`, `ObjectId`, `SortCode`, `CreatorTime`, `CreatorUserId`) VALUES ('2021011814270953397937', 2, '2021010315233982801956', 1, 'F0A2B36F-35A7-4660-B46C-D4AB796591EB', 99, '2021-01-18 14:27:10', '9f2ec079-7d0f-4fe2-90ab-8b09a8302aba');
INSERT INTO `sys_roleauthorize`(`Id`, `ItemType`, `ItemId`, `ObjectType`, `ObjectId`, `SortCode`, `CreatorTime`, `CreatorUserId`) VALUES ('2021011814270953833220', 2, '2021010315233984299075', 1, 'F0A2B36F-35A7-4660-B46C-D4AB796591EB', 99, '2021-01-18 14:27:10', '9f2ec079-7d0f-4fe2-90ab-8b09a8302aba');
INSERT INTO `sys_roleauthorize`(`Id`, `ItemType`, `ItemId`, `ObjectType`, `ObjectId`, `SortCode`, `CreatorTime`, `CreatorUserId`) VALUES ('2021011814270954604733', 1, '201806291506346894', 1, 'F0A2B36F-35A7-4660-B46C-D4AB796591EB', 99, '2021-01-18 14:27:10', '9f2ec079-7d0f-4fe2-90ab-8b09a8302aba');
INSERT INTO `sys_roleauthorize`(`Id`, `ItemType`, `ItemId`, `ObjectType`, `ObjectId`, `SortCode`, `CreatorTime`, `CreatorUserId`) VALUES ('2021011814270954976575', 2, '2021010315295372466127', 1, 'F0A2B36F-35A7-4660-B46C-D4AB796591EB', 99, '2021-01-18 14:27:10', '9f2ec079-7d0f-4fe2-90ab-8b09a8302aba');
INSERT INTO `sys_roleauthorize`(`Id`, `ItemType`, `ItemId`, `ObjectType`, `ObjectId`, `SortCode`, `CreatorTime`, `CreatorUserId`) VALUES ('2021011814270955301797', 2, '2021010315295385481609', 1, 'F0A2B36F-35A7-4660-B46C-D4AB796591EB', 99, '2021-01-18 14:27:10', '9f2ec079-7d0f-4fe2-90ab-8b09a8302aba');
INSERT INTO `sys_roleauthorize`(`Id`, `ItemType`, `ItemId`, `ObjectType`, `ObjectId`, `SortCode`, `CreatorTime`, `CreatorUserId`) VALUES ('2021011814270955591100', 2, '2021010315295389238874', 1, 'F0A2B36F-35A7-4660-B46C-D4AB796591EB', 99, '2021-01-18 14:27:10', '9f2ec079-7d0f-4fe2-90ab-8b09a8302aba');
INSERT INTO `sys_roleauthorize`(`Id`, `ItemType`, `ItemId`, `ObjectType`, `ObjectId`, `SortCode`, `CreatorTime`, `CreatorUserId`) VALUES ('2021011814270956157462', 2, '2021010315295390992753', 1, 'F0A2B36F-35A7-4660-B46C-D4AB796591EB', 99, '2021-01-18 14:27:10', '9f2ec079-7d0f-4fe2-90ab-8b09a8302aba');
INSERT INTO `sys_roleauthorize`(`Id`, `ItemType`, `ItemId`, `ObjectType`, `ObjectId`, `SortCode`, `CreatorTime`, `CreatorUserId`) VALUES ('2021011814270956512333', 2, '2021010315295392674499', 1, 'F0A2B36F-35A7-4660-B46C-D4AB796591EB', 99, '2021-01-18 14:27:10', '9f2ec079-7d0f-4fe2-90ab-8b09a8302aba');
INSERT INTO `sys_roleauthorize`(`Id`, `ItemType`, `ItemId`, `ObjectType`, `ObjectId`, `SortCode`, `CreatorTime`, `CreatorUserId`) VALUES ('2021011814270956848813', 2, '2021010315295394456942', 1, 'F0A2B36F-35A7-4660-B46C-D4AB796591EB', 99, '2021-01-18 14:27:10', '9f2ec079-7d0f-4fe2-90ab-8b09a8302aba');
INSERT INTO `sys_roleauthorize`(`Id`, `ItemType`, `ItemId`, `ObjectType`, `ObjectId`, `SortCode`, `CreatorTime`, `CreatorUserId`) VALUES ('2021011814270957176712', 2, '2021010315295396508020', 1, 'F0A2B36F-35A7-4660-B46C-D4AB796591EB', 99, '2021-01-18 14:27:10', '9f2ec079-7d0f-4fe2-90ab-8b09a8302aba');
INSERT INTO `sys_roleauthorize`(`Id`, `ItemType`, `ItemId`, `ObjectType`, `ObjectId`, `SortCode`, `CreatorTime`, `CreatorUserId`) VALUES ('2021011814270957511840', 2, '2021010315315773909706', 1, 'F0A2B36F-35A7-4660-B46C-D4AB796591EB', 99, '2021-01-18 14:27:10', '9f2ec079-7d0f-4fe2-90ab-8b09a8302aba');
INSERT INTO `sys_roleauthorize`(`Id`, `ItemType`, `ItemId`, `ObjectType`, `ObjectId`, `SortCode`, `CreatorTime`, `CreatorUserId`) VALUES ('2021011814270957839377', 2, '2021010315323086026943', 1, 'F0A2B36F-35A7-4660-B46C-D4AB796591EB', 99, '2021-01-18 14:27:10', '9f2ec079-7d0f-4fe2-90ab-8b09a8302aba');
INSERT INTO `sys_roleauthorize`(`Id`, `ItemType`, `ItemId`, `ObjectType`, `ObjectId`, `SortCode`, `CreatorTime`, `CreatorUserId`) VALUES ('2021011814270958142429', 1, '201806121608404625', 1, 'F0A2B36F-35A7-4660-B46C-D4AB796591EB', 99, '2021-01-18 14:27:10', '9f2ec079-7d0f-4fe2-90ab-8b09a8302aba');
INSERT INTO `sys_roleauthorize`(`Id`, `ItemType`, `ItemId`, `ObjectType`, `ObjectId`, `SortCode`, `CreatorTime`, `CreatorUserId`) VALUES ('2021011814270958468620', 2, '2021010315304419294420', 1, 'F0A2B36F-35A7-4660-B46C-D4AB796591EB', 99, '2021-01-18 14:27:10', '9f2ec079-7d0f-4fe2-90ab-8b09a8302aba');
INSERT INTO `sys_roleauthorize`(`Id`, `ItemType`, `ItemId`, `ObjectType`, `ObjectId`, `SortCode`, `CreatorTime`, `CreatorUserId`) VALUES ('2021011814270958776956', 2, '2021010315304421057774', 1, 'F0A2B36F-35A7-4660-B46C-D4AB796591EB', 99, '2021-01-18 14:27:10', '9f2ec079-7d0f-4fe2-90ab-8b09a8302aba');
INSERT INTO `sys_roleauthorize`(`Id`, `ItemType`, `ItemId`, `ObjectType`, `ObjectId`, `SortCode`, `CreatorTime`, `CreatorUserId`) VALUES ('2021011814270959152370', 2, '2021010315304422692928', 1, 'F0A2B36F-35A7-4660-B46C-D4AB796591EB', 99, '2021-01-18 14:27:10', '9f2ec079-7d0f-4fe2-90ab-8b09a8302aba');
INSERT INTO `sys_roleauthorize`(`Id`, `ItemType`, `ItemId`, `ObjectType`, `ObjectId`, `SortCode`, `CreatorTime`, `CreatorUserId`) VALUES ('2021011814270959478088', 2, '2021010315304424338490', 1, 'F0A2B36F-35A7-4660-B46C-D4AB796591EB', 99, '2021-01-18 14:27:10', '9f2ec079-7d0f-4fe2-90ab-8b09a8302aba');
INSERT INTO `sys_roleauthorize`(`Id`, `ItemType`, `ItemId`, `ObjectType`, `ObjectId`, `SortCode`, `CreatorTime`, `CreatorUserId`) VALUES ('2021011814270959753231', 2, '2021010315304425833907', 1, 'F0A2B36F-35A7-4660-B46C-D4AB796591EB', 99, '2021-01-18 14:27:10', '9f2ec079-7d0f-4fe2-90ab-8b09a8302aba');
INSERT INTO `sys_roleauthorize`(`Id`, `ItemType`, `ItemId`, `ObjectType`, `ObjectId`, `SortCode`, `CreatorTime`, `CreatorUserId`) VALUES ('2021011814270960069858', 2, '2021010315304436069801', 1, 'F0A2B36F-35A7-4660-B46C-D4AB796591EB', 99, '2021-01-18 14:27:10', '9f2ec079-7d0f-4fe2-90ab-8b09a8302aba');
INSERT INTO `sys_roleauthorize`(`Id`, `ItemType`, `ItemId`, `ObjectType`, `ObjectId`, `SortCode`, `CreatorTime`, `CreatorUserId`) VALUES ('2021011814270960482207', 2, '2021010315304417212621', 1, 'F0A2B36F-35A7-4660-B46C-D4AB796591EB', 99, '2021-01-18 14:27:10', '9f2ec079-7d0f-4fe2-90ab-8b09a8302aba');
INSERT INTO `sys_roleauthorize`(`Id`, `ItemType`, `ItemId`, `ObjectType`, `ObjectId`, `SortCode`, `CreatorTime`, `CreatorUserId`) VALUES ('2021011814270960789545', 1, '2020042216381028741066', 1, 'F0A2B36F-35A7-4660-B46C-D4AB796591EB', 99, '2021-01-18 14:27:10', '9f2ec079-7d0f-4fe2-90ab-8b09a8302aba');
INSERT INTO `sys_roleauthorize`(`Id`, `ItemType`, `ItemId`, `ObjectType`, `ObjectId`, `SortCode`, `CreatorTime`, `CreatorUserId`) VALUES ('2021011814270961078369', 1, '201806040726499682', 1, 'F0A2B36F-35A7-4660-B46C-D4AB796591EB', 99, '2021-01-18 14:27:10', '9f2ec079-7d0f-4fe2-90ab-8b09a8302aba');
INSERT INTO `sys_roleauthorize`(`Id`, `ItemType`, `ItemId`, `ObjectType`, `ObjectId`, `SortCode`, `CreatorTime`, `CreatorUserId`) VALUES ('2021011814270961084799', 0, '2021010319110318113791', 1, 'F0A2B36F-35A7-4660-B46C-D4AB796591EB', 99, '2021-01-18 14:27:10', '9f2ec079-7d0f-4fe2-90ab-8b09a8302aba');
INSERT INTO `sys_roleauthorize`(`Id`, `ItemType`, `ItemId`, `ObjectType`, `ObjectId`, `SortCode`, `CreatorTime`, `CreatorUserId`) VALUES ('2021011814270961088934', 0, '201806141508359155', 1, 'F0A2B36F-35A7-4660-B46C-D4AB796591EB', 99, '2021-01-18 14:27:10', '9f2ec079-7d0f-4fe2-90ab-8b09a8302aba');
INSERT INTO `sys_roleauthorize`(`Id`, `ItemType`, `ItemId`, `ObjectType`, `ObjectId`, `SortCode`, `CreatorTime`, `CreatorUserId`) VALUES ('2021011815200237553053', 1, '2021010612383675183980', 1, '531F7D18-C49F-4F4F-A920-0074FCB52078', 99, '2021-01-18 15:20:02', '9f2ec079-7d0f-4fe2-90ab-8b09a8302aba');
INSERT INTO `sys_roleauthorize`(`Id`, `ItemType`, `ItemId`, `ObjectType`, `ObjectId`, `SortCode`, `CreatorTime`, `CreatorUserId`) VALUES ('2021011815200237894839', 1, '2021010612464998158840', 1, '531F7D18-C49F-4F4F-A920-0074FCB52078', 99, '2021-01-18 15:20:02', '9f2ec079-7d0f-4fe2-90ab-8b09a8302aba');
INSERT INTO `sys_roleauthorize`(`Id`, `ItemType`, `ItemId`, `ObjectType`, `ObjectId`, `SortCode`, `CreatorTime`, `CreatorUserId`) VALUES ('2021011815200238241189', 2, '2021010612491819924157', 1, '531F7D18-C49F-4F4F-A920-0074FCB52078', 99, '2021-01-18 15:20:02', '9f2ec079-7d0f-4fe2-90ab-8b09a8302aba');
INSERT INTO `sys_roleauthorize`(`Id`, `ItemType`, `ItemId`, `ObjectType`, `ObjectId`, `SortCode`, `CreatorTime`, `CreatorUserId`) VALUES ('2021011815200238823179', 2, '2021010612491813391450', 1, '531F7D18-C49F-4F4F-A920-0074FCB52078', 99, '2021-01-18 15:20:02', '9f2ec079-7d0f-4fe2-90ab-8b09a8302aba');
INSERT INTO `sys_roleauthorize`(`Id`, `ItemType`, `ItemId`, `ObjectType`, `ObjectId`, `SortCode`, `CreatorTime`, `CreatorUserId`) VALUES ('2021011815200239179895', 1, '2021010612514163234452', 1, '531F7D18-C49F-4F4F-A920-0074FCB52078', 99, '2021-01-18 15:20:02', '9f2ec079-7d0f-4fe2-90ab-8b09a8302aba');
INSERT INTO `sys_roleauthorize`(`Id`, `ItemType`, `ItemId`, `ObjectType`, `ObjectId`, `SortCode`, `CreatorTime`, `CreatorUserId`) VALUES ('2021011815200239511266', 0, '201806141508359155', 1, '531F7D18-C49F-4F4F-A920-0074FCB52078', 99, '2021-01-18 15:20:02', '9f2ec079-7d0f-4fe2-90ab-8b09a8302aba');
INSERT INTO `sys_roleauthorize`(`Id`, `ItemType`, `ItemId`, `ObjectType`, `ObjectId`, `SortCode`, `CreatorTime`, `CreatorUserId`) VALUES ('2021011815200239518761', 2, '2021010612522823068793', 1, '531F7D18-C49F-4F4F-A920-0074FCB52078', 99, '2021-01-18 15:20:02', '9f2ec079-7d0f-4fe2-90ab-8b09a8302aba');
INSERT INTO `sys_roleauthorize`(`Id`, `ItemType`, `ItemId`, `ObjectType`, `ObjectId`, `SortCode`, `CreatorTime`, `CreatorUserId`) VALUES ('2021011815232449582528', 1, '2021010612383675183980', 1, '2020123019220797868356', 99, '2021-01-18 15:23:24', '9f2ec079-7d0f-4fe2-90ab-8b09a8302aba');
INSERT INTO `sys_roleauthorize`(`Id`, `ItemType`, `ItemId`, `ObjectType`, `ObjectId`, `SortCode`, `CreatorTime`, `CreatorUserId`) VALUES ('2021011815232450063022', 1, '2021010612464998158840', 1, '2020123019220797868356', 99, '2021-01-18 15:23:25', '9f2ec079-7d0f-4fe2-90ab-8b09a8302aba');
INSERT INTO `sys_roleauthorize`(`Id`, `ItemType`, `ItemId`, `ObjectType`, `ObjectId`, `SortCode`, `CreatorTime`, `CreatorUserId`) VALUES ('2021011815232450588719', 2, '2021010612491813391450', 1, '2020123019220797868356', 99, '2021-01-18 15:23:25', '9f2ec079-7d0f-4fe2-90ab-8b09a8302aba');
INSERT INTO `sys_roleauthorize`(`Id`, `ItemType`, `ItemId`, `ObjectType`, `ObjectId`, `SortCode`, `CreatorTime`, `CreatorUserId`) VALUES ('2021011815232451054373', 1, '2021010612514163234452', 1, '2020123019220797868356', 99, '2021-01-18 15:23:25', '9f2ec079-7d0f-4fe2-90ab-8b09a8302aba');
INSERT INTO `sys_roleauthorize`(`Id`, `ItemType`, `ItemId`, `ObjectType`, `ObjectId`, `SortCode`, `CreatorTime`, `CreatorUserId`) VALUES ('2021011815232451656089', 2, '2021010612522824805771', 1, '2020123019220797868356', 99, '2021-01-18 15:23:25', '9f2ec079-7d0f-4fe2-90ab-8b09a8302aba');
INSERT INTO `sys_roleauthorize`(`Id`, `ItemType`, `ItemId`, `ObjectType`, `ObjectId`, `SortCode`, `CreatorTime`, `CreatorUserId`) VALUES ('2021011815232452251393', 2, '2021010612522823068793', 1, '2020123019220797868356', 99, '2021-01-18 15:23:25', '9f2ec079-7d0f-4fe2-90ab-8b09a8302aba');
INSERT INTO `sys_roleauthorize`(`Id`, `ItemType`, `ItemId`, `ObjectType`, `ObjectId`, `SortCode`, `CreatorTime`, `CreatorUserId`) VALUES ('2021011815232452263465', 0, '201806141508359155', 1, '2020123019220797868356', 99, '2021-01-18 15:23:25', '9f2ec079-7d0f-4fe2-90ab-8b09a8302aba');
INSERT INTO `sys_roleauthorize`(`Id`, `ItemType`, `ItemId`, `ObjectType`, `ObjectId`, `SortCode`, `CreatorTime`, `CreatorUserId`) VALUES ('2021011815241029044174', 1, '2021010612383675183980', 1, '2DA8390B-61A4-4E6C-A6E7-8F6794C7EDCE', 99, '2021-01-18 15:24:10', '9f2ec079-7d0f-4fe2-90ab-8b09a8302aba');
INSERT INTO `sys_roleauthorize`(`Id`, `ItemType`, `ItemId`, `ObjectType`, `ObjectId`, `SortCode`, `CreatorTime`, `CreatorUserId`) VALUES ('2021011815241029547604', 1, '2021010612464998158840', 1, '2DA8390B-61A4-4E6C-A6E7-8F6794C7EDCE', 99, '2021-01-18 15:24:10', '9f2ec079-7d0f-4fe2-90ab-8b09a8302aba');
INSERT INTO `sys_roleauthorize`(`Id`, `ItemType`, `ItemId`, `ObjectType`, `ObjectId`, `SortCode`, `CreatorTime`, `CreatorUserId`) VALUES ('2021011815241029913854', 2, '2021010612491819924157', 1, '2DA8390B-61A4-4E6C-A6E7-8F6794C7EDCE', 99, '2021-01-18 15:24:10', '9f2ec079-7d0f-4fe2-90ab-8b09a8302aba');
INSERT INTO `sys_roleauthorize`(`Id`, `ItemType`, `ItemId`, `ObjectType`, `ObjectId`, `SortCode`, `CreatorTime`, `CreatorUserId`) VALUES ('2021011815241030322730', 2, '2021010612491822062867', 1, '2DA8390B-61A4-4E6C-A6E7-8F6794C7EDCE', 99, '2021-01-18 15:24:10', '9f2ec079-7d0f-4fe2-90ab-8b09a8302aba');
INSERT INTO `sys_roleauthorize`(`Id`, `ItemType`, `ItemId`, `ObjectType`, `ObjectId`, `SortCode`, `CreatorTime`, `CreatorUserId`) VALUES ('2021011815241030644661', 2, '2021010612491831898409', 1, '2DA8390B-61A4-4E6C-A6E7-8F6794C7EDCE', 99, '2021-01-18 15:24:10', '9f2ec079-7d0f-4fe2-90ab-8b09a8302aba');
INSERT INTO `sys_roleauthorize`(`Id`, `ItemType`, `ItemId`, `ObjectType`, `ObjectId`, `SortCode`, `CreatorTime`, `CreatorUserId`) VALUES ('2021011815241031065018', 2, '2021010612491833636611', 1, '2DA8390B-61A4-4E6C-A6E7-8F6794C7EDCE', 99, '2021-01-18 15:24:10', '9f2ec079-7d0f-4fe2-90ab-8b09a8302aba');
INSERT INTO `sys_roleauthorize`(`Id`, `ItemType`, `ItemId`, `ObjectType`, `ObjectId`, `SortCode`, `CreatorTime`, `CreatorUserId`) VALUES ('2021011815241031647257', 2, '2021010612491835335516', 1, '2DA8390B-61A4-4E6C-A6E7-8F6794C7EDCE', 99, '2021-01-18 15:24:10', '9f2ec079-7d0f-4fe2-90ab-8b09a8302aba');
INSERT INTO `sys_roleauthorize`(`Id`, `ItemType`, `ItemId`, `ObjectType`, `ObjectId`, `SortCode`, `CreatorTime`, `CreatorUserId`) VALUES ('2021011815241032016480', 2, '2021010612491836859838', 1, '2DA8390B-61A4-4E6C-A6E7-8F6794C7EDCE', 99, '2021-01-18 15:24:10', '9f2ec079-7d0f-4fe2-90ab-8b09a8302aba');
INSERT INTO `sys_roleauthorize`(`Id`, `ItemType`, `ItemId`, `ObjectType`, `ObjectId`, `SortCode`, `CreatorTime`, `CreatorUserId`) VALUES ('2021011815241032442906', 2, '2021010612491813391450', 1, '2DA8390B-61A4-4E6C-A6E7-8F6794C7EDCE', 99, '2021-01-18 15:24:10', '9f2ec079-7d0f-4fe2-90ab-8b09a8302aba');
INSERT INTO `sys_roleauthorize`(`Id`, `ItemType`, `ItemId`, `ObjectType`, `ObjectId`, `SortCode`, `CreatorTime`, `CreatorUserId`) VALUES ('2021011815241032931752', 1, '2021010612514163234452', 1, '2DA8390B-61A4-4E6C-A6E7-8F6794C7EDCE', 99, '2021-01-18 15:24:10', '9f2ec079-7d0f-4fe2-90ab-8b09a8302aba');
INSERT INTO `sys_roleauthorize`(`Id`, `ItemType`, `ItemId`, `ObjectType`, `ObjectId`, `SortCode`, `CreatorTime`, `CreatorUserId`) VALUES ('2021011815241033307009', 2, '2021010612522824805771', 1, '2DA8390B-61A4-4E6C-A6E7-8F6794C7EDCE', 99, '2021-01-18 15:24:10', '9f2ec079-7d0f-4fe2-90ab-8b09a8302aba');
INSERT INTO `sys_roleauthorize`(`Id`, `ItemType`, `ItemId`, `ObjectType`, `ObjectId`, `SortCode`, `CreatorTime`, `CreatorUserId`) VALUES ('2021011815241033703658', 2, '2021010612522826599230', 1, '2DA8390B-61A4-4E6C-A6E7-8F6794C7EDCE', 99, '2021-01-18 15:24:10', '9f2ec079-7d0f-4fe2-90ab-8b09a8302aba');
INSERT INTO `sys_roleauthorize`(`Id`, `ItemType`, `ItemId`, `ObjectType`, `ObjectId`, `SortCode`, `CreatorTime`, `CreatorUserId`) VALUES ('2021011815241034066023', 2, '2021010612522828498318', 1, '2DA8390B-61A4-4E6C-A6E7-8F6794C7EDCE', 99, '2021-01-18 15:24:10', '9f2ec079-7d0f-4fe2-90ab-8b09a8302aba');
INSERT INTO `sys_roleauthorize`(`Id`, `ItemType`, `ItemId`, `ObjectType`, `ObjectId`, `SortCode`, `CreatorTime`, `CreatorUserId`) VALUES ('2021011815241034586735', 2, '2021010612522830229383', 1, '2DA8390B-61A4-4E6C-A6E7-8F6794C7EDCE', 99, '2021-01-18 15:24:10', '9f2ec079-7d0f-4fe2-90ab-8b09a8302aba');
INSERT INTO `sys_roleauthorize`(`Id`, `ItemType`, `ItemId`, `ObjectType`, `ObjectId`, `SortCode`, `CreatorTime`, `CreatorUserId`) VALUES ('2021011815241034963555', 2, '2021010612522832039767', 1, '2DA8390B-61A4-4E6C-A6E7-8F6794C7EDCE', 99, '2021-01-18 15:24:10', '9f2ec079-7d0f-4fe2-90ab-8b09a8302aba');
INSERT INTO `sys_roleauthorize`(`Id`, `ItemType`, `ItemId`, `ObjectType`, `ObjectId`, `SortCode`, `CreatorTime`, `CreatorUserId`) VALUES ('2021011815241035366835', 2, '2021010612522833744963', 1, '2DA8390B-61A4-4E6C-A6E7-8F6794C7EDCE', 99, '2021-01-18 15:24:10', '9f2ec079-7d0f-4fe2-90ab-8b09a8302aba');
INSERT INTO `sys_roleauthorize`(`Id`, `ItemType`, `ItemId`, `ObjectType`, `ObjectId`, `SortCode`, `CreatorTime`, `CreatorUserId`) VALUES ('2021011815241035714186', 2, '2021010612522823068793', 1, '2DA8390B-61A4-4E6C-A6E7-8F6794C7EDCE', 99, '2021-01-18 15:24:10', '9f2ec079-7d0f-4fe2-90ab-8b09a8302aba');
INSERT INTO `sys_roleauthorize`(`Id`, `ItemType`, `ItemId`, `ObjectType`, `ObjectId`, `SortCode`, `CreatorTime`, `CreatorUserId`) VALUES ('2021011815241035716485', 0, '201806141508359155', 1, '2DA8390B-61A4-4E6C-A6E7-8F6794C7EDCE', 99, '2021-01-18 15:24:10', '9f2ec079-7d0f-4fe2-90ab-8b09a8302aba');
INSERT INTO `sys_roledata`(`Id`, `RoleId`, `DType`, `AuthorizeData`) VALUES ('2021011814270961071830', 'F0A2B36F-35A7-4660-B46C-D4AB796591EB', 'dept', 'DFA2FB91-C909-44A3-9282-BF946102E1C9');
INSERT INTO `sys_roledata`(`Id`, `RoleId`, `DType`, `AuthorizeData`) VALUES ('2021011814270961072342', 'F0A2B36F-35A7-4660-B46C-D4AB796591EB', 'dept', '201806131957002010');
INSERT INTO `sys_roledata`(`Id`, `RoleId`, `DType`, `AuthorizeData`) VALUES ('2021011814270961072442', 'F0A2B36F-35A7-4660-B46C-D4AB796591EB', 'dept', '59703D6A-0EC9-4762-824F-A8D9E62E93D2');
INSERT INTO `sys_roledata`(`Id`, `RoleId`, `DType`, `AuthorizeData`) VALUES ('2021011814270961072460', 'F0A2B36F-35A7-4660-B46C-D4AB796591EB', 'dept', '80E10CD5-7591-40B8-A005-BCDE1B961E76');
INSERT INTO `sys_roledata`(`Id`, `RoleId`, `DType`, `AuthorizeData`) VALUES ('2021011814270961073595', 'F0A2B36F-35A7-4660-B46C-D4AB796591EB', 'dept', '201906060900443360');
INSERT INTO `sys_roledata`(`Id`, `RoleId`, `DType`, `AuthorizeData`) VALUES ('2021011814270961073874', 'F0A2B36F-35A7-4660-B46C-D4AB796591EB', 'dept', '253EDA1F-F158-4F3F-A778-B7E538E052A2');
INSERT INTO `sys_roledata`(`Id`, `RoleId`, `DType`, `AuthorizeData`) VALUES ('2021011814270961074188', 'F0A2B36F-35A7-4660-B46C-D4AB796591EB', 'dept', '201806131523019338');
INSERT INTO `sys_roledata`(`Id`, `RoleId`, `DType`, `AuthorizeData`) VALUES ('2021011814270961074716', 'F0A2B36F-35A7-4660-B46C-D4AB796591EB', 'dept', '5AB270C0-5D33-4203-A54F-4552699FDA3C');
INSERT INTO `sys_roledata`(`Id`, `RoleId`, `DType`, `AuthorizeData`) VALUES ('2021011814270961075094', 'F0A2B36F-35A7-4660-B46C-D4AB796591EB', 'dept', '554C61CE-6AE0-44EB-B33D-A462BE7EB3E1');
INSERT INTO `sys_roledata`(`Id`, `RoleId`, `DType`, `AuthorizeData`) VALUES ('2021011814270961075165', 'F0A2B36F-35A7-4660-B46C-D4AB796591EB', 'dept', 'BD830AEF-0A2E-4228-ACF8-8843C39D41D8');
INSERT INTO `sys_roledata`(`Id`, `RoleId`, `DType`, `AuthorizeData`) VALUES ('2021011814270961076033', 'F0A2B36F-35A7-4660-B46C-D4AB796591EB', 'dept', '201806132002245913');
INSERT INTO `sys_roledata`(`Id`, `RoleId`, `DType`, `AuthorizeData`) VALUES ('2021011814270961077841', 'F0A2B36F-35A7-4660-B46C-D4AB796591EB', 'dept', 'F02A66CA-3D8B-491B-8A17-C9ACA3E3B5DD');
INSERT INTO `sys_roledata`(`Id`, `RoleId`, `DType`, `AuthorizeData`) VALUES ('2021011814270961078648', 'F0A2B36F-35A7-4660-B46C-D4AB796591EB', 'dept', '5B417E2B-4B96-4F37-8BAA-10E5A812D05E');
INSERT INTO `sys_roledata`(`Id`, `RoleId`, `DType`, `AuthorizeData`) VALUES ('2021011814270961084555', 'F0A2B36F-35A7-4660-B46C-D4AB796591EB', 'dept', '201806301121597235');
INSERT INTO `sys_roledata`(`Id`, `RoleId`, `DType`, `AuthorizeData`) VALUES ('2021011814270961085264', 'F0A2B36F-35A7-4660-B46C-D4AB796591EB', 'dept', '201806291156482855');
INSERT INTO `sys_roledata`(`Id`, `RoleId`, `DType`, `AuthorizeData`) VALUES ('2021011814270961088773', 'F0A2B36F-35A7-4660-B46C-D4AB796591EB', 'dept', '201806131926145404');
INSERT INTO `sys_roledata`(`Id`, `RoleId`, `DType`, `AuthorizeData`) VALUES ('2021011814270961089828', 'F0A2B36F-35A7-4660-B46C-D4AB796591EB', 'dept', '201806122217567448');
INSERT INTO `sys_roledata`(`Id`, `RoleId`, `DType`, `AuthorizeData`) VALUES ('2021011815232452252548', '2020123019220797868356', 'dept', 'BD830AEF-0A2E-4228-ACF8-8843C39D41D8');
INSERT INTO `sys_roledata`(`Id`, `RoleId`, `DType`, `AuthorizeData`) VALUES ('2021011815232452252574', '2020123019220797868356', 'dept', '5AB270C0-5D33-4203-A54F-4552699FDA3C');
INSERT INTO `sys_roledata`(`Id`, `RoleId`, `DType`, `AuthorizeData`) VALUES ('2021011815232452261159', '2020123019220797868356', 'dept', '201906060900443360');
INSERT INTO `sys_roledata`(`Id`, `RoleId`, `DType`, `AuthorizeData`) VALUES ('2021011815241035713250', '2DA8390B-61A4-4E6C-A6E7-8F6794C7EDCE', 'dept', 'BD830AEF-0A2E-4228-ACF8-8843C39D41D8');
INSERT INTO `sys_roledata`(`Id`, `RoleId`, `DType`, `AuthorizeData`) VALUES ('2021011815241035717239', '2DA8390B-61A4-4E6C-A6E7-8F6794C7EDCE', 'dept', '5AB270C0-5D33-4203-A54F-4552699FDA3C');
INSERT INTO `sys_roledata`(`Id`, `RoleId`, `DType`, `AuthorizeData`) VALUES ('2021011815241035718416', '2DA8390B-61A4-4E6C-A6E7-8F6794C7EDCE', 'dept', '201906060900443360');
INSERT INTO `sys_roledata`(`Id`, `RoleId`, `DType`, `AuthorizeData`) VALUES ('2021011815241035719589', '2DA8390B-61A4-4E6C-A6E7-8F6794C7EDCE', 'dept', '253EDA1F-F158-4F3F-A778-B7E538E052A2');
INSERT INTO `sys_sequence`(`Id`, `SequenceName`, `SequenceDelimiter`, `SequenceReset`, `Step`, `CurrentNo`, `CurrentCode`, `CurrentReset`, `Description`, `EnabledMark`, `DeleteMark`, `CreatorTime`, `CreatorUserId`, `CompanyId`, `DeptId`, `LastModifyTime`, `LastModifyUserId`, `DeleteTime`, `DeleteUserId`) VALUES ('2020110315524224883267', 'TaskManager', '', 'M', 1, 20, 'T202012260020', '20201226', '定时任务编号', 1, 0, '2020-11-03 15:52:42', '9f2ec079-7d0f-4fe2-90ab-8b09a8302aba', '201806131523019338', '80E10CD5-7591-40B8-A005-BCDE1B961E76', '2020-11-03 15:53:25', '9f2ec079-7d0f-4fe2-90ab-8b09a8302aba', NULL, NULL);
INSERT INTO `sys_sequencerule`(`Id`, `SequenceName`, `RuleOrder`, `RuleType`, `RuleValue`, `PaddingSide`, `PaddingWidth`, `Sys_SequenceRulecol`, `PaddingChar`, `Description`, `EnabledMark`, `DeleteMark`, `CreatorTime`, `CreatorUserId`, `CompanyId`, `DeptId`, `LastModifyTime`, `LastModifyUserId`, `DeleteTime`, `DeleteUserId`) VALUES ('2020110315525256979988', 'TaskManager', 2, 'date', '', 'None', 0, NULL, '', '1', 1, 0, '2020-11-03 15:52:53', '9f2ec079-7d0f-4fe2-90ab-8b09a8302aba', '201806131523019338', '80E10CD5-7591-40B8-A005-BCDE1B961E76', '2020-11-03 15:53:56', '9f2ec079-7d0f-4fe2-90ab-8b09a8302aba', NULL, NULL);
INSERT INTO `sys_sequencerule`(`Id`, `SequenceName`, `RuleOrder`, `RuleType`, `RuleValue`, `PaddingSide`, `PaddingWidth`, `Sys_SequenceRulecol`, `PaddingChar`, `Description`, `EnabledMark`, `DeleteMark`, `CreatorTime`, `CreatorUserId`, `CompanyId`, `DeptId`, `LastModifyTime`, `LastModifyUserId`, `DeleteTime`, `DeleteUserId`) VALUES ('2020110315534621237409', 'TaskManager', 1, 'const', 'T', 'None', 0, NULL, '', '', 1, 0, '2020-11-03 15:53:46', '9f2ec079-7d0f-4fe2-90ab-8b09a8302aba', '201806131523019338', '80E10CD5-7591-40B8-A005-BCDE1B961E76', NULL, NULL, NULL, NULL);
INSERT INTO `sys_sequencerule`(`Id`, `SequenceName`, `RuleOrder`, `RuleType`, `RuleValue`, `PaddingSide`, `PaddingWidth`, `Sys_SequenceRulecol`, `PaddingChar`, `Description`, `EnabledMark`, `DeleteMark`, `CreatorTime`, `CreatorUserId`, `CompanyId`, `DeptId`, `LastModifyTime`, `LastModifyUserId`, `DeleteTime`, `DeleteUserId`) VALUES ('2020110315543228146933', 'TaskManager', 3, 'number', '1', 'Left', 4, NULL, '0', '', 1, 0, '2020-11-03 15:54:32', '9f2ec079-7d0f-4fe2-90ab-8b09a8302aba', '201806131523019338', '80E10CD5-7591-40B8-A005-BCDE1B961E76', '2020-11-03 15:54:42', '9f2ec079-7d0f-4fe2-90ab-8b09a8302aba', NULL, NULL);
INSERT INTO `sys_systemtype`(`Id`, `EnCode`, `FullName`, `Url`, `AllowEdit`, `AllowDelete`, `SortCode`, `DeleteMark`, `EnabledMark`, `Description`, `CreatorTime`, `CreatorUserId`, `LastModifyTime`, `LastModifyUserId`, `DeleteTime`, `DeleteUserId`) VALUES ('201806141508359155', 'openauth', '权限系统', NULL, 0, 0, 1, 0, 1, '权限系统是基础系统，包含机构、岗位、角色、用户等功能', '2018-06-14 00:00:00', '9f2ec079-7d0f-4fe2-90ab-8b09a8302aba', '2018-06-14 00:00:00', '9f2ec079-7d0f-4fe2-90ab-8b09a8302aba', '2001-01-01 00:00:00', NULL);
INSERT INTO `sys_systemtype`(`Id`, `EnCode`, `FullName`, `Url`, `AllowEdit`, `AllowDelete`, `SortCode`, `DeleteMark`, `EnabledMark`, `Description`, `CreatorTime`, `CreatorUserId`, `LastModifyTime`, `LastModifyUserId`, `DeleteTime`, `DeleteUserId`) VALUES ('2021010319110318113791', 'YuebonWcs', '易分拣', 'http://localhost:9529', NULL, NULL, 99, 0, 1, '', '2021-01-03 19:11:03', '2020031712130656785909', NULL, NULL, NULL, NULL);
INSERT INTO `sys_taskmanager`(`Id`, `TaskName`, `GroupName`, `StartTime`, `EndTime`, `Cron`, `IsLocal`, `JobCallAddress`, `JobCallParams`, `LastRunTime`, `LastErrorTime`, `NextRunTime`, `RunCount`, `ErrorCount`, `Description`, `SendMail`, `EmailAddress`, `Status`, `EnabledMark`, `DeleteMark`, `CreatorTime`, `CreatorUserId`, `CompanyId`, `DeptId`, `LastModifyTime`, `LastModifyUserId`, `DeleteTime`, `DeleteUserId`) VALUES ('T202012260019', '清除系统日志', 'test', '2020-12-26 12:00:00', '2024-01-31 00:00:00', '0 0 0/3 * * ?', 1, 'Yuebon.Quartz.Jobs.SysLogJob', '', '2020-12-26 13:55:12', NULL, '2020-12-30 21:00:00', 0, 0, '', 1, '', 0, 1, 0, '2020-12-26 13:55:12', '9f2ec079-7d0f-4fe2-90ab-8b09a8302aba', '201806131523019338', '80E10CD5-7591-40B8-A005-BCDE1B961E76', '2020-12-30 19:35:25', '9f2ec079-7d0f-4fe2-90ab-8b09a8302aba', NULL, '');
INSERT INTO `sys_taskmanager`(`Id`, `TaskName`, `GroupName`, `StartTime`, `EndTime`, `Cron`, `IsLocal`, `JobCallAddress`, `JobCallParams`, `LastRunTime`, `LastErrorTime`, `NextRunTime`, `RunCount`, `ErrorCount`, `Description`, `SendMail`, `EmailAddress`, `Status`, `EnabledMark`, `DeleteMark`, `CreatorTime`, `CreatorUserId`, `CompanyId`, `DeptId`, `LastModifyTime`, `LastModifyUserId`, `DeleteTime`, `DeleteUserId`) VALUES ('T202012260020', '外部接口调用', 'test', '2020-12-26 12:00:00', '2021-01-27 00:00:00', '0 0/1 * * * ?', 0, 'https://www.ip.cn/api/index?ip=120.204.168.22&type=1', '', '2021-01-05 22:21:43', '2021-01-05 21:29:01', '2021-01-05 22:22:00', 1119, 1109, '233', 1, '', 0, 1, 0, '2020-12-26 13:59:42', '9f2ec079-7d0f-4fe2-90ab-8b09a8302aba', '201806131523019338', '80E10CD5-7591-40B8-A005-BCDE1B961E76', '2021-01-05 21:29:20', '2020031712130656785909', NULL, '');
INSERT INTO `sys_tenant`(`Id`, `TenantName`, `CompanyName`, `HostDomain`, `LinkMan`, `Telphone`, `DataSource`, `Description`, `EnabledMark`, `DeleteMark`, `CreatorTime`, `CreatorUserId`, `CompanyId`, `DeptId`, `LastModifyTime`, `LastModifyUserId`, `DeleteTime`, `DeleteUserId`) VALUES ('2020110316513684077988', 'tes12', '', '12213', '', '', '', '', 1, 0, '2020-11-03 16:51:37', '9f2ec079-7d0f-4fe2-90ab-8b09a8302aba', '201806131523019338', '80E10CD5-7591-40B8-A005-BCDE1B961E76', '2020-12-30 18:00:51', '2020031712130656785909', NULL, NULL);
INSERT INTO `sys_uploadfile`(`Id`, `FileName`, `FilePath`, `Description`, `FileType`, `FileSize`, `Extension`, `EnabledMark`, `SortCode`, `DeleteMark`, `CreatorUserId`, `CreateUserName`, `CreatorTime`, `Thumbnail`, `BelongApp`, `BelongAppId`) VALUES ('2020042418120025822475', '001.jpg', 'upload/2020/4/24/2020042418120004117515.jpg', '', '.jpg', 326228, '.jpg', 1, 0, 0, NULL, NULL, '2020-04-24 18:12:00', 'upload/2020/4/24//2020042418120004117515_300x300.jpg', '', '');
INSERT INTO `sys_user`(`Id`, `Account`, `RealName`, `NickName`, `HeadIcon`, `Gender`, `Birthday`, `MobilePhone`, `Email`, `WeChat`, `ManagerId`, `SecurityLevel`, `Signature`, `Country`, `Province`, `City`, `District`, `OrganizeId`, `DepartmentId`, `RoleId`, `DutyId`, `IsAdministrator`, `IsMember`, `MemberGradeId`, `ReferralUserId`, `UnionId`, `SortCode`, `DeleteMark`, `EnabledMark`, `Description`, `CreatorTime`, `CreatorUserId`, `LastModifyTime`, `LastModifyUserId`, `DeleteTime`, `DeleteUserId`) VALUES ('2020031712130656785909', 'test', '体验账号', '体验账号', NULL, 0, '2020-04-22 00:00:00', '23323', NULL, '2342', NULL, 0, NULL, NULL, NULL, NULL, NULL, '5AB270C0-5D33-4203-A54F-4552699FDA3C', '201906060900443360', 'F0A2B36F-35A7-4660-B46C-D4AB796591EB', '23ED024E-0AAA-4C8D-9216-D1AB93348D26', 0, NULL, NULL, NULL, NULL, 99, 0, 1, '体验账号', '2020-03-17 00:00:00', '9f2ec079-7d0f-4fe2-90ab-8b09a8302aba', '2020-12-30 17:44:24', '2020031712130656785909', '2001-01-01 00:00:00', NULL);
INSERT INTO `sys_user`(`Id`, `Account`, `RealName`, `NickName`, `HeadIcon`, `Gender`, `Birthday`, `MobilePhone`, `Email`, `WeChat`, `ManagerId`, `SecurityLevel`, `Signature`, `Country`, `Province`, `City`, `District`, `OrganizeId`, `DepartmentId`, `RoleId`, `DutyId`, `IsAdministrator`, `IsMember`, `MemberGradeId`, `ReferralUserId`, `UnionId`, `SortCode`, `DeleteMark`, `EnabledMark`, `Description`, `CreatorTime`, `CreatorUserId`, `LastModifyTime`, `LastModifyUserId`, `DeleteTime`, `DeleteUserId`) VALUES ('2020123019074188672006', 'test1', '测试', '测试', NULL, 0, NULL, NULL, 'test@qq.com', NULL, NULL, NULL, NULL, NULL, NULL, NULL, NULL, '5AB270C0-5D33-4203-A54F-4552699FDA3C', '201806131523019338', '2020123019220797868356', NULL, 0, 1, NULL, NULL, NULL, 99, 0, 1, NULL, '2020-12-30 19:07:42', '2020123019074188672006', '2021-01-03 19:24:35', '2020031712130656785909', NULL, NULL);
INSERT INTO `sys_user`(`Id`, `Account`, `RealName`, `NickName`, `HeadIcon`, `Gender`, `Birthday`, `MobilePhone`, `Email`, `WeChat`, `ManagerId`, `SecurityLevel`, `Signature`, `Country`, `Province`, `City`, `District`, `OrganizeId`, `DepartmentId`, `RoleId`, `DutyId`, `IsAdministrator`, `IsMember`, `MemberGradeId`, `ReferralUserId`, `UnionId`, `SortCode`, `DeleteMark`, `EnabledMark`, `Description`, `CreatorTime`, `CreatorUserId`, `LastModifyTime`, `LastModifyUserId`, `DeleteTime`, `DeleteUserId`) VALUES ('9f2ec079-7d0f-4fe2-90ab-8b09a8302aba', 'admin', '超级管理员', '超级管理员', NULL, 1, '1987-02-28 00:00:00', '13524343289', 'cqinwn@yuebon.com', 'cqinwn', '1', 1, NULL, NULL, NULL, NULL, NULL, '201806131523019338', '80E10CD5-7591-40B8-A005-BCDE1B961E76', 'F0A2B36F-35A7-4660-B46C-D4AB796591EB', 'B2624F67-E092-461A-AAAD-13592A9429D9', 1, NULL, NULL, NULL, NULL, 1, 0, 1, '拥有所有权限', '2001-01-01 00:00:00', NULL, '2020-04-22 00:00:00', '9f2ec079-7d0f-4fe2-90ab-8b09a8302aba', '2018-04-22 00:00:00', 'd4dc3a3ecb884a2fa446afdc2552f20d');
INSERT INTO `sys_userlogon`(`Id`, `UserId`, `UserPassword`, `UserSecretkey`, `AllowStartTime`, `AllowEndTime`, `LockStartDate`, `LockEndDate`, `FirstVisitTime`, `PreviousVisitTime`, `LastVisitTime`, `ChangePasswordDate`, `MultiUserLogin`, `LogOnCount`, `UserOnLine`, `Question`, `AnswerQuestion`, `CheckIPAddress`, `Language`, `Theme`) VALUES ('2020031712130659893499', '2020031712130656785909', '7168bcc0c0a2d9baa273a3ffab49263c', '54be494e3119b7d0', '2001-01-01 00:00:00', '2100-01-01 00:00:00', '2001-01-01 00:00:00', '2001-01-01 00:00:00', '2001-01-01 00:00:00', '2021-01-05 21:43:22', '2021-01-05 21:43:22', '2020-12-30 17:34:42', NULL, 26, 1, NULL, NULL, NULL, NULL, NULL);
INSERT INTO `sys_userlogon`(`Id`, `UserId`, `UserPassword`, `UserSecretkey`, `AllowStartTime`, `AllowEndTime`, `LockStartDate`, `LockEndDate`, `FirstVisitTime`, `PreviousVisitTime`, `LastVisitTime`, `ChangePasswordDate`, `MultiUserLogin`, `LogOnCount`, `UserOnLine`, `Question`, `AnswerQuestion`, `CheckIPAddress`, `Language`, `Theme`) VALUES ('2020041711444391798929', '2020041711444387653354', 'e13701a09c0595b06ba4db7143d68a4d', '5c7faf6506a742f4', '2001-01-01 00:00:00', '2100-01-01 00:00:00', '2001-01-01 00:00:00', '2001-01-01 00:00:00', '2001-01-01 00:00:00', '2001-01-01 00:00:00', '2001-01-01 00:00:00', '2001-01-01 00:00:00', NULL, 0, NULL, NULL, NULL, NULL, NULL, NULL);
INSERT INTO `sys_userlogon`(`Id`, `UserId`, `UserPassword`, `UserSecretkey`, `AllowStartTime`, `AllowEndTime`, `LockStartDate`, `LockEndDate`, `FirstVisitTime`, `PreviousVisitTime`, `LastVisitTime`, `ChangePasswordDate`, `MultiUserLogin`, `LogOnCount`, `UserOnLine`, `Question`, `AnswerQuestion`, `CheckIPAddress`, `Language`, `Theme`) VALUES ('2020041918484483875127', '2020041918484479709774', 'b76afb92338c02c4c69a3180f3d390b7', '1ac15cdd47fdbdb1', '2001-01-01 00:00:00', '2100-01-01 00:00:00', '2001-01-01 00:00:00', '2001-01-01 00:00:00', '2001-01-01 00:00:00', '2001-01-01 00:00:00', '2001-01-01 00:00:00', '2001-01-01 00:00:00', NULL, 0, NULL, NULL, NULL, NULL, NULL, NULL);
INSERT INTO `sys_userlogon`(`Id`, `UserId`, `UserPassword`, `UserSecretkey`, `AllowStartTime`, `AllowEndTime`, `LockStartDate`, `LockEndDate`, `FirstVisitTime`, `PreviousVisitTime`, `LastVisitTime`, `ChangePasswordDate`, `MultiUserLogin`, `LogOnCount`, `UserOnLine`, `Question`, `AnswerQuestion`, `CheckIPAddress`, `Language`, `Theme`) VALUES ('2020122617085559619338', '2020122617085558826763', '2147ec6b403e69f10055a6484a910177', 'ea47069817e96e75', '2020-12-26 17:08:56', '2120-12-26 17:08:56', '2020-12-26 17:08:56', '2020-12-26 17:08:56', '2020-12-26 17:09:13', '2020-12-26 17:13:56', '2020-12-26 17:13:56', '2020-12-26 17:08:56', 0, 5, 1, NULL, NULL, 0, NULL, NULL);
INSERT INTO `sys_userlogon`(`Id`, `UserId`, `UserPassword`, `UserSecretkey`, `AllowStartTime`, `AllowEndTime`, `LockStartDate`, `LockEndDate`, `FirstVisitTime`, `PreviousVisitTime`, `LastVisitTime`, `ChangePasswordDate`, `MultiUserLogin`, `LogOnCount`, `UserOnLine`, `Question`, `AnswerQuestion`, `CheckIPAddress`, `Language`, `Theme`) VALUES ('2020123019074189421600', '2020123019074188672006', 'a337a4ae3b7e1c95ba0094758d12d504', 'f68d1d93a83d9162', '2020-12-30 19:07:42', '2120-12-30 19:07:42', '2020-12-30 19:07:42', '2020-12-30 19:07:42', '2020-12-30 19:25:45', '2021-01-05 20:02:38', '2021-01-05 20:02:38', '2021-01-03 21:14:30', 0, 71, 0, NULL, NULL, 0, NULL, NULL);
INSERT INTO `sys_userlogon`(`Id`, `UserId`, `UserPassword`, `UserSecretkey`, `AllowStartTime`, `AllowEndTime`, `LockStartDate`, `LockEndDate`, `FirstVisitTime`, `PreviousVisitTime`, `LastVisitTime`, `ChangePasswordDate`, `MultiUserLogin`, `LogOnCount`, `UserOnLine`, `Question`, `AnswerQuestion`, `CheckIPAddress`, `Language`, `Theme`) VALUES ('9f2ec079-7d0f-4fe2-90ab-8b09a8302aba', '9f2ec079-7d0f-4fe2-90ab-8b09a8302aba', '581a55d96e74fd33bcae89a888bee81d', '268d17a08e973c14', '2001-01-01 00:00:00', '2100-01-01 00:00:00', '2001-01-01 00:00:00', '2001-01-01 00:00:00', '2001-01-01 00:00:00', '2021-01-20 20:22:08', '2021-01-20 20:22:08', '2001-01-01 00:00:00', NULL, 107, 1, NULL, NULL, NULL, NULL, NULL);
