/*
 Navicat Premium Data Transfer

 Source Server         : mysql
 Source Server Type    : MySQL
 Source Server Version : 50719
 Source Host           : localhost:3306
 Source Schema         : jcrm

 Target Server Type    : MySQL
 Target Server Version : 50719
 File Encoding         : 65001

 Date: 24/04/2020 19:03:52
*/

SET NAMES utf8mb4;
SET FOREIGN_KEY_CHECKS = 0;

-- ----------------------------
-- Records of sys_app
-- ----------------------------
INSERT INTO `sys_app` VALUES ('201806291558018946', 'system', '87135AB0160F706D8B47F06BDABA6FC6', '0D32368A4029492DB8E2ADF12C5B468E', ',192.168.1.106:809,localhost,192.168.1.104:808,192.168.1.107:809,192.168.0.104:808,192.168.31.246:809,192.168.1.110:810,192.168.1.110:811,netcoreapi.ts.yuebon.com,,192.168.1.110:809;192.168.31.246:809', '0099', '1', '0', '1', NULL, '2018-06-29 00:00:00', '9f2ec079-7d0f-4fe2-90ab-8b09a8302aba', NULL, NULL, '2020-04-17 00:00:00', '9f2ec079-7d0f-4fe2-90ab-8b09a8302aba', '2001-01-01 00:00:00', NULL);
INSERT INTO `sys_app` VALUES ('201807031608165724', 'wmsapp', 'B8548D08B8BA023677939E3AE8A4388E', '39641FFDAED557D2D6F2F1FC08A37696', ',192.168.1.110,localhost,192.168.1.110:809,192.168.1.107:809,192.168.1.88:809,192.168.31.246:809,192.168.1.110:810,192.168.1.110:811,192.168.1.110:809,192.168.31.246:809;192.168.31.246:809', '00990l', '1', '0', '1', NULL, '2018-07-03 00:00:00', '9f2ec079-7d0f-4fe2-90ab-8b09a8302aba', '5AB270C0-5D33-4203-A54F-4552699FDA3C', '80E10CD5-7591-40B8-A005-BCDE1B961E76', '2020-04-08 00:00:00', '9f2ec079-7d0f-4fe2-90ab-8b09a8302aba', '2001-01-01 00:00:00', NULL);


-- ----------------------------
-- Records of sys_filterip
-- ----------------------------
INSERT INTO `sys_filterip` VALUES ('2020042315450071372463', '1', '192.168.1.101', '192.168.1.199', '99', NULL, '1', NULL, '2001-01-01 00:00:00', NULL, '2020-04-24 18:44:57', '9f2ec079-7d0f-4fe2-90ab-8b09a8302aba', '2001-01-01 00:00:00', NULL);
INSERT INTO `sys_filterip` VALUES ('2020042418323179434828', '1', '192.168.2.103', '192.168.2.168', '99', '0', '1', '', '2020-04-24 18:32:32', '9f2ec079-7d0f-4fe2-90ab-8b09a8302aba', NULL, NULL, NULL, NULL);
INSERT INTO `sys_filterip` VALUES ('2020042418324672506101', '1', '192.168.2.103', '192.168.2.168', '99', '0', '1', '', '2020-04-24 18:32:47', '9f2ec079-7d0f-4fe2-90ab-8b09a8302aba', NULL, NULL, NULL, NULL);
INSERT INTO `sys_filterip` VALUES ('2020042418331099389615', '1', '192.168.2.103', '192.168.2.168', '99', '0', '1', '', '2020-04-24 18:33:23', '9f2ec079-7d0f-4fe2-90ab-8b09a8302aba', NULL, NULL, NULL, NULL);
INSERT INTO `sys_filterip` VALUES ('2020042418362004545088', '1', '192.168.2.103', '192.168.2.168', '99', '0', '1', '', '2020-04-24 18:36:20', '9f2ec079-7d0f-4fe2-90ab-8b09a8302aba', NULL, NULL, NULL, NULL);
INSERT INTO `sys_filterip` VALUES ('2020042418421579144376', '1', '192.168.2.103', '192.168.2.168', '99', '0', '1', '', '2020-04-24 18:42:16', '9f2ec079-7d0f-4fe2-90ab-8b09a8302aba', NULL, NULL, NULL, NULL);
INSERT INTO `sys_filterip` VALUES ('2020042418421579144376', '1', '192.168.2.103', '192.168.2.168', '99', '0', '1', '', '2020-04-24 18:42:16', '9f2ec079-7d0f-4fe2-90ab-8b09a8302aba', NULL, NULL, NULL, NULL);

-- ----------------------------
-- Records of sys_function
-- ----------------------------
INSERT INTO `sys_function` VALUES ('2019090914162270992213', '201806141508359155', '2019090914112339161881', '3', 'Area/Edit', '修改地区', 'fas fa-edit', '0', 'ShowEditOrViewDialog(\"edit\")', NULL, NULL, '0', '0', '0', '163', '0', '1', NULL, '2019-09-09 00:00:00', '9f2ec079-7d0f-4fe2-90ab-8b09a8302aba', '2001-01-01 00:00:00', NULL, '2001-01-01 00:00:00', NULL);
INSERT INTO `sys_function` VALUES ('2019090914171110549334', '201806141508359155', '2019090914112339161881', '3', 'Area/Enable', '禁用地区', 'fa fa-stop-circle', '0', 'setEnable(\"0\")', NULL, NULL, '0', '0', '0', '4', '0', '1', NULL, '2019-09-09 00:00:00', '9f2ec079-7d0f-4fe2-90ab-8b09a8302aba', '2001-01-01 00:00:00', NULL, '2001-01-01 00:00:00', NULL);
INSERT INTO `sys_function` VALUES ('2019090914175578729884', '201806141508359155', '2019090914112339161881', '3', 'Area/Enable', '启用地区', 'fa fa-play-circle', '0', 'setEnable(\"0\")', NULL, NULL, '0', '0', '0', '5', '0', '1', NULL, '2019-09-09 00:00:00', '9f2ec079-7d0f-4fe2-90ab-8b09a8302aba', '2001-01-01 00:00:00', NULL, '2001-01-01 00:00:00', NULL);
INSERT INTO `sys_function` VALUES ('2019091510135149601156', '201904031316131800', '', '1', 'ArticleNews', '文章管理', 'fas fa-paste', '0', NULL, NULL, NULL, '0', '0', '0', '5', '0', '1', NULL, '2019-09-15 00:00:00', '9f2ec079-7d0f-4fe2-90ab-8b09a8302aba', '2001-01-01 00:00:00', NULL, '2001-01-01 00:00:00', NULL);
INSERT INTO `sys_function` VALUES ('2019091510144384518739', '201904031316131800', '2019091510135149601156', '2', 'ArticleNews/List', '文章列表', 'fa fa-stop-circle', '0', NULL, NULL, NULL, '0', '0', '0', '1', '0', '1', NULL, '2019-09-15 00:00:00', '9f2ec079-7d0f-4fe2-90ab-8b09a8302aba', '2001-01-01 00:00:00', NULL, '2001-01-01 00:00:00', NULL);
INSERT INTO `sys_function` VALUES ('2019112218460514049420', '201904031316131800', '2019091510135149601156', '2', 'ArticleComments/List', '文章留言', NULL, '0', NULL, NULL, NULL, '1', '1', '0', '4', '0', '1', NULL, '2019-11-22 00:00:00', '9f2ec079-7d0f-4fe2-90ab-8b09a8302aba', '2019-11-22 00:00:00', '9f2ec079-7d0f-4fe2-90ab-8b09a8302aba', '2001-01-01 00:00:00', NULL);
INSERT INTO `sys_function` VALUES ('2019112220294731719439', '201904031316131800', '2019112220294730138191', '3', 'PageCategory/Enable', '启用', 'fa fa-play-circle', '0', 'setEnable(\"0\")', NULL, NULL, '1', '1', '0', '4', '0', '1', NULL, '2019-11-22 00:00:00', '9f2ec079-7d0f-4fe2-90ab-8b09a8302aba', '2001-01-01 00:00:00', NULL, '2001-01-01 00:00:00', NULL);
INSERT INTO `sys_function` VALUES ('2019112220294731927362', '201904031316131800', '2019112220294730138191', '3', 'PageCategory/DeleteSoft', '软删除', 'fas fa-trash-alt', '0', 'deleteSoft(\"0\")', NULL, NULL, '1', '1', '0', '5', '0', '1', NULL, '2019-11-22 00:00:00', '9f2ec079-7d0f-4fe2-90ab-8b09a8302aba', '2001-01-01 00:00:00', NULL, '2001-01-01 00:00:00', NULL);
INSERT INTO `sys_function` VALUES ('2019092414251810827911', '201806141508359155', '2019092414235667106565', '3', 'Members/Add', '新增会员', NULL, '0', 'ShowEditOrViewDialog()', NULL, NULL, '0', '0', '0', '1', '0', '1', NULL, '2019-09-24 00:00:00', '9f2ec079-7d0f-4fe2-90ab-8b09a8302aba', '2019-09-24 00:00:00', '9f2ec079-7d0f-4fe2-90ab-8b09a8302aba', '2001-01-01 00:00:00', NULL);
INSERT INTO `sys_function` VALUES ('2019092414255580541390', '201806141508359155', '2019092414235667106565', '3', 'Members/Edit', '修改会员', NULL, '0', 'ShowEditOrViewDialog(\"edit\")', NULL, NULL, '0', '0', '0', '2', '0', '1', NULL, '2019-09-24 00:00:00', '9f2ec079-7d0f-4fe2-90ab-8b09a8302aba', '2019-09-24 00:00:00', '9f2ec079-7d0f-4fe2-90ab-8b09a8302aba', '2001-01-01 00:00:00', NULL);
INSERT INTO `sys_function` VALUES ('2019092414264284918761', '201806141508359155', '2019092414235667106565', '3', 'Members/Delete', '删除会员', NULL, '0', 'deletePhysics()', NULL, NULL, '0', '0', '0', '3', '0', '1', NULL, '2019-09-24 00:00:00', '9f2ec079-7d0f-4fe2-90ab-8b09a8302aba', '2019-09-24 00:00:00', '9f2ec079-7d0f-4fe2-90ab-8b09a8302aba', '2001-01-01 00:00:00', NULL);
INSERT INTO `sys_function` VALUES ('2019101620123830729456', '201904031316131800', '2019091510135149601156', '2', 'ArticleNews/ArticleSetting', '基础设置', NULL, '0', NULL, NULL, NULL, '0', '0', '0', '99', '0', '1', NULL, '2019-10-16 00:00:00', '9f2ec079-7d0f-4fe2-90ab-8b09a8302aba', '2001-01-01 00:00:00', NULL, '2001-01-01 00:00:00', NULL);
INSERT INTO `sys_function` VALUES ('2019112220294732134381', '201904031316131800', '2019112220294730138191', '3', 'PageCategory/Delete', '删除', 'fas fa-trash-alt', '0', 'deletePhysics()', NULL, NULL, '1', '1', '0', '6', '0', '1', NULL, '2019-11-22 00:00:00', '9f2ec079-7d0f-4fe2-90ab-8b09a8302aba', '2001-01-01 00:00:00', NULL, '2001-01-01 00:00:00', NULL);
INSERT INTO `sys_function` VALUES ('2019112021290637723556', '201904031316131800', '2019091510144384518739', '3', 'ArticleNews/Add', '新增', 'fas fa-plus', '0', 'ShowEditOrViewDialog()', NULL, NULL, '0', '0', '0', '1', '0', '1', NULL, '2019-11-20 00:00:00', '9f2ec079-7d0f-4fe2-90ab-8b09a8302aba', '2001-01-01 00:00:00', NULL, '2001-01-01 00:00:00', NULL);
INSERT INTO `sys_function` VALUES ('2019112021295876456363', '201904031316131800', '2019091510144384518739', '3', 'ArticleNews/Edit', '修改', 'fas fa-edit', '0', 'ShowEditOrViewDialog(\"edit\")', NULL, NULL, '0', '0', '0', '2', '0', '1', NULL, '2019-11-20 00:00:00', '9f2ec079-7d0f-4fe2-90ab-8b09a8302aba', '2001-01-01 00:00:00', NULL, '2001-01-01 00:00:00', NULL);
INSERT INTO `sys_function` VALUES ('2019112021312756343584', '201904031316131800', '2019091510144384518739', '3', 'ArticleNews/Enable', '禁用', 'fa fa-stop-circle', '0', 'setEnable(\"0\")', NULL, NULL, '0', '0', '0', '4', '0', '1', NULL, '2019-11-20 00:00:00', '9f2ec079-7d0f-4fe2-90ab-8b09a8302aba', '2001-01-01 00:00:00', NULL, '2001-01-01 00:00:00', NULL);
INSERT INTO `sys_function` VALUES ('2019112021331544808646', '201904031316131800', '2019091510144384518739', '3', 'ArticleNews/Enable', '启用', 'fa fa-play-circle', '0', 'setEnable(\"0\")', NULL, NULL, '0', '0', '0', '5', '0', '1', NULL, '2019-11-20 00:00:00', '9f2ec079-7d0f-4fe2-90ab-8b09a8302aba', '2001-01-01 00:00:00', NULL, '2001-01-01 00:00:00', NULL);
INSERT INTO `sys_function` VALUES ('2019112021355156886406', '201904031316131800', '2019091510144384518739', '3', 'ArticleNews/DeleteSoft', '软删除', 'fas fa-trash-alt', '0', 'deleteSoft(\"0\")', NULL, NULL, '0', '0', '0', '6', '0', '1', NULL, '2019-11-20 00:00:00', '9f2ec079-7d0f-4fe2-90ab-8b09a8302aba', '2001-01-01 00:00:00', NULL, '2001-01-01 00:00:00', NULL);
INSERT INTO `sys_function` VALUES ('2019112021361212117260', '201904031316131800', '2019091510144384518739', '3', 'ArticleNews/Delete', '删除', 'fas fa-trash-alt', '0', 'deletePhysics()', NULL, NULL, '0', '0', '0', '7', '0', '1', NULL, '2019-11-20 00:00:00', '9f2ec079-7d0f-4fe2-90ab-8b09a8302aba', '2001-01-01 00:00:00', NULL, '2001-01-01 00:00:00', NULL);
INSERT INTO `sys_function` VALUES ('2019112220294730138191', '201904031316131800', '201904251441518825', '2', 'PageCategory/List', '页面分类列表', NULL, '0', NULL, NULL, NULL, '1', '1', '0', '2', '0', '1', NULL, '2019-11-22 00:00:00', '9f2ec079-7d0f-4fe2-90ab-8b09a8302aba', '2001-01-01 00:00:00', NULL, '2001-01-01 00:00:00', NULL);
INSERT INTO `sys_function` VALUES ('2019092414221687875209', '201806141508359155', '', '1', 'Members', '会员管理', NULL, '0', NULL, NULL, NULL, '0', '0', '0', '99', '0', '1', NULL, '2019-09-24 00:00:00', '9f2ec079-7d0f-4fe2-90ab-8b09a8302aba', '2019-09-24 00:00:00', '9f2ec079-7d0f-4fe2-90ab-8b09a8302aba', '2001-01-01 00:00:00', NULL);
INSERT INTO `sys_function` VALUES ('2019092414235667106565', '201806141508359155', '2019092414221687875209', '2', 'Members/List', '会员列表', NULL, '0', NULL, NULL, NULL, '0', '0', '0', '1', '0', '1', NULL, '2019-09-24 00:00:00', '9f2ec079-7d0f-4fe2-90ab-8b09a8302aba', '2019-09-24 00:00:00', '9f2ec079-7d0f-4fe2-90ab-8b09a8302aba', '2001-01-01 00:00:00', NULL);
INSERT INTO `sys_function` VALUES ('2019112220294731053383', '201904031316131800', '2019112220294730138191', '3', 'PageCategory/Add', '新增', 'fas fa-plus', '0', 'ShowEditOrViewDialog()', NULL, NULL, '1', '1', '0', '1', '0', '1', NULL, '2019-11-22 00:00:00', '9f2ec079-7d0f-4fe2-90ab-8b09a8302aba', '2001-01-01 00:00:00', NULL, '2001-01-01 00:00:00', NULL);
INSERT INTO `sys_function` VALUES ('2019112220294731297083', '201904031316131800', '2019112220294730138191', '3', 'PageCategory/Edit', '修改', 'fas fa-edit', '0', 'ShowEditOrViewDialog(\"edit\")', NULL, NULL, '1', '1', '0', '2', '0', '1', NULL, '2019-11-22 00:00:00', '9f2ec079-7d0f-4fe2-90ab-8b09a8302aba', '2001-01-01 00:00:00', NULL, '2001-01-01 00:00:00', NULL);
INSERT INTO `sys_function` VALUES ('2019112220294731503419', '201904031316131800', '2019112220294730138191', '3', 'PageCategory/Enable', '禁用', 'fa fa-stop-circle', '0', 'setEnable(\"0\")', NULL, NULL, '1', '1', '0', '3', '0', '1', NULL, '2019-11-22 00:00:00', '9f2ec079-7d0f-4fe2-90ab-8b09a8302aba', '2001-01-01 00:00:00', NULL, '2001-01-01 00:00:00', NULL);
INSERT INTO `sys_function` VALUES ('2019112218504662972675', '201904031316131800', '2019091510135149601156', '2', 'ArticleCategory/List', '文章类型', NULL, '0', NULL, NULL, NULL, '1', '1', '0', '2', '0', '1', NULL, '2019-11-22 00:00:00', '9f2ec079-7d0f-4fe2-90ab-8b09a8302aba', '2019-11-22 00:00:00', '9f2ec079-7d0f-4fe2-90ab-8b09a8302aba', '2001-01-01 00:00:00', NULL);
INSERT INTO `sys_function` VALUES ('2019112218460514763462', '201904031316131800', '2019112218460514049420', '3', 'ArticleComments/Enable', '禁用', 'fa fa-stop-circle', '0', 'setEnable(\"0\")', NULL, NULL, '1', '1', '0', '3', '0', '1', NULL, '2019-11-22 00:00:00', '9f2ec079-7d0f-4fe2-90ab-8b09a8302aba', '2001-01-01 00:00:00', NULL, '2001-01-01 00:00:00', NULL);
INSERT INTO `sys_function` VALUES ('2019112218460514978240', '201904031316131800', '2019112218460514049420', '3', 'ArticleComments/Enable', '启用', 'fa fa-play-circle', '0', 'setEnable(\"0\")', NULL, NULL, '1', '1', '0', '4', '0', '1', NULL, '2019-11-22 00:00:00', '9f2ec079-7d0f-4fe2-90ab-8b09a8302aba', '2001-01-01 00:00:00', NULL, '2001-01-01 00:00:00', NULL);
INSERT INTO `sys_function` VALUES ('2019112218460515166050', '201904031316131800', '2019112218460514049420', '3', 'ArticleComments/DeleteSoft', '软删除', 'fas fa-trash-alt', '0', 'deleteSoft(\"0\")', NULL, NULL, '1', '1', '0', '5', '0', '1', NULL, '2019-11-22 00:00:00', '9f2ec079-7d0f-4fe2-90ab-8b09a8302aba', '2001-01-01 00:00:00', NULL, '2001-01-01 00:00:00', NULL);
INSERT INTO `sys_function` VALUES ('2019112218460515389124', '201904031316131800', '2019112218460514049420', '3', 'ArticleComments/Delete', '删除', 'fas fa-trash-alt', '0', 'deletePhysics()', NULL, NULL, '1', '1', '0', '6', '0', '1', NULL, '2019-11-22 00:00:00', '9f2ec079-7d0f-4fe2-90ab-8b09a8302aba', '2001-01-01 00:00:00', NULL, '2001-01-01 00:00:00', NULL);
INSERT INTO `sys_function` VALUES ('2019112218504663323478', '201904031316131800', '2019112218504662972675', '3', 'ArticleCategory/Add', '新增', 'fas fa-plus', '0', 'ShowEditOrViewDialog()', NULL, NULL, '1', '1', '0', '1', '0', '1', NULL, '2019-11-22 00:00:00', '9f2ec079-7d0f-4fe2-90ab-8b09a8302aba', '2001-01-01 00:00:00', NULL, '2001-01-01 00:00:00', NULL);
INSERT INTO `sys_function` VALUES ('2019112218504663546751', '201904031316131800', '2019112218504662972675', '3', 'ArticleCategory/Edit', '修改', 'fas fa-edit', '0', 'ShowEditOrViewDialog(\"edit\")', NULL, NULL, '1', '1', '0', '2', '0', '1', NULL, '2019-11-22 00:00:00', '9f2ec079-7d0f-4fe2-90ab-8b09a8302aba', '2001-01-01 00:00:00', NULL, '2001-01-01 00:00:00', NULL);
INSERT INTO `sys_function` VALUES ('2019112218504663781374', '201904031316131800', '2019112218504662972675', '3', 'ArticleCategory/Enable', '禁用', 'fa fa-stop-circle', '0', 'setEnable(\"0\")', NULL, NULL, '1', '1', '0', '3', '0', '1', NULL, '2019-11-22 00:00:00', '9f2ec079-7d0f-4fe2-90ab-8b09a8302aba', '2001-01-01 00:00:00', NULL, '2001-01-01 00:00:00', NULL);
INSERT INTO `sys_function` VALUES ('2019112218504664002445', '201904031316131800', '2019112218504662972675', '3', 'ArticleCategory/Enable', '启用', 'fa fa-play-circle', '0', 'setEnable(\"0\")', NULL, NULL, '1', '1', '0', '4', '0', '1', NULL, '2019-11-22 00:00:00', '9f2ec079-7d0f-4fe2-90ab-8b09a8302aba', '2001-01-01 00:00:00', NULL, '2001-01-01 00:00:00', NULL);
INSERT INTO `sys_function` VALUES ('2019112218504664216802', '201904031316131800', '2019112218504662972675', '3', 'ArticleCategory/DeleteSoft', '软删除', 'fas fa-trash-alt', '0', 'deleteSoft(\"0\")', NULL, NULL, '1', '1', '0', '5', '0', '1', NULL, '2019-11-22 00:00:00', '9f2ec079-7d0f-4fe2-90ab-8b09a8302aba', '2001-01-01 00:00:00', NULL, '2001-01-01 00:00:00', NULL);
INSERT INTO `sys_function` VALUES ('2019112218504664426947', '201904031316131800', '2019112218504662972675', '3', 'ArticleCategory/Delete', '删除', 'fas fa-trash-alt', '0', 'deletePhysics()', NULL, NULL, '1', '1', '0', '6', '0', '1', NULL, '2019-11-22 00:00:00', '9f2ec079-7d0f-4fe2-90ab-8b09a8302aba', '2001-01-01 00:00:00', NULL, '2001-01-01 00:00:00', NULL);
INSERT INTO `sys_function` VALUES ('2019112220331093528649', '201904031316131800', '201904251441518825', '2', 'PageNews/List', '页面列表', NULL, '0', NULL, NULL, NULL, '1', '1', '0', '0', '0', '1', NULL, '2019-11-22 00:00:00', '9f2ec079-7d0f-4fe2-90ab-8b09a8302aba', '2001-01-01 00:00:00', NULL, '2001-01-01 00:00:00', NULL);
INSERT INTO `sys_function` VALUES ('2019112220331093825522', '201904031316131800', '2019112220331093528649', '3', 'PageNews/Add', '新增', 'fas fa-plus', '0', 'ShowEditOrViewDialog()', NULL, NULL, '1', '1', '0', '1', '0', '1', NULL, '2019-11-22 00:00:00', '9f2ec079-7d0f-4fe2-90ab-8b09a8302aba', '2001-01-01 00:00:00', NULL, '2001-01-01 00:00:00', NULL);
INSERT INTO `sys_function` VALUES ('2019112220331094078985', '201904031316131800', '2019112220331093528649', '3', 'PageNews/Edit', '修改', 'fas fa-edit', '0', 'ShowEditOrViewDialog(\"edit\")', NULL, NULL, '1', '1', '0', '2', '0', '1', NULL, '2019-11-22 00:00:00', '9f2ec079-7d0f-4fe2-90ab-8b09a8302aba', '2001-01-01 00:00:00', NULL, '2001-01-01 00:00:00', NULL);
INSERT INTO `sys_function` VALUES ('2019112220331094318074', '201904031316131800', '2019112220331093528649', '3', 'PageNews/Enable', '禁用', 'fa fa-stop-circle', '0', 'setEnable(\"0\")', NULL, NULL, '1', '1', '0', '3', '0', '1', NULL, '2019-11-22 00:00:00', '9f2ec079-7d0f-4fe2-90ab-8b09a8302aba', '2001-01-01 00:00:00', NULL, '2001-01-01 00:00:00', NULL);
INSERT INTO `sys_function` VALUES ('2019112220331094547669', '201904031316131800', '2019112220331093528649', '3', 'PageNews/Enable', '启用', 'fa fa-play-circle', '0', 'setEnable(\"0\")', NULL, NULL, '1', '1', '0', '4', '0', '1', NULL, '2019-11-22 00:00:00', '9f2ec079-7d0f-4fe2-90ab-8b09a8302aba', '2001-01-01 00:00:00', NULL, '2001-01-01 00:00:00', NULL);
INSERT INTO `sys_function` VALUES ('2019112220331094754209', '201904031316131800', '2019112220331093528649', '3', 'PageNews/DeleteSoft', '软删除', 'fas fa-trash-alt', '0', 'deleteSoft(\"0\")', NULL, NULL, '1', '1', '0', '5', '0', '1', NULL, '2019-11-22 00:00:00', '9f2ec079-7d0f-4fe2-90ab-8b09a8302aba', '2001-01-01 00:00:00', NULL, '2001-01-01 00:00:00', NULL);
INSERT INTO `sys_function` VALUES ('2019112220331094966298', '201904031316131800', '2019112220331093528649', '3', 'PageNews/Delete', '删除', 'fas fa-trash-alt', '0', 'deletePhysics()', NULL, NULL, '1', '1', '0', '6', '0', '1', NULL, '2019-11-22 00:00:00', '9f2ec079-7d0f-4fe2-90ab-8b09a8302aba', '2001-01-01 00:00:00', NULL, '2001-01-01 00:00:00', NULL);
INSERT INTO `sys_function` VALUES ('2019112315175577117954', '201904031316131800', '2019112220331093528649', '3', 'PageNews/View', '查看', NULL, '0', NULL, NULL, NULL, '0', '0', '0', '99', '0', '1', NULL, '2019-11-23 00:00:00', '2019100511085423515104', '2001-01-01 00:00:00', NULL, '2001-01-01 00:00:00', NULL);
INSERT INTO `sys_function` VALUES ('2019112315243357714130', '201904031316131800', '201904231418473131', '3', 'Advert/View', '查看', NULL, '0', NULL, NULL, NULL, '0', '0', '0', '99', '0', '1', NULL, '2019-11-23 00:00:00', '2019100511085423515104', '2001-01-01 00:00:00', NULL, '2001-01-01 00:00:00', NULL);
INSERT INTO `sys_function` VALUES ('2019121816133940871724', '201806141508359155', '201806141708443099', '3', 'User/ResetPassword', '重置密码', 'fas fa-retweet', '0', NULL, NULL, NULL, '0', '0', '0', '12', '0', '1', NULL, '2019-12-18 00:00:00', '9f2ec079-7d0f-4fe2-90ab-8b09a8302aba', '2001-01-01 00:00:00', NULL, '2001-01-01 00:00:00', NULL);
INSERT INTO `sys_function` VALUES ('2020010515012754607945', '201904031316131800', '201904231419015179', '3', 'Banner/DeleteSoft', '软删除', 'fas fa-trash-alt', '0', 'deleteSoft(\"0\")', NULL, NULL, '0', '0', '0', '5', '0', '1', NULL, '2020-01-05 00:00:00', '9f2ec079-7d0f-4fe2-90ab-8b09a8302aba', '2020-01-05 00:00:00', '9f2ec079-7d0f-4fe2-90ab-8b09a8302aba', '2001-01-01 00:00:00', NULL);
INSERT INTO `sys_function` VALUES ('2020010515024022779032', '201904031316131800', '201904231419015179', '3', 'Banner/Enable', '启用', 'fa fa-play-circle', '0', 'setEnable(\"0\")', NULL, NULL, '0', '0', '0', '4', '0', '1', NULL, '2020-01-05 00:00:00', '9f2ec079-7d0f-4fe2-90ab-8b09a8302aba', '2001-01-01 00:00:00', NULL, '2001-01-01 00:00:00', NULL);
INSERT INTO `sys_function` VALUES ('2020010515042730661792', '201904031316131800', '201904231419015179', '3', 'Banner/Enable', '禁用', 'fa fa-stop-circle', '0', 'setEnable(\"0\")', NULL, NULL, '0', '0', '0', '3', '0', '1', NULL, '2020-01-05 00:00:00', '9f2ec079-7d0f-4fe2-90ab-8b09a8302aba', '2001-01-01 00:00:00', NULL, '2001-01-01 00:00:00', NULL);
INSERT INTO `sys_function` VALUES ('2020010516263714244490', '201806141508359155', '201806141708443099', '3', 'User/View', '查看', NULL, '0', NULL, NULL, NULL, '0', '0', '0', '1', '0', '1', NULL, '2020-01-05 00:00:00', '9f2ec079-7d0f-4fe2-90ab-8b09a8302aba', '2001-01-01 00:00:00', NULL, '2001-01-01 00:00:00', NULL);
INSERT INTO `sys_function` VALUES ('2020010516301373562450', '201806141508359155', '2019092414235667106565', '3', 'Members/View', '查看', NULL, '0', NULL, NULL, NULL, '0', '0', '0', '0', '0', '1', NULL, '2020-01-05 00:00:00', '9f2ec079-7d0f-4fe2-90ab-8b09a8302aba', '2001-01-01 00:00:00', NULL, '2001-01-01 00:00:00', NULL);
INSERT INTO `sys_function` VALUES ('2019112315183377634926', '201904031316131800', '2019112220294730138191', '3', 'PageCategory/View', '查看', NULL, '0', NULL, NULL, NULL, '0', '0', '0', '99', '0', '1', NULL, '2019-11-23 00:00:00', '2019100511085423515104', '2001-01-01 00:00:00', NULL, '2001-01-01 00:00:00', NULL);
INSERT INTO `sys_function` VALUES ('2019112315190687728189', '201904031316131800', '2019112218504662972675', '3', 'ArticleCategory/View', '查看', NULL, '0', NULL, NULL, NULL, '0', '0', '0', '99', '0', '1', NULL, '2019-11-23 00:00:00', '2019100511085423515104', '2001-01-01 00:00:00', NULL, '2001-01-01 00:00:00', NULL);
INSERT INTO `sys_function` VALUES ('2019112315211672686299', '201904031316131800', '2019091510144384518739', '3', 'ArticleNews/View', '查看', NULL, '0', NULL, NULL, NULL, '0', '0', '0', '99', '0', '1', NULL, '2019-11-23 00:00:00', '2019100511085423515104', '2001-01-01 00:00:00', NULL, '2001-01-01 00:00:00', NULL);
INSERT INTO `sys_function` VALUES ('2019112315223457414898', '201904031316131800', '2019112218460514049420', '3', 'ArticleComments/View', '查看', NULL, '0', NULL, NULL, NULL, '0', '0', '0', '99', '0', '1', NULL, '2019-11-23 00:00:00', '2019100511085423515104', '2001-01-01 00:00:00', NULL, '2001-01-01 00:00:00', NULL);
INSERT INTO `sys_function` VALUES ('2019112315264869221951', '201904031316131800', '201904231419015179', '3', 'Banner/View', '查看', NULL, '0', NULL, NULL, NULL, '0', '0', '0', '99', '0', '1', NULL, '2019-11-23 00:00:00', '2019100511085423515104', '2001-01-01 00:00:00', NULL, '2001-01-01 00:00:00', NULL);
INSERT INTO `sys_function` VALUES ('201806121732216653', '201806141508359155', '201806141709398781', '3', 'Menu/Add', '新增', 'fas fa-plus', '0', 'ShowEditOrViewDialog()', NULL, NULL, '0', '1', '0', '161', '0', '1', NULL, '2018-06-12 00:00:00', '9f2ec079-7d0f-4fe2-90ab-8b09a8302aba', '2018-06-14 00:00:00', '9f2ec079-7d0f-4fe2-90ab-8b09a8302aba', '2001-01-01 00:00:00', NULL);
INSERT INTO `sys_function` VALUES ('201806121736525032', '201806141508359155', '201806141709398781', '3', 'Menu/Edit', '修改', 'fas fa-edit', '0', 'ShowEditOrViewDialog(\"edit\")', NULL, NULL, '0', '1', '0', '162', '0', '1', NULL, '2018-06-12 00:00:00', '9f2ec079-7d0f-4fe2-90ab-8b09a8302aba', '2018-06-14 00:00:00', '9f2ec079-7d0f-4fe2-90ab-8b09a8302aba', '2001-01-01 00:00:00', NULL);
INSERT INTO `sys_function` VALUES ('201806121738224258', '201806141508359155', '201806141709398781', '3', 'Menu/Delete', '删除', 'fas fa-trash-alt', '0', 'deletePhysics()', NULL, NULL, '0', '1', '0', '3', '0', '1', NULL, '2018-06-12 00:00:00', '9f2ec079-7d0f-4fe2-90ab-8b09a8302aba', '2018-06-14 00:00:00', '9f2ec079-7d0f-4fe2-90ab-8b09a8302aba', '2001-01-01 00:00:00', NULL);
INSERT INTO `sys_function` VALUES ('201806121738564697', '201806141508359155', '201806141709398781', '3', 'Menu/Enable', '禁用', 'fa fa-stop-circle', '0', 'setEnable(\"0\")', NULL, NULL, '0', '1', '0', '3', '0', '1', NULL, '2018-06-12 00:00:00', '9f2ec079-7d0f-4fe2-90ab-8b09a8302aba', '2018-06-14 00:00:00', '9f2ec079-7d0f-4fe2-90ab-8b09a8302aba', '2001-01-01 00:00:00', NULL);
INSERT INTO `sys_function` VALUES ('201806121739254212', '201806141508359155', '201806141709398781', '3', 'Menu/Enable', '启用', 'fa fa-play-circle', '0', 'setEnable(\"0\")', NULL, NULL, '0', '1', '0', '4', '0', '1', NULL, '2018-06-12 00:00:00', '9f2ec079-7d0f-4fe2-90ab-8b09a8302aba', '2018-06-14 00:00:00', '9f2ec079-7d0f-4fe2-90ab-8b09a8302aba', '2001-01-01 00:00:00', NULL);
INSERT INTO `sys_function` VALUES ('201806121753402255', '201806141508359155', '201806141711594384', '3', 'Function/Edit', '修改', 'fas fa-edit', '0', 'ShowEditOrViewDialog(\"edit\")', NULL, NULL, '0', '1', '0', '12', '0', '1', NULL, '2018-06-12 00:00:00', '9f2ec079-7d0f-4fe2-90ab-8b09a8302aba', '2018-06-14 00:00:00', '9f2ec079-7d0f-4fe2-90ab-8b09a8302aba', '2001-01-01 00:00:00', NULL);
INSERT INTO `sys_function` VALUES ('201806121754091238', '201806141508359155', '201806141711594384', '3', 'Function/Delete', '删除', 'fas fa-trash-alt', '0', 'deletePhysics()', NULL, NULL, '0', '1', '0', '13', '0', '1', NULL, '2018-06-12 00:00:00', '9f2ec079-7d0f-4fe2-90ab-8b09a8302aba', '2018-06-14 00:00:00', '9f2ec079-7d0f-4fe2-90ab-8b09a8302aba', '2001-01-01 00:00:00', NULL);
INSERT INTO `sys_function` VALUES ('201806121754476244', '201806141508359155', '201806141711594384', '3', 'Function/Enable', '禁用', 'fa fa-stop-circle', '0', 'setEnable(\"0\")', NULL, NULL, '0', '1', '0', '14', '0', '1', NULL, '2018-06-12 00:00:00', '9f2ec079-7d0f-4fe2-90ab-8b09a8302aba', '2018-06-14 00:00:00', '9f2ec079-7d0f-4fe2-90ab-8b09a8302aba', '2001-01-01 00:00:00', NULL);
INSERT INTO `sys_function` VALUES ('201806121756183331', '201806141508359155', '201806141711594384', '3', 'Function/Enable', '启用', 'fa fa-play-circle', '0', 'setEnable(\"0\")', NULL, NULL, '0', '1', '0', '15', '0', '1', NULL, '2018-06-12 00:00:00', '9f2ec079-7d0f-4fe2-90ab-8b09a8302aba', '2018-06-14 00:00:00', '9f2ec079-7d0f-4fe2-90ab-8b09a8302aba', '2001-01-01 00:00:00', NULL);
INSERT INTO `sys_function` VALUES ('201806130932356710', '201806141508359155', '201806141708257654', '3', 'Role/Edit', '修改', 'fas fa-edit', '0', 'ShowEditOrViewDialog(\"edit\")', NULL, NULL, '0', '0', '0', '22', '0', '1', NULL, '2018-06-13 00:00:00', '9f2ec079-7d0f-4fe2-90ab-8b09a8302aba', '2018-06-14 00:00:00', '9f2ec079-7d0f-4fe2-90ab-8b09a8302aba', '2001-01-01 00:00:00', NULL);
INSERT INTO `sys_function` VALUES ('201806130933236819', '201806141508359155', '201806141708257654', '3', 'Role/Delete', '删除', 'fas fa-trash-alt', '0', 'deletePhysics()', NULL, NULL, '0', '0', '0', '23', '0', '1', NULL, '2018-06-13 00:00:00', '9f2ec079-7d0f-4fe2-90ab-8b09a8302aba', '2018-06-14 00:00:00', '9f2ec079-7d0f-4fe2-90ab-8b09a8302aba', '2001-01-01 00:00:00', NULL);
INSERT INTO `sys_function` VALUES ('201806130934116700', '201806141508359155', '201806141708257654', '3', 'Role/Enable', '禁用', 'fa fa-stop-circle', '0', 'setEnable(\"0\")', NULL, NULL, '0', '0', '0', '24', '0', '1', NULL, '2018-06-13 00:00:00', '9f2ec079-7d0f-4fe2-90ab-8b09a8302aba', '2018-06-14 00:00:00', '9f2ec079-7d0f-4fe2-90ab-8b09a8302aba', '2001-01-01 00:00:00', NULL);
INSERT INTO `sys_function` VALUES ('201806130934348913', '201806141508359155', '201806141708257654', '3', 'Role/Enable', '启用', 'fa fa-play-circle', '0', 'setEnable(\"0\")', NULL, NULL, '0', '0', '0', '25', '0', '1', NULL, '2018-06-13 00:00:00', '9f2ec079-7d0f-4fe2-90ab-8b09a8302aba', '2018-06-14 00:00:00', '9f2ec079-7d0f-4fe2-90ab-8b09a8302aba', '2001-01-01 00:00:00', NULL);
INSERT INTO `sys_function` VALUES ('201806130937163369', '201806141508359155', '201806141708257654', '3', 'Role/SetAuthorize', '设置权限', 'fas fa-user-tag', '0', NULL, NULL, NULL, '0', '0', '0', '26', '0', '1', NULL, '2018-06-13 00:00:00', '9f2ec079-7d0f-4fe2-90ab-8b09a8302aba', '2018-06-14 00:00:00', '9f2ec079-7d0f-4fe2-90ab-8b09a8302aba', '2001-01-01 00:00:00', NULL);
INSERT INTO `sys_function` VALUES ('201806130932038005', '201806141508359155', '201806141708257654', '3', 'Role/Add', '新增', 'fas fa-plus', '0', 'ShowEditOrViewDialog()', NULL, NULL, NULL, '0', '0', '21', '0', '1', NULL, '2018-06-13 00:00:00', '9f2ec079-7d0f-4fe2-90ab-8b09a8302aba', '2020-04-22 00:00:00', '9f2ec079-7d0f-4fe2-90ab-8b09a8302aba', '2001-01-01 00:00:00', NULL);
INSERT INTO `sys_function` VALUES ('201806121752548933', '201806141508359155', '201806141711594384', '3', 'Function/Add', '新增', 'fas fa-plus', '0', 'ShowEditOrViewDialog()', NULL, NULL, '0', '1', '0', '11', '0', '1', NULL, '2018-06-12 00:00:00', '9f2ec079-7d0f-4fe2-90ab-8b09a8302aba', '2018-06-14 00:00:00', '9f2ec079-7d0f-4fe2-90ab-8b09a8302aba', '2001-01-01 00:00:00', NULL);
INSERT INTO `sys_function` VALUES ('201806141706047854', '201806141508359155', '', '1', 'Security', '系统管理', 'fas fa-cogs', '0', NULL, NULL, NULL, '0', '0', '0', '1', '0', '1', NULL, '2018-06-14 00:00:00', '9f2ec079-7d0f-4fe2-90ab-8b09a8302aba', '2018-06-15 00:00:00', '9f2ec079-7d0f-4fe2-90ab-8b09a8302aba', '2001-01-01 00:00:00', NULL);
INSERT INTO `sys_function` VALUES ('201806141707228857', '201806141508359155', '201806141706047854', '2', 'Organize/List', '机构管理', 'fas fa-sitemap', '0', NULL, NULL, NULL, '0', '0', '0', '11', '0', '1', NULL, '2018-06-14 00:00:00', '9f2ec079-7d0f-4fe2-90ab-8b09a8302aba', '2018-06-28 00:00:00', '9f2ec079-7d0f-4fe2-90ab-8b09a8302aba', '2001-01-01 00:00:00', NULL);
INSERT INTO `sys_function` VALUES ('201806141708045542', '201806141508359155', '201806141706047854', '2', 'Duty/List', '岗位管理', NULL, '0', NULL, NULL, NULL, '0', '0', '0', '12', '0', '1', NULL, '2018-06-14 00:00:00', '9f2ec079-7d0f-4fe2-90ab-8b09a8302aba', '2018-06-28 00:00:00', '9f2ec079-7d0f-4fe2-90ab-8b09a8302aba', '2001-01-01 00:00:00', NULL);
INSERT INTO `sys_function` VALUES ('201806141708257654', '201806141508359155', '201806141706047854', '2', 'Role/List', '角色管理', 'fas fa-user-cog', '0', NULL, NULL, NULL, '0', '0', '0', '13', '0', '1', NULL, '2018-06-14 00:00:00', '9f2ec079-7d0f-4fe2-90ab-8b09a8302aba', '2018-06-28 00:00:00', '9f2ec079-7d0f-4fe2-90ab-8b09a8302aba', '2001-01-01 00:00:00', NULL);
INSERT INTO `sys_function` VALUES ('201806141708443099', '201806141508359155', '201806141706047854', '2', 'User/List', '用户管理', NULL, '0', NULL, NULL, NULL, '0', '0', '0', '14', '0', '1', NULL, '2018-06-14 00:00:00', '9f2ec079-7d0f-4fe2-90ab-8b09a8302aba', '2018-06-28 00:00:00', '9f2ec079-7d0f-4fe2-90ab-8b09a8302aba', '2001-01-01 00:00:00', NULL);
INSERT INTO `sys_function` VALUES ('201806141709092545', '201806141508359155', '201806141706047854', '2', 'Items/List', '数据字典', NULL, '0', NULL, NULL, NULL, '0', '0', '0', '15', '0', '1', NULL, '2018-06-14 00:00:00', '9f2ec079-7d0f-4fe2-90ab-8b09a8302aba', '2018-06-28 00:00:00', '9f2ec079-7d0f-4fe2-90ab-8b09a8302aba', '2001-01-01 00:00:00', NULL);
INSERT INTO `sys_function` VALUES ('201806141709398781', '201806141508359155', '201806151644154586', '2', 'Menu/List', '功能模块', NULL, '0', NULL, NULL, NULL, NULL, '0', '0', '16', '0', '1', NULL, '2018-06-14 00:00:00', '9f2ec079-7d0f-4fe2-90ab-8b09a8302aba', '2020-04-23 00:00:00', '9f2ec079-7d0f-4fe2-90ab-8b09a8302aba', '2001-01-01 00:00:00', NULL);
INSERT INTO `sys_function` VALUES ('201806141709552969', '201806141508359155', '201806151644154586', '2', 'SystemType/List', '系统类型', NULL, '0', NULL, NULL, NULL, NULL, '0', '0', '18', '0', '1', NULL, '2018-06-14 00:00:00', '9f2ec079-7d0f-4fe2-90ab-8b09a8302aba', '2020-04-23 00:00:00', '9f2ec079-7d0f-4fe2-90ab-8b09a8302aba', '2001-01-01 00:00:00', NULL);
INSERT INTO `sys_function` VALUES ('201806141711594384', '201806141508359155', '201806141706047854', '2', 'Function/List', '系统功能', NULL, '0', NULL, NULL, NULL, '0', '0', '0', '17', '0', '1', NULL, '2018-06-14 00:00:00', '9f2ec079-7d0f-4fe2-90ab-8b09a8302aba', '2018-06-28 00:00:00', '9f2ec079-7d0f-4fe2-90ab-8b09a8302aba', '2001-01-01 00:00:00', NULL);
INSERT INTO `sys_function` VALUES ('201806141738016113', '201806141508359155', '201806141708045542', '3', 'Duty/Add', '新增', 'fas fa-plus', '0', 'ShowEditOrViewDialog()', NULL, NULL, '0', '0', '0', '131', '0', '1', NULL, '2018-06-14 00:00:00', '9f2ec079-7d0f-4fe2-90ab-8b09a8302aba', '2018-06-28 00:00:00', '9f2ec079-7d0f-4fe2-90ab-8b09a8302aba', '2001-01-01 00:00:00', NULL);
INSERT INTO `sys_function` VALUES ('201806141738276995', '201806141508359155', '201806141708045542', '3', 'Duty/Edit', '修改', 'fas fa-edit', '0', 'ShowEditOrViewDialog(\"edit\")', NULL, NULL, '0', '0', '0', '132', '0', '1', NULL, '2018-06-14 00:00:00', '9f2ec079-7d0f-4fe2-90ab-8b09a8302aba', '2018-06-28 00:00:00', '9f2ec079-7d0f-4fe2-90ab-8b09a8302aba', '2001-01-01 00:00:00', NULL);
INSERT INTO `sys_function` VALUES ('201806151623264198', '201806141508359155', '201806141708045542', '3', 'Duty/Enable', '禁用', 'fa fa-stop-circle', '0', 'setEnable(\"0\")', NULL, NULL, '0', '0', '0', '99', '0', '1', NULL, '2018-06-15 00:00:00', '9f2ec079-7d0f-4fe2-90ab-8b09a8302aba', '2018-06-28 00:00:00', '201806202328082008', '2001-01-01 00:00:00', NULL);
INSERT INTO `sys_function` VALUES ('201806151623488475', '201806141508359155', '201806141708045542', '3', 'Duty/Enable', '启用', 'fa fa-play-circle', '0', 'setEnable(\"0\")', NULL, NULL, '0', '0', '0', '99', '0', '1', NULL, '2018-06-15 00:00:00', '9f2ec079-7d0f-4fe2-90ab-8b09a8302aba', '2018-06-28 00:00:00', '201806202328082008', '2001-01-01 00:00:00', NULL);
INSERT INTO `sys_function` VALUES ('201806151625184572', '201806141508359155', '201806141709552969', '3', 'SystemType/Add', '新增', 'fas fa-plus', '0', 'ShowEditOrViewDialog()', NULL, NULL, '0', '0', '0', '99', '0', '1', NULL, '2018-06-15 00:00:00', '9f2ec079-7d0f-4fe2-90ab-8b09a8302aba', '2001-01-01 00:00:00', NULL, '2001-01-01 00:00:00', NULL);
INSERT INTO `sys_function` VALUES ('201806151625522203', '201806141508359155', '201806141709552969', '3', 'SystemType/Edit', '修改', 'fas fa-edit', '0', 'ShowEditOrViewDialog(\"edit\")', NULL, NULL, NULL, '0', '0', '99', '0', '1', NULL, '2018-06-15 00:00:00', '9f2ec079-7d0f-4fe2-90ab-8b09a8302aba', '2020-04-22 00:00:00', '9f2ec079-7d0f-4fe2-90ab-8b09a8302aba', '2001-01-01 00:00:00', NULL);
INSERT INTO `sys_function` VALUES ('201806151643345704', '201806141508359155', '201806151640546566', '2', 'FilterIP/List', '访问控制', 'fas fa-filter', '0', NULL, NULL, NULL, NULL, '0', '0', '99', '0', '1', NULL, '2018-06-15 00:00:00', '9f2ec079-7d0f-4fe2-90ab-8b09a8302aba', '2020-04-23 00:00:00', '9f2ec079-7d0f-4fe2-90ab-8b09a8302aba', '2001-01-01 00:00:00', NULL);
INSERT INTO `sys_function` VALUES ('201806151645228319', '201806141508359155', '201806151644154586', '2', 'DbTools', '数据库连接', 'fas fa-database', '0', NULL, NULL, NULL, '0', '0', '0', '99', '0', '1', NULL, '2018-06-15 00:00:00', '9f2ec079-7d0f-4fe2-90ab-8b09a8302aba', '2018-06-15 00:00:00', '9f2ec079-7d0f-4fe2-90ab-8b09a8302aba', '2001-01-01 00:00:00', NULL);
INSERT INTO `sys_function` VALUES ('201806151647007714', '201806141508359155', '201806141708443099', '3', 'User/Add', '新增', 'fas fa-plus', '0', 'ShowEditOrViewDialog()', NULL, NULL, '0', '0', '0', '99', '0', '1', NULL, '2018-06-15 00:00:00', '9f2ec079-7d0f-4fe2-90ab-8b09a8302aba', '2001-01-01 00:00:00', NULL, '2001-01-01 00:00:00', NULL);
INSERT INTO `sys_function` VALUES ('201806191534108835', '201806141508359155', '201806141709092545', '3', 'Items/Add', '新增', 'fas fa-plus', '0', 'ShowEditOrViewDialog()', NULL, NULL, '0', '0', '0', '1', '0', '1', NULL, '2018-06-19 00:00:00', '9f2ec079-7d0f-4fe2-90ab-8b09a8302aba', '2001-01-01 00:00:00', NULL, '2001-01-01 00:00:00', NULL);
INSERT INTO `sys_function` VALUES ('201806191534375158', '201806141508359155', '201806141709092545', '3', 'Items/Edit', '修改', 'fas fa-edit', '0', 'ShowEditOrViewDialog(\"edit\")', NULL, NULL, NULL, '0', '0', '2', '0', '1', NULL, '2018-06-19 00:00:00', '9f2ec079-7d0f-4fe2-90ab-8b09a8302aba', '2020-04-23 00:00:00', '9f2ec079-7d0f-4fe2-90ab-8b09a8302aba', '2001-01-01 00:00:00', NULL);
INSERT INTO `sys_function` VALUES ('201806281618273055', '201806141745132709', '', '1', 'WorkOrderManage', '工单管理', 'fas fa-hands-helping', '0', NULL, NULL, NULL, '0', '0', '0', '99', '0', '1', NULL, '2018-06-28 00:00:00', '9f2ec079-7d0f-4fe2-90ab-8b09a8302aba', '2001-01-01 00:00:00', NULL, '2001-01-01 00:00:00', NULL);
INSERT INTO `sys_function` VALUES ('201806141732481293', '201806141508359155', '201806141707228857', '3', 'Organize/Add', '新增', 'fas fa-plus', '0', 'ShowEditOrViewDialog()', NULL, NULL, '0', '0', '0', '1', '0', '1', NULL, '2018-06-14 00:00:00', '9f2ec079-7d0f-4fe2-90ab-8b09a8302aba', '2018-07-03 00:00:00', '9f2ec079-7d0f-4fe2-90ab-8b09a8302aba', '2001-01-01 00:00:00', NULL);
INSERT INTO `sys_function` VALUES ('201806141733061627', '201806141508359155', '201806141707228857', '3', 'Organize/Edit', '修改', 'fas fa-edit', '0', 'ShowEditOrViewDialog(\"edit\")', NULL, NULL, '0', '0', '0', '2', '0', '1', NULL, '2018-06-14 00:00:00', '9f2ec079-7d0f-4fe2-90ab-8b09a8302aba', '2001-01-01 00:00:00', NULL, '2001-01-01 00:00:00', NULL);
INSERT INTO `sys_function` VALUES ('201806141734439890', '201806141508359155', '201806141707228857', '3', 'Organize/Delete', '删除', 'fas fa-trash-alt', '0', 'deletePhysics()', NULL, NULL, '0', '0', '0', '3', '0', '1', NULL, '2018-06-14 00:00:00', '9f2ec079-7d0f-4fe2-90ab-8b09a8302aba', '2001-01-01 00:00:00', NULL, '2001-01-01 00:00:00', NULL);
INSERT INTO `sys_function` VALUES ('201806141735049597', '201806141508359155', '201806141707228857', '3', 'Organize/Enable', '禁用', 'fa fa-stop-circle', '0', 'setEnable(\"0\")', NULL, NULL, '0', '0', '0', '4', '0', '1', NULL, '2018-06-14 00:00:00', '9f2ec079-7d0f-4fe2-90ab-8b09a8302aba', '2001-01-01 00:00:00', NULL, '2001-01-01 00:00:00', NULL);
INSERT INTO `sys_function` VALUES ('201806141735267958', '201806141508359155', '201806141707228857', '3', 'Organize/Enable', '启用', 'fa fa-play-circle', '0', 'setEnable(\"0\")', NULL, NULL, '0', '0', '0', '5', '0', '1', NULL, '2018-06-14 00:00:00', '9f2ec079-7d0f-4fe2-90ab-8b09a8302aba', '2001-01-01 00:00:00', NULL, '2001-01-01 00:00:00', NULL);
INSERT INTO `sys_function` VALUES ('201806141739388107', '201806141508359155', '201806141708045542', '3', 'Duty/Delete', '删除', 'fas fa-trash-alt', '0', 'deletePhysics()', NULL, NULL, '0', '0', '0', '133', '0', '1', NULL, '2018-06-14 00:00:00', '9f2ec079-7d0f-4fe2-90ab-8b09a8302aba', '2018-06-28 00:00:00', '9f2ec079-7d0f-4fe2-90ab-8b09a8302aba', '2001-01-01 00:00:00', NULL);
INSERT INTO `sys_function` VALUES ('201806151627232936', '201806141508359155', '201806141709552969', '3', 'SystemType/Delete', '删除', 'fas fa-trash-alt', '0', 'deletePhysics()', NULL, NULL, '0', '0', '0', '99', '0', '1', NULL, '2018-06-15 00:00:00', '9f2ec079-7d0f-4fe2-90ab-8b09a8302aba', '2001-01-01 00:00:00', NULL, '2001-01-01 00:00:00', NULL);
INSERT INTO `sys_function` VALUES ('201806151627549488', '201806141508359155', '201806141709552969', '3', 'SystemType/Enable', '禁用', 'fa fa-stop-circle', '0', 'setEnable(\"0\")', NULL, NULL, '0', '0', '0', '99', '0', '1', NULL, '2018-06-15 00:00:00', '9f2ec079-7d0f-4fe2-90ab-8b09a8302aba', '2001-01-01 00:00:00', NULL, '2001-01-01 00:00:00', NULL);
INSERT INTO `sys_function` VALUES ('201806151628143610', '201806141508359155', '201806141709552969', '3', 'SystemType/Enable', '启用', 'fa fa-play-circle', '0', 'setEnable(\"0\")', NULL, NULL, '0', '0', '0', '99', '0', '1', NULL, '2018-06-15 00:00:00', '9f2ec079-7d0f-4fe2-90ab-8b09a8302aba', '2001-01-01 00:00:00', NULL, '2001-01-01 00:00:00', NULL);
INSERT INTO `sys_function` VALUES ('201806151640546566', '201806141508359155', '', '1', 'Safety', '系统安全', 'fas fa-shield-alt', '0', NULL, NULL, NULL, NULL, '0', '0', '99', '0', '1', NULL, '2018-06-15 00:00:00', '9f2ec079-7d0f-4fe2-90ab-8b09a8302aba', '2020-04-23 00:00:00', '9f2ec079-7d0f-4fe2-90ab-8b09a8302aba', '2001-01-01 00:00:00', NULL);
INSERT INTO `sys_function` VALUES ('201806151642418839', '201806141508359155', '201806151640546566', '2', 'Log/List', '日志管理', 'fas fa-', '0', NULL, NULL, NULL, NULL, '0', '0', '99', '0', '1', NULL, '2018-06-15 00:00:00', '9f2ec079-7d0f-4fe2-90ab-8b09a8302aba', '2020-04-23 00:00:00', '9f2ec079-7d0f-4fe2-90ab-8b09a8302aba', '2001-01-01 00:00:00', NULL);
INSERT INTO `sys_function` VALUES ('201806151644154586', '201806141508359155', '', '1', 'Tools', '工具类', 'fas fa-toolbox', '0', NULL, NULL, NULL, '0', '0', '0', '99', '0', '1', NULL, '2018-06-15 00:00:00', '9f2ec079-7d0f-4fe2-90ab-8b09a8302aba', '2001-01-01 00:00:00', NULL, '2001-01-01 00:00:00', NULL);
INSERT INTO `sys_function` VALUES ('201806151647238497', '201806141508359155', '201806141708443099', '3', 'User/Edit', '修改', 'fas fa-edit', '0', 'ShowEditOrViewDialog(\"edit\")', NULL, NULL, NULL, '0', '0', '99', '0', '1', NULL, '2018-06-15 00:00:00', '9f2ec079-7d0f-4fe2-90ab-8b09a8302aba', '2020-04-22 00:00:00', '9f2ec079-7d0f-4fe2-90ab-8b09a8302aba', '2001-01-01 00:00:00', NULL);
INSERT INTO `sys_function` VALUES ('201806151647431807', '201806141508359155', '201806141708443099', '3', 'User/Delete', '删除', 'fas fa-trash-alt', '0', 'deletePhysics()', NULL, NULL, '0', '0', '0', '99', '0', '1', NULL, '2018-06-15 00:00:00', '9f2ec079-7d0f-4fe2-90ab-8b09a8302aba', '2001-01-01 00:00:00', NULL, '2001-01-01 00:00:00', NULL);
INSERT INTO `sys_function` VALUES ('201806151648069140', '201806141508359155', '201806141708443099', '3', 'User/Enable', '禁用', 'fa fa-stop-circle', '0', 'setEnable(\"0\")', NULL, NULL, '0', '0', '0', '99', '0', '1', NULL, '2018-06-15 00:00:00', '9f2ec079-7d0f-4fe2-90ab-8b09a8302aba', '2001-01-01 00:00:00', NULL, '2001-01-01 00:00:00', NULL);
INSERT INTO `sys_function` VALUES ('201806151648245135', '201806141508359155', '201806141708443099', '3', 'User/Enable', '启用', 'fa fa-play-circle', '0', 'setEnable(\"0\")', NULL, NULL, '0', '0', '0', '99', '0', '1', NULL, '2018-06-15 00:00:00', '9f2ec079-7d0f-4fe2-90ab-8b09a8302aba', '2001-01-01 00:00:00', NULL, '2001-01-01 00:00:00', NULL);
INSERT INTO `sys_function` VALUES ('201806191534597869', '201806141508359155', '201806141709092545', '3', 'Items/Delete', '删除', 'fas fa-trash-alt', '0', 'deletePhysics()', NULL, NULL, '0', '0', '0', '3', '0', '1', NULL, '2018-06-19 00:00:00', '9f2ec079-7d0f-4fe2-90ab-8b09a8302aba', '2001-01-01 00:00:00', NULL, '2001-01-01 00:00:00', NULL);
INSERT INTO `sys_function` VALUES ('201806191535218441', '201806141508359155', '201806141709092545', '3', 'Items/Enable', '禁用', 'fa fa-stop-circle', '0', 'setEnable(\"0\")', NULL, NULL, '0', '0', '0', '4', '0', '1', NULL, '2018-06-19 00:00:00', '9f2ec079-7d0f-4fe2-90ab-8b09a8302aba', '2001-01-01 00:00:00', NULL, '2001-01-01 00:00:00', NULL);
INSERT INTO `sys_function` VALUES ('201806191535455597', '201806141508359155', '201806141709092545', '3', 'Items/Enable', '启用', 'fa fa-play-circle', '0', 'setEnable(\"0\")', NULL, NULL, '0', '0', '0', '5', '0', '1', NULL, '2018-06-19 00:00:00', '9f2ec079-7d0f-4fe2-90ab-8b09a8302aba', '2001-01-01 00:00:00', NULL, '2001-01-01 00:00:00', NULL);
INSERT INTO `sys_function` VALUES ('201806281619225960', '201806141745132709', '201806281618273055', '2', 'WorkOrder/List', '工单列表', NULL, '0', NULL, NULL, NULL, '0', '0', '0', '1', '0', '1', NULL, '2018-06-28 00:00:00', '9f2ec079-7d0f-4fe2-90ab-8b09a8302aba', '2018-06-29 00:00:00', '9f2ec079-7d0f-4fe2-90ab-8b09a8302aba', '2001-01-01 00:00:00', NULL);
INSERT INTO `sys_function` VALUES ('201806281619474111', '201806141745132709', '201806281618273055', '2', 'WorkOrder/AddView', '提交工单', NULL, '0', NULL, NULL, NULL, '0', '0', '0', '2', '0', '1', NULL, '2018-06-28 00:00:00', '9f2ec079-7d0f-4fe2-90ab-8b09a8302aba', '2018-06-29 00:00:00', '9f2ec079-7d0f-4fe2-90ab-8b09a8302aba', '2001-01-01 00:00:00', NULL);
INSERT INTO `sys_function` VALUES ('201806291509349411', '201806141508359155', '201806291507012967', '3', 'APP/Enable', '启用', 'fa fa-play-circle', '0', 'setEnable(\"0\")', NULL, NULL, NULL, '0', '0', '5', '0', '1', NULL, '2018-06-29 00:00:00', '9f2ec079-7d0f-4fe2-90ab-8b09a8302aba', '2020-04-23 00:00:00', '9f2ec079-7d0f-4fe2-90ab-8b09a8302aba', '2001-01-01 00:00:00', NULL);
INSERT INTO `sys_function` VALUES ('201806291509564720', '201806141508359155', '201806291507012967', '3', 'APP/Enable', '禁用', 'fa fa-stop-circle', '0', 'setEnable(\"0\")', NULL, NULL, NULL, '0', '0', '4', '0', '1', NULL, '2018-06-29 00:00:00', '9f2ec079-7d0f-4fe2-90ab-8b09a8302aba', '2020-04-23 00:00:00', '9f2ec079-7d0f-4fe2-90ab-8b09a8302aba', '2001-01-01 00:00:00', NULL);
INSERT INTO `sys_function` VALUES ('201904231418073482', '201904031316131800', '', '1', 'Advert', '广告管理', NULL, '0', NULL, NULL, NULL, '0', '0', '0', '99', '0', '1', NULL, '2019-04-23 00:00:00', '9f2ec079-7d0f-4fe2-90ab-8b09a8302aba', '2001-01-01 00:00:00', NULL, '2001-01-01 00:00:00', NULL);
INSERT INTO `sys_function` VALUES ('201806281727481608', '201806141508359155', '201806141708045542', '3', 'Duty/View', '查看', 'fas fa-eye', '0', NULL, NULL, NULL, '0', '0', '0', '99', '0', '1', NULL, '2018-06-28 00:00:00', '9f2ec079-7d0f-4fe2-90ab-8b09a8302aba', '2001-01-01 00:00:00', NULL, '2001-01-01 00:00:00', NULL);
INSERT INTO `sys_function` VALUES ('201806291507012967', '201806141508359155', '201806151644154586', '2', 'APP/List', '应用管理', NULL, '0', NULL, NULL, NULL, NULL, '0', '0', '99', '0', '1', NULL, '2018-06-29 00:00:00', '9f2ec079-7d0f-4fe2-90ab-8b09a8302aba', '2020-04-23 00:00:00', '9f2ec079-7d0f-4fe2-90ab-8b09a8302aba', '2001-01-01 00:00:00', NULL);
INSERT INTO `sys_function` VALUES ('201806291507516845', '201806141508359155', '201806291507012967', '2', 'APP/Add', '新增', 'fas fa-plus', '0', 'ShowEditOrViewDialog()', NULL, NULL, NULL, '0', '0', '1', '0', '1', NULL, '2018-06-29 00:00:00', '9f2ec079-7d0f-4fe2-90ab-8b09a8302aba', '2020-04-23 00:00:00', '9f2ec079-7d0f-4fe2-90ab-8b09a8302aba', '2001-01-01 00:00:00', NULL);
INSERT INTO `sys_function` VALUES ('201806291508137616', '201806141508359155', '201806291507012967', '3', 'APP/Edit', '修改', 'fas fa-edit', '0', 'ShowEditOrViewDialog(\"edit\")', NULL, NULL, NULL, '0', '0', '2', '0', '1', NULL, '2018-06-29 00:00:00', '9f2ec079-7d0f-4fe2-90ab-8b09a8302aba', '2020-04-23 00:00:00', '9f2ec079-7d0f-4fe2-90ab-8b09a8302aba', '2001-01-01 00:00:00', NULL);
INSERT INTO `sys_function` VALUES ('201806291508381594', '201806141508359155', '201806291507012967', '3', 'APP/Delete', '删除', 'fas fa-trash-alt', '0', 'deletePhysics()', NULL, NULL, NULL, '0', '0', '3', '0', '1', NULL, '2018-06-29 00:00:00', '9f2ec079-7d0f-4fe2-90ab-8b09a8302aba', '2020-04-23 00:00:00', '9f2ec079-7d0f-4fe2-90ab-8b09a8302aba', '2001-01-01 00:00:00', NULL);
INSERT INTO `sys_function` VALUES ('201806291627413234', '201806141508359155', '201806291507012967', '3', 'APP/ResetAppSecret', '重置AppSecret', 'fas fafas fa-retweet', '0', NULL, NULL, NULL, NULL, '0', '0', '6', '0', '1', NULL, '2018-06-29 00:00:00', '9f2ec079-7d0f-4fe2-90ab-8b09a8302aba', '2020-04-23 00:00:00', '9f2ec079-7d0f-4fe2-90ab-8b09a8302aba', '2001-01-01 00:00:00', NULL);
INSERT INTO `sys_function` VALUES ('201806291628365284', '201806141508359155', '201806291507012967', '3', 'APP/ResetEncodingAESKey', '重置消息密钥', 'fas fa-retweet', '0', NULL, NULL, NULL, NULL, '0', '0', '7', '0', '1', NULL, '2018-06-29 00:00:00', '9f2ec079-7d0f-4fe2-90ab-8b09a8302aba', '2020-04-23 00:00:00', '9f2ec079-7d0f-4fe2-90ab-8b09a8302aba', '2001-01-01 00:00:00', NULL);
INSERT INTO `sys_function` VALUES ('201806301459221696', '201806141745132709', '201806281619225960', '3', 'WorkOrder/SetStatusByIds', '挂起处理', NULL, '0', NULL, NULL, NULL, '0', '0', '0', '99', '0', '1', NULL, '2018-06-30 00:00:00', '9f2ec079-7d0f-4fe2-90ab-8b09a8302aba', '2001-01-01 00:00:00', NULL, '2001-01-01 00:00:00', NULL);
INSERT INTO `sys_function` VALUES ('201904231418473131', '201904031316131800', '201904231418073482', '2', 'Advert/List', '广告位管理', NULL, '0', NULL, NULL, NULL, '0', '0', '0', '1', '0', '1', NULL, '2019-04-23 00:00:00', '9f2ec079-7d0f-4fe2-90ab-8b09a8302aba', '2001-01-01 00:00:00', NULL, '2001-01-01 00:00:00', NULL);
INSERT INTO `sys_function` VALUES ('201904231419015179', '201904031316131800', '201904231418073482', '2', 'Banner/List', '广告管理', NULL, '0', NULL, NULL, NULL, '0', '0', '0', '99', '0', '1', NULL, '2019-04-23 00:00:00', '9f2ec079-7d0f-4fe2-90ab-8b09a8302aba', '2001-01-01 00:00:00', NULL, '2001-01-01 00:00:00', NULL);
INSERT INTO `sys_function` VALUES ('201904231435343833', '201904031316131800', '201904231418473131', '3', 'Advert/Delete', '删除广告位', NULL, '0', 'deletePhysics()', NULL, NULL, '0', '0', '0', '3', '0', '1', NULL, '2019-04-23 00:00:00', '9f2ec079-7d0f-4fe2-90ab-8b09a8302aba', '2001-01-01 00:00:00', NULL, '2001-01-01 00:00:00', NULL);
INSERT INTO `sys_function` VALUES ('201904231439241986', '201904031316131800', '201904231419015179', '3', 'Banner/Add', '新增广告', NULL, '0', 'ShowEditOrViewDialog()', NULL, NULL, '0', '0', '0', '1', '0', '1', NULL, '2019-04-23 00:00:00', '9f2ec079-7d0f-4fe2-90ab-8b09a8302aba', '2001-01-01 00:00:00', NULL, '2001-01-01 00:00:00', NULL);
INSERT INTO `sys_function` VALUES ('201904231440062253', '201904031316131800', '201904231419015179', '3', 'Banner/Edit', '修改广告', NULL, '0', 'ShowEditOrViewDialog(\"edit\")', NULL, NULL, '0', '0', '0', '2', '0', '1', NULL, '2019-04-23 00:00:00', '9f2ec079-7d0f-4fe2-90ab-8b09a8302aba', '2001-01-01 00:00:00', NULL, '2001-01-01 00:00:00', NULL);
INSERT INTO `sys_function` VALUES ('201904231440328635', '201904031316131800', '201904231419015179', '3', 'Banner/Delete', '删除广告', 'fas fa-trash-alt', '0', 'deletePhysics()', NULL, NULL, '0', '0', '0', '6', '0', '1', NULL, '2019-04-23 00:00:00', '9f2ec079-7d0f-4fe2-90ab-8b09a8302aba', '2020-01-05 00:00:00', '9f2ec079-7d0f-4fe2-90ab-8b09a8302aba', '2001-01-01 00:00:00', NULL);
INSERT INTO `sys_function` VALUES ('201904251441518825', '201904031316131800', '', '1', 'Page', '页面管理', NULL, '0', NULL, NULL, NULL, '0', '0', '0', '99', '0', '1', NULL, '2019-04-25 00:00:00', '9f2ec079-7d0f-4fe2-90ab-8b09a8302aba', '2001-01-01 00:00:00', NULL, '2001-01-01 00:00:00', NULL);
INSERT INTO `sys_function` VALUES ('201905041649447093', '201806141508359155', '201806141706047854', '2', 'SysSetting/Index', '系统设置', NULL, '0', NULL, NULL, NULL, '0', '0', '0', '1', '0', '1', NULL, '2019-05-04 00:00:00', '9f2ec079-7d0f-4fe2-90ab-8b09a8302aba', '2001-01-01 00:00:00', NULL, '2001-01-01 00:00:00', NULL);
INSERT INTO `sys_function` VALUES ('201904231420281930', '201904031316131800', '201904231418473131', '3', 'Advert/Add', '新增广告位', NULL, '0', 'ShowEditOrViewDialog()', NULL, NULL, '0', '0', '0', '1', '0', '1', NULL, '2019-04-23 00:00:00', '9f2ec079-7d0f-4fe2-90ab-8b09a8302aba', '2001-01-01 00:00:00', NULL, '2001-01-01 00:00:00', NULL);
INSERT INTO `sys_function` VALUES ('201904231420546523', '201904031316131800', '201904231418473131', '3', 'Advert/Edit', '编辑广告位', NULL, '0', 'ShowEditOrViewDialog(\"edit\")', NULL, NULL, '0', '0', '0', '2', '0', '1', NULL, '2019-04-23 00:00:00', '9f2ec079-7d0f-4fe2-90ab-8b09a8302aba', '2001-01-01 00:00:00', NULL, '2001-01-01 00:00:00', NULL);
INSERT INTO `sys_function` VALUES ('2019090914112339161881', '201806141508359155', '201806141706047854', '2', 'Area/List', '地区管理', NULL, '0', NULL, NULL, NULL, '0', '0', '0', '17', '0', '1', NULL, '2019-09-09 00:00:00', '9f2ec079-7d0f-4fe2-90ab-8b09a8302aba', '2001-01-01 00:00:00', NULL, '2001-01-01 00:00:00', NULL);
INSERT INTO `sys_function` VALUES ('2019090914143743719340', '201806141508359155', '2019090914112339161881', '3', 'Area/Add', '新增地区', 'fas fa-plus', '0', 'ShowEditOrViewDialog()', NULL, NULL, '0', '1', '0', '162', '0', '1', NULL, '2019-09-09 00:00:00', '9f2ec079-7d0f-4fe2-90ab-8b09a8302aba', '2001-01-01 00:00:00', NULL, '2001-01-01 00:00:00', NULL);
INSERT INTO `sys_function` VALUES ('2020031715201313373149', '201806141511351940', '', '1', 'BascInfo', '基础信息', 'icon-goods', '0', NULL, NULL, NULL, '0', '0', '0', '1', '0', '1', NULL, '2020-03-17 00:00:00', '9f2ec079-7d0f-4fe2-90ab-8b09a8302aba', '2001-01-01 00:00:00', NULL, '2001-01-01 00:00:00', NULL);
INSERT INTO `sys_function` VALUES ('2020031715212606333486', '201806141511351940', '2020031715201313373149', '2', 'GoodsCategories/List', '商品分类列表', NULL, '0', NULL, NULL, NULL, '0', '1', '0', '6', '0', '1', NULL, '2020-03-17 00:00:00', '9f2ec079-7d0f-4fe2-90ab-8b09a8302aba', '2001-01-01 00:00:00', NULL, '2001-01-01 00:00:00', NULL);
INSERT INTO `sys_function` VALUES ('2020031715212632039570', '201806141511351940', '2020031715212606333486', '3', 'GoodsCategories/Add', '新增', 'el-icon-plus', '0', 'ShowEditOrViewDialog()', NULL, NULL, '0', '1', '0', '1', '0', '1', NULL, '2020-03-17 00:00:00', '9f2ec079-7d0f-4fe2-90ab-8b09a8302aba', '2001-01-01 00:00:00', NULL, '2001-01-01 00:00:00', NULL);
INSERT INTO `sys_function` VALUES ('2020031715212653551688', '201806141511351940', '2020031715212606333486', '3', 'GoodsCategories/Edit', '修改', 'el-icon-edit', '0', 'ShowEditOrViewDialog(\"edit\")', NULL, NULL, '0', '1', '0', '2', '0', '1', NULL, '2020-03-17 00:00:00', '9f2ec079-7d0f-4fe2-90ab-8b09a8302aba', '2001-01-01 00:00:00', NULL, '2001-01-01 00:00:00', NULL);
INSERT INTO `sys_function` VALUES ('2020031715212677793357', '201806141511351940', '2020031715212606333486', '3', 'GoodsCategories/Enable', '禁用', 'el-icon-video-pause', '0', 'setEnable(\"0\")', NULL, NULL, '0', '1', '0', '3', '0', '1', NULL, '2020-03-17 00:00:00', '9f2ec079-7d0f-4fe2-90ab-8b09a8302aba', '2001-01-01 00:00:00', NULL, '2001-01-01 00:00:00', NULL);
INSERT INTO `sys_function` VALUES ('2020031715212699663668', '201806141511351940', '2020031715212606333486', '3', 'GoodsCategories/Enable', '启用', 'el-icon-video-play', '0', 'setEnable(\"1\")', NULL, NULL, '0', '1', '0', '4', '0', '1', NULL, '2020-03-17 00:00:00', '9f2ec079-7d0f-4fe2-90ab-8b09a8302aba', '2001-01-01 00:00:00', NULL, '2001-01-01 00:00:00', NULL);
INSERT INTO `sys_function` VALUES ('2020031715212722399256', '201806141511351940', '2020031715212606333486', '3', 'GoodsCategories/DeleteSoft', '软删除', 'el-icon-delete', '0', 'deleteSoft(\"0\")', NULL, NULL, '0', '1', '0', '5', '0', '1', NULL, '2020-03-17 00:00:00', '9f2ec079-7d0f-4fe2-90ab-8b09a8302aba', '2001-01-01 00:00:00', NULL, '2001-01-01 00:00:00', NULL);
INSERT INTO `sys_function` VALUES ('2020031715212750842775', '201806141511351940', '2020031715212606333486', '3', 'GoodsCategories/Delete', '删除', 'el-icon-delete', '0', 'deletePhysics()', NULL, NULL, '0', '1', '0', '6', '0', '1', NULL, '2020-03-17 00:00:00', '9f2ec079-7d0f-4fe2-90ab-8b09a8302aba', '2001-01-01 00:00:00', NULL, '2001-01-01 00:00:00', NULL);
INSERT INTO `sys_function` VALUES ('2020031715243758885332', '201806141511351940', '2020031715201313373149', '2', 'Goods/List', '商品管理列表', NULL, '0', NULL, NULL, NULL, '0', '1', '0', '3', '0', '1', NULL, '2020-03-17 00:00:00', '9f2ec079-7d0f-4fe2-90ab-8b09a8302aba', '2001-01-01 00:00:00', NULL, '2001-01-01 00:00:00', NULL);
INSERT INTO `sys_function` VALUES ('2020031715243780802602', '201806141511351940', '2020031715243758885332', '3', 'Goods/Add', '新增', 'el-icon-plus', '0', 'ShowEditOrViewDialog()', NULL, NULL, '0', '1', '0', '1', '0', '1', NULL, '2020-03-17 00:00:00', '9f2ec079-7d0f-4fe2-90ab-8b09a8302aba', '2001-01-01 00:00:00', NULL, '2001-01-01 00:00:00', NULL);
INSERT INTO `sys_function` VALUES ('2020031715243803533724', '201806141511351940', '2020031715243758885332', '3', 'Goods/Edit', '修改', 'el-icon-edit', '0', 'ShowEditOrViewDialog(\"edit\")', NULL, NULL, '0', '1', '0', '2', '0', '1', NULL, '2020-03-17 00:00:00', '9f2ec079-7d0f-4fe2-90ab-8b09a8302aba', '2001-01-01 00:00:00', NULL, '2001-01-01 00:00:00', NULL);
INSERT INTO `sys_function` VALUES ('2020031715243825721086', '201806141511351940', '2020031715243758885332', '3', 'Goods/Enable', '禁用', 'el-icon-video-pause', '0', 'setEnable(\"0\")', NULL, NULL, '0', '1', '0', '3', '0', '1', NULL, '2020-03-17 00:00:00', '9f2ec079-7d0f-4fe2-90ab-8b09a8302aba', '2001-01-01 00:00:00', NULL, '2001-01-01 00:00:00', NULL);
INSERT INTO `sys_function` VALUES ('2020031715243845398567', '201806141511351940', '2020031715243758885332', '3', 'Goods/Enable', '启用', 'el-icon-video-play', '0', 'setEnable(\"1\")', NULL, NULL, '0', '1', '0', '4', '0', '1', NULL, '2020-03-17 00:00:00', '9f2ec079-7d0f-4fe2-90ab-8b09a8302aba', '2001-01-01 00:00:00', NULL, '2001-01-01 00:00:00', NULL);
INSERT INTO `sys_function` VALUES ('2020031715243864131959', '201806141511351940', '2020031715243758885332', '3', 'Goods/DeleteSoft', '软删除', 'el-icon-delete', '0', 'deleteSoft(\"0\")', NULL, NULL, '0', '1', '0', '5', '0', '1', NULL, '2020-03-17 00:00:00', '9f2ec079-7d0f-4fe2-90ab-8b09a8302aba', '2001-01-01 00:00:00', NULL, '2001-01-01 00:00:00', NULL);
INSERT INTO `sys_function` VALUES ('2020031715243884065153', '201806141511351940', '2020031715243758885332', '3', 'Goods/Delete', '删除', 'el-icon-delete', '0', 'deletePhysics()', NULL, NULL, '0', '1', '0', '6', '0', '1', NULL, '2020-03-17 00:00:00', '9f2ec079-7d0f-4fe2-90ab-8b09a8302aba', '2001-01-01 00:00:00', NULL, '2001-01-01 00:00:00', NULL);
INSERT INTO `sys_function` VALUES ('2020032518205166404205', '201806141511351940', '2020031715201313373149', '2', 'Warehouse/List', '仓库管理列表', NULL, '0', NULL, NULL, NULL, '0', '1', '0', '3', '0', '1', NULL, '2020-03-25 00:00:00', '9f2ec079-7d0f-4fe2-90ab-8b09a8302aba', '2001-01-01 00:00:00', NULL, '2001-01-01 00:00:00', NULL);
INSERT INTO `sys_function` VALUES ('2020032518205193456292', '201806141511351940', '2020032518205166404205', '3', 'Warehouse/Add', '新增', 'fas fa-plus', '0', NULL, NULL, NULL, '0', '1', '0', '1', '0', '1', NULL, '2020-03-25 00:00:00', '9f2ec079-7d0f-4fe2-90ab-8b09a8302aba', '2001-01-01 00:00:00', NULL, '2001-01-01 00:00:00', NULL);
INSERT INTO `sys_function` VALUES ('2020032518205217322447', '201806141511351940', '2020032518205166404205', '3', 'Warehouse/Edit', '修改', 'fas fa-edit', '0', NULL, NULL, NULL, '0', '1', '0', '2', '0', '1', NULL, '2020-03-25 00:00:00', '9f2ec079-7d0f-4fe2-90ab-8b09a8302aba', '2001-01-01 00:00:00', NULL, '2001-01-01 00:00:00', NULL);
INSERT INTO `sys_function` VALUES ('2020032518205246821432', '201806141511351940', '2020032518205166404205', '3', 'Warehouse/Enable', '禁用', 'fa fa-stop-circle', '0', NULL, NULL, NULL, '0', '1', '0', '3', '0', '1', NULL, '2020-03-25 00:00:00', '9f2ec079-7d0f-4fe2-90ab-8b09a8302aba', '2001-01-01 00:00:00', NULL, '2001-01-01 00:00:00', NULL);
INSERT INTO `sys_function` VALUES ('2020032518205269131670', '201806141511351940', '2020032518205166404205', '3', 'Warehouse/Enable', '启用', 'fa fa-play-circle', '0', NULL, NULL, NULL, '0', '1', '0', '4', '0', '1', NULL, '2020-03-25 00:00:00', '9f2ec079-7d0f-4fe2-90ab-8b09a8302aba', '2001-01-01 00:00:00', NULL, '2001-01-01 00:00:00', NULL);
INSERT INTO `sys_function` VALUES ('2020032518205295972658', '201806141511351940', '2020032518205166404205', '3', 'Warehouse/DeleteSoft', '软删除', 'fas fa-trash-alt', '0', NULL, NULL, NULL, '0', '1', '0', '5', '0', '1', NULL, '2020-03-25 00:00:00', '9f2ec079-7d0f-4fe2-90ab-8b09a8302aba', '2001-01-01 00:00:00', NULL, '2001-01-01 00:00:00', NULL);
INSERT INTO `sys_function` VALUES ('2020032518205318574464', '201806141511351940', '2020032518205166404205', '3', 'Warehouse/Delete', '删除', 'fas fa-trash-alt', '0', NULL, NULL, NULL, '0', '1', '0', '6', '0', '1', NULL, '2020-03-25 00:00:00', '9f2ec079-7d0f-4fe2-90ab-8b09a8302aba', '2001-01-01 00:00:00', NULL, '2001-01-01 00:00:00', NULL);
INSERT INTO `sys_function` VALUES ('2020032620151069352872', '201806141511351940', '', '1', 'OutStock', '出库管理', 'icon-list', '0', NULL, NULL, NULL, '0', '0', '0', '5', '0', '1', NULL, '2020-03-26 00:00:00', '9f2ec079-7d0f-4fe2-90ab-8b09a8302aba', '2001-01-01 00:00:00', NULL, '2001-01-01 00:00:00', NULL);
INSERT INTO `sys_function` VALUES ('2020032620171575241130', '201806141511351940', '2020032620151069352872', '2', 'OutStock/List', '出库通知单列表', NULL, '0', NULL, NULL, NULL, '1', '1', '0', '1', '0', '1', NULL, '2020-03-26 00:00:00', '9f2ec079-7d0f-4fe2-90ab-8b09a8302aba', '2001-01-01 00:00:00', NULL, '2001-01-01 00:00:00', NULL);
INSERT INTO `sys_function` VALUES ('2020032620171598627195', '201806141511351940', '2020032620171575241130', '3', 'OutStock/Add', '新增', 'fas fa-plus', '0', NULL, NULL, NULL, '1', '1', '0', '1', '0', '1', NULL, '2020-03-26 00:00:00', '9f2ec079-7d0f-4fe2-90ab-8b09a8302aba', '2001-01-01 00:00:00', NULL, '2001-01-01 00:00:00', NULL);
INSERT INTO `sys_function` VALUES ('2020032620171622513712', '201806141511351940', '2020032620171575241130', '3', 'OutStock/Edit', '修改', 'fas fa-edit', '0', NULL, NULL, NULL, '1', '1', '0', '2', '0', '1', NULL, '2020-03-26 00:00:00', '9f2ec079-7d0f-4fe2-90ab-8b09a8302aba', '2001-01-01 00:00:00', NULL, '2001-01-01 00:00:00', NULL);
INSERT INTO `sys_function` VALUES ('2020032620171643492019', '201806141511351940', '2020032620171575241130', '3', 'OutStock/Enable', '禁用', 'fa fa-stop-circle', '0', NULL, NULL, NULL, '1', '1', '0', '3', '0', '1', NULL, '2020-03-26 00:00:00', '9f2ec079-7d0f-4fe2-90ab-8b09a8302aba', '2001-01-01 00:00:00', NULL, '2001-01-01 00:00:00', NULL);
INSERT INTO `sys_function` VALUES ('2020032620171670355767', '201806141511351940', '2020032620171575241130', '3', 'OutStock/Enable', '启用', 'fa fa-play-circle', '0', NULL, NULL, NULL, '1', '1', '0', '4', '0', '1', NULL, '2020-03-26 00:00:00', '9f2ec079-7d0f-4fe2-90ab-8b09a8302aba', '2001-01-01 00:00:00', NULL, '2001-01-01 00:00:00', NULL);
INSERT INTO `sys_function` VALUES ('2020032620171689793493', '201806141511351940', '2020032620171575241130', '3', 'OutStock/DeleteSoft', '软删除', 'fas fa-trash-alt', '0', NULL, NULL, NULL, '1', '1', '0', '5', '0', '1', NULL, '2020-03-26 00:00:00', '9f2ec079-7d0f-4fe2-90ab-8b09a8302aba', '2001-01-01 00:00:00', NULL, '2001-01-01 00:00:00', NULL);
INSERT INTO `sys_function` VALUES ('2020032620171711329581', '201806141511351940', '2020032620171575241130', '3', 'OutStock/Delete', '删除', 'fas fa-trash-alt', '0', NULL, NULL, NULL, '1', '1', '0', '6', '0', '1', NULL, '2020-03-26 00:00:00', '9f2ec079-7d0f-4fe2-90ab-8b09a8302aba', '2001-01-01 00:00:00', NULL, '2001-01-01 00:00:00', NULL);
INSERT INTO `sys_function` VALUES ('2020032621403052089259', '201806141511351940', '', '1', 'MachineManager', '设备管理', NULL, '0', NULL, NULL, NULL, '0', '0', '0', '99', '0', '1', NULL, '2020-03-26 00:00:00', '9f2ec079-7d0f-4fe2-90ab-8b09a8302aba', '2001-01-01 00:00:00', NULL, '2001-01-01 00:00:00', NULL);
INSERT INTO `sys_function` VALUES ('2020032621411627492341', '201806141511351940', '2020032621403052089259', '2', 'SortingMachine/List', '分拣机管理列表', NULL, '0', NULL, NULL, NULL, '0', '1', '0', '1', '0', '1', NULL, '2020-03-26 00:00:00', '9f2ec079-7d0f-4fe2-90ab-8b09a8302aba', '2001-01-01 00:00:00', NULL, '2001-01-01 00:00:00', NULL);
INSERT INTO `sys_function` VALUES ('2020032620241040022700', '201806141511351940', '2020032620151069352872', '2', 'SortingBill/List', '分拣单列表', NULL, '0', NULL, NULL, NULL, '0', '1', '0', '2', '0', '1', NULL, '2020-03-26 00:00:00', '9f2ec079-7d0f-4fe2-90ab-8b09a8302aba', '2001-01-01 00:00:00', NULL, '2001-01-01 00:00:00', NULL);
INSERT INTO `sys_function` VALUES ('2020032620241060368113', '201806141511351940', '2020032620241040022700', '3', 'SortingBill/Add', '新增', 'fas fa-plus', '0', NULL, NULL, NULL, '0', '1', '0', '1', '0', '1', NULL, '2020-03-26 00:00:00', '9f2ec079-7d0f-4fe2-90ab-8b09a8302aba', '2001-01-01 00:00:00', NULL, '2001-01-01 00:00:00', NULL);
INSERT INTO `sys_function` VALUES ('2020032620241081907121', '201806141511351940', '2020032620241040022700', '3', 'SortingBill/Edit', '修改', 'fas fa-edit', '0', NULL, NULL, NULL, '0', '1', '0', '2', '0', '1', NULL, '2020-03-26 00:00:00', '9f2ec079-7d0f-4fe2-90ab-8b09a8302aba', '2001-01-01 00:00:00', NULL, '2001-01-01 00:00:00', NULL);
INSERT INTO `sys_function` VALUES ('2020032620241102007403', '201806141511351940', '2020032620241040022700', '3', 'SortingBill/Enable', '禁用', 'fa fa-stop-circle', '0', NULL, NULL, NULL, '0', '1', '0', '3', '0', '1', NULL, '2020-03-26 00:00:00', '9f2ec079-7d0f-4fe2-90ab-8b09a8302aba', '2001-01-01 00:00:00', NULL, '2001-01-01 00:00:00', NULL);
INSERT INTO `sys_function` VALUES ('2020032620241121381372', '201806141511351940', '2020032620241040022700', '3', 'SortingBill/Enable', '启用', 'fa fa-play-circle', '0', NULL, NULL, NULL, '0', '1', '0', '4', '0', '1', NULL, '2020-03-26 00:00:00', '9f2ec079-7d0f-4fe2-90ab-8b09a8302aba', '2001-01-01 00:00:00', NULL, '2001-01-01 00:00:00', NULL);
INSERT INTO `sys_function` VALUES ('2020032620241145366711', '201806141511351940', '2020032620241040022700', '3', 'SortingBill/DeleteSoft', '软删除', 'fas fa-trash-alt', '0', NULL, NULL, NULL, '0', '1', '0', '5', '0', '1', NULL, '2020-03-26 00:00:00', '9f2ec079-7d0f-4fe2-90ab-8b09a8302aba', '2001-01-01 00:00:00', NULL, '2001-01-01 00:00:00', NULL);
INSERT INTO `sys_function` VALUES ('2020032620241164763380', '201806141511351940', '2020032620241040022700', '3', 'SortingBill/Delete', '删除', 'fas fa-trash-alt', '0', NULL, NULL, NULL, '0', '1', '0', '6', '0', '1', NULL, '2020-03-26 00:00:00', '9f2ec079-7d0f-4fe2-90ab-8b09a8302aba', '2001-01-01 00:00:00', NULL, '2001-01-01 00:00:00', NULL);
INSERT INTO `sys_function` VALUES ('2020032620254500504383', '201806141511351940', '2020032620151069352872', '2', 'DeliveryBill/List', '发货单列表', NULL, '0', NULL, NULL, NULL, '0', '1', '0', '3', '0', '1', NULL, '2020-03-26 00:00:00', '9f2ec079-7d0f-4fe2-90ab-8b09a8302aba', '2001-01-01 00:00:00', NULL, '2001-01-01 00:00:00', NULL);
INSERT INTO `sys_function` VALUES ('2020032620254524072716', '201806141511351940', '2020032620254500504383', '3', 'DeliveryBill/Add', '新增', 'fas fa-plus', '0', NULL, NULL, NULL, '0', '1', '0', '1', '0', '1', NULL, '2020-03-26 00:00:00', '9f2ec079-7d0f-4fe2-90ab-8b09a8302aba', '2001-01-01 00:00:00', NULL, '2001-01-01 00:00:00', NULL);
INSERT INTO `sys_function` VALUES ('2020032620254544227907', '201806141511351940', '2020032620254500504383', '3', 'DeliveryBill/Edit', '修改', 'fas fa-edit', '0', NULL, NULL, NULL, '0', '1', '0', '2', '0', '1', NULL, '2020-03-26 00:00:00', '9f2ec079-7d0f-4fe2-90ab-8b09a8302aba', '2001-01-01 00:00:00', NULL, '2001-01-01 00:00:00', NULL);
INSERT INTO `sys_function` VALUES ('2020032620254567716980', '201806141511351940', '2020032620254500504383', '3', 'DeliveryBill/Enable', '禁用', 'fa fa-stop-circle', '0', NULL, NULL, NULL, '0', '1', '0', '3', '0', '1', NULL, '2020-03-26 00:00:00', '9f2ec079-7d0f-4fe2-90ab-8b09a8302aba', '2001-01-01 00:00:00', NULL, '2001-01-01 00:00:00', NULL);
INSERT INTO `sys_function` VALUES ('2020032620254586584279', '201806141511351940', '2020032620254500504383', '3', 'DeliveryBill/Enable', '启用', 'fa fa-play-circle', '0', NULL, NULL, NULL, '0', '1', '0', '4', '0', '1', NULL, '2020-03-26 00:00:00', '9f2ec079-7d0f-4fe2-90ab-8b09a8302aba', '2001-01-01 00:00:00', NULL, '2001-01-01 00:00:00', NULL);
INSERT INTO `sys_function` VALUES ('2020032620254605983983', '201806141511351940', '2020032620254500504383', '3', 'DeliveryBill/DeleteSoft', '软删除', 'fas fa-trash-alt', '0', NULL, NULL, NULL, '0', '1', '0', '5', '0', '1', NULL, '2020-03-26 00:00:00', '9f2ec079-7d0f-4fe2-90ab-8b09a8302aba', '2001-01-01 00:00:00', NULL, '2001-01-01 00:00:00', NULL);
INSERT INTO `sys_function` VALUES ('2020032620254625366821', '201806141511351940', '2020032620254500504383', '3', 'DeliveryBill/Delete', '删除', 'fas fa-trash-alt', '0', NULL, NULL, NULL, '0', '1', '0', '6', '0', '1', NULL, '2020-03-26 00:00:00', '9f2ec079-7d0f-4fe2-90ab-8b09a8302aba', '2001-01-01 00:00:00', NULL, '2001-01-01 00:00:00', NULL);
INSERT INTO `sys_function` VALUES ('2020032621411652922755', '201806141511351940', '2020032621411627492341', '3', 'SortingMachine/Add', '新增', 'fas fa-plus', '0', NULL, NULL, NULL, '0', '1', '0', '1', '0', '1', NULL, '2020-03-26 00:00:00', '9f2ec079-7d0f-4fe2-90ab-8b09a8302aba', '2001-01-01 00:00:00', NULL, '2001-01-01 00:00:00', NULL);
INSERT INTO `sys_function` VALUES ('2020032621411673282709', '201806141511351940', '2020032621411627492341', '3', 'SortingMachine/Edit', '修改', 'fas fa-edit', '0', NULL, NULL, NULL, '0', '1', '0', '2', '0', '1', NULL, '2020-03-26 00:00:00', '9f2ec079-7d0f-4fe2-90ab-8b09a8302aba', '2001-01-01 00:00:00', NULL, '2001-01-01 00:00:00', NULL);
INSERT INTO `sys_function` VALUES ('2020032621411694009088', '201806141511351940', '2020032621411627492341', '3', 'SortingMachine/Enable', '禁用', 'fa fa-stop-circle', '0', NULL, NULL, NULL, '0', '1', '0', '3', '0', '1', NULL, '2020-03-26 00:00:00', '9f2ec079-7d0f-4fe2-90ab-8b09a8302aba', '2001-01-01 00:00:00', NULL, '2001-01-01 00:00:00', NULL);
INSERT INTO `sys_function` VALUES ('2020032621411715526555', '201806141511351940', '2020032621411627492341', '3', 'SortingMachine/Enable', '启用', 'fa fa-play-circle', '0', NULL, NULL, NULL, '0', '1', '0', '4', '0', '1', NULL, '2020-03-26 00:00:00', '9f2ec079-7d0f-4fe2-90ab-8b09a8302aba', '2001-01-01 00:00:00', NULL, '2001-01-01 00:00:00', NULL);
INSERT INTO `sys_function` VALUES ('2020032621411734285647', '201806141511351940', '2020032621411627492341', '3', 'SortingMachine/DeleteSoft', '软删除', 'fas fa-trash-alt', '0', NULL, NULL, NULL, '0', '1', '0', '5', '0', '1', NULL, '2020-03-26 00:00:00', '9f2ec079-7d0f-4fe2-90ab-8b09a8302aba', '2001-01-01 00:00:00', NULL, '2001-01-01 00:00:00', NULL);
INSERT INTO `sys_function` VALUES ('2020032621411755002855', '201806141511351940', '2020032621411627492341', '3', 'SortingMachine/Delete', '删除', 'fas fa-trash-alt', '0', NULL, NULL, NULL, '0', '1', '0', '6', '0', '1', NULL, '2020-03-26 00:00:00', '9f2ec079-7d0f-4fe2-90ab-8b09a8302aba', '2001-01-01 00:00:00', NULL, '2001-01-01 00:00:00', NULL);
INSERT INTO `sys_function` VALUES ('20200317152438840651513', '201806141511351940', '2020031715243758885332', '3', 'Goods/View', '查看', 'el-icon-delete', '0', NULL, NULL, NULL, '0', '1', '0', '6', '0', '1', NULL, '2020-03-17 00:00:00', '9f2ec079-7d0f-4fe2-90ab-8b09a8302aba', '2001-01-01 00:00:00', NULL, '2001-01-01 00:00:00', NULL);
INSERT INTO `sys_function` VALUES ('20200317152127508422775', '201806141511351940', '2020031715212606333486', '3', 'GoodsCategories/View', '查看', 'el-icon-delete', '0', NULL, NULL, NULL, '0', '1', '0', '6', '0', '1', NULL, '2020-03-17 00:00:00', '9f2ec079-7d0f-4fe2-90ab-8b09a8302aba', '2001-01-01 00:00:00', NULL, '2001-01-01 00:00:00', NULL);
INSERT INTO `sys_function` VALUES ('2020033017313046017896', '201806141511351940', '2020032620171575241130', '3', 'OutStock/PushSortingBillByOrder', '按单分拣', NULL, '0', NULL, NULL, NULL, '0', '0', '0', '7', '0', '1', '按出库单生成分家单，一单一分拣', '2020-03-30 00:00:00', '9f2ec079-7d0f-4fe2-90ab-8b09a8302aba', '2020-04-03 00:00:00', '9f2ec079-7d0f-4fe2-90ab-8b09a8302aba', '2001-01-01 00:00:00', NULL);
INSERT INTO `sys_function` VALUES ('2020040419135256802308', '201806141511351940', '2020031715201313373149', '2', 'Customer/List', '客户管理列表', NULL, '0', NULL, NULL, NULL, '1', '1', '0', '8', '0', '1', NULL, '2020-04-04 00:00:00', '9f2ec079-7d0f-4fe2-90ab-8b09a8302aba', '2001-01-01 00:00:00', NULL, '2001-01-01 00:00:00', NULL);
INSERT INTO `sys_function` VALUES ('2020040419135264785651', '201806141511351940', '2020040419135256802308', '3', 'Customer/Add', '新增', 'fas fa-plus', '0', NULL, NULL, NULL, '1', '1', '0', '1', '0', '1', NULL, '2020-04-04 00:00:00', '9f2ec079-7d0f-4fe2-90ab-8b09a8302aba', '2001-01-01 00:00:00', NULL, '2001-01-01 00:00:00', NULL);
INSERT INTO `sys_function` VALUES ('2020040419135268957642', '201806141511351940', '2020040419135256802308', '3', 'Customer/Edit', '修改', 'fas fa-edit', '0', NULL, NULL, NULL, '1', '1', '0', '2', '0', '1', NULL, '2020-04-04 00:00:00', '9f2ec079-7d0f-4fe2-90ab-8b09a8302aba', '2001-01-01 00:00:00', NULL, '2001-01-01 00:00:00', NULL);
INSERT INTO `sys_function` VALUES ('2020040419135273002955', '201806141511351940', '2020040419135256802308', '3', 'Customer/Enable', '禁用', 'fa fa-stop-circle', '0', NULL, NULL, NULL, '1', '1', '0', '3', '0', '1', NULL, '2020-04-04 00:00:00', '9f2ec079-7d0f-4fe2-90ab-8b09a8302aba', '2001-01-01 00:00:00', NULL, '2001-01-01 00:00:00', NULL);
INSERT INTO `sys_function` VALUES ('2020040419135276952826', '201806141511351940', '2020040419135256802308', '3', 'Customer/Enable', '启用', 'fa fa-play-circle', '0', NULL, NULL, NULL, '1', '1', '0', '4', '0', '1', NULL, '2020-04-04 00:00:00', '9f2ec079-7d0f-4fe2-90ab-8b09a8302aba', '2001-01-01 00:00:00', NULL, '2001-01-01 00:00:00', NULL);
INSERT INTO `sys_function` VALUES ('2020040419135280934353', '201806141511351940', '2020040419135256802308', '3', 'Customer/DeleteSoft', '软删除', 'fas fa-trash-alt', '0', NULL, NULL, NULL, '1', '1', '0', '5', '0', '1', NULL, '2020-04-04 00:00:00', '9f2ec079-7d0f-4fe2-90ab-8b09a8302aba', '2001-01-01 00:00:00', NULL, '2001-01-01 00:00:00', NULL);
INSERT INTO `sys_function` VALUES ('2020040419135284125182', '201806141511351940', '2020040419135256802308', '3', 'Customer/Delete', '删除', 'fas fa-trash-alt', '0', NULL, NULL, NULL, '1', '1', '0', '6', '0', '1', NULL, '2020-04-04 00:00:00', '9f2ec079-7d0f-4fe2-90ab-8b09a8302aba', '2001-01-01 00:00:00', NULL, '2001-01-01 00:00:00', NULL);
INSERT INTO `sys_function` VALUES ('2020032621415050317292', '201806141511351940', '2020032621403052089259', '2', 'SortingPort/List', '分拣道口列表', NULL, '0', NULL, NULL, NULL, '0', '1', '0', '2', '0', '1', NULL, '2020-03-26 00:00:00', '9f2ec079-7d0f-4fe2-90ab-8b09a8302aba', '2001-01-01 00:00:00', NULL, '2001-01-01 00:00:00', NULL);
INSERT INTO `sys_function` VALUES ('2020032621415072232954', '201806141511351940', '2020032621415050317292', '3', 'SortingPort/Add', '新增', 'fas fa-plus', '0', NULL, NULL, NULL, '0', '1', '0', '1', '0', '1', NULL, '2020-03-26 00:00:00', '9f2ec079-7d0f-4fe2-90ab-8b09a8302aba', '2001-01-01 00:00:00', NULL, '2001-01-01 00:00:00', NULL);
INSERT INTO `sys_function` VALUES ('2020032621415092661686', '201806141511351940', '2020032621415050317292', '3', 'SortingPort/Edit', '修改', 'fas fa-edit', '0', NULL, NULL, NULL, '0', '1', '0', '2', '0', '1', NULL, '2020-03-26 00:00:00', '9f2ec079-7d0f-4fe2-90ab-8b09a8302aba', '2001-01-01 00:00:00', NULL, '2001-01-01 00:00:00', NULL);
INSERT INTO `sys_function` VALUES ('2020032621415111827632', '201806141511351940', '2020032621415050317292', '3', 'SortingPort/Enable', '禁用', 'fa fa-stop-circle', '0', NULL, NULL, NULL, '0', '1', '0', '3', '0', '1', NULL, '2020-03-26 00:00:00', '9f2ec079-7d0f-4fe2-90ab-8b09a8302aba', '2001-01-01 00:00:00', NULL, '2001-01-01 00:00:00', NULL);
INSERT INTO `sys_function` VALUES ('2020032621415132198318', '201806141511351940', '2020032621415050317292', '3', 'SortingPort/Enable', '启用', 'fa fa-play-circle', '0', NULL, NULL, NULL, '0', '1', '0', '4', '0', '1', NULL, '2020-03-26 00:00:00', '9f2ec079-7d0f-4fe2-90ab-8b09a8302aba', '2001-01-01 00:00:00', NULL, '2001-01-01 00:00:00', NULL);
INSERT INTO `sys_function` VALUES ('2020032621415151684960', '201806141511351940', '2020032621415050317292', '3', 'SortingPort/DeleteSoft', '软删除', 'fas fa-trash-alt', '0', NULL, NULL, NULL, '0', '1', '0', '5', '0', '1', NULL, '2020-03-26 00:00:00', '9f2ec079-7d0f-4fe2-90ab-8b09a8302aba', '2001-01-01 00:00:00', NULL, '2001-01-01 00:00:00', NULL);
INSERT INTO `sys_function` VALUES ('2020032621415171166269', '201806141511351940', '2020032621415050317292', '3', 'SortingPort/Delete', '删除', 'fas fa-trash-alt', '0', NULL, NULL, NULL, '0', '1', '0', '6', '0', '1', NULL, '2020-03-26 00:00:00', '9f2ec079-7d0f-4fe2-90ab-8b09a8302aba', '2001-01-01 00:00:00', NULL, '2001-01-01 00:00:00', NULL);
INSERT INTO `sys_function` VALUES ('2020032621541844477304', '201806141511351940', '2020032621403052089259', '2', 'TurnoverBox/List', '周转箱列表', NULL, '0', NULL, NULL, NULL, '0', '1', '0', '3', '0', '1', NULL, '2020-03-26 00:00:00', '9f2ec079-7d0f-4fe2-90ab-8b09a8302aba', '2001-01-01 00:00:00', NULL, '2001-01-01 00:00:00', NULL);
INSERT INTO `sys_function` VALUES ('2020032621541867679944', '201806141511351940', '2020032621541844477304', '3', 'TurnoverBox/Add', '新增', 'fas fa-plus', '0', NULL, NULL, NULL, '0', '1', '0', '1', '0', '1', NULL, '2020-03-26 00:00:00', '9f2ec079-7d0f-4fe2-90ab-8b09a8302aba', '2001-01-01 00:00:00', NULL, '2001-01-01 00:00:00', NULL);
INSERT INTO `sys_function` VALUES ('2020032621541893262745', '201806141511351940', '2020032621541844477304', '3', 'TurnoverBox/Edit', '修改', 'fas fa-edit', '0', NULL, NULL, NULL, '0', '1', '0', '2', '0', '1', NULL, '2020-03-26 00:00:00', '9f2ec079-7d0f-4fe2-90ab-8b09a8302aba', '2001-01-01 00:00:00', NULL, '2001-01-01 00:00:00', NULL);
INSERT INTO `sys_function` VALUES ('2020032621541911406076', '201806141511351940', '2020032621541844477304', '3', 'TurnoverBox/Enable', '禁用', 'fa fa-stop-circle', '0', NULL, NULL, NULL, '0', '1', '0', '3', '0', '1', NULL, '2020-03-26 00:00:00', '9f2ec079-7d0f-4fe2-90ab-8b09a8302aba', '2001-01-01 00:00:00', NULL, '2001-01-01 00:00:00', NULL);
INSERT INTO `sys_function` VALUES ('2020032621541931959290', '201806141511351940', '2020032621541844477304', '3', 'TurnoverBox/Enable', '启用', 'fa fa-play-circle', '0', NULL, NULL, NULL, '0', '1', '0', '4', '0', '1', NULL, '2020-03-26 00:00:00', '9f2ec079-7d0f-4fe2-90ab-8b09a8302aba', '2001-01-01 00:00:00', NULL, '2001-01-01 00:00:00', NULL);
INSERT INTO `sys_function` VALUES ('2020032621541954956439', '201806141511351940', '2020032621541844477304', '3', 'TurnoverBox/DeleteSoft', '软删除', 'fas fa-trash-alt', '0', NULL, NULL, NULL, '0', '1', '0', '5', '0', '1', NULL, '2020-03-26 00:00:00', '9f2ec079-7d0f-4fe2-90ab-8b09a8302aba', '2001-01-01 00:00:00', NULL, '2001-01-01 00:00:00', NULL);
INSERT INTO `sys_function` VALUES ('2020032621541975199681', '201806141511351940', '2020032621541844477304', '3', 'TurnoverBox/Delete', '删除', 'fas fa-trash-alt', '0', NULL, NULL, NULL, '0', '1', '0', '6', '0', '1', NULL, '2020-03-26 00:00:00', '9f2ec079-7d0f-4fe2-90ab-8b09a8302aba', '2001-01-01 00:00:00', NULL, '2001-01-01 00:00:00', NULL);
INSERT INTO `sys_function` VALUES ('2020032621544751046709', '201806141511351940', '2020032621403052089259', '2', 'HandheldPDA/List', '手持PDA列表', NULL, '0', NULL, NULL, NULL, '0', '1', '0', '4', '0', '1', NULL, '2020-03-26 00:00:00', '9f2ec079-7d0f-4fe2-90ab-8b09a8302aba', '2001-01-01 00:00:00', NULL, '2001-01-01 00:00:00', NULL);
INSERT INTO `sys_function` VALUES ('2020032621544773079129', '201806141511351940', '2020032621544751046709', '3', 'HandheldPDA/Add', '新增', 'fas fa-plus', '0', NULL, NULL, NULL, '0', '1', '0', '1', '0', '1', NULL, '2020-03-26 00:00:00', '9f2ec079-7d0f-4fe2-90ab-8b09a8302aba', '2001-01-01 00:00:00', NULL, '2001-01-01 00:00:00', NULL);
INSERT INTO `sys_function` VALUES ('2020032621544794704803', '201806141511351940', '2020032621544751046709', '3', 'HandheldPDA/Edit', '修改', 'fas fa-edit', '0', NULL, NULL, NULL, '0', '1', '0', '2', '0', '1', NULL, '2020-03-26 00:00:00', '9f2ec079-7d0f-4fe2-90ab-8b09a8302aba', '2001-01-01 00:00:00', NULL, '2001-01-01 00:00:00', NULL);
INSERT INTO `sys_function` VALUES ('2020032621544817748391', '201806141511351940', '2020032621544751046709', '3', 'HandheldPDA/Enable', '禁用', 'fa fa-stop-circle', '0', NULL, NULL, NULL, '0', '1', '0', '3', '0', '1', NULL, '2020-03-26 00:00:00', '9f2ec079-7d0f-4fe2-90ab-8b09a8302aba', '2001-01-01 00:00:00', NULL, '2001-01-01 00:00:00', NULL);
INSERT INTO `sys_function` VALUES ('2020032621544839281663', '201806141511351940', '2020032621544751046709', '3', 'HandheldPDA/Enable', '启用', 'fa fa-play-circle', '0', NULL, NULL, NULL, '0', '1', '0', '4', '0', '1', NULL, '2020-03-26 00:00:00', '9f2ec079-7d0f-4fe2-90ab-8b09a8302aba', '2001-01-01 00:00:00', NULL, '2001-01-01 00:00:00', NULL);
INSERT INTO `sys_function` VALUES ('2020032621544857881789', '201806141511351940', '2020032621544751046709', '3', 'HandheldPDA/DeleteSoft', '软删除', 'fas fa-trash-alt', '0', NULL, NULL, NULL, '0', '1', '0', '5', '0', '1', NULL, '2020-03-26 00:00:00', '9f2ec079-7d0f-4fe2-90ab-8b09a8302aba', '2001-01-01 00:00:00', NULL, '2001-01-01 00:00:00', NULL);
INSERT INTO `sys_function` VALUES ('2020032621544877954066', '201806141511351940', '2020032621544751046709', '3', 'HandheldPDA/Delete', '删除', 'fas fa-trash-alt', '0', NULL, NULL, NULL, '0', '1', '0', '6', '0', '1', NULL, '2020-03-26 00:00:00', '9f2ec079-7d0f-4fe2-90ab-8b09a8302aba', '2001-01-01 00:00:00', NULL, '2001-01-01 00:00:00', NULL);
INSERT INTO `sys_function` VALUES ('2020033019063921755069', '201806141511351940', '2020032620151069352872', '2', 'SortingTaskBill/List', '分拣作业列表', NULL, '0', NULL, NULL, NULL, '1', '1', '0', '99', '0', '1', NULL, '2020-03-30 00:00:00', '9f2ec079-7d0f-4fe2-90ab-8b09a8302aba', '2001-01-01 00:00:00', NULL, '2001-01-01 00:00:00', NULL);
INSERT INTO `sys_function` VALUES ('2020033019063930028920', '201806141511351940', '2020033019063921755069', '3', 'SortingTaskBill/Add', '新增', 'fas fa-plus', '0', NULL, NULL, NULL, '1', '1', '0', '1', '0', '1', NULL, '2020-03-30 00:00:00', '9f2ec079-7d0f-4fe2-90ab-8b09a8302aba', '2001-01-01 00:00:00', NULL, '2001-01-01 00:00:00', NULL);
INSERT INTO `sys_function` VALUES ('2020033019063934355257', '201806141511351940', '2020033019063921755069', '3', 'SortingTaskBill/Edit', '修改', 'fas fa-edit', '0', NULL, NULL, NULL, '1', '1', '0', '2', '0', '1', NULL, '2020-03-30 00:00:00', '9f2ec079-7d0f-4fe2-90ab-8b09a8302aba', '2001-01-01 00:00:00', NULL, '2001-01-01 00:00:00', NULL);
INSERT INTO `sys_function` VALUES ('2020033019063939931569', '201806141511351940', '2020033019063921755069', '3', 'SortingTaskBill/Enable', '禁用', 'fa fa-stop-circle', '0', NULL, NULL, NULL, '1', '1', '0', '3', '0', '1', NULL, '2020-03-30 00:00:00', '9f2ec079-7d0f-4fe2-90ab-8b09a8302aba', '2001-01-01 00:00:00', NULL, '2001-01-01 00:00:00', NULL);
INSERT INTO `sys_function` VALUES ('2020033019063944329391', '201806141511351940', '2020033019063921755069', '3', 'SortingTaskBill/Enable', '启用', 'fa fa-play-circle', '0', NULL, NULL, NULL, '1', '1', '0', '4', '0', '1', NULL, '2020-03-30 00:00:00', '9f2ec079-7d0f-4fe2-90ab-8b09a8302aba', '2001-01-01 00:00:00', NULL, '2001-01-01 00:00:00', NULL);
INSERT INTO `sys_function` VALUES ('2020033019063948379306', '201806141511351940', '2020033019063921755069', '3', 'SortingTaskBill/DeleteSoft', '软删除', 'fas fa-trash-alt', '0', NULL, NULL, NULL, '1', '1', '0', '5', '0', '1', NULL, '2020-03-30 00:00:00', '9f2ec079-7d0f-4fe2-90ab-8b09a8302aba', '2001-01-01 00:00:00', NULL, '2001-01-01 00:00:00', NULL);
INSERT INTO `sys_function` VALUES ('2020033019063953775498', '201806141511351940', '2020033019063921755069', '3', 'SortingTaskBill/Delete', '删除', 'fas fa-trash-alt', '0', NULL, NULL, NULL, '1', '1', '0', '6', '0', '1', NULL, '2020-03-30 00:00:00', '9f2ec079-7d0f-4fe2-90ab-8b09a8302aba', '2001-01-01 00:00:00', NULL, '2001-01-01 00:00:00', NULL);
INSERT INTO `sys_function` VALUES ('2020040622022298045420', '201806141511351940', '2020033019063921755069', '3', 'SortingTaskBill/PushOrderSortingTask', '生成分拣机任务单', NULL, '0', NULL, NULL, NULL, '0', '0', '0', '6', '0', '1', NULL, '2020-04-06 00:00:00', '9f2ec079-7d0f-4fe2-90ab-8b09a8302aba', '2001-01-01 00:00:00', NULL, '2001-01-01 00:00:00', NULL);
INSERT INTO `sys_function` VALUES ('2020040212281727304230', '201806141511351940', '2020032620151069352872', '2', 'SortingTaskBillDetail/List', '分拣作业明细', NULL, '0', NULL, NULL, NULL, '0', '0', '0', '99', '0', '1', NULL, '2020-04-02 00:00:00', '9f2ec079-7d0f-4fe2-90ab-8b09a8302aba', '2001-01-01 00:00:00', NULL, '2001-01-01 00:00:00', NULL);
INSERT INTO `sys_function` VALUES ('2020040212285655786498', '201806141511351940', '2020032620151069352872', '2', 'PackingTask/List', '包装作业列表', NULL, '0', NULL, NULL, NULL, '0', '1', '0', '99', '0', '1', NULL, '2020-04-02 00:00:00', '9f2ec079-7d0f-4fe2-90ab-8b09a8302aba', '2001-01-01 00:00:00', NULL, '2001-01-01 00:00:00', NULL);
INSERT INTO `sys_function` VALUES ('2020040212285661966166', '201806141511351940', '2020040212285655786498', '3', 'PackingTask/Add', '新增', 'fas fa-plus', '0', NULL, NULL, NULL, '0', '1', '0', '1', '0', '1', NULL, '2020-04-02 00:00:00', '9f2ec079-7d0f-4fe2-90ab-8b09a8302aba', '2001-01-01 00:00:00', NULL, '2001-01-01 00:00:00', NULL);
INSERT INTO `sys_function` VALUES ('2020040212285665972730', '201806141511351940', '2020040212285655786498', '3', 'PackingTask/Edit', '修改', 'fas fa-edit', '0', NULL, NULL, NULL, '0', '1', '0', '2', '0', '1', NULL, '2020-04-02 00:00:00', '9f2ec079-7d0f-4fe2-90ab-8b09a8302aba', '2001-01-01 00:00:00', NULL, '2001-01-01 00:00:00', NULL);
INSERT INTO `sys_function` VALUES ('2020040212285669962966', '201806141511351940', '2020040212285655786498', '3', 'PackingTask/Enable', '禁用', 'fa fa-stop-circle', '0', NULL, NULL, NULL, '0', '1', '0', '3', '0', '1', NULL, '2020-04-02 00:00:00', '9f2ec079-7d0f-4fe2-90ab-8b09a8302aba', '2001-01-01 00:00:00', NULL, '2001-01-01 00:00:00', NULL);
INSERT INTO `sys_function` VALUES ('2020040212285673947783', '201806141511351940', '2020040212285655786498', '3', 'PackingTask/Enable', '启用', 'fa fa-play-circle', '0', NULL, NULL, NULL, '0', '1', '0', '4', '0', '1', NULL, '2020-04-02 00:00:00', '9f2ec079-7d0f-4fe2-90ab-8b09a8302aba', '2001-01-01 00:00:00', NULL, '2001-01-01 00:00:00', NULL);
INSERT INTO `sys_function` VALUES ('2020040212285677534040', '201806141511351940', '2020040212285655786498', '3', 'PackingTask/DeleteSoft', '软删除', 'fas fa-trash-alt', '0', NULL, NULL, NULL, '0', '1', '0', '5', '0', '1', NULL, '2020-04-02 00:00:00', '9f2ec079-7d0f-4fe2-90ab-8b09a8302aba', '2001-01-01 00:00:00', NULL, '2001-01-01 00:00:00', NULL);
INSERT INTO `sys_function` VALUES ('2020040212285681937332', '201806141511351940', '2020040212285655786498', '3', 'PackingTask/Delete', '删除', 'fas fa-trash-alt', '0', NULL, NULL, NULL, '0', '1', '0', '6', '0', '1', NULL, '2020-04-02 00:00:00', '9f2ec079-7d0f-4fe2-90ab-8b09a8302aba', '2001-01-01 00:00:00', NULL, '2001-01-01 00:00:00', NULL);
INSERT INTO `sys_function` VALUES ('2020040318330410691595', '201806141511351940', '2020032620171575241130', '3', 'OutStock/PushSortingBillByCustomer', '按客户生成分拣单', NULL, '0', NULL, NULL, NULL, '0', '0', '0', '8', '0', '1', NULL, '2020-04-03 00:00:00', '9f2ec079-7d0f-4fe2-90ab-8b09a8302aba', '2001-01-01 00:00:00', NULL, '2001-01-01 00:00:00', NULL);
INSERT INTO `sys_function` VALUES ('2020040716474197617962', '201806141511351940', '2020032620171575241130', '3', 'OutStock/OutStockBillExportExcel', '出库单明细导出', NULL, '0', NULL, NULL, NULL, '0', '0', '0', '99', '0', '1', NULL, '2020-04-07 00:00:00', '9f2ec079-7d0f-4fe2-90ab-8b09a8302aba', '2001-01-01 00:00:00', NULL, '2001-01-01 00:00:00', NULL);
INSERT INTO `sys_function` VALUES ('2020042120155835631443', '201806141508359155', '201806141708257654', '0', 'RoleAuthorize/List', '角色功能', NULL, '0', NULL, NULL, NULL, NULL, NULL, NULL, '99', '0', '1', NULL, '2020-04-21 00:00:00', '9f2ec079-7d0f-4fe2-90ab-8b09a8302aba', '2001-01-01 00:00:00', NULL, '2001-01-01 00:00:00', NULL);
INSERT INTO `sys_function` VALUES ('2020042216532706487379', '201806141508359155', '201806151644154586', '2', 'CodeGenerator', '代码生成器', NULL, '0', NULL, NULL, NULL, NULL, NULL, NULL, '99', '0', '1', NULL, '2020-04-22 00:00:00', '9f2ec079-7d0f-4fe2-90ab-8b09a8302aba', '2001-01-01 00:00:00', NULL, '2001-01-01 00:00:00', NULL);
INSERT INTO `sys_function` VALUES ('2020042315165202048586', '201806141508359155', '201806151643345704', '3', 'FilterIP/Add', '新增', NULL, '0', NULL, NULL, NULL, NULL, NULL, NULL, '99', '0', '1', NULL, '2020-04-23 00:00:00', '9f2ec079-7d0f-4fe2-90ab-8b09a8302aba', '2001-01-01 00:00:00', NULL, '2001-01-01 00:00:00', NULL);
INSERT INTO `sys_function` VALUES ('2020042315173347506343', '201806141508359155', '201806151643345704', '3', 'FilterIP/Edit', '修改', NULL, '0', NULL, NULL, NULL, NULL, NULL, NULL, '99', '0', '1', NULL, '2020-04-23 00:00:00', '9f2ec079-7d0f-4fe2-90ab-8b09a8302aba', '2020-04-23 00:00:00', '9f2ec079-7d0f-4fe2-90ab-8b09a8302aba', '2001-01-01 00:00:00', NULL);
INSERT INTO `sys_function` VALUES ('2020042315182592374714', '201806141508359155', '201806151643345704', '3', 'FilterIP/Delete', '删除', NULL, '0', NULL, NULL, NULL, NULL, NULL, NULL, '99', '0', '1', NULL, '2020-04-23 00:00:00', '9f2ec079-7d0f-4fe2-90ab-8b09a8302aba', '2001-01-01 00:00:00', NULL, '2001-01-01 00:00:00', NULL);
INSERT INTO `sys_function` VALUES ('2020042317464189592160', '201806141508359155', '201806141709092545', '3', 'ItemsDetail/List', '字典明细', NULL, '0', NULL, NULL, NULL, NULL, NULL, NULL, '99', '0', '1', NULL, '2020-04-23 00:00:00', '9f2ec079-7d0f-4fe2-90ab-8b09a8302aba', '2001-01-01 00:00:00', NULL, '2001-01-01 00:00:00', NULL);
INSERT INTO `sys_function` VALUES ('2020042317475683095566', '201806141508359155', '2020042317464189592160', '4', 'ItemsDetail/Add', '新增', NULL, '0', NULL, NULL, NULL, NULL, NULL, NULL, '99', '0', '1', NULL, '2020-04-23 00:00:00', '9f2ec079-7d0f-4fe2-90ab-8b09a8302aba', '2001-01-01 00:00:00', NULL, '2001-01-01 00:00:00', NULL);
INSERT INTO `sys_function` VALUES ('2020042317482401496690', '201806141508359155', '2020042317464189592160', '4', 'ItemsDetail/Edit', '修改', NULL, '0', NULL, NULL, NULL, NULL, NULL, NULL, '99', '0', '1', NULL, '2020-04-23 00:00:00', '9f2ec079-7d0f-4fe2-90ab-8b09a8302aba', '2001-01-01 00:00:00', NULL, '2001-01-01 00:00:00', NULL);
INSERT INTO `sys_function` VALUES ('2020042318262143862095', '201806141508359155', '2020042317464189592160', '4', 'ItemsDetail/Delete', '删除', NULL, '0', NULL, NULL, NULL, NULL, NULL, NULL, '99', '0', '1', NULL, '2020-04-23 00:00:00', '9f2ec079-7d0f-4fe2-90ab-8b09a8302aba', '2001-01-01 00:00:00', NULL, '2001-01-01 00:00:00', NULL);
INSERT INTO `sys_function` VALUES ('2020042318270246747042', '201806141508359155', '2020042317464189592160', '4', 'ItemsDetail/Enable', '禁用', NULL, '0', NULL, NULL, NULL, NULL, NULL, NULL, '99', '0', '1', NULL, '2020-04-23 00:00:00', '9f2ec079-7d0f-4fe2-90ab-8b09a8302aba', '2020-04-23 00:00:00', '9f2ec079-7d0f-4fe2-90ab-8b09a8302aba', '2001-01-01 00:00:00', NULL);
INSERT INTO `sys_function` VALUES ('2020042318272380584606', '201806141508359155', '2020042317464189592160', '4', 'ItemsDetail/Enable', '启用', NULL, '0', NULL, NULL, NULL, NULL, NULL, NULL, '99', '0', '1', NULL, '2020-04-23 00:00:00', '9f2ec079-7d0f-4fe2-90ab-8b09a8302aba', '2020-04-23 00:00:00', '9f2ec079-7d0f-4fe2-90ab-8b09a8302aba', '2001-01-01 00:00:00', NULL);
INSERT INTO `sys_function` VALUES ('2020041608433357915412', '201806141511351940', '2020033019063921755069', '3', 'SortingTaskTurnBox/List', '分拣机任务绑定周转箱列表', NULL, '0', NULL, NULL, NULL, '1', '1', '0', '7', '0', '1', NULL, '2020-04-16 00:00:00', '9f2ec079-7d0f-4fe2-90ab-8b09a8302aba', '2001-01-01 00:00:00', NULL, '2001-01-01 00:00:00', NULL);
INSERT INTO `sys_function` VALUES ('2020041608433600641776', '201806141511351940', '2020041608433357915412', '4', 'SortingTaskTurnBox/Add', '新增', 'fas fa-plus', '0', NULL, NULL, NULL, '1', '1', '0', '1', '0', '1', NULL, '2020-04-16 00:00:00', '9f2ec079-7d0f-4fe2-90ab-8b09a8302aba', '2001-01-01 00:00:00', NULL, '2001-01-01 00:00:00', NULL);
INSERT INTO `sys_function` VALUES ('2020041608433673265742', '201806141511351940', '2020041608433357915412', '4', 'SortingTaskTurnBox/Edit', '修改', 'fas fa-edit', '0', NULL, NULL, NULL, '1', '1', '0', '2', '0', '1', NULL, '2020-04-16 00:00:00', '9f2ec079-7d0f-4fe2-90ab-8b09a8302aba', '2001-01-01 00:00:00', NULL, '2001-01-01 00:00:00', NULL);
INSERT INTO `sys_function` VALUES ('2020041608433905335821', '201806141511351940', '2020041608433357915412', '4', 'SortingTaskTurnBox/Enable', '禁用', 'fa fa-stop-circle', '0', NULL, NULL, NULL, '1', '1', '0', '3', '0', '1', NULL, '2020-04-16 00:00:00', '9f2ec079-7d0f-4fe2-90ab-8b09a8302aba', '2001-01-01 00:00:00', NULL, '2001-01-01 00:00:00', NULL);
INSERT INTO `sys_function` VALUES ('2020041608434024938144', '201806141511351940', '2020041608433357915412', '4', 'SortingTaskTurnBox/Enable', '启用', 'fa fa-play-circle', '0', NULL, NULL, NULL, '1', '1', '0', '4', '0', '1', NULL, '2020-04-16 00:00:00', '9f2ec079-7d0f-4fe2-90ab-8b09a8302aba', '2001-01-01 00:00:00', NULL, '2001-01-01 00:00:00', NULL);
INSERT INTO `sys_function` VALUES ('2020041608434197594927', '201806141511351940', '2020041608433357915412', '4', 'SortingTaskTurnBox/DeleteSoft', '软删除', 'fas fa-trash-alt', '0', NULL, NULL, NULL, '1', '1', '0', '5', '0', '1', NULL, '2020-04-16 00:00:00', '9f2ec079-7d0f-4fe2-90ab-8b09a8302aba', '2001-01-01 00:00:00', NULL, '2001-01-01 00:00:00', NULL);
INSERT INTO `sys_function` VALUES ('2020041608434397761492', '201806141511351940', '2020041608433357915412', '4', 'SortingTaskTurnBox/Delete', '删除', 'fas fa-trash-alt', '0', NULL, NULL, NULL, '1', '1', '0', '6', '0', '1', NULL, '2020-04-16 00:00:00', '9f2ec079-7d0f-4fe2-90ab-8b09a8302aba', '2001-01-01 00:00:00', NULL, '2001-01-01 00:00:00', NULL);
INSERT INTO `sys_function` VALUES ('2020042310491878519664', '201806141508359155', '201905041649447093', '3', 'SysSetting/GetSysInfo', '获取系统信息', NULL, '0', NULL, NULL, NULL, NULL, NULL, NULL, '99', '0', '1', NULL, '2020-04-23 00:00:00', '9f2ec079-7d0f-4fe2-90ab-8b09a8302aba', '2001-01-01 00:00:00', NULL, '2001-01-01 00:00:00', NULL);
INSERT INTO `sys_function` VALUES ('2020041617293873991753', '201806141511351940', '2020040212281727304230', '4', 'SortingTaskDetailBill/Add', '新增', 'fas fa-plus', '0', NULL, NULL, NULL, '0', '1', '0', '1', '0', '1', NULL, '2020-04-16 00:00:00', '9f2ec079-7d0f-4fe2-90ab-8b09a8302aba', '2001-01-01 00:00:00', NULL, '2001-01-01 00:00:00', NULL);
INSERT INTO `sys_function` VALUES ('2020041617293896713105', '201806141511351940', '2020040212281727304230', '4', 'SortingTaskDetailBill/Edit', '修改', 'fas fa-edit', '0', NULL, NULL, NULL, '0', '1', '0', '2', '0', '1', NULL, '2020-04-16 00:00:00', '9f2ec079-7d0f-4fe2-90ab-8b09a8302aba', '2001-01-01 00:00:00', NULL, '2001-01-01 00:00:00', NULL);
INSERT INTO `sys_function` VALUES ('2020041617293918782795', '201806141511351940', '2020040212281727304230', '4', 'SortingTaskDetailBill/Enable', '禁用', 'fa fa-stop-circle', '0', NULL, NULL, NULL, '0', '1', '0', '3', '0', '1', NULL, '2020-04-16 00:00:00', '9f2ec079-7d0f-4fe2-90ab-8b09a8302aba', '2001-01-01 00:00:00', NULL, '2001-01-01 00:00:00', NULL);
INSERT INTO `sys_function` VALUES ('2020041617293943939359', '201806141511351940', '2020040212281727304230', '4', 'SortingTaskDetailBill/Enable', '启用', 'fa fa-play-circle', '0', NULL, NULL, NULL, '0', '1', '0', '4', '0', '1', NULL, '2020-04-16 00:00:00', '9f2ec079-7d0f-4fe2-90ab-8b09a8302aba', '2001-01-01 00:00:00', NULL, '2001-01-01 00:00:00', NULL);
INSERT INTO `sys_function` VALUES ('2020041617293967352317', '201806141511351940', '2020040212281727304230', '4', 'SortingTaskDetailBill/DeleteSoft', '软删除', 'fas fa-trash-alt', '0', NULL, NULL, NULL, '0', '1', '0', '5', '0', '1', NULL, '2020-04-16 00:00:00', '9f2ec079-7d0f-4fe2-90ab-8b09a8302aba', '2001-01-01 00:00:00', NULL, '2001-01-01 00:00:00', NULL);
INSERT INTO `sys_function` VALUES ('2020041617293990301221', '201806141511351940', '2020040212281727304230', '4', 'SortingTaskDetailBill/Delete', '删除', 'fas fa-trash-alt', '0', NULL, NULL, NULL, '0', '1', '0', '6', '0', '1', NULL, '2020-04-16 00:00:00', '9f2ec079-7d0f-4fe2-90ab-8b09a8302aba', '2001-01-01 00:00:00', NULL, '2001-01-01 00:00:00', NULL);
INSERT INTO `sys_function` VALUES ('2020042315043624038905', '201806141508359155', '201806151642418839', '3', 'Log/Delete', '删除', NULL, '0', NULL, NULL, NULL, NULL, NULL, NULL, '99', '0', '1', NULL, '2020-04-23 00:00:00', '9f2ec079-7d0f-4fe2-90ab-8b09a8302aba', '2001-01-01 00:00:00', NULL, '2001-01-01 00:00:00', NULL);
INSERT INTO `sys_function` VALUES ('2020042316131685146436', '201806141508359155', '201806141706047854', '2', 'UploadFile/List', '文件管理', NULL, '0', NULL, NULL, NULL, NULL, NULL, NULL, '99', '0', '1', NULL, '2020-04-23 00:00:00', '9f2ec079-7d0f-4fe2-90ab-8b09a8302aba', '2001-01-01 00:00:00', NULL, '2001-01-01 00:00:00', NULL);
INSERT INTO `sys_function` VALUES ('2020042316135688915179', '201806141508359155', '2020042316131685146436', '3', 'UploadFile/Delete', '删除', NULL, '0', NULL, NULL, NULL, NULL, NULL, NULL, '99', '0', '1', NULL, '2020-04-23 00:00:00', '9f2ec079-7d0f-4fe2-90ab-8b09a8302aba', '2001-01-01 00:00:00', NULL, '2001-01-01 00:00:00', NULL);

-- ----------------------------
-- Records of sys_items
-- ----------------------------
INSERT INTO `sys_items` VALUES ('201806291944303740', '77070117-3F1A-41BA-BF81-B8B85BF10D5E', 'QuestionType', '问题类型', '0', '2', '99', '0', '1', NULL, '2018-06-29 00:00:00', '9f2ec079-7d0f-4fe2-90ab-8b09a8302aba', '2001-01-01 00:00:00', NULL, '2001-01-01 00:00:00', NULL);
INSERT INTO `sys_items` VALUES ('77070117-3F1A-41BA-BF81-B8B85BF10D5E', '', 'Sys_Items', '通用字典', '0', '1', '1', '0', '1', NULL, '2001-01-01 00:00:00', NULL, '2001-01-01 00:00:00', NULL, '2001-01-01 00:00:00', NULL);
INSERT INTO `sys_items` VALUES ('9EB4602B-BF9A-4710-9D80-C73CE89BEC5D', '77070117-3F1A-41BA-BF81-B8B85BF10D5E', 'OrganizeCategory', '机构分类', '0', '2', '2', '0', '1', NULL, '2001-01-01 00:00:00', NULL, '2001-01-01 00:00:00', NULL, '2001-01-01 00:00:00', NULL);
INSERT INTO `sys_items` VALUES ('D94E4DC1-C2FD-4D19-9D5D-3886D39900CE', '77070117-3F1A-41BA-BF81-B8B85BF10D5E', 'RoleType', '角色类型', '0', '2', '3', '0', '1', NULL, '2001-01-01 00:00:00', NULL, '2001-01-01 00:00:00', NULL, '2001-01-01 00:00:00', NULL);
INSERT INTO `sys_items` VALUES ('0DF5B725-5FB8-487F-B0E4-BC563A77EB04', '77070117-3F1A-41BA-BF81-B8B85BF10D5E', 'DbType', '数据库类型', '0', '2', '4', '0', '1', NULL, '2001-01-01 00:00:00', NULL, '2001-01-01 00:00:00', NULL, '2001-01-01 00:00:00', NULL);
INSERT INTO `sys_items` VALUES ('9a7079bd-0660-4549-9c2d-db5e8616619f', '77070117-3F1A-41BA-BF81-B8B85BF10D5E', 'DbLogType', '系统日志', NULL, '0', '16', NULL, '1', NULL, '2016-07-19 00:00:00', NULL, '2001-01-01 00:00:00', NULL, '2001-01-01 00:00:00', NULL);
INSERT INTO `sys_items` VALUES ('954AB9A1-9928-4C6D-820A-FC1CDC85CDE0', '77070117-3F1A-41BA-BF81-B8B85BF10D5E', 'AuditState', '审核状态', '0', '2', '6', '0', '1', NULL, '2001-01-01 00:00:00', NULL, '2001-01-01 00:00:00', NULL, '2001-01-01 00:00:00', NULL);
INSERT INTO `sys_items` VALUES ('2748F35F-4EE2-417C-A907-3453146AAF67', '77070117-3F1A-41BA-BF81-B8B85BF10D5E', 'Certificate', '证件名称', '0', '2', '7', '0', '1', NULL, '2001-01-01 00:00:00', NULL, '2020-04-23 00:00:00', '9f2ec079-7d0f-4fe2-90ab-8b09a8302aba', '2001-01-01 00:00:00', NULL);
INSERT INTO `sys_items` VALUES ('00F76465-DBBA-484A-B75C-E81DEE9313E6', '77070117-3F1A-41BA-BF81-B8B85BF10D5E', 'Education', '学历', '0', '2', '8', '0', '1', NULL, '2001-01-01 00:00:00', NULL, '2001-01-01 00:00:00', NULL, '2001-01-01 00:00:00', NULL);
INSERT INTO `sys_items` VALUES ('FA7537E2-1C64-4431-84BF-66158DD63269', '77070117-3F1A-41BA-BF81-B8B85BF10D5E', '101', '婚姻', '0', '2', '12', '0', '1', NULL, '2001-01-01 00:00:00', NULL, '2001-01-01 00:00:00', NULL, '2001-01-01 00:00:00', NULL);
INSERT INTO `sys_items` VALUES ('8CEB2F71-026C-4FA6-9A61-378127AE7320', '77070117-3F1A-41BA-BF81-B8B85BF10D5E', '102', '生育', '0', '2', '13', '0', '1', NULL, '2001-01-01 00:00:00', NULL, '2001-01-01 00:00:00', NULL, '2001-01-01 00:00:00', NULL);
INSERT INTO `sys_items` VALUES ('15023A4E-4856-44EB-BE71-36A106E2AA59', '77070117-3F1A-41BA-BF81-B8B85BF10D5E', '103', '民族', '0', '2', '14', '0', '1', NULL, '2001-01-01 00:00:00', NULL, '2001-01-01 00:00:00', NULL, '2001-01-01 00:00:00', NULL);
INSERT INTO `sys_items` VALUES ('BDD797C3-2323-4868-9A63-C8CC3437AEAA', '77070117-3F1A-41BA-BF81-B8B85BF10D5E', '104', '性别', '0', '2', '15', '0', '1', NULL, '2001-01-01 00:00:00', NULL, '2001-01-01 00:00:00', NULL, '2001-01-01 00:00:00', NULL);
INSERT INTO `sys_items` VALUES ('2019111411143998775145', '77070117-3F1A-41BA-BF81-B8B85BF10D5E', 'sysIndustry', '行业', '1', '2', '67', '0', '1', NULL, '2019-11-14 00:00:00', '9f2ec079-7d0f-4fe2-90ab-8b09a8302aba', '2020-04-23 00:00:00', '9f2ec079-7d0f-4fe2-90ab-8b09a8302aba', '2001-01-01 00:00:00', NULL);
INSERT INTO `sys_items` VALUES ('2020031518363999932307', '2020031518574467761393', 'Unit', '单位', '0', '2', '11', '0', '1', NULL, '2020-03-15 00:00:00', '9f2ec079-7d0f-4fe2-90ab-8b09a8302aba', '2001-01-01 00:00:00', NULL, '2001-01-01 00:00:00', NULL);
INSERT INTO `sys_items` VALUES ('2020031518502068403513', '2020031518574467761393', 'StoreTemperatureLayer', '存放温层', '0', '2', '15', '0', '1', NULL, '2020-03-15 00:00:00', '9f2ec079-7d0f-4fe2-90ab-8b09a8302aba', '2001-01-01 00:00:00', NULL, '2001-01-01 00:00:00', NULL);
INSERT INTO `sys_items` VALUES ('2020031518574467761393', '', 'WMS', '仓储系统', '0', '1', '2', '0', '1', NULL, '2020-03-15 00:00:00', '9f2ec079-7d0f-4fe2-90ab-8b09a8302aba', '2001-01-01 00:00:00', NULL, '2001-01-01 00:00:00', NULL);
INSERT INTO `sys_items` VALUES ('2020031518590238738718', '2020031518574467761393', 'BillingWays', '计费方式', '0', '2', '1', '0', '1', NULL, '2020-03-15 00:00:00', '9f2ec079-7d0f-4fe2-90ab-8b09a8302aba', '2001-01-01 00:00:00', NULL, '2001-01-01 00:00:00', NULL);
INSERT INTO `sys_items` VALUES ('2020031518590238738819', '2020031518574467761393', 'OutStockBillStatus', '出库单状态', '0', '2', '1', '0', '1', NULL, '2020-03-15 00:00:00', '9f2ec079-7d0f-4fe2-90ab-8b09a8302aba', '2001-01-01 00:00:00', NULL, '2001-01-01 00:00:00', NULL);
INSERT INTO `sys_items` VALUES ('2020031518590238738223', '2020031518574467761393', 'OutStockType', '出库类型', '0', '2', '1', '0', '1', NULL, '2020-03-15 00:00:00', '9f2ec079-7d0f-4fe2-90ab-8b09a8302aba', '2001-01-01 00:00:00', NULL, '2001-01-01 00:00:00', NULL);

-- ---------------------------
-- Records of sys_itemsdetail
-- ----------------------------
INSERT INTO `sys_itemsdetail` VALUES ('201806291944581505', '201806291944303740', '', '系统异常', '系统异常', NULL, '0', '0', '1', '0', '1', NULL, '2018-06-29 00:00:00', '9f2ec079-7d0f-4fe2-90ab-8b09a8302aba', '2018-06-30 00:00:00', '9f2ec079-7d0f-4fe2-90ab-8b09a8302aba', '2001-01-01', NULL);
INSERT INTO `sys_itemsdetail` VALUES ('201806291945335901', '201806291944303740', '', '新需求', '新需求', NULL, '0', '0', '2', '0', '1', NULL, '2018-06-29 00:00:00', '9f2ec079-7d0f-4fe2-90ab-8b09a8302aba', '2018-06-30 00:00:00', '9f2ec079-7d0f-4fe2-90ab-8b09a8302aba', '2001-01-01', NULL);
INSERT INTO `sys_itemsdetail` VALUES ('B97BD7F5-B212-40C1-A1F7-DD9A2E63EEF2', '9EB4602B-BF9A-4710-9D80-C73CE89BEC5D', '', 'Group', '集团', NULL, NULL, '0', '1', '0', '1', NULL, '2001-01-01 00:00:00', NULL, '2001-01-01 00:00:00', NULL, '2001-01-01', NULL);
INSERT INTO `sys_itemsdetail` VALUES ('2C3715AC-16F7-48FC-AB40-B0931DB1E729', '9EB4602B-BF9A-4710-9D80-C73CE89BEC5D', '', 'Area', '区域', NULL, NULL, '0', '2', '0', '1', NULL, '2001-01-01 00:00:00', NULL, '2001-01-01 00:00:00', NULL, '2001-01-01', NULL);
INSERT INTO `sys_itemsdetail` VALUES ('D082BDB9-5C34-49BF-BD51-4E85D7BFF646', '9EB4602B-BF9A-4710-9D80-C73CE89BEC5D', '', 'Company', '公司', NULL, NULL, '0', '3', '0', '1', NULL, '2001-01-01 00:00:00', NULL, '2001-01-01 00:00:00', NULL, '2001-01-01', NULL);
INSERT INTO `sys_itemsdetail` VALUES ('2B540AC5-6E64-4688-BB60-E0C01DFA982C', '9EB4602B-BF9A-4710-9D80-C73CE89BEC5D', '', 'SubCompany', '子公司', NULL, NULL, '0', '4', '0', '1', NULL, '2001-01-01 00:00:00', NULL, '2001-01-01 00:00:00', NULL, '2001-01-01', NULL);
INSERT INTO `sys_itemsdetail` VALUES ('A64EBB80-6A24-48AF-A10E-B6A532C32CA6', '9EB4602B-BF9A-4710-9D80-C73CE89BEC5D', '', 'Department', '部门', NULL, NULL, '0', '5', '0', '1', NULL, '2001-01-01 00:00:00', NULL, '2001-01-01 00:00:00', NULL, '2001-01-01', NULL);
INSERT INTO `sys_itemsdetail` VALUES ('D1F439B9-D80E-4547-9EF0-163391854AB5', '9EB4602B-BF9A-4710-9D80-C73CE89BEC5D', '', 'SubDepartment', '子部门', NULL, NULL, '0', '6', '0', '1', NULL, '2001-01-01 00:00:00', NULL, '2001-01-01 00:00:00', NULL, '2001-01-01', NULL);
INSERT INTO `sys_itemsdetail` VALUES ('19EE595A-E775-409D-A48F-B33CF9F262C7', '9EB4602B-BF9A-4710-9D80-C73CE89BEC5D', '', 'WorkGroup', '小组', NULL, '0', '0', '7', '0', '1', NULL, '2001-01-01 00:00:00', NULL, '2001-01-01 00:00:00', NULL, '2001-01-01', NULL);
INSERT INTO `sys_itemsdetail` VALUES ('e5079bae-a8c0-4209-9019-6a2b4a3a7dac', 'D94E4DC1-C2FD-4D19-9D5D-3886D39900CE', '', '1', '系统角色', NULL, '0', '0', '1', '0', '1', NULL, '2001-01-01 00:00:00', NULL, '2001-01-01 00:00:00', NULL, '2001-01-01', NULL);
INSERT INTO `sys_itemsdetail` VALUES ('04aba88d-f09b-46c6-bd90-a38471399b0e', 'D94E4DC1-C2FD-4D19-9D5D-3886D39900CE', '', '2', '业务角色', NULL, '0', '0', '2', '0', '1', NULL, '2001-01-01 00:00:00', NULL, '2001-01-01 00:00:00', NULL, '2001-01-01', NULL);
INSERT INTO `sys_itemsdetail` VALUES ('cc6daa5c-a71c-4b2c-9a98-336bc3ee13c8', 'D94E4DC1-C2FD-4D19-9D5D-3886D39900CE', '', '3', '其他角色', NULL, '0', '0', '3', '0', '1', NULL, '2001-01-01 00:00:00', NULL, '2001-01-01 00:00:00', NULL, '2001-01-01', NULL);
INSERT INTO `sys_itemsdetail` VALUES ('7a6d1bc4-3ec7-4c57-be9b-b4c97d60d5f6', '954AB9A1-9928-4C6D-820A-FC1CDC85CDE0', '', '1', '草稿', NULL, '0', '0', '1', '0', '1', NULL, '2001-01-01 00:00:00', NULL, '2001-01-01 00:00:00', NULL, '2001-01-01', NULL);
INSERT INTO `sys_itemsdetail` VALUES ('ce340c73-5048-4940-b86e-e3b3d53fdb2c', '954AB9A1-9928-4C6D-820A-FC1CDC85CDE0', '', '2', '提交', NULL, '0', '0', '2', '0', '1', NULL, '2001-01-01 00:00:00', NULL, '2001-01-01 00:00:00', NULL, '2001-01-01', NULL);
INSERT INTO `sys_itemsdetail` VALUES ('41053517-215d-4e11-81cd-367c0e9578d7', '954AB9A1-9928-4C6D-820A-FC1CDC85CDE0', '', '3', '通过', NULL, '0', '0', '3', '0', '1', NULL, '2001-01-01 00:00:00', NULL, '2001-01-01 00:00:00', NULL, '2001-01-01', NULL);
INSERT INTO `sys_itemsdetail` VALUES ('e1979a4f-7fc1-42b9-a0e2-52d7059e8fb9', '954AB9A1-9928-4C6D-820A-FC1CDC85CDE0', '', '4', '待审', NULL, '0', '0', '4', '0', '1', NULL, '2001-01-01 00:00:00', NULL, '2001-01-01 00:00:00', NULL, '2001-01-01', NULL);
INSERT INTO `sys_itemsdetail` VALUES ('63acf96d-6115-4d76-a994-438f59419aad', '954AB9A1-9928-4C6D-820A-FC1CDC85CDE0', '', '5', '退回', NULL, '0', '0', '5', '0', '1', NULL, '2001-01-01 00:00:00', NULL, '2001-01-01 00:00:00', NULL, '2001-01-01', NULL);
INSERT INTO `sys_itemsdetail` VALUES ('8b7b38bf-07c5-4f71-a853-41c5add4a94e', '954AB9A1-9928-4C6D-820A-FC1CDC85CDE0', '', '6', '完成', NULL, '0', '0', '6', '0', '1', NULL, '2001-01-01 00:00:00', NULL, '2001-01-01 00:00:00', NULL, '2001-01-01', NULL);
INSERT INTO `sys_itemsdetail` VALUES ('49b68663-ad01-4c43-b084-f98e3e23fee8', '954AB9A1-9928-4C6D-820A-FC1CDC85CDE0', '', '7', '废弃', NULL, '0', '0', '7', '0', '1', NULL, '2001-01-01 00:00:00', NULL, '2001-01-01 00:00:00', NULL, '2001-01-01', NULL);
INSERT INTO `sys_itemsdetail` VALUES ('fa6c1873-888c-4b70-a2cc-59fccbb22078', '0DF5B725-5FB8-487F-B0E4-BC563A77EB04', '', 'SqlServer', 'SqlServer', NULL, '0', '0', '1', '0', '1', NULL, '2001-01-01 00:00:00', NULL, '2001-01-01 00:00:00', NULL, '2001-01-01', NULL);
INSERT INTO `sys_itemsdetail` VALUES ('27e85cb8-04e7-447b-911d-dd1e97dfab83', '0DF5B725-5FB8-487F-B0E4-BC563A77EB04', '', 'Oracle', 'Oracle', NULL, '0', '0', '2', '0', '1', NULL, '2001-01-01 00:00:00', NULL, '2001-01-01 00:00:00', NULL, '2001-01-01', NULL);
INSERT INTO `sys_itemsdetail` VALUES ('34a642b2-44d4-485f-b3fc-6cce24f68b0f', '0DF5B725-5FB8-487F-B0E4-BC563A77EB04', '', 'MySql', 'MySql', NULL, '0', '0', '3', '0', '1', NULL, '2001-01-01 00:00:00', NULL, '2001-01-01 00:00:00', NULL, '2001-01-01', NULL);
INSERT INTO `sys_itemsdetail` VALUES ('1950efdf-8685-4341-8d2c-ac85ac7addd0', '00F76465-DBBA-484A-B75C-E81DEE9313E6', '', '1', '小学', NULL, '0', '0', '1', '0', '1', NULL, '2001-01-01 00:00:00', NULL, '2001-01-01 00:00:00', NULL, '2001-01-01', NULL);
INSERT INTO `sys_itemsdetail` VALUES ('433511a9-78bd-41a0-ab25-e4d4b3423055', '00F76465-DBBA-484A-B75C-E81DEE9313E6', '', '2', '初中', NULL, '0', '0', '2', '0', '1', NULL, '2001-01-01 00:00:00', NULL, '2001-01-01 00:00:00', NULL, '2001-01-01', NULL);
INSERT INTO `sys_itemsdetail` VALUES ('acb128a6-ff63-4e25-b1e8-0a336ed3ab18', '00F76465-DBBA-484A-B75C-E81DEE9313E6', '', '3', '高中', NULL, '0', '0', '3', '0', '1', NULL, '2001-01-01 00:00:00', NULL, '2001-01-01 00:00:00', NULL, '2001-01-01', NULL);
INSERT INTO `sys_itemsdetail` VALUES ('a4974810-d88d-4d54-82cc-fd779875478f', '00F76465-DBBA-484A-B75C-E81DEE9313E6', '', '4', '中专', NULL, '0', '0', '4', '0', '1', NULL, '2001-01-01 00:00:00', NULL, '2001-01-01 00:00:00', NULL, '2001-01-01', NULL);
INSERT INTO `sys_itemsdetail` VALUES ('486a82e3-1950-425e-b2ce-b5d98f33016a', '00F76465-DBBA-484A-B75C-E81DEE9313E6', '', '5', '大专', NULL, '0', '0', '5', '0', '1', NULL, '2001-01-01 00:00:00', NULL, '2001-01-01 00:00:00', NULL, '2001-01-01', NULL);
INSERT INTO `sys_itemsdetail` VALUES ('34222d46-e0c6-446e-8150-dbefc47a1d5f', '00F76465-DBBA-484A-B75C-E81DEE9313E6', '', '6', '本科', NULL, '0', '0', '6', '0', '1', NULL, '2001-01-01 00:00:00', NULL, '2001-01-01 00:00:00', NULL, '2001-01-01', NULL);
INSERT INTO `sys_itemsdetail` VALUES ('3f280e2b-92f6-466c-8cc3-d7c8ff48cc8d', '00F76465-DBBA-484A-B75C-E81DEE9313E6', '', '7', '硕士', NULL, '0', '0', '7', '0', '1', NULL, '2001-01-01 00:00:00', NULL, '2001-01-01 00:00:00', NULL, '2001-01-01', NULL);
INSERT INTO `sys_itemsdetail` VALUES ('930b8de2-049f-4753-b9fd-87f484911ee4', '00F76465-DBBA-484A-B75C-E81DEE9313E6', '', '8', '博士', NULL, '0', '0', '8', '0', '1', NULL, '2001-01-01 00:00:00', NULL, '2001-01-01 00:00:00', NULL, '2001-01-01', NULL);
INSERT INTO `sys_itemsdetail` VALUES ('355ad7a4-c4f8-4bd3-9c72-ff07983da0f0', '00F76465-DBBA-484A-B75C-E81DEE9313E6', '', '9', '其他', NULL, '0', '0', '9', '0', '1', NULL, '2001-01-01 00:00:00', NULL, '2001-01-01 00:00:00', NULL, '2001-01-01', NULL);
INSERT INTO `sys_itemsdetail` VALUES ('5d6def0e-e2a7-48eb-b43c-cc3631f60dd7', 'BDD797C3-2323-4868-9A63-C8CC3437AEAA', '', '1', '男', NULL, '0', '0', '1', '0', '1', NULL, '2001-01-01 00:00:00', NULL, '2001-01-01 00:00:00', NULL, '2001-01-01', NULL);
INSERT INTO `sys_itemsdetail` VALUES ('822baf7c-abdb-4257-9b78-1f550806f544', 'BDD797C3-2323-4868-9A63-C8CC3437AEAA', '', '0', '女', NULL, '0', '0', '2', '0', '1', NULL, '2001-01-01 00:00:00', NULL, '2001-01-01 00:00:00', NULL, '2001-01-01', NULL);
INSERT INTO `sys_itemsdetail` VALUES ('738edf2a-d59f-4992-97ef-d847db23bcb8', 'FA7537E2-1C64-4431-84BF-66158DD63269', '', '1', '已婚', NULL, '0', '0', '1', '0', '1', NULL, '2001-01-01 00:00:00', NULL, '2001-01-01 00:00:00', NULL, '2001-01-01', NULL);
INSERT INTO `sys_itemsdetail` VALUES ('a7c4aba2-a891-4558-9b0a-bd7a1100a645', 'FA7537E2-1C64-4431-84BF-66158DD63269', '', '2', '未婚', NULL, '0', '0', '2', '0', '1', NULL, '2001-01-01 00:00:00', NULL, '2001-01-01 00:00:00', NULL, '2001-01-01', NULL);
INSERT INTO `sys_itemsdetail` VALUES ('f9609400-7caf-49af-ae3c-7671a9292fb3', 'FA7537E2-1C64-4431-84BF-66158DD63269', '', '3', '离异', NULL, '0', '0', '3', '0', '1', NULL, '2001-01-01 00:00:00', NULL, '2001-01-01 00:00:00', NULL, '2001-01-01', NULL);
INSERT INTO `sys_itemsdetail` VALUES ('a6f271f9-8653-4c5c-86cf-4cd00324b3c3', 'FA7537E2-1C64-4431-84BF-66158DD63269', '', '4', '丧偶', NULL, '0', '0', '4', '0', '1', NULL, '2001-01-01 00:00:00', NULL, '2001-01-01 00:00:00', NULL, '2001-01-01', NULL);
INSERT INTO `sys_itemsdetail` VALUES ('7c1135be-0148-43eb-ae49-62a1e16ebbe3', 'FA7537E2-1C64-4431-84BF-66158DD63269', '', '5', '其他', NULL, '0', '0', '5', '0', '1', NULL, '2001-01-01 00:00:00', NULL, '2001-01-01 00:00:00', NULL, '2001-01-01', NULL);
INSERT INTO `sys_itemsdetail` VALUES ('582e0b66-2ee9-4885-9f0c-3ce3ebf96e12', '8CEB2F71-026C-4FA6-9A61-378127AE7320', '', '1', '已育', NULL, '0', '0', '1', '0', '1', NULL, '2001-01-01 00:00:00', NULL, '2001-01-01 00:00:00', NULL, '2001-01-01', NULL);
INSERT INTO `sys_itemsdetail` VALUES ('de2167f3-40fe-4bf7-b8cb-5b1c554bad7a', '8CEB2F71-026C-4FA6-9A61-378127AE7320', '', '2', '未育', NULL, '0', '0', '2', '0', '1', NULL, '2001-01-01 00:00:00', NULL, '2001-01-01 00:00:00', NULL, '2001-01-01', NULL);
INSERT INTO `sys_itemsdetail` VALUES ('9b6a2225-6138-4cf2-9845-1bbecdf9b3ed', '8CEB2F71-026C-4FA6-9A61-378127AE7320', '', '3', '其他', NULL, '0', '0', '3', '0', '1', NULL, '2001-01-01 00:00:00', NULL, '2001-01-01 00:00:00', NULL, '2001-01-01', NULL);
INSERT INTO `sys_itemsdetail` VALUES ('49300258-1227-4b85-b6a2-e948dbbe57a4', '15023A4E-4856-44EB-BE71-36A106E2AA59', '', '汉族', '汉族', NULL, '0', '0', '1', '0', '1', NULL, '2001-01-01 00:00:00', NULL, '2001-01-01 00:00:00', NULL, '2001-01-01', NULL);
INSERT INTO `sys_itemsdetail` VALUES ('d69cb819-2bb3-4e1d-9917-33b9a439233d', '2748F35F-4EE2-417C-A907-3453146AAF67', '', '1', '身份证', NULL, '0', '0', '1', '0', '1', NULL, '2001-01-01 00:00:00', NULL, '2001-01-01 00:00:00', NULL, '2001-01-01', NULL);
INSERT INTO `sys_itemsdetail` VALUES ('4c2f2428-2e00-4336-b9ce-5a61f24193f6', '2748F35F-4EE2-417C-A907-3453146AAF67', '', '2', '士兵证', NULL, '0', '0', '2', '0', '1', NULL, '2001-01-01 00:00:00', NULL, '2001-01-01 00:00:00', NULL, '2001-01-01', NULL);
INSERT INTO `sys_itemsdetail` VALUES ('48c4e0f5-f570-4601-8946-6078762db3bf', '2748F35F-4EE2-417C-A907-3453146AAF67', '', '3', '军官证', NULL, '0', '0', '3', '0', '1', NULL, '2001-01-01 00:00:00', NULL, '2001-01-01 00:00:00', NULL, '2001-01-01', NULL);
INSERT INTO `sys_itemsdetail` VALUES ('0096ad81-4317-486e-9144-a6a02999ff19', '2748F35F-4EE2-417C-A907-3453146AAF67', '', '4', '护照', NULL, '0', '0', '4', '0', '1', NULL, '2001-01-01 00:00:00', NULL, '2001-01-01 00:00:00', NULL, '2001-01-01', NULL);
INSERT INTO `sys_itemsdetail` VALUES ('ace2d5e8-56d4-4c8b-8409-34bc272df404', '2748F35F-4EE2-417C-A907-3453146AAF67', '', '5', '其它', NULL, '0', '0', '5', '0', '1', NULL, '2001-01-01 00:00:00', NULL, '2001-01-01 00:00:00', NULL, '2001-01-01', NULL);
INSERT INTO `sys_itemsdetail` VALUES ('795f2695-497a-4f5e-ab1d-706095c1edb9', '9a7079bd-0660-4549-9c2d-db5e8616619f', '', 'Other', '其他', NULL, '0', '0', '0', NULL, '1', NULL, '2016-07-19 00:00:00', NULL, '2016-07-19 00:00:00', NULL, '2001-01-01', NULL);
INSERT INTO `sys_itemsdetail` VALUES ('643209c8-931b-4641-9e04-b8bdd11800af', '9a7079bd-0660-4549-9c2d-db5e8616619f', '', 'Login', '登录', NULL, '0', '0', '1', NULL, '1', NULL, '2016-07-19 00:00:00', NULL, '2016-07-19 00:00:00', NULL, '2001-01-01', NULL);
INSERT INTO `sys_itemsdetail` VALUES ('3c884a03-4f34-4150-b134-966387f1de2a', '9a7079bd-0660-4549-9c2d-db5e8616619f', '', 'Exit', '退出', NULL, '0', '0', '2', NULL, '1', NULL, '2016-07-19 00:00:00', NULL, '2016-07-19 00:00:00', NULL, '2001-01-01', NULL);
INSERT INTO `sys_itemsdetail` VALUES ('ccc8e274-75da-4eb8-bed0-69008ab7c41c', '9a7079bd-0660-4549-9c2d-db5e8616619f', '', 'Visit', '访问', NULL, '0', '0', '3', NULL, '1', NULL, '2016-07-19 00:00:00', NULL, '2016-07-19 00:00:00', NULL, '2001-01-01', NULL);
INSERT INTO `sys_itemsdetail` VALUES ('e545061c-93fd-4ca2-ab29-b43db9db798b', '9a7079bd-0660-4549-9c2d-db5e8616619f', '', 'Create', '新增', NULL, '0', '0', '4', NULL, '1', NULL, '2016-07-19 00:00:00', NULL, '2016-07-19 00:00:00', NULL, '2001-01-01', NULL);
INSERT INTO `sys_itemsdetail` VALUES ('a13ccf0d-ac8f-44ac-a522-4a54edf1f0fa', '9a7079bd-0660-4549-9c2d-db5e8616619f', '', 'Delete', '删除', NULL, '0', '0', '5', NULL, '1', NULL, '2016-07-19 00:00:00', NULL, '2016-07-19 00:00:00', NULL, '2001-01-01', NULL);
INSERT INTO `sys_itemsdetail` VALUES ('392f88a8-02c2-49eb-8aed-b2acf474272a', '9a7079bd-0660-4549-9c2d-db5e8616619f', '', 'Update', '修改', NULL, '0', '0', '6', NULL, '1', NULL, '2016-07-19 00:00:00', NULL, '2016-07-19 00:00:00', NULL, '2001-01-01', NULL);
INSERT INTO `sys_itemsdetail` VALUES ('24e39617-f04e-4f6f-9209-ad71e870e7c6', '9a7079bd-0660-4549-9c2d-db5e8616619f', '', 'Submit', '提交', NULL, '0', '0', '7', NULL, '1', NULL, '2016-07-19 00:00:00', NULL, '2016-07-19 00:00:00', NULL, '2001-01-01', NULL);
INSERT INTO `sys_itemsdetail` VALUES ('7fc8fa11-4acf-409a-a771-aaf1eb81e814', '9a7079bd-0660-4549-9c2d-db5e8616619f', '', 'Exception', '异常', NULL, '0', '0', '8', NULL, '1', NULL, '2016-07-19 00:00:00', NULL, '2016-07-19 00:00:00', NULL, '2001-01-01', NULL);
INSERT INTO `sys_itemsdetail` VALUES ('2020031518371073493219', '2020031518363999932307', '', '箱', '箱', 'xiang', '0', '0', '1', '0', '1', NULL, '2020-03-15 00:00:00', '9f2ec079-7d0f-4fe2-90ab-8b09a8302aba', '2001-01-01 00:00:00', NULL, '2001-01-01', NULL);
INSERT INTO `sys_itemsdetail` VALUES ('2020031518373510988350', '2020031518363999932307', '', '个', '个', 'ge', '0', '0', '2', '0', '1', NULL, '2020-03-15 00:00:00', '9f2ec079-7d0f-4fe2-90ab-8b09a8302aba', '2001-01-01 00:00:00', NULL, '2001-01-01', NULL);
INSERT INTO `sys_itemsdetail` VALUES ('2020031518375117651872', '2020031518363999932307', '', '件', '件', 'jian', '0', '0', '3', '0', '1', NULL, '2020-03-15 00:00:00', '9f2ec079-7d0f-4fe2-90ab-8b09a8302aba', '2001-01-01 00:00:00', NULL, '2001-01-01', NULL);
INSERT INTO `sys_itemsdetail` VALUES ('2020031518381846423927', '2020031518363999932307', '', '瓶', '瓶', 'ping', '0', '0', '4', '0', '1', NULL, '2020-03-15 00:00:00', '9f2ec079-7d0f-4fe2-90ab-8b09a8302aba', '2001-01-01 00:00:00', NULL, '2001-01-01', NULL);
INSERT INTO `sys_itemsdetail` VALUES ('2020031518383329605923', '2020031518363999932307', '', '条', '条', 'tiao', '0', '0', '5', '0', '1', NULL, '2020-03-15 00:00:00', '9f2ec079-7d0f-4fe2-90ab-8b09a8302aba', '2001-01-01 00:00:00', NULL, '2001-01-01', NULL);
INSERT INTO `sys_itemsdetail` VALUES ('2020031518514008607372', '2020031518502068403513', '', '冷藏', '冷藏', 'lc', '0', '0', '1', '0', '1', NULL, '2020-03-15 00:00:00', '9f2ec079-7d0f-4fe2-90ab-8b09a8302aba', '2001-01-01 00:00:00', NULL, '2001-01-01', NULL);
INSERT INTO `sys_itemsdetail` VALUES ('2020031518520550764804', '2020031518502068403513', '', '恒温', '恒温', 'hw', '0', '0', '2', '0', '1', NULL, '2020-03-15 00:00:00', '9f2ec079-7d0f-4fe2-90ab-8b09a8302aba', '2001-01-01 00:00:00', NULL, '2001-01-01', NULL);
INSERT INTO `sys_itemsdetail` VALUES ('2020031518523777122682', '2020031518502068403513', '', '常温', '常温', 'cw', '0', '0', '3', '0', '1', NULL, '2020-03-15 00:00:00', '9f2ec079-7d0f-4fe2-90ab-8b09a8302aba', '2001-01-01 00:00:00', NULL, '2001-01-01', NULL);
INSERT INTO `sys_itemsdetail` VALUES ('2020031519013385646199', '2020031518590238738819', '', '0', '待审核', NULL, '0', '0', '1', '0', '1', '出库单状态', '2020-03-15 00:00:00', '9f2ec079-7d0f-4fe2-90ab-8b09a8302aba', '2001-01-01 00:00:00', NULL, '2001-01-01', NULL);
INSERT INTO `sys_itemsdetail` VALUES ('2020031519013385646102', '2020031518590238738819', '', '1', '待分拣', NULL, '0', '0', '1', '0', '1', '出库单状态', '2020-03-15 00:00:00', '9f2ec079-7d0f-4fe2-90ab-8b09a8302aba', '2001-01-01 00:00:00', NULL, '2001-01-01', NULL);
INSERT INTO `sys_itemsdetail` VALUES ('2020031519013385646103', '2020031518590238738819', '', '2', '分拣中', NULL, '0', '0', '1', '0', '1', '出库单状态', '2020-03-15 00:00:00', '9f2ec079-7d0f-4fe2-90ab-8b09a8302aba', '2001-01-01 00:00:00', NULL, '2001-01-01', NULL);
INSERT INTO `sys_itemsdetail` VALUES ('2020031519013385646104', '2020031518590238738819', '', '3', '打包中', NULL, '0', '0', '1', '0', '1', '出库单状态', '2020-03-15 00:00:00', '9f2ec079-7d0f-4fe2-90ab-8b09a8302aba', '2001-01-01 00:00:00', NULL, '2001-01-01', NULL);
INSERT INTO `sys_itemsdetail` VALUES ('2020031519013385646105', '2020031518590238738819', '', '4', '待出库', NULL, '0', '0', '1', '0', '1', '出库单状态', '2020-03-15 00:00:00', '9f2ec079-7d0f-4fe2-90ab-8b09a8302aba', '2001-01-01 00:00:00', NULL, '2001-01-01', NULL);
INSERT INTO `sys_itemsdetail` VALUES ('2020031519013385646106', '2020031518590238738819', '', '5', '已出库', NULL, '0', '0', '1', '0', '1', '出库单状态', '2020-03-15 00:00:00', '9f2ec079-7d0f-4fe2-90ab-8b09a8302aba', '2001-01-01 00:00:00', NULL, '2001-01-01', NULL);
INSERT INTO `sys_itemsdetail` VALUES ('2020031519013385646298', '2020031518590238738223', '', '0', '销售出库', NULL, '0', '0', '1', '0', '1', '整托盘', '2020-03-15 00:00:00', '9f2ec079-7d0f-4fe2-90ab-8b09a8302aba', '2001-01-01 00:00:00', NULL, '2001-01-01', NULL);
INSERT INTO `sys_itemsdetail` VALUES ('202003151901338564622', '2020031518590238738223', '', '1', '补货', NULL, '0', '0', '1', '0', '1', '整托盘', '2020-03-15 00:00:00', '9f2ec079-7d0f-4fe2-90ab-8b09a8302aba', '2001-01-01 00:00:00', NULL, '2001-01-01', NULL);
INSERT INTO `sys_itemsdetail` VALUES ('2020031518383329601924', '2020031518363999932307', '', '片', '片', 'pian', '0', '0', '5', '0', '1', NULL, '2020-03-15 00:00:00', '9f2ec079-7d0f-4fe2-90ab-8b09a8302aba', '2001-01-01 00:00:00', NULL, '2001-01-01', NULL);
INSERT INTO `sys_itemsdetail` VALUES ('2020031518383329602924', '2020031518363999932307', '', '盒', '盒', 'he', '0', '0', '5', '0', '1', NULL, '2020-03-15 00:00:00', '9f2ec079-7d0f-4fe2-90ab-8b09a8302aba', '2001-01-01 00:00:00', NULL, '2001-01-01', NULL);
INSERT INTO `sys_itemsdetail` VALUES ('2020031519000746527561', '2020031518590238738718', '', '计吨', '计吨', 'jd', '0', '0', '1', '0', '1', NULL, '2020-03-15 00:00:00', '9f2ec079-7d0f-4fe2-90ab-8b09a8302aba', '2001-01-01 00:00:00', NULL, '2001-01-01', NULL);
INSERT INTO `sys_itemsdetail` VALUES ('2020031519010257773237', '2020031518590238738718', '', '轻抛按箱', '按箱', 'qpax', '0', '0', '2', '0', '1', NULL, '2020-03-15 00:00:00', '9f2ec079-7d0f-4fe2-90ab-8b09a8302aba', '2001-01-01 00:00:00', NULL, '2001-01-01', NULL);
INSERT INTO `sys_itemsdetail` VALUES ('2020031519013385646198', '2020031518590238738718', '', '整托', '整托', 'ztp', '0', '0', '1', '0', '1', '整托盘', '2020-03-15 00:00:00', '9f2ec079-7d0f-4fe2-90ab-8b09a8302aba', '2001-01-01 00:00:00', NULL, '2001-01-01', NULL);
INSERT INTO `sys_itemsdetail` VALUES ('202003151901338564623', '2020031518590238738223', '', '2', '其他', NULL, '0', '0', '1', '0', '1', '整托盘', '2020-03-15 00:00:00', '9f2ec079-7d0f-4fe2-90ab-8b09a8302aba', '2001-01-01 00:00:00', NULL, '2001-01-01', NULL);
INSERT INTO `sys_itemsdetail` VALUES ('2020031518371173493219', '2020031518363999932307', '', 'PC', 'PC', 'xiang', '0', '0', '1', '0', '1', NULL, '2020-03-15 00:00:00', '9f2ec079-7d0f-4fe2-90ab-8b09a8302aba', '2001-01-01 00:00:00', NULL, '2001-01-01', NULL);


-- ----------------------------
-- Records of sys_log
-- ----------------------------
INSERT INTO `sys_log` VALUES ('2020042323424210076901', '2020-04-23 00:00:00', 'admin', NULL, NULL, 'Login', '0.0.0.1', NULL, NULL, '登录', '1', '登录成功', NULL, '0', '2020-04-23 00:00:00', NULL, '2001-01-01 00:00:00', NULL, '2001-01-01 00:00:00', NULL);
INSERT INTO `sys_log` VALUES ('2020042400101117661717', '2020-04-24 00:00:00', 'admin', NULL, NULL, 'Login', '0.0.0.1', NULL, NULL, '登录', '1', '登录成功', NULL, '0', '2020-04-24 00:00:00', NULL, '2001-01-01 00:00:00', NULL, '2001-01-01 00:00:00', NULL);
INSERT INTO `sys_log` VALUES ('2020042415043331489504', '2020-04-24 15:04:34', 'admin', NULL, NULL, 'Login', '0.0.0.1', NULL, NULL, '登录', '1', '登录成功', NULL, '0', '2020-04-24 15:04:34', NULL, NULL, NULL, NULL, NULL);
INSERT INTO `sys_log` VALUES ('2020042415082825067230', '2020-04-24 15:09:34', 'admin', NULL, NULL, 'Login', '0.0.0.1', NULL, NULL, '登录', '1', '登录成功', NULL, '0', '2020-04-24 15:09:34', NULL, NULL, NULL, NULL, NULL);
INSERT INTO `sys_log` VALUES ('2020042415111286103750', '2020-04-24 15:11:13', 'admin', NULL, NULL, 'Login', '0.0.0.1', NULL, NULL, '登录', '1', '登录成功', NULL, '0', '2020-04-24 15:11:13', NULL, NULL, NULL, NULL, NULL);
INSERT INTO `sys_log` VALUES ('2020042415122245486284', '2020-04-24 15:12:46', 'admin', NULL, NULL, 'Login', '0.0.0.1', NULL, NULL, '登录', '1', '登录成功', NULL, '0', '2020-04-24 15:12:46', NULL, NULL, NULL, NULL, NULL);
INSERT INTO `sys_log` VALUES ('2020042415211579662826', '2020-04-24 15:21:17', 'admin', NULL, NULL, 'Login', '0.0.0.1', NULL, NULL, '登录', '1', '登录成功', NULL, '0', '2020-04-24 15:21:17', NULL, NULL, NULL, NULL, NULL);
INSERT INTO `sys_log` VALUES ('2020042415234313682965', '2020-04-24 15:23:44', 'admin', NULL, NULL, 'Login', '0.0.0.1', NULL, NULL, '登录', '1', '登录成功', NULL, '0', '2020-04-24 15:23:44', NULL, NULL, NULL, NULL, NULL);
INSERT INTO `sys_log` VALUES ('2020042415283759251882', '2020-04-24 15:28:39', 'admin', NULL, NULL, 'Login', '0.0.0.1', NULL, NULL, '登录', '1', '登录成功', NULL, '0', '2020-04-24 15:28:39', NULL, NULL, NULL, NULL, NULL);
INSERT INTO `sys_log` VALUES ('2020042415283833074648', '2020-04-24 15:28:40', 'admin', NULL, NULL, 'Login', '0.0.0.1', NULL, NULL, '登录', '1', '登录成功', NULL, '0', '2020-04-24 15:28:40', NULL, NULL, NULL, NULL, NULL);
INSERT INTO `sys_log` VALUES ('2020042415284695272863', '2020-04-24 15:28:48', 'admin', NULL, NULL, 'Login', '0.0.0.1', NULL, NULL, '登录', '1', '登录成功', NULL, '0', '2020-04-24 15:28:48', NULL, NULL, NULL, NULL, NULL);
INSERT INTO `sys_log` VALUES ('2020042415371579083624', '2020-04-24 15:38:07', 'admin', NULL, NULL, 'Login', '0.0.0.1', NULL, NULL, '登录', '1', '登录成功', NULL, '0', '2020-04-24 15:38:07', NULL, NULL, NULL, NULL, NULL);
INSERT INTO `sys_log` VALUES ('2020042415381266476284', '2020-04-24 15:38:13', 'admin', NULL, NULL, 'Login', '0.0.0.1', NULL, NULL, '登录', '1', '登录成功', NULL, '0', '2020-04-24 15:38:13', NULL, NULL, NULL, NULL, NULL);
INSERT INTO `sys_log` VALUES ('2020042415405600741555', '2020-04-24 15:41:31', 'admin', NULL, NULL, 'Login', '0.0.0.1', NULL, NULL, '登录', '1', '登录成功', NULL, '0', '2020-04-24 15:41:31', NULL, NULL, NULL, NULL, NULL);
INSERT INTO `sys_log` VALUES ('2020042415413509155806', '2020-04-24 15:41:36', 'admin', NULL, NULL, 'Login', '0.0.0.1', NULL, NULL, '登录', '1', '登录成功', NULL, '0', '2020-04-24 15:41:36', NULL, NULL, NULL, NULL, NULL);
INSERT INTO `sys_log` VALUES ('2020042415441167429913', '2020-04-24 15:44:12', 'admin', NULL, NULL, 'Login', '0.0.0.1', NULL, NULL, '登录', '1', '登录成功', NULL, '0', '2020-04-24 15:44:12', NULL, NULL, NULL, NULL, NULL);
INSERT INTO `sys_log` VALUES ('2020042415453648974428', '2020-04-24 15:45:37', 'admin', NULL, NULL, 'Login', '0.0.0.1', NULL, NULL, '登录', '1', '登录成功', NULL, '0', '2020-04-24 15:45:37', NULL, NULL, NULL, NULL, NULL);
INSERT INTO `sys_log` VALUES ('2020042416185058643522', '2020-04-24 16:18:51', 'admin', NULL, NULL, 'Login', '0.0.0.1', NULL, NULL, '登录', '1', '登录成功', NULL, '0', '2020-04-24 16:18:51', NULL, NULL, NULL, NULL, NULL);
INSERT INTO `sys_log` VALUES ('2020042416191580863778', '2020-04-24 16:19:16', 'admin', NULL, NULL, 'Login', '0.0.0.1', NULL, NULL, '登录', '1', '登录成功', NULL, '0', '2020-04-24 16:19:16', NULL, NULL, NULL, NULL, NULL);
INSERT INTO `sys_log` VALUES ('2020042416284671679359', '2020-04-24 16:28:47', 'admin', NULL, NULL, 'Login', '0.0.0.1', NULL, NULL, '登录', '1', '登录成功', NULL, '0', '2020-04-24 16:28:47', NULL, NULL, NULL, NULL, NULL);
INSERT INTO `sys_log` VALUES ('2020042416320800003244', '2020-04-24 16:32:08', 'admin', NULL, NULL, 'Login', '0.0.0.1', NULL, NULL, '登录', '1', '登录成功', NULL, '0', '2020-04-24 16:32:08', NULL, NULL, NULL, NULL, NULL);
INSERT INTO `sys_log` VALUES ('2020042416394837687770', '2020-04-24 16:39:48', 'admin', NULL, NULL, 'Login', '0.0.0.1', NULL, NULL, '登录', '1', '登录成功', NULL, '0', '2020-04-24 16:39:48', NULL, NULL, NULL, NULL, NULL);
INSERT INTO `sys_log` VALUES ('2020042416572237716984', '2020-04-24 16:57:23', 'admin', NULL, NULL, 'Login', '127.0.0.1', NULL, NULL, '登录', '1', '登录成功', NULL, '0', '2020-04-24 16:57:23', NULL, NULL, NULL, NULL, NULL);
INSERT INTO `sys_log` VALUES ('2020042416590494538526', '2020-04-24 16:59:41', 'admin', NULL, NULL, 'Login', '0.0.0.1', NULL, NULL, '登录', '1', '登录成功', NULL, '0', '2020-04-24 16:59:41', NULL, NULL, NULL, NULL, NULL);
INSERT INTO `sys_log` VALUES ('2020042416595150948079', '2020-04-24 16:59:54', 'admin', NULL, NULL, 'Login', '0.0.0.1', NULL, NULL, '登录', '1', '登录成功', NULL, '0', '2020-04-24 16:59:54', NULL, NULL, NULL, NULL, NULL);
INSERT INTO `sys_log` VALUES ('2020042417095006058300', '2020-04-24 17:09:53', 'admin', NULL, NULL, 'Login', '0.0.0.1', NULL, NULL, '登录', '1', '登录成功', NULL, '0', '2020-04-24 17:09:53', NULL, NULL, NULL, NULL, NULL);
INSERT INTO `sys_log` VALUES ('2020042417255489845403', '2020-04-24 17:26:04', 'admin', NULL, NULL, 'Login', '127.0.0.1', NULL, NULL, '登录', '1', '登录成功', NULL, '0', '2020-04-24 17:26:04', NULL, NULL, NULL, NULL, NULL);
INSERT INTO `sys_log` VALUES ('2020042417261228242559', '2020-04-24 17:26:12', 'admin', NULL, NULL, 'Login', '0.0.0.1', NULL, NULL, '登录', '1', '登录成功', NULL, '0', '2020-04-24 17:26:12', NULL, NULL, NULL, NULL, NULL);
INSERT INTO `sys_log` VALUES ('2020042417380069667202', '2020-04-24 17:38:01', 'admin', NULL, NULL, 'Login', '0.0.0.1', NULL, NULL, '登录', '1', '登录成功', NULL, '0', '2020-04-24 17:38:01', NULL, NULL, NULL, NULL, NULL);
INSERT INTO `sys_log` VALUES ('2020042417423577296202', '2020-04-24 17:42:36', 'admin', NULL, NULL, 'Login', '0.0.0.1', NULL, NULL, '登录', '1', '登录成功', NULL, '0', '2020-04-24 17:42:36', NULL, NULL, NULL, NULL, NULL);
INSERT INTO `sys_log` VALUES ('2020042417425949041835', '2020-04-24 17:43:00', 'admin', NULL, NULL, 'Login', '0.0.0.1', NULL, NULL, '登录', '1', '登录成功', NULL, '0', '2020-04-24 17:43:00', NULL, NULL, NULL, NULL, NULL);
INSERT INTO `sys_log` VALUES ('2020042417441883619976', '2020-04-24 17:44:19', 'admin', NULL, NULL, 'Login', '0.0.0.1', NULL, NULL, '登录', '1', '登录成功', NULL, '0', '2020-04-24 17:44:19', NULL, NULL, NULL, NULL, NULL);
INSERT INTO `sys_log` VALUES ('2020042417442188601252', '2020-04-24 17:44:22', 'admin', NULL, NULL, 'Login', '0.0.0.1', NULL, NULL, '登录', '1', '登录成功', NULL, '0', '2020-04-24 17:44:22', NULL, NULL, NULL, NULL, NULL);

-- ----------------------------
-- Records of sys_menu
-- ----------------------------
INSERT INTO `sys_menu` VALUES ('2019111412135008697112', '201904031316131800', '2019091509584766641153', '2', 'ArticleComments/List', '文章留言', NULL, '/CMS/ArticleComments/Index', 'iframe', '1', '0', '0', '0', '0', '4', '0', '1', NULL, '2019-11-14 00:00:00', '9f2ec079-7d0f-4fe2-90ab-8b09a8302aba', '2019-11-14 00:00:00', '9f2ec079-7d0f-4fe2-90ab-8b09a8302aba', '2001-01-01 00:00:00', NULL);
INSERT INTO `sys_menu` VALUES ('1', '201806141508359155', '', '1', 'Security', '系统管理', 'icon-set', '/setting/index', 'expand', '1', '1', '0', '1', '1', '996', '0', '1', NULL, '2018-06-03 00:00:00', '9f2ec079-7d0f-4fe2-90ab-8b09a8302aba', '2020-04-22 00:00:00', '9f2ec079-7d0f-4fe2-90ab-8b09a8302aba', '2018-06-03 00:00:00', '9f2ec079-7d0f-4fe2-90ab-8b09a8302aba');
INSERT INTO `sys_menu` VALUES ('2020042216381028741066', '201806141508359155', '9', '2', 'CodeGenerator', '代码生成器', 'icon-code', '/tool/index', NULL, '1', '0', '0', NULL, NULL, '99', '0', '1', NULL, '2020-04-22 00:00:00', '9f2ec079-7d0f-4fe2-90ab-8b09a8302aba', '2020-04-22 00:00:00', '9f2ec079-7d0f-4fe2-90ab-8b09a8302aba', '2001-01-01 00:00:00', NULL);
INSERT INTO `sys_menu` VALUES ('201806040726499682', '201806141508359155', '9', '2', 'DbTools', '数据库连接', 'icon-databaseserverst', '/tool/dbtools', 'iframe', '1', '0', '0', '1', '1', '100', '0', '1', NULL, '2018-06-04 00:00:00', '9f2ec079-7d0f-4fe2-90ab-8b09a8302aba', '2020-04-22 00:00:00', '9f2ec079-7d0f-4fe2-90ab-8b09a8302aba', '2001-01-01 00:00:00', NULL);
INSERT INTO `sys_menu` VALUES ('201806120821141288', '201806141508359155', '', '1', 'Safety', '系统安全', 'icon-approve', '/log', 'expand', '1', '0', '0', '1', '1', '998', '0', '1', NULL, '2018-06-12 00:00:00', '9f2ec079-7d0f-4fe2-90ab-8b09a8302aba', '2020-04-23 00:00:00', '9f2ec079-7d0f-4fe2-90ab-8b09a8302aba', '2001-01-01 00:00:00', NULL);
INSERT INTO `sys_menu` VALUES ('201806121608404625', '201806141508359155', '9', '2', 'Menu/List', '功能模块', 'icon-module', '/menu/index', 'iframe', '1', '0', '0', '1', '0', '7', '0', '1', NULL, '2018-06-12 00:00:00', '9f2ec079-7d0f-4fe2-90ab-8b09a8302aba', '2020-04-23 00:00:00', '9f2ec079-7d0f-4fe2-90ab-8b09a8302aba', '2001-01-01 00:00:00', NULL);
INSERT INTO `sys_menu` VALUES ('201806141351101389', '201806141508359155', '9', '2', 'SystemType/List', '系统类型', 'icon-xitong', '/systemtype/index', 'expand', '1', '0', '0', '0', '0', '5', '0', '1', NULL, '2018-06-14 00:00:00', '9f2ec079-7d0f-4fe2-90ab-8b09a8302aba', '2020-04-23 00:00:00', '9f2ec079-7d0f-4fe2-90ab-8b09a8302aba', '2001-01-01 00:00:00', NULL);
INSERT INTO `sys_menu` VALUES ('201806281614094180', '201806141745132709', '', '1', 'WorkOrderManage', '工单管理', 'fas fa-hands-helping', '#', 'expand', '1', '0', '0', '0', '0', '995', '0', '1', NULL, '2018-06-28 00:00:00', '9f2ec079-7d0f-4fe2-90ab-8b09a8302aba', '2019-05-04 00:00:00', '9f2ec079-7d0f-4fe2-90ab-8b09a8302aba', '2001-01-01 00:00:00', NULL);
INSERT INTO `sys_menu` VALUES ('201806281615401440', '201806141745132709', '201806281614094180', '2', 'WorkOrder/List', '工单列表', NULL, '/Security/WorkOrder/Index', 'iframe', '1', '0', '0', '0', '0', '1', '0', '1', NULL, '2018-06-28 00:00:00', '9f2ec079-7d0f-4fe2-90ab-8b09a8302aba', '2018-06-29 00:00:00', '9f2ec079-7d0f-4fe2-90ab-8b09a8302aba', '2001-01-01 00:00:00', NULL);
INSERT INTO `sys_menu` VALUES ('201806281616268930', '201806141745132709', '201806281614094180', '2', 'WorkOrder/AddView', '提交工单', NULL, '/Security/WorkOrder/AddView', 'expand', '0', '0', '0', '0', '0', '99', '0', '1', NULL, '2018-06-28 00:00:00', '9f2ec079-7d0f-4fe2-90ab-8b09a8302aba', '2018-06-29 00:00:00', '9f2ec079-7d0f-4fe2-90ab-8b09a8302aba', '2001-01-01 00:00:00', NULL);
INSERT INTO `sys_menu` VALUES ('201806291506346894', '201806141508359155', '9', '2', 'APP/List', '应用管理', 'icon-app', '/app/index', 'iframe', '1', '0', '0', '0', '0', '6', '0', '1', NULL, '2018-06-29 00:00:00', '9f2ec079-7d0f-4fe2-90ab-8b09a8302aba', '2020-04-23 00:00:00', '9f2ec079-7d0f-4fe2-90ab-8b09a8302aba', '2001-01-01 00:00:00', NULL);
INSERT INTO `sys_menu` VALUES ('201904231413563403', '201904031316131800', '', '1', 'Advert', '广告管理', 'far fa-newspaper', '/', 'iframe', '1', '0', '0', '0', '0', '100', '0', '1', NULL, '2019-04-23 00:00:00', '9f2ec079-7d0f-4fe2-90ab-8b09a8302aba', '2019-09-22 00:00:00', '9f2ec079-7d0f-4fe2-90ab-8b09a8302aba', '2001-01-01 00:00:00', NULL);
INSERT INTO `sys_menu` VALUES ('201904231415472711', '201904031316131800', '201904231413563403', '2', 'Advert/List', '广告位管理', NULL, '/CMS/Advert/Index', 'iframe', '1', '0', '0', '0', '0', '1', '0', '1', NULL, '2019-04-23 00:00:00', '9f2ec079-7d0f-4fe2-90ab-8b09a8302aba', '2019-04-23 00:00:00', '9f2ec079-7d0f-4fe2-90ab-8b09a8302aba', '2001-01-01 00:00:00', NULL);
INSERT INTO `sys_menu` VALUES ('201904231416227071', '201904031316131800', '201904231413563403', '2', 'Banner/List', '广告管理', NULL, '/CMS/Banner/Index', 'iframe', '1', '0', '0', '0', '0', '99', '0', '1', NULL, '2019-04-23 00:00:00', '9f2ec079-7d0f-4fe2-90ab-8b09a8302aba', '2019-04-23 00:00:00', '9f2ec079-7d0f-4fe2-90ab-8b09a8302aba', '2001-01-01 00:00:00', NULL);
INSERT INTO `sys_menu` VALUES ('201904251433512571', '201904031316131800', '', '1', 'Page', '单页面管理', 'far fa-newspaper', '/', 'iframe', '1', '1', '0', '1', '1', '99', '0', '1', NULL, '2019-04-25 00:00:00', '9f2ec079-7d0f-4fe2-90ab-8b09a8302aba', '2019-05-05 00:00:00', '9f2ec079-7d0f-4fe2-90ab-8b09a8302aba', '2001-01-01 00:00:00', NULL);
INSERT INTO `sys_menu` VALUES ('201904251436353833', '201904031316131800', '201904251433512571', '2', 'PageCategory/List', '页面分类', NULL, '/CMS/PageCategory/Index', 'iframe', '1', '1', '0', '1', '0', '99', '0', '1', NULL, '2019-04-25 00:00:00', '9f2ec079-7d0f-4fe2-90ab-8b09a8302aba', '2001-01-01 00:00:00', NULL, '2001-01-01 00:00:00', NULL);
INSERT INTO `sys_menu` VALUES ('201904251438062482', '201904031316131800', '201904251433512571', '2', 'PageNews/List', '单页面内容', NULL, '/CMS/PageNews/Index', 'iframe', '1', '1', '0', '0', '0', '99', '0', '1', NULL, '2019-04-25 00:00:00', '9f2ec079-7d0f-4fe2-90ab-8b09a8302aba', '2019-05-05 00:00:00', '9f2ec079-7d0f-4fe2-90ab-8b09a8302aba', '2001-01-01 00:00:00', NULL);
INSERT INTO `sys_menu` VALUES ('201905041649159560', '201806141508359155', '1', '2', 'SysSetting/Index', '系统设置', 'icon-set', '/setting/index', 'iframe', '1', '0', '0', '0', '0', '1', '0', '1', NULL, '2019-05-04 00:00:00', '9f2ec079-7d0f-4fe2-90ab-8b09a8302aba', '2020-04-22 00:00:00', '9f2ec079-7d0f-4fe2-90ab-8b09a8302aba', '2001-01-01 00:00:00', NULL);
INSERT INTO `sys_menu` VALUES ('3', '201806141508359155', '1', '2', 'Organize/List', '机构管理', 'icon-jigou', '/organize/index', 'iframe', '1', '0', '0', '1', '1', '1', '0', '1', NULL, '2018-06-03 00:00:00', '9f2ec079-7d0f-4fe2-90ab-8b09a8302aba', '2020-04-22 00:00:00', '9f2ec079-7d0f-4fe2-90ab-8b09a8302aba', '2001-01-01 00:00:00', NULL);
INSERT INTO `sys_menu` VALUES ('4', '201806141508359155', '1', '2', 'User/List', '用户管理', 'icon-friend', '/user/index', 'iframe', '1', '0', '0', '1', '1', '3', '0', '1', NULL, '2018-06-03 00:00:00', '9f2ec079-7d0f-4fe2-90ab-8b09a8302aba', '2020-04-22 00:00:00', '9f2ec079-7d0f-4fe2-90ab-8b09a8302aba', '2001-01-01 00:00:00', NULL);
INSERT INTO `sys_menu` VALUES ('5', '201806141508359155', '1', '2', 'Role/List', '岗位角色', 'icon-jiaose3-01', '/role/index', 'iframe', '1', '0', '0', '1', '1', '4', '0', '1', NULL, '2018-06-03 00:00:00', '9f2ec079-7d0f-4fe2-90ab-8b09a8302aba', '2020-04-22 00:00:00', '9f2ec079-7d0f-4fe2-90ab-8b09a8302aba', '2001-01-01 00:00:00', NULL);
INSERT INTO `sys_menu` VALUES ('6', '201806141508359155', '1', '2', 'Items/List', '数据字典', 'icon-zidian', '/items/index', 'iframe', '1', '0', '0', '1', '1', '6', '0', '1', NULL, '2018-06-03 00:00:00', '9f2ec079-7d0f-4fe2-90ab-8b09a8302aba', '2020-04-23 00:00:00', '9f2ec079-7d0f-4fe2-90ab-8b09a8302aba', '2001-01-01 00:00:00', NULL);
INSERT INTO `sys_menu` VALUES ('7', '201806141508359155', '201806120821141288', '2', 'Log/List', '日志管理', 'icon-log', '/syslog/index', 'iframe', '1', '0', '0', '1', '1', '7', '0', '1', NULL, '2018-06-03 00:00:00', '9f2ec079-7d0f-4fe2-90ab-8b09a8302aba', '2020-04-23 00:00:00', '9f2ec079-7d0f-4fe2-90ab-8b09a8302aba', '2001-01-01 00:00:00', NULL);
INSERT INTO `sys_menu` VALUES ('8', '201806141508359155', '201806120821141288', '2', 'FilterIP/List', '访问控制', 'icon-adjust', '/filterip/index', 'iframe', '1', '0', '0', '1', '1', '7', '0', '1', NULL, '2018-06-03 00:00:00', '9f2ec079-7d0f-4fe2-90ab-8b09a8302aba', '2020-04-23 00:00:00', '9f2ec079-7d0f-4fe2-90ab-8b09a8302aba', '2001-01-01 00:00:00', NULL);
INSERT INTO `sys_menu` VALUES ('9', '201806141508359155', '', '1', 'Tools', '开发者', 'icon-kaifazhe', '/tool', 'expand', '1', '0', '0', '1', '1', '997', '0', '1', NULL, '2018-06-04 00:00:00', '9f2ec079-7d0f-4fe2-90ab-8b09a8302aba', '2020-04-22 00:00:00', '9f2ec079-7d0f-4fe2-90ab-8b09a8302aba', '2001-01-01 00:00:00', NULL);
INSERT INTO `sys_menu` VALUES ('2019090914065191137561', '201806141508359155', '1', '2', 'Area/List', '地区管理', 'fas fa-book-open', '/Security/Area/Index', 'iframe', '1', '0', '0', '1', '0', '99', '0', '1', NULL, '2019-09-09 00:00:00', '9f2ec079-7d0f-4fe2-90ab-8b09a8302aba', '2001-01-01 00:00:00', NULL, '2001-01-01 00:00:00', NULL);
INSERT INTO `sys_menu` VALUES ('2019091509584766641153', '201904031316131800', '', '1', 'ArticleNews', '文章管理', 'fas fa-book-open', '/', 'expand', '1', '0', '0', '0', '0', '4', '0', '1', NULL, '2019-09-15 00:00:00', '9f2ec079-7d0f-4fe2-90ab-8b09a8302aba', '2019-10-03 00:00:00', '9f2ec079-7d0f-4fe2-90ab-8b09a8302aba', '2001-01-01 00:00:00', NULL);
INSERT INTO `sys_menu` VALUES ('2019091510003063373145', '201904031316131800', '2019091509584766641153', '2', 'ArticleNews/List', '文章列表', NULL, '/CMS/ArticleNews/Index', 'iframe', '1', '0', '0', '1', '1', '1', '0', '1', NULL, '2019-09-15 00:00:00', '9f2ec079-7d0f-4fe2-90ab-8b09a8302aba', '2001-01-01 00:00:00', NULL, '2001-01-01 00:00:00', NULL);
INSERT INTO `sys_menu` VALUES ('2019091712132936188509', '201904031316131800', '2019091509584766641153', '2', 'ArticleCategory/List', '文章分类', NULL, '/CMS/ArticleCategory/Index', 'iframe', '1', '0', '0', '0', '0', '2', '0', '1', NULL, '2019-09-17 00:00:00', '9f2ec079-7d0f-4fe2-90ab-8b09a8302aba', '2019-10-16 00:00:00', '9f2ec079-7d0f-4fe2-90ab-8b09a8302aba', '2001-01-01 00:00:00', NULL);
INSERT INTO `sys_menu` VALUES ('2020042316122987266087', '201806141508359155', '1', '2', 'UploadFile/List', '文件管理', 'icon-emaxcitygerenxinxitubiaoji03', '/uploadfile/index', NULL, '0', '0', '1', NULL, NULL, '99', '0', '1', NULL, '2020-04-23 00:00:00', '9f2ec079-7d0f-4fe2-90ab-8b09a8302aba', '2001-01-01 00:00:00', NULL, '2001-01-01 00:00:00', NULL);
INSERT INTO `sys_menu` VALUES ('2019101620074999687898', '201904031316131800', '2019091509584766641153', '2', 'ArticleNews/ArticleSetting', '基础设置', 'icon-adjust', '/CMS/ArticleNews/ArticleSetting', 'iframe', '1', '0', '0', '0', '0', '5', '0', '1', NULL, '2019-10-16 00:00:00', '9f2ec079-7d0f-4fe2-90ab-8b09a8302aba', '2019-11-14 00:00:00', '9f2ec079-7d0f-4fe2-90ab-8b09a8302aba', '2001-01-01 00:00:00', NULL);
INSERT INTO `sys_menu` VALUES ('2020032520393673173587', '201806141511351940', '', '1', 'BascInfo', '基础信息', 'icon-adjust', '/goods', 'iframe', '0', '0', '0', '0', '0', '20', '0', '1', NULL, '2020-03-25 00:00:00', '9f2ec079-7d0f-4fe2-90ab-8b09a8302aba', '2001-01-01 00:00:00', NULL, '2001-01-01 00:00:00', NULL);
INSERT INTO `sys_menu` VALUES ('2020032520403127058746', '201806141511351940', '2020032520393673173587', '2', 'Goods/List', '商品管理', 'icon-goods', '/goods/index', 'iframe', '1', '0', '0', '0', '0', '1', '0', '1', NULL, '2020-03-25 00:00:00', '9f2ec079-7d0f-4fe2-90ab-8b09a8302aba', '2001-01-01 00:00:00', NULL, '2001-01-01 00:00:00', NULL);
INSERT INTO `sys_menu` VALUES ('2020032520413153674826', '201806141511351940', '2020032520393673173587', '2', 'GoodsCategories/List', '商品分类', 'icon-list1', '/goods/category', 'iframe', '0', '0', '0', '0', '0', '2', '0', '1', NULL, '2020-03-25 00:00:00', '9f2ec079-7d0f-4fe2-90ab-8b09a8302aba', '2001-01-01 00:00:00', NULL, '2001-01-01 00:00:00', NULL);
INSERT INTO `sys_menu` VALUES ('2020032520393673173589', '201806141511351940', '', '1', 'OutStock', '出库管理', 'icon-adjust', '/outstock', 'iframe', '0', '0', '0', '0', '0', '1', '0', '1', NULL, '2020-03-25 00:00:00', '9f2ec079-7d0f-4fe2-90ab-8b09a8302aba', '2001-01-01 00:00:00', NULL, '2001-01-01 00:00:00', NULL);
INSERT INTO `sys_menu` VALUES ('2020032520403127058778', '201806141511351940', '2020032520393673173589', '2', 'OutStock/List', '出库通知单', 'icon-goods', '/outstock/index', 'iframe', '1', '0', '0', '0', '0', '1', '0', '1', NULL, '2020-03-25 00:00:00', '9f2ec079-7d0f-4fe2-90ab-8b09a8302aba', '2020-03-30 00:00:00', '9f2ec079-7d0f-4fe2-90ab-8b09a8302aba', '2001-01-01 00:00:00', NULL);
INSERT INTO `sys_menu` VALUES ('2020032520403127058790', '201806141511351940', '2020032520393673173589', '3', 'SortingBill/List', '分拣单', 'icon-goods', '/sortingbill/index', 'iframe', '1', '0', '0', '0', '0', '2', '0', '1', NULL, '2020-03-25 00:00:00', '9f2ec079-7d0f-4fe2-90ab-8b09a8302aba', '2001-01-01 00:00:00', NULL, '2001-01-01 00:00:00', NULL);
INSERT INTO `sys_menu` VALUES ('2020032520403127058791', '201806141511351940', '2020032520393673173589', '2', 'DeliveryBill/List', '发货单', 'icon-goods', '/deliverybill/index', 'iframe', '1', '0', '0', '0', '0', '8', '0', '1', NULL, '2020-03-25 00:00:00', '9f2ec079-7d0f-4fe2-90ab-8b09a8302aba', '2020-04-02 00:00:00', '9f2ec079-7d0f-4fe2-90ab-8b09a8302aba', '2001-01-01 00:00:00', NULL);
INSERT INTO `sys_menu` VALUES ('2020032621335171545255', '201806141511351940', '', '1', 'MachineManager', '设备管理', 'icon-machine', '/Machine', 'iframe', '1', '0', '0', '0', '0', '12', '0', '1', NULL, '2020-03-26 00:00:00', '9f2ec079-7d0f-4fe2-90ab-8b09a8302aba', '2001-01-01 00:00:00', NULL, '2001-01-01 00:00:00', NULL);
INSERT INTO `sys_menu` VALUES ('2020032621370887006612', '201806141511351940', '2020032621335171545255', '2', 'SortingMachine/List', '拨杆分拣机', 'icon-machine', '/machine/sortingmachine', 'iframe', '1', '0', '0', '0', '0', '1', '0', '1', NULL, '2020-03-26 00:00:00', '9f2ec079-7d0f-4fe2-90ab-8b09a8302aba', '2001-01-01 00:00:00', NULL, '2001-01-01 00:00:00', NULL);
INSERT INTO `sys_menu` VALUES ('2020032621393478187543', '201806141511351940', '2020032621335171545255', '2', 'SortingPort/List', '分拣道口', 'icon-filterfunnelsortsortingarrange', '/machine/sortingport', 'iframe', '0', '0', '0', '0', '0', '2', '0', '1', NULL, '2020-03-26 00:00:00', '9f2ec079-7d0f-4fe2-90ab-8b09a8302aba', '2001-01-01 00:00:00', NULL, '2001-01-01 00:00:00', NULL);
INSERT INTO `sys_menu` VALUES ('2020032621521896069838', '201806141511351940', '2020032621335171545255', '2', 'TurnoverBox/List', '周转箱', 'icon-box', '/machine/turnoverbox', 'iframe', '1', '0', '0', '0', '0', '3', '0', '1', NULL, '2020-03-26 00:00:00', '9f2ec079-7d0f-4fe2-90ab-8b09a8302aba', '2001-01-01 00:00:00', NULL, '2001-01-01 00:00:00', NULL);
INSERT INTO `sys_menu` VALUES ('2020032621533046305915', '201806141511351940', '2020032621335171545255', '2', 'HandheldPDA/List', '手持PDA', 'icon-pda', '/machine/handheldpad', 'iframe', '0', '0', '0', '0', '0', '4', '0', '1', NULL, '2020-03-26 00:00:00', '9f2ec079-7d0f-4fe2-90ab-8b09a8302aba', '2001-01-01 00:00:00', NULL, '2001-01-01 00:00:00', NULL);
INSERT INTO `sys_menu` VALUES ('2020032520403127058589', '201806141511351940', '2020032520393673173589', '2', 'SortingTaskBill/List', '分拣机任务', 'icon-goods', '/sorttaskbill/index', 'iframe', '1', '0', '0', '0', '0', '3', '0', '1', NULL, '2020-03-25 00:00:00', '9f2ec079-7d0f-4fe2-90ab-8b09a8302aba', '2020-04-03 00:00:00', '9f2ec079-7d0f-4fe2-90ab-8b09a8302aba', '2001-01-01 00:00:00', NULL);
INSERT INTO `sys_menu` VALUES ('2020040212235630514650', '201806141511351940', '2020032520393673173589', '2', 'SortingTaskDetailBill/List', '分拣机作业明细', 'icon-goods', '/sorttaskbill/detail', 'iframe', '1', '0', '0', '0', '0', '4', '0', '1', NULL, '2020-04-02 00:00:00', '9f2ec079-7d0f-4fe2-90ab-8b09a8302aba', '2020-04-16 00:00:00', '9f2ec079-7d0f-4fe2-90ab-8b09a8302aba', '2001-01-01 00:00:00', NULL);
INSERT INTO `sys_menu` VALUES ('2020040419125729028289', '201806141511351940', '2020032520393673173587', '2', 'Customer/List', '客户管理', 'icon-goods', '/customer/index', 'blank', '1', '0', '0', '0', '0', '7', '0', '1', NULL, '2020-04-04 00:00:00', '9f2ec079-7d0f-4fe2-90ab-8b09a8302aba', '2001-01-01 00:00:00', NULL, '2001-01-01 00:00:00', NULL);
INSERT INTO `sys_menu` VALUES ('2020032520421571473331', '201806141511351940', '2020032520393673173587', '2', 'Warehouse/List', '仓库管理', 'icon-ware-house', '/warehouse/index', 'iframe', '0', '0', '0', '0', '0', '4', '0', '1', NULL, '2020-03-25 00:00:00', '9f2ec079-7d0f-4fe2-90ab-8b09a8302aba', '2001-01-01 00:00:00', NULL, '2001-01-01 00:00:00', NULL);
INSERT INTO `sys_menu` VALUES ('2020040212263674086502', '201806141511351940', '2020032520393673173589', '2', 'PackingTask/List', '打包作业', 'icon-goods', '/packingtask/index', 'iframe', '1', '0', '0', '0', '0', '5', '0', '1', NULL, '2020-04-02 00:00:00', '9f2ec079-7d0f-4fe2-90ab-8b09a8302aba', '2020-04-16 00:00:00', '9f2ec079-7d0f-4fe2-90ab-8b09a8302aba', '2001-01-01 00:00:00', NULL);
INSERT INTO `sys_menu` VALUES ('2020040717240633432715', '201806141511351940', '2020032520393673173587', '2', 'WMSBasicSetting', '基础设置', NULL, '/setting/index', 'iframe', '0', '0', '0', '0', '0', '6', '0', '1', NULL, '2020-04-07 00:00:00', '9f2ec079-7d0f-4fe2-90ab-8b09a8302aba', '2001-01-01 00:00:00', NULL, '2001-01-01 00:00:00', NULL);
INSERT INTO `sys_menu` VALUES ('2020041720443952574965', NULL, '', '1', '12', '121', NULL, NULL, NULL, NULL, '0', NULL, NULL, NULL, '99', '0', '1', NULL, '2020-04-17 00:00:00', '9f2ec079-7d0f-4fe2-90ab-8b09a8302aba', '2001-01-01 00:00:00', NULL, '2001-01-01 00:00:00', NULL);


-- ----------------------------
-- Records of sys_organize
-- ----------------------------
INSERT INTO `sys_organize` VALUES ('201806122217567448', '554C61CE-6AE0-44EB-B33D-A462BE7EB3E1', '4', 'Development', '定制开发组', '定开组', 'WorkGroup', 'aryy', '021-728384234', '1380013800', '2323', '1212', '2323@yuebon.com', NULL, '121212', '0', '0', '99', '0', '1', NULL, '2018-06-12 00:00:00', '9f2ec079-7d0f-4fe2-90ab-8b09a8302aba', '2020-04-22 00:00:00', '9f2ec079-7d0f-4fe2-90ab-8b09a8302aba', '2001-01-01 00:00:00', NULL);
INSERT INTO `sys_organize` VALUES ('201806131523019338', '5AB270C0-5D33-4203-A54F-4552699FDA3C', '2', '001', '越邦上海总部', '越邦科技', 'Company', '陈青文', '021-61974937', '13800013800', 'cqinwn', NULL, NULL, NULL, NULL, '0', '0', '99', '0', '1', NULL, '2018-06-13 00:00:00', '9f2ec079-7d0f-4fe2-90ab-8b09a8302aba', '2020-04-22 00:00:00', '9f2ec079-7d0f-4fe2-90ab-8b09a8302aba', '2001-01-01 00:00:00', NULL);
INSERT INTO `sys_organize` VALUES ('201806131926145404', '554C61CE-6AE0-44EB-B33D-A462BE7EB3E1', '4', 'Kingdee', 'Kingdee组', '金蝶', 'WorkGroup', '邹大烈', '021-61974937', '13800013800', 'cqinwn', NULL, 'cqinwn@qq.com', NULL, NULL, '0', '0', '99', '0', '1', NULL, '2018-06-13 00:00:00', '9f2ec079-7d0f-4fe2-90ab-8b09a8302aba', '2018-06-29 00:00:00', '9f2ec079-7d0f-4fe2-90ab-8b09a8302aba', '2001-01-01 00:00:00', NULL);
INSERT INTO `sys_organize` VALUES ('201806291156482855', '201806131523019338', '3', 'wechatXiaochengxun', '小程序部', NULL, 'Department', NULL, NULL, NULL, NULL, NULL, NULL, NULL, NULL, '0', '0', '99', '0', '1', NULL, '2018-06-29 00:00:00', '9f2ec079-7d0f-4fe2-90ab-8b09a8302aba', '2001-01-01 00:00:00', NULL, '2001-01-01 00:00:00', NULL);
INSERT INTO `sys_organize` VALUES ('201806301121597235', '201806131523019338', '3', 'Auto', '人工智能组', NULL, 'WorkGroup', NULL, NULL, NULL, NULL, NULL, NULL, NULL, NULL, '0', '0', '99', '0', '1', NULL, '2018-06-30 00:00:00', '9f2ec079-7d0f-4fe2-90ab-8b09a8302aba', '2020-04-17 00:00:00', '9f2ec079-7d0f-4fe2-90ab-8b09a8302aba', '2001-01-01 00:00:00', NULL);
INSERT INTO `sys_organize` VALUES ('201906060900443360', 'BD830AEF-0A2E-4228-ACF8-8843C39D41D8', '3', '1002', 'IT开发部', 'IT开发', 'Department', NULL, NULL, NULL, NULL, NULL, NULL, NULL, NULL, '0', '0', '1', '0', '1', '', '2019-06-06 00:00:00', '9f2ec079-7d0f-4fe2-90ab-8b09a8302aba', '2020-04-24 18:13:27', '9f2ec079-7d0f-4fe2-90ab-8b09a8302aba', '2001-01-01 00:00:00', NULL);
INSERT INTO `sys_organize` VALUES ('201806131957002010', 'BD830AEF-0A2E-4228-ACF8-8843C39D41D8', '3', '1', '行政部', NULL, 'Department', NULL, NULL, NULL, NULL, NULL, NULL, NULL, NULL, '0', '0', '99', '0', '1', NULL, '2018-06-13 00:00:00', '9f2ec079-7d0f-4fe2-90ab-8b09a8302aba', '2001-01-01 00:00:00', NULL, '2001-01-01 00:00:00', NULL);
INSERT INTO `sys_organize` VALUES ('201806132002245913', 'BD830AEF-0A2E-4228-ACF8-8843C39D41D8', '3', NULL, '财务部', NULL, 'Department', NULL, NULL, NULL, NULL, NULL, NULL, NULL, NULL, '0', '0', '99', '0', '1', NULL, '2018-06-13 00:00:00', '9f2ec079-7d0f-4fe2-90ab-8b09a8302aba', '2001-01-01 00:00:00', NULL, '2001-01-01 00:00:00', NULL);
INSERT INTO `sys_organize` VALUES ('5AB270C0-5D33-4203-A54F-4552699FDA3C', '', '1', 'Company', '上海越邦网络科技有限公司', '煦儒科技', 'Group', '陈青文', '021-61974937', '13800013800', 'cqinwn', NULL, 'admin@qq.com', NULL, '上海市松江区', '0', '0', '1', '0', '1', NULL, '2016-06-10 00:00:00', NULL, '2020-04-22 00:00:00', '9f2ec079-7d0f-4fe2-90ab-8b09a8302aba', '2001-01-01 00:00:00', NULL);
INSERT INTO `sys_organize` VALUES ('80E10CD5-7591-40B8-A005-BCDE1B961E76', '201806131523019338', '3', 'Administration', '行政部', NULL, 'Department', NULL, NULL, NULL, NULL, NULL, NULL, NULL, NULL, '0', '0', '2', '0', '1', NULL, '2016-06-10 00:00:00', NULL, '2018-06-13 00:00:00', '9f2ec079-7d0f-4fe2-90ab-8b09a8302aba', '2001-01-01 00:00:00', NULL);
INSERT INTO `sys_organize` VALUES ('5B417E2B-4B96-4F37-8BAA-10E5A812D05E', '201806131523019338', '3', 'Market', '市场部', NULL, 'Department', NULL, NULL, NULL, NULL, NULL, NULL, NULL, NULL, '0', '0', '3', '0', '1', NULL, '2016-06-10 00:00:00', NULL, '2018-06-13 00:00:00', '9f2ec079-7d0f-4fe2-90ab-8b09a8302aba', '2001-01-01 00:00:00', NULL);
INSERT INTO `sys_organize` VALUES ('F02A66CA-3D8B-491B-8A17-C9ACA3E3B5DD', '201806131523019338', '3', 'Financial', '财务部', NULL, 'Department', NULL, NULL, NULL, NULL, NULL, NULL, NULL, NULL, '0', '0', '4', '0', '1', NULL, '2016-06-10 00:00:00', NULL, '2018-06-13 00:00:00', '9f2ec079-7d0f-4fe2-90ab-8b09a8302aba', '2001-01-01 00:00:00', NULL);
INSERT INTO `sys_organize` VALUES ('554C61CE-6AE0-44EB-B33D-A462BE7EB3E1', '201806131523019338', '3', 'Ministry', '技术部', NULL, 'Department', NULL, NULL, NULL, NULL, NULL, NULL, NULL, NULL, '0', '0', '5', '0', '1', NULL, '2016-06-10 00:00:00', NULL, '2018-06-13 00:00:00', '9f2ec079-7d0f-4fe2-90ab-8b09a8302aba', '2001-01-01 00:00:00', NULL);
INSERT INTO `sys_organize` VALUES ('BD830AEF-0A2E-4228-ACF8-8843C39D41D8', '5AB270C0-5D33-4203-A54F-4552699FDA3C', '2', 'sccompany', '越邦四川分公司', NULL, 'Company', NULL, NULL, NULL, NULL, NULL, NULL, NULL, NULL, '0', '0', '6', '0', '1', NULL, '2016-06-10 00:00:00', NULL, '2020-04-22 00:00:00', '9f2ec079-7d0f-4fe2-90ab-8b09a8302aba', '2001-01-01 00:00:00', NULL);
INSERT INTO `sys_organize` VALUES ('253EDA1F-F158-4F3F-A778-B7E538E052A2', 'BD830AEF-0A2E-4228-ACF8-8843C39D41D8', '3', 'Manufacturing', '生产部', NULL, 'Department', NULL, NULL, NULL, NULL, NULL, NULL, NULL, NULL, '0', '0', '7', '0', '1', NULL, '2016-06-10 00:00:00', NULL, '2018-07-01 00:00:00', '9f2ec079-7d0f-4fe2-90ab-8b09a8302aba', '2001-01-01 00:00:00', NULL);
INSERT INTO `sys_organize` VALUES ('DFA2FB91-C909-44A3-9282-BF946102E1C9', 'BD830AEF-0A2E-4228-ACF8-8843C39D41D8', '3', 'HumanResourse', '人事部', NULL, 'Department', NULL, NULL, NULL, NULL, NULL, NULL, NULL, NULL, '0', '0', '8', '0', '1', NULL, '2016-06-10 00:00:00', NULL, '2018-06-13 00:00:00', '9f2ec079-7d0f-4fe2-90ab-8b09a8302aba', '2001-01-01 00:00:00', NULL);
INSERT INTO `sys_organize` VALUES ('59703D6A-0EC9-4762-824F-A8D9E62E93D2', 'BD830AEF-0A2E-4228-ACF8-8843C39D41D8', '3', 'Sales', '营销部', NULL, 'Department', NULL, NULL, NULL, NULL, NULL, NULL, NULL, NULL, '0', '0', '9', '0', '1', NULL, '2016-06-10 00:00:00', NULL, '2018-06-13 00:00:00', '9f2ec079-7d0f-4fe2-90ab-8b09a8302aba', '2001-01-01 00:00:00', NULL);

-- ----------------------------
-- Records of sys_role
-- ----------------------------
INSERT INTO `sys_role` VALUES ('F0A2B36F-35A7-4660-B46C-D4AB796591EB', '5AB270C0-5D33-4203-A54F-4552699FDA3C', '1', 'administrators', '超级管理员', '1', '0', '0', '1', '0', '1', NULL, '2016-07-10 00:00:00', NULL, '2019-05-22 00:00:00', '9f2ec079-7d0f-4fe2-90ab-8b09a8302aba', '2001-01-01 00:00:00', NULL);
INSERT INTO `sys_role` VALUES ('4B2140D3-E61D-488E-ADF6-FF0EBCBC5D2C', '5AB270C0-5D33-4203-A54F-4552699FDA3C', '1', 'system', '系统管理员', '1', '0', '0', '2', '0', '1', NULL, '2016-07-10 00:00:00', NULL, '2020-04-17 00:00:00', '9f2ec079-7d0f-4fe2-90ab-8b09a8302aba', '2001-01-01 00:00:00', NULL);
INSERT INTO `sys_role` VALUES ('42C44AC0-27FA-482D-B5E3-8F9B38B80A6A', '5AB270C0-5D33-4203-A54F-4552699FDA3C', '1', 'configuration', '系统配置员', '2', '0', '0', '3', '0', '1', NULL, '2016-07-10 00:00:00', NULL, '2018-06-13 00:00:00', '9f2ec079-7d0f-4fe2-90ab-8b09a8302aba', '2001-01-01 00:00:00', NULL);
INSERT INTO `sys_role` VALUES ('7A9CF301-FCDF-4BC9-A52B-A7D4FAE2D344', '5AB270C0-5D33-4203-A54F-4552699FDA3C', '1', 'developer', '系统开发人员', '2', '0', '0', '4', '0', '1', NULL, '2016-07-10 00:00:00', NULL, '2018-06-13 00:00:00', '9f2ec079-7d0f-4fe2-90ab-8b09a8302aba', '2001-01-01 00:00:00', NULL);
INSERT INTO `sys_role` VALUES ('2691AB91-3010-465F-8D92-60A97425A45E', '5AB270C0-5D33-4203-A54F-4552699FDA3C', '1', 'OpportunitityEditor', '商机编辑', '2', '0', '0', '5', '0', '1', '商机编辑人员无删除权限', '2016-07-10 00:00:00', NULL, '2019-11-22 00:00:00', '9f2ec079-7d0f-4fe2-90ab-8b09a8302aba', '2001-01-01 00:00:00', NULL);
INSERT INTO `sys_role` VALUES ('531F7D18-C49F-4F4F-A920-0074FCB52078', '5AB270C0-5D33-4203-A54F-4552699FDA3C', '1', 'guest', '访客人员', '1', '0', '0', '7', '0', '1', NULL, '2016-07-10 00:00:00', NULL, '2019-10-24 00:00:00', '9f2ec079-7d0f-4fe2-90ab-8b09a8302aba', '2001-01-01 00:00:00', NULL);
INSERT INTO `sys_role` VALUES ('2DA8390B-61A4-4E6C-A6E7-8F6794C7EDCE', '5AB270C0-5D33-4203-A54F-4552699FDA3C', '1', 'DocumentEditor', '文库编辑', '2', '0', '0', '8', '0', '1', '文库编辑人员无删除权限', '2016-07-10 00:00:00', NULL, '2019-11-22 00:00:00', '9f2ec079-7d0f-4fe2-90ab-8b09a8302aba', '2001-01-01 00:00:00', NULL);
INSERT INTO `sys_role` VALUES ('AADB479E-9F87-49B1-AE2D-5DA6FECA3F8E', '5B417E2B-4B96-4F37-8BAA-10E5A812D05E', '1', 'ArticleEditor', '文章编辑', '2', '0', '0', '10', '0', '0', '文章编辑人员', '2016-07-10 00:00:00', NULL, '2020-04-24 18:17:06', '9f2ec079-7d0f-4fe2-90ab-8b09a8302aba', '2001-01-01 00:00:00', NULL);
INSERT INTO `sys_role` VALUES ('23ED024E-0AAA-4C8D-9216-D1AB93348D26', '5AB270C0-5D33-4203-A54F-4552699FDA3C', '2', 'employee', '员工', NULL, '0', '0', '1', '0', '0', NULL, '2016-07-12 00:00:00', NULL, '2020-04-21 00:00:00', '9f2ec079-7d0f-4fe2-90ab-8b09a8302aba', '2001-01-01 00:00:00', NULL);
INSERT INTO `sys_role` VALUES ('D335A5B8-7DED-495C-B8FC-EE933FB30779', '5AB270C0-5D33-4203-A54F-4552699FDA3C', '2', 'charge', '主管', NULL, '0', '0', '2', '0', '1', NULL, '2016-07-12 00:00:00', NULL, '2018-06-28 00:00:00', '201806202328082008', '2001-01-01 00:00:00', NULL);
INSERT INTO `sys_role` VALUES ('0052A230-EA7B-4F3A-A1C9-1611FF26481A', '5AB270C0-5D33-4203-A54F-4552699FDA3C', '2', 'manager', '经理', NULL, NULL, NULL, '3', '0', '1', NULL, '2016-07-12 00:00:00', NULL, '2001-01-01 00:00:00', NULL, '2001-01-01 00:00:00', NULL);
INSERT INTO `sys_role` VALUES ('CEEA79E8-2E19-4294-8447-13247053DE04', '5AB270C0-5D33-4203-A54F-4552699FDA3C', '2', 'director', '总监', NULL, NULL, NULL, '4', '0', '1', NULL, '2016-07-12 00:00:00', NULL, '2001-01-01 00:00:00', NULL, '2001-01-01 00:00:00', NULL);
INSERT INTO `sys_role` VALUES ('EA56E457-5024-49AF-9410-D5D71D24F14B', '5AB270C0-5D33-4203-A54F-4552699FDA3C', '2', 'vicegeneral', '副总经理', NULL, NULL, NULL, '5', '0', '1', NULL, '2016-07-12 00:00:00', NULL, '2001-01-01 00:00:00', NULL, '2001-01-01 00:00:00', NULL);
INSERT INTO `sys_role` VALUES ('796E9C6A-8432-4BA6-8CF6-EFFAB6F2098C', '5AB270C0-5D33-4203-A54F-4552699FDA3C', '2', 'general', '总经理', NULL, NULL, NULL, '6', '0', '1', NULL, '2016-07-12 00:00:00', NULL, '2001-01-01 00:00:00', NULL, '2001-01-01 00:00:00', NULL);
INSERT INTO `sys_role` VALUES ('91E09653-D3DE-416A-BF6C-E91E60B4B4CF', '5AB270C0-5D33-4203-A54F-4552699FDA3C', '2', 'chairman', '主任', NULL, NULL, NULL, '7', '0', '1', NULL, '2016-07-12 00:00:00', NULL, '2001-01-01 00:00:00', NULL, '2001-01-01 00:00:00', NULL);
INSERT INTO `sys_role` VALUES ('C609D4D6-81F7-4647-BF2F-81BD4CED2C19', '5AB270C0-5D33-4203-A54F-4552699FDA3C', '2', 'fileattache', '档案专员', NULL, NULL, NULL, '8', '0', '1', NULL, '2016-07-12 00:00:00', NULL, '2001-01-01 00:00:00', NULL, '2001-01-01 00:00:00', NULL);
INSERT INTO `sys_role` VALUES ('F03EA699-9A0A-4EE9-9D33-27B9A7DFF09B', '5AB270C0-5D33-4203-A54F-4552699FDA3C', '2', 'engineer', '高级工程师', NULL, NULL, NULL, '9', '0', '1', NULL, '2016-07-12 00:00:00', NULL, '2001-01-01 00:00:00', NULL, '2001-01-01 00:00:00', NULL);
INSERT INTO `sys_role` VALUES ('0CD2A952-2EE0-4CAF-9757-617D5075745B', '5AB270C0-5D33-4203-A54F-4552699FDA3C', '2', 'president', '董事长', NULL, NULL, NULL, '10', '0', '1', NULL, '2016-07-12 00:00:00', NULL, '2001-01-01 00:00:00', NULL, '2001-01-01 00:00:00', NULL);
INSERT INTO `sys_role` VALUES ('B2624F67-E092-461A-AAAD-13592A9429D9', '5AB270C0-5D33-4203-A54F-4552699FDA3C', '2', '10018', '行政助理', NULL, NULL, NULL, '11', '0', '1', NULL, '2016-07-12 00:00:00', NULL, '2001-01-01 00:00:00', NULL, '2001-01-01 00:00:00', NULL);
INSERT INTO `sys_role` VALUES ('3263446A-D303-4C42-B436-6F46BF7CE86A', '5AB270C0-5D33-4203-A54F-4552699FDA3C', '2', '10019', '总裁', NULL, NULL, NULL, '12', '0', '1', NULL, '2016-07-12 00:00:00', NULL, '2001-01-01 00:00:00', NULL, '2001-01-01 00:00:00', NULL);
INSERT INTO `sys_role` VALUES ('CB116AA3-88CC-4CF7-B0BC-7C55EC502183', '5AB270C0-5D33-4203-A54F-4552699FDA3C', '2', '10020', '首席执行官', NULL, NULL, NULL, '13', '0', '1', NULL, '2016-07-12 00:00:00', NULL, '2001-01-01 00:00:00', NULL, '2001-01-01 00:00:00', NULL);
INSERT INTO `sys_role` VALUES ('7E2639BA-02B9-417A-9AAA-CF6DCF8487E0', '5AB270C0-5D33-4203-A54F-4552699FDA3C', '2', '10022', '力资源专员', NULL, '0', '0', '14', '0', '1', NULL, '2016-07-12 00:00:00', NULL, '2018-06-29 00:00:00', '9f2ec079-7d0f-4fe2-90ab-8b09a8302aba', '2001-01-01 00:00:00', NULL);
INSERT INTO `sys_role` VALUES ('2B3406F9-B7FF-4D23-BC61-D8EEB6C88D5B', '5AB270C0-5D33-4203-A54F-4552699FDA3C', '2', '10023', '行业顾问', NULL, NULL, NULL, '15', '0', '1', NULL, '2016-07-12 00:00:00', NULL, '2001-01-01 00:00:00', NULL, '2001-01-01 00:00:00', NULL);
INSERT INTO `sys_role` VALUES ('05691457-5284-4FEE-8D7E-C35141F3FF39', '5AB270C0-5D33-4203-A54F-4552699FDA3C', '2', '10024', '总经理助理', NULL, NULL, NULL, '16', '0', '1', NULL, '2016-07-12 00:00:00', NULL, '2001-01-01 00:00:00', NULL, '2001-01-01 00:00:00', NULL);
INSERT INTO `sys_role` VALUES ('3A2FD4D7-E73C-44E4-8AED-B6EE5980779E', '5AB270C0-5D33-4203-A54F-4552699FDA3C', '2', '10025', '大堂经理', NULL, '0', '0', '17', '0', '1', NULL, '2016-07-12 00:00:00', NULL, '2018-06-13 00:00:00', '9f2ec079-7d0f-4fe2-90ab-8b09a8302aba', '2001-01-01 00:00:00', NULL);
INSERT INTO `sys_role` VALUES ('2019091721053342871332', '5AB270C0-5D33-4203-A54F-4552699FDA3C', '1', 'usermember', '普通会员', '1', '0', '0', '99', '0', '1', NULL, '2019-09-17 00:00:00', '9f2ec079-7d0f-4fe2-90ab-8b09a8302aba', '2001-01-01 00:00:00', NULL, '2001-01-01 00:00:00', NULL);





-- ----------------------------
-- Records of sys_roledata
-- ----------------------------
INSERT INTO `sys_roledata` VALUES ('201807031408067738', '7A9CF301-FCDF-4BC9-A52B-A7D4FAE2D344', 'BD830AEF-0A2E-4228-ACF8-8843C39D41D8', '253EDA1F-F158-4F3F-A778-B7E538E052A2,DFA2FB91-C909-44A3-9282-BF946102E1C9,59703D6A-0EC9-4762-824F-A8D9E62E93D2,201806131957002010,201806132002245913', NULL, NULL);
INSERT INTO `sys_roledata` VALUES ('2019112219160650772211', '2691AB91-3010-465F-8D92-60A97425A45E', '201806131523019338', '554C61CE-6AE0-44EB-B33D-A462BE7EB3E1,201806122217567448,201806131926145404', NULL, NULL);
INSERT INTO `sys_roledata` VALUES ('201906080951284342', '42C44AC0-27FA-482D-B5E3-8F9B38B80A6A', 'BD830AEF-0A2E-4228-ACF8-8843C39D41D8,201806131523019338', '253EDA1F-F158-4F3F-A778-B7E538E052A2,201806122217567448,201806131926145404', NULL, NULL);

-- ----------------------------
-- Records of sys_systemtype
-- ----------------------------
INSERT INTO `sys_systemtype` VALUES ('201806141508359155', 'openauth', '权限系统', NULL, '0', '0', '1', '0', '1', '权限系统是基础系统，包含机构、岗位、角色、用户等功能', '2018-06-14 00:00:00', '9f2ec079-7d0f-4fe2-90ab-8b09a8302aba', '2018-06-14 00:00:00', '9f2ec079-7d0f-4fe2-90ab-8b09a8302aba', '2001-01-01 00:00:00', NULL);
INSERT INTO `sys_systemtype` VALUES ('201806141511351940', 'YuebonWcs', '分拣控制系统', 'http://localhost:9528/', '0', '0', '99', '0', '1', NULL, '2018-06-14 00:00:00', '9f2ec079-7d0f-4fe2-90ab-8b09a8302aba', '2020-03-09 00:00:00', '9f2ec079-7d0f-4fe2-90ab-8b09a8302aba', '2001-01-01 00:00:00', NULL);
INSERT INTO `sys_systemtype` VALUES ('201806141745132709', 'WorkListSys', '工单系统', NULL, '0', '0', '99', '0', '1', NULL, '2018-06-14 00:00:00', '9f2ec079-7d0f-4fe2-90ab-8b09a8302aba', '2018-07-03 00:00:00', '9f2ec079-7d0f-4fe2-90ab-8b09a8302aba', '2001-01-01 00:00:00', NULL);
INSERT INTO `sys_systemtype` VALUES ('201904031316131800', 'CMS', 'CMS系统', '/cms/Index', NULL, NULL, '99', NULL, '0', '454545', '2001-01-01 00:00:00', NULL, '2020-04-23 00:00:00', '9f2ec079-7d0f-4fe2-90ab-8b09a8302aba', '2001-01-01 00:00:00', NULL);
INSERT INTO `sys_systemtype` VALUES ('201907011617511504', 'wxapplet', '微信小程序', NULL, '0', '0', '1', '0', '1', NULL, '2019-07-01 00:00:00', '9f2ec079-7d0f-4fe2-90ab-8b09a8302aba', '2001-01-01 00:00:00', NULL, '2001-01-01 00:00:00', NULL);


-- ----------------------------
-- Records of sys_uploadfile
-- ----------------------------
INSERT INTO `sys_uploadfile` VALUES ('2020042418120025822475', '001.jpg', 'upload/2020/4/24/2020042418120004117515.jpg', '', '.jpg', '326228', '.jpg', '1', '0', '0', NULL, NULL, '2020-04-24 18:12:00', 'upload/2020/4/24//2020042418120004117515_300x300.jpg', '', '');



-- ----------------------------
-- Records of sys_user
-- ----------------------------
INSERT INTO `sys_user` VALUES ('9f2ec079-7d0f-4fe2-90ab-8b09a8302aba', 'admin', '超级管理员', '超级管理员', NULL, '1', '1987-02-28 00:00:00', '13524343289', 'cqinwn@yuebon.com', 'cqinwn', '1', '1', NULL, NULL, NULL, NULL, NULL, '201806131523019338', '80E10CD5-7591-40B8-A005-BCDE1B961E76', 'F0A2B36F-35A7-4660-B46C-D4AB796591EB', 'B2624F67-E092-461A-AAAD-13592A9429D9', '1', NULL, NULL, NULL, NULL, '1', '0', '1', '拥有所有权限', '2001-01-01 00:00:00', NULL, '2020-04-22 00:00:00', '9f2ec079-7d0f-4fe2-90ab-8b09a8302aba', '2018-04-22 00:00:00', 'd4dc3a3ecb884a2fa446afdc2552f20d');
INSERT INTO `sys_user` VALUES ('2020031712130656785909', 'test', '2323', '大多数', NULL, '0', '2020-04-22 00:00:00', '23323', NULL, '2342', NULL, '0', NULL, NULL, NULL, NULL, NULL, 'F02A66CA-3D8B-491B-8A17-C9ACA3E3B5DD', '201906060900443360', '2019091721053342871332,4B2140D3-E61D-488E-ADF6-FF0EBCBC5D2C', '23ED024E-0AAA-4C8D-9216-D1AB93348D26', '0', NULL, NULL, NULL, NULL, '99', '0', '1', '啊大苏打', '2020-03-17 00:00:00', '9f2ec079-7d0f-4fe2-90ab-8b09a8302aba', '2020-04-22 00:00:00', '9f2ec079-7d0f-4fe2-90ab-8b09a8302aba', '2001-01-01 00:00:00', NULL);
INSERT INTO `sys_user` VALUES ('2020041711444387653354', 'wx2020041711444387653354', '12312', '312312', NULL, '0', '2020-04-24 16:00:00', '123', '123@13', 'ooo', NULL, '0', NULL, NULL, NULL, NULL, NULL, '80E10CD5-7591-40B8-A005-BCDE1B961E76', '253EDA1F-F158-4F3F-A778-B7E538E052A2', '4B2140D3-E61D-488E-ADF6-FF0EBCBC5D2C,7A9CF301-FCDF-4BC9-A52B-A7D4FAE2D344,2691AB91-3010-465F-8D92-60A97425A45E', 'D335A5B8-7DED-495C-B8FC-EE933FB30779', '1', '1', NULL, NULL, NULL, '99', '0', '1', '23232', '2020-04-17 00:00:00', '9f2ec079-7d0f-4fe2-90ab-8b09a8302aba', '2020-04-24 18:16:29', '9f2ec079-7d0f-4fe2-90ab-8b09a8302aba', '2001-01-01 00:00:00', NULL);




-- ----------------------------
-- Records of sys_userlogon
-- ----------------------------
INSERT INTO `sys_userlogon` VALUES ('9f2ec079-7d0f-4fe2-90ab-8b09a8302aba', '9f2ec079-7d0f-4fe2-90ab-8b09a8302aba', '581a55d96e74fd33bcae89a888bee81d', '268d17a08e973c14', '2001-01-01 00:00:00', '2001-01-01 00:00:00', '2001-01-01 00:00:00', '2001-01-01 00:00:00', '2001-01-01 00:00:00', '2001-01-01 00:00:00', '2001-01-01 00:00:00', '2001-01-01 00:00:00', NULL, '0', NULL, NULL, NULL, NULL, NULL, NULL);
INSERT INTO `sys_userlogon` VALUES ('2020031712130659893499', '2020031712130656785909', 'fffd70bc68707501a95d2dc4351578fc', '5de383c4e3e7ad38', '2001-01-01 00:00:00', '2001-01-01 00:00:00', '2001-01-01 00:00:00', '2001-01-01 00:00:00', '2001-01-01 00:00:00', '2001-01-01 00:00:00', '2001-01-01 00:00:00', '2001-01-01 00:00:00', NULL, '0', NULL, NULL, NULL, NULL, NULL, NULL);
INSERT INTO `sys_userlogon` VALUES ('2020041711444391798929', '2020041711444387653354', 'e13701a09c0595b06ba4db7143d68a4d', '5c7faf6506a742f4', '2001-01-01 00:00:00', '2001-01-01 00:00:00', '2001-01-01 00:00:00', '2001-01-01 00:00:00', '2001-01-01 00:00:00', '2001-01-01 00:00:00', '2001-01-01 00:00:00', '2001-01-01 00:00:00', NULL, '0', NULL, NULL, NULL, NULL, NULL, NULL);
INSERT INTO `sys_userlogon` VALUES ('2020041918484483875127', '2020041918484479709774', 'b76afb92338c02c4c69a3180f3d390b7', '1ac15cdd47fdbdb1', '2001-01-01 00:00:00', '2001-01-01 00:00:00', '2001-01-01 00:00:00', '2001-01-01 00:00:00', '2001-01-01 00:00:00', '2001-01-01 00:00:00', '2001-01-01 00:00:00', '2001-01-01 00:00:00', NULL, '0', NULL, NULL, NULL, NULL, NULL, NULL);


INSERT INTO `sys_roleauthorize` VALUES ('2020042318282574872341', '1', '201806151640546566', '1', 'F0A2B36F-35A7-4660-B46C-D4AB796591EB', '99', '2020-04-23 00:00:00', '9f2ec079-7d0f-4fe2-90ab-8b09a8302aba');
INSERT INTO `sys_roleauthorize` VALUES ('2020042318282574917187', '1', '2020031715212677793357', '1', 'F0A2B36F-35A7-4660-B46C-D4AB796591EB', '99', '2020-04-23 00:00:00', '9f2ec079-7d0f-4fe2-90ab-8b09a8302aba');
INSERT INTO `sys_roleauthorize` VALUES ('2020042318282574914257', '1', '2020031715212750842775', '1', 'F0A2B36F-35A7-4660-B46C-D4AB796591EB', '99', '2020-04-23 00:00:00', '9f2ec079-7d0f-4fe2-90ab-8b09a8302aba');
INSERT INTO `sys_roleauthorize` VALUES ('2020042318282574919881', '1', '2020040419135256802308', '1', 'F0A2B36F-35A7-4660-B46C-D4AB796591EB', '99', '2020-04-23 00:00:00', '9f2ec079-7d0f-4fe2-90ab-8b09a8302aba');
INSERT INTO `sys_roleauthorize` VALUES ('2020042318282574912207', '1', '2020040419135264785651', '1', 'F0A2B36F-35A7-4660-B46C-D4AB796591EB', '99', '2020-04-23 00:00:00', '9f2ec079-7d0f-4fe2-90ab-8b09a8302aba');
INSERT INTO `sys_roleauthorize` VALUES ('c3d1d723e37d448da7cef87b6d694f24', '1', '2019091617504355197245', '1', '2DA8390B-61A4-4E6C-A6E7-8F6794C7EDCE', '99', '2019-11-22 00:00:00', '9f2ec079-7d0f-4fe2-90ab-8b09a8302aba');
INSERT INTO `sys_roleauthorize` VALUES ('f62a8d55a7774b619077c3566fa5a294', '1', '2019091617560955484320', '1', '2DA8390B-61A4-4E6C-A6E7-8F6794C7EDCE', '99', '2019-11-22 00:00:00', '9f2ec079-7d0f-4fe2-90ab-8b09a8302aba');
INSERT INTO `sys_roleauthorize` VALUES ('99c7adbab7ca4ea7b86319be7f500e70', '1', '2019112218345865775910', '1', '2DA8390B-61A4-4E6C-A6E7-8F6794C7EDCE', '99', '2019-11-22 00:00:00', '9f2ec079-7d0f-4fe2-90ab-8b09a8302aba');
INSERT INTO `sys_roleauthorize` VALUES ('c970b33c146d411790b4e9b41313d72c', '1', '2019112218345866061648', '1', '2DA8390B-61A4-4E6C-A6E7-8F6794C7EDCE', '99', '2019-11-22 00:00:00', '9f2ec079-7d0f-4fe2-90ab-8b09a8302aba');
INSERT INTO `sys_roleauthorize` VALUES ('22e41d4fc8e14f388600b34236027dfb', '1', '2019112218345866307294', '1', '2DA8390B-61A4-4E6C-A6E7-8F6794C7EDCE', '99', '2019-11-22 00:00:00', '9f2ec079-7d0f-4fe2-90ab-8b09a8302aba');
INSERT INTO `sys_roleauthorize` VALUES ('bd64e444f29b40268829cd3ba79d0373', '1', '2019112218345866526744', '1', '2DA8390B-61A4-4E6C-A6E7-8F6794C7EDCE', '99', '2019-11-22 00:00:00', '9f2ec079-7d0f-4fe2-90ab-8b09a8302aba');
INSERT INTO `sys_roleauthorize` VALUES ('375715db13e141f5bbc8c8f90cfb2151', '1', '2019112218345866747005', '1', '2DA8390B-61A4-4E6C-A6E7-8F6794C7EDCE', '99', '2019-11-22 00:00:00', '9f2ec079-7d0f-4fe2-90ab-8b09a8302aba');
INSERT INTO `sys_roleauthorize` VALUES ('86b9d0d3d7e449beb50b37b71501e8c3', '1', '2019112218345866975550', '1', '2DA8390B-61A4-4E6C-A6E7-8F6794C7EDCE', '99', '2019-11-22 00:00:00', '9f2ec079-7d0f-4fe2-90ab-8b09a8302aba');
INSERT INTO `sys_roleauthorize` VALUES ('a86766c4a3d9410abd71aa866ee9b8e0', '1', '2019112218581402217669', '1', '2DA8390B-61A4-4E6C-A6E7-8F6794C7EDCE', '99', '2019-11-22 00:00:00', '9f2ec079-7d0f-4fe2-90ab-8b09a8302aba');
INSERT INTO `sys_roleauthorize` VALUES ('c3b1046c88f446a99041aabcf2a6d86e', '1', '2019112218581402501440', '1', '2DA8390B-61A4-4E6C-A6E7-8F6794C7EDCE', '99', '2019-11-22 00:00:00', '9f2ec079-7d0f-4fe2-90ab-8b09a8302aba');
INSERT INTO `sys_roleauthorize` VALUES ('3bcd367e2d154203b93f338636cf70fa', '1', '2019112218581402715238', '1', '2DA8390B-61A4-4E6C-A6E7-8F6794C7EDCE', '99', '2019-11-22 00:00:00', '9f2ec079-7d0f-4fe2-90ab-8b09a8302aba');
INSERT INTO `sys_roleauthorize` VALUES ('49034bddffc747f2ae7489789b9371b4', '1', '2019112218581402919488', '1', '2DA8390B-61A4-4E6C-A6E7-8F6794C7EDCE', '99', '2019-11-22 00:00:00', '9f2ec079-7d0f-4fe2-90ab-8b09a8302aba');
INSERT INTO `sys_roleauthorize` VALUES ('daffc80cf6954b14828953b7bb7e96bd', '1', '2019112218581403122387', '1', '2DA8390B-61A4-4E6C-A6E7-8F6794C7EDCE', '99', '2019-11-22 00:00:00', '9f2ec079-7d0f-4fe2-90ab-8b09a8302aba');
INSERT INTO `sys_roleauthorize` VALUES ('7c569e1a989747b5b812851a01f05839', '1', '2019112218581403345682', '1', '2DA8390B-61A4-4E6C-A6E7-8F6794C7EDCE', '99', '2019-11-22 00:00:00', '9f2ec079-7d0f-4fe2-90ab-8b09a8302aba');
INSERT INTO `sys_roleauthorize` VALUES ('91f7dd5f1ef045ca9700750f8abd2a6d', '1', '2019111417001353683767', '1', '2DA8390B-61A4-4E6C-A6E7-8F6794C7EDCE', '99', '2019-11-22 00:00:00', '9f2ec079-7d0f-4fe2-90ab-8b09a8302aba');
INSERT INTO `sys_roleauthorize` VALUES ('ebc03ffc6ca442228be7779e351499c6', '1', '2019112218374792393860', '1', '2DA8390B-61A4-4E6C-A6E7-8F6794C7EDCE', '99', '2019-11-22 00:00:00', '9f2ec079-7d0f-4fe2-90ab-8b09a8302aba');
INSERT INTO `sys_roleauthorize` VALUES ('e842ecf459494f7b940c51541686fc84', '1', '2019112218374792613406', '1', '2DA8390B-61A4-4E6C-A6E7-8F6794C7EDCE', '99', '2019-11-22 00:00:00', '9f2ec079-7d0f-4fe2-90ab-8b09a8302aba');
INSERT INTO `sys_roleauthorize` VALUES ('3052dc31583045b5be0c842e8704649c', '1', '2019112218374792838306', '1', '2DA8390B-61A4-4E6C-A6E7-8F6794C7EDCE', '99', '2019-11-22 00:00:00', '9f2ec079-7d0f-4fe2-90ab-8b09a8302aba');
INSERT INTO `sys_roleauthorize` VALUES ('1c71f44da11c43b690681ffbed4c6adc', '1', '2019112021290637723556', '1', 'AADB479E-9F87-49B1-AE2D-5DA6FECA3F8E', '99', '2019-11-23 00:00:00', '2019100511085423515104');
INSERT INTO `sys_roleauthorize` VALUES ('db354b36e52c4f4f8b2cbffeda34aff9', '1', '2019112021295876456363', '1', 'AADB479E-9F87-49B1-AE2D-5DA6FECA3F8E', '99', '2019-11-23 00:00:00', '2019100511085423515104');
INSERT INTO `sys_roleauthorize` VALUES ('08f2c2d3855743deabdd9855d855829a', '1', '2019112021312756343584', '1', 'AADB479E-9F87-49B1-AE2D-5DA6FECA3F8E', '99', '2019-11-23 00:00:00', '2019100511085423515104');
INSERT INTO `sys_roleauthorize` VALUES ('b96deecc442c4d4084f84df68f098421', '1', '2019112021331544808646', '1', 'AADB479E-9F87-49B1-AE2D-5DA6FECA3F8E', '99', '2019-11-23 00:00:00', '2019100511085423515104');
INSERT INTO `sys_roleauthorize` VALUES ('9a28cda229ed407a9e1fa72b14edba38', '1', '2019112021355156886406', '1', 'AADB479E-9F87-49B1-AE2D-5DA6FECA3F8E', '99', '2019-11-23 00:00:00', '2019100511085423515104');
INSERT INTO `sys_roleauthorize` VALUES ('52c1d300f9924525812d80f50e3fbae9', '1', '2019112315211672686299', '1', 'AADB479E-9F87-49B1-AE2D-5DA6FECA3F8E', '99', '2019-11-23 00:00:00', '2019100511085423515104');
INSERT INTO `sys_roleauthorize` VALUES ('1c9b94a338a04e4c92da7f5897714e06', '1', '2019112218504662972675', '1', 'AADB479E-9F87-49B1-AE2D-5DA6FECA3F8E', '99', '2019-11-23 00:00:00', '2019100511085423515104');
INSERT INTO `sys_roleauthorize` VALUES ('78ad4784acbc4c1fbbeb3c511ae65634', '1', '2019112218504663323478', '1', 'AADB479E-9F87-49B1-AE2D-5DA6FECA3F8E', '99', '2019-11-23 00:00:00', '2019100511085423515104');
INSERT INTO `sys_roleauthorize` VALUES ('ee1d8f4905f7486893e6ce6803ec8ed0', '1', '2019112218504663546751', '1', 'AADB479E-9F87-49B1-AE2D-5DA6FECA3F8E', '99', '2019-11-23 00:00:00', '2019100511085423515104');
INSERT INTO `sys_roleauthorize` VALUES ('a40d5c28765f486981d19385bac22d8d', '1', '2019112218504663781374', '1', 'AADB479E-9F87-49B1-AE2D-5DA6FECA3F8E', '99', '2019-11-23 00:00:00', '2019100511085423515104');
INSERT INTO `sys_roleauthorize` VALUES ('efb84b65a6f346e89b0c57052f20b40c', '1', '2019112218504664002445', '1', 'AADB479E-9F87-49B1-AE2D-5DA6FECA3F8E', '99', '2019-11-23 00:00:00', '2019100511085423515104');
INSERT INTO `sys_roleauthorize` VALUES ('460910fd49b84deeac20003e6c97cd5c', '1', '2019112218504664216802', '1', 'AADB479E-9F87-49B1-AE2D-5DA6FECA3F8E', '99', '2019-11-23 00:00:00', '2019100511085423515104');
INSERT INTO `sys_roleauthorize` VALUES ('88a5fc85cb4344188323119c72a6ff43', '1', '2019112218460514049420', '1', 'AADB479E-9F87-49B1-AE2D-5DA6FECA3F8E', '99', '2019-11-23 00:00:00', '2019100511085423515104');
INSERT INTO `sys_roleauthorize` VALUES ('67a63972f3b540bdaa3673c12a846c94', '1', '2019112218460514763462', '1', 'AADB479E-9F87-49B1-AE2D-5DA6FECA3F8E', '99', '2019-11-23 00:00:00', '2019100511085423515104');
INSERT INTO `sys_roleauthorize` VALUES ('608c35bc29dd4432ba167e19317124d4', '1', '2019112218460514978240', '1', 'AADB479E-9F87-49B1-AE2D-5DA6FECA3F8E', '99', '2019-11-23 00:00:00', '2019100511085423515104');
INSERT INTO `sys_roleauthorize` VALUES ('d59fd0a5006d40f88bd61356da1995b7', '1', '2019112218460515166050', '1', 'AADB479E-9F87-49B1-AE2D-5DA6FECA3F8E', '99', '2019-11-23 00:00:00', '2019100511085423515104');
INSERT INTO `sys_roleauthorize` VALUES ('391f1413fef545e4bce28c761bdb489d', '1', '201904231418473131', '1', 'AADB479E-9F87-49B1-AE2D-5DA6FECA3F8E', '99', '2019-11-23 00:00:00', '2019100511085423515104');
INSERT INTO `sys_roleauthorize` VALUES ('4d4eeb3f71f74299a6421ff8c27e0f7c', '1', '201904231420281930', '1', 'AADB479E-9F87-49B1-AE2D-5DA6FECA3F8E', '99', '2019-11-23 00:00:00', '2019100511085423515104');
INSERT INTO `sys_roleauthorize` VALUES ('99f82fd97cd5425c995b84b0f710ada6', '1', '201904231420546523', '1', 'AADB479E-9F87-49B1-AE2D-5DA6FECA3F8E', '99', '2019-11-23 00:00:00', '2019100511085423515104');
INSERT INTO `sys_roleauthorize` VALUES ('bbc511befeff40ac86db7e2ed544842e', '1', '201904231435343833', '1', 'AADB479E-9F87-49B1-AE2D-5DA6FECA3F8E', '99', '2019-11-23 00:00:00', '2019100511085423515104');
INSERT INTO `sys_roleauthorize` VALUES ('6f35354208ea4aea891821dafd90e5a1', '0', '201806141508359155', '1', '2019091721053342871332', '99', '2020-03-17 00:00:00', '9f2ec079-7d0f-4fe2-90ab-8b09a8302aba');
INSERT INTO `sys_roleauthorize` VALUES ('1c0da6ab00c44216ad74e76e096431de', '1', '201806141706047854', '1', '2019091721053342871332', '99', '2020-03-17 00:00:00', '9f2ec079-7d0f-4fe2-90ab-8b09a8302aba');
INSERT INTO `sys_roleauthorize` VALUES ('149bc661dc654be29504425481825be7', '1', '201905041649447093', '1', '2019091721053342871332', '99', '2020-03-17 00:00:00', '9f2ec079-7d0f-4fe2-90ab-8b09a8302aba');
INSERT INTO `sys_roleauthorize` VALUES ('fbd5c9c980194ca0b8e820a5d512ee89', '1', '201806141707228857', '1', '2019091721053342871332', '99', '2020-03-17 00:00:00', '9f2ec079-7d0f-4fe2-90ab-8b09a8302aba');
INSERT INTO `sys_roleauthorize` VALUES ('ab2f221e0f4148d6b2fd570fd9d81c07', '1', '201806141732481293', '1', '2019091721053342871332', '99', '2020-03-17 00:00:00', '9f2ec079-7d0f-4fe2-90ab-8b09a8302aba');
INSERT INTO `sys_roleauthorize` VALUES ('162365b3d37d4dc495016e4cb4e222a6', '1', '201806141733061627', '1', '2019091721053342871332', '99', '2020-03-17 00:00:00', '9f2ec079-7d0f-4fe2-90ab-8b09a8302aba');
INSERT INTO `sys_roleauthorize` VALUES ('201806151738033401', '1', '201806141707228857', '1', '07A8E061-AE47-49C9-8310-F055F35FF44B', '99', '2018-06-15 00:00:00', '9f2ec079-7d0f-4fe2-90ab-8b09a8302aba');
INSERT INTO `sys_roleauthorize` VALUES ('201806151738039421', '1', '201806141732481293', '1', '07A8E061-AE47-49C9-8310-F055F35FF44B', '99', '2018-06-15 00:00:00', '9f2ec079-7d0f-4fe2-90ab-8b09a8302aba');
INSERT INTO `sys_roleauthorize` VALUES ('201806151738031804', '1', '201806141733061627', '1', '07A8E061-AE47-49C9-8310-F055F35FF44B', '99', '2018-06-15 00:00:00', '9f2ec079-7d0f-4fe2-90ab-8b09a8302aba');
INSERT INTO `sys_roleauthorize` VALUES ('201806151738033113', '1', '201806141734439890', '1', '07A8E061-AE47-49C9-8310-F055F35FF44B', '99', '2018-06-15 00:00:00', '9f2ec079-7d0f-4fe2-90ab-8b09a8302aba');
INSERT INTO `sys_roleauthorize` VALUES ('201806151738038981', '1', '201806141735049597', '1', '07A8E061-AE47-49C9-8310-F055F35FF44B', '99', '2018-06-15 00:00:00', '9f2ec079-7d0f-4fe2-90ab-8b09a8302aba');
INSERT INTO `sys_roleauthorize` VALUES ('201806151738031517', '1', '201806141735267958', '1', '07A8E061-AE47-49C9-8310-F055F35FF44B', '99', '2018-06-15 00:00:00', '9f2ec079-7d0f-4fe2-90ab-8b09a8302aba');
INSERT INTO `sys_roleauthorize` VALUES ('201807031348235461', '1', '201806141707228857', '1', '4B2140D3-E61D-488E-ADF6-FF0EBCBC5D2C', '99', '2018-07-03 00:00:00', '9f2ec079-7d0f-4fe2-90ab-8b09a8302aba');
INSERT INTO `sys_roleauthorize` VALUES ('201807031348237031', '1', '201806141732481293', '1', '4B2140D3-E61D-488E-ADF6-FF0EBCBC5D2C', '99', '2018-07-03 00:00:00', '9f2ec079-7d0f-4fe2-90ab-8b09a8302aba');
INSERT INTO `sys_roleauthorize` VALUES ('201807031348239006', '1', '201806141733061627', '1', '4B2140D3-E61D-488E-ADF6-FF0EBCBC5D2C', '99', '2018-07-03 00:00:00', '9f2ec079-7d0f-4fe2-90ab-8b09a8302aba');
INSERT INTO `sys_roleauthorize` VALUES ('201807031348239954', '1', '201806141734439890', '1', '4B2140D3-E61D-488E-ADF6-FF0EBCBC5D2C', '99', '2018-07-03 00:00:00', '9f2ec079-7d0f-4fe2-90ab-8b09a8302aba');
INSERT INTO `sys_roleauthorize` VALUES ('201807031348245236', '1', '201806141735049597', '1', '4B2140D3-E61D-488E-ADF6-FF0EBCBC5D2C', '99', '2018-07-03 00:00:00', '9f2ec079-7d0f-4fe2-90ab-8b09a8302aba');
INSERT INTO `sys_roleauthorize` VALUES ('201807031348245782', '1', '201806141735267958', '1', '4B2140D3-E61D-488E-ADF6-FF0EBCBC5D2C', '99', '2018-07-03 00:00:00', '9f2ec079-7d0f-4fe2-90ab-8b09a8302aba');
INSERT INTO `sys_roleauthorize` VALUES ('201807031348249163', '1', '201806141708045542', '1', '4B2140D3-E61D-488E-ADF6-FF0EBCBC5D2C', '99', '2018-07-03 00:00:00', '9f2ec079-7d0f-4fe2-90ab-8b09a8302aba');
INSERT INTO `sys_roleauthorize` VALUES ('201807031348243150', '1', '201806141738016113', '1', '4B2140D3-E61D-488E-ADF6-FF0EBCBC5D2C', '99', '2018-07-03 00:00:00', '9f2ec079-7d0f-4fe2-90ab-8b09a8302aba');
INSERT INTO `sys_roleauthorize` VALUES ('201807031348244324', '1', '201806141738276995', '1', '4B2140D3-E61D-488E-ADF6-FF0EBCBC5D2C', '99', '2018-07-03 00:00:00', '9f2ec079-7d0f-4fe2-90ab-8b09a8302aba');
INSERT INTO `sys_roleauthorize` VALUES ('201807031348247400', '1', '201806141739388107', '1', '4B2140D3-E61D-488E-ADF6-FF0EBCBC5D2C', '99', '2018-07-03 00:00:00', '9f2ec079-7d0f-4fe2-90ab-8b09a8302aba');
INSERT INTO `sys_roleauthorize` VALUES ('201807031348258656', '1', '201806141708257654', '1', '4B2140D3-E61D-488E-ADF6-FF0EBCBC5D2C', '99', '2018-07-03 00:00:00', '9f2ec079-7d0f-4fe2-90ab-8b09a8302aba');
INSERT INTO `sys_roleauthorize` VALUES ('201807031348257877', '1', '201806130932038005', '1', '4B2140D3-E61D-488E-ADF6-FF0EBCBC5D2C', '99', '2018-07-03 00:00:00', '9f2ec079-7d0f-4fe2-90ab-8b09a8302aba');
INSERT INTO `sys_roleauthorize` VALUES ('201807031348253921', '1', '201806130932356710', '1', '4B2140D3-E61D-488E-ADF6-FF0EBCBC5D2C', '99', '2018-07-03 00:00:00', '9f2ec079-7d0f-4fe2-90ab-8b09a8302aba');
INSERT INTO `sys_roleauthorize` VALUES ('201807031348259118', '1', '201806130933236819', '1', '4B2140D3-E61D-488E-ADF6-FF0EBCBC5D2C', '99', '2018-07-03 00:00:00', '9f2ec079-7d0f-4fe2-90ab-8b09a8302aba');
INSERT INTO `sys_roleauthorize` VALUES ('201807031348258508', '1', '201806130934116700', '1', '4B2140D3-E61D-488E-ADF6-FF0EBCBC5D2C', '99', '2018-07-03 00:00:00', '9f2ec079-7d0f-4fe2-90ab-8b09a8302aba');
INSERT INTO `sys_roleauthorize` VALUES ('201807031348251052', '1', '201806130934348913', '1', '4B2140D3-E61D-488E-ADF6-FF0EBCBC5D2C', '99', '2018-07-03 00:00:00', '9f2ec079-7d0f-4fe2-90ab-8b09a8302aba');
INSERT INTO `sys_roleauthorize` VALUES ('201807031348253035', '1', '201806130937163369', '1', '4B2140D3-E61D-488E-ADF6-FF0EBCBC5D2C', '99', '2018-07-03 00:00:00', '9f2ec079-7d0f-4fe2-90ab-8b09a8302aba');
INSERT INTO `sys_roleauthorize` VALUES ('201807031348257829', '1', '201806141708443099', '1', '4B2140D3-E61D-488E-ADF6-FF0EBCBC5D2C', '99', '2018-07-03 00:00:00', '9f2ec079-7d0f-4fe2-90ab-8b09a8302aba');
INSERT INTO `sys_roleauthorize` VALUES ('201807031348261339', '1', '201806141709092545', '1', '4B2140D3-E61D-488E-ADF6-FF0EBCBC5D2C', '99', '2018-07-03 00:00:00', '9f2ec079-7d0f-4fe2-90ab-8b09a8302aba');
INSERT INTO `sys_roleauthorize` VALUES ('201807031348263792', '1', '201806141709398781', '1', '4B2140D3-E61D-488E-ADF6-FF0EBCBC5D2C', '99', '2018-07-03 00:00:00', '9f2ec079-7d0f-4fe2-90ab-8b09a8302aba');
INSERT INTO `sys_roleauthorize` VALUES ('201807031348267188', '1', '201806121738224258', '1', '4B2140D3-E61D-488E-ADF6-FF0EBCBC5D2C', '99', '2018-07-03 00:00:00', '9f2ec079-7d0f-4fe2-90ab-8b09a8302aba');
INSERT INTO `sys_roleauthorize` VALUES ('201807031348267854', '1', '201806121738564697', '1', '4B2140D3-E61D-488E-ADF6-FF0EBCBC5D2C', '99', '2018-07-03 00:00:00', '9f2ec079-7d0f-4fe2-90ab-8b09a8302aba');
INSERT INTO `sys_roleauthorize` VALUES ('201807031348265011', '1', '201806121739254212', '1', '4B2140D3-E61D-488E-ADF6-FF0EBCBC5D2C', '99', '2018-07-03 00:00:00', '9f2ec079-7d0f-4fe2-90ab-8b09a8302aba');
INSERT INTO `sys_roleauthorize` VALUES ('201807031348261051', '1', '201806121732216653', '1', '4B2140D3-E61D-488E-ADF6-FF0EBCBC5D2C', '99', '2018-07-03 00:00:00', '9f2ec079-7d0f-4fe2-90ab-8b09a8302aba');
INSERT INTO `sys_roleauthorize` VALUES ('201807031348268413', '1', '201806121736525032', '1', '4B2140D3-E61D-488E-ADF6-FF0EBCBC5D2C', '99', '2018-07-03 00:00:00', '9f2ec079-7d0f-4fe2-90ab-8b09a8302aba');
INSERT INTO `sys_roleauthorize` VALUES ('201807031348268257', '1', '201806141711594384', '1', '4B2140D3-E61D-488E-ADF6-FF0EBCBC5D2C', '99', '2018-07-03 00:00:00', '9f2ec079-7d0f-4fe2-90ab-8b09a8302aba');
INSERT INTO `sys_roleauthorize` VALUES ('201807031348265745', '1', '201806121752548933', '1', '4B2140D3-E61D-488E-ADF6-FF0EBCBC5D2C', '99', '2018-07-03 00:00:00', '9f2ec079-7d0f-4fe2-90ab-8b09a8302aba');
INSERT INTO `sys_roleauthorize` VALUES ('201807031348275849', '1', '201806121753402255', '1', '4B2140D3-E61D-488E-ADF6-FF0EBCBC5D2C', '99', '2018-07-03 00:00:00', '9f2ec079-7d0f-4fe2-90ab-8b09a8302aba');
INSERT INTO `sys_roleauthorize` VALUES ('201807031348271855', '1', '201806121754091238', '1', '4B2140D3-E61D-488E-ADF6-FF0EBCBC5D2C', '99', '2018-07-03 00:00:00', '9f2ec079-7d0f-4fe2-90ab-8b09a8302aba');
INSERT INTO `sys_roleauthorize` VALUES ('201807031348277492', '1', '201806121754476244', '1', '4B2140D3-E61D-488E-ADF6-FF0EBCBC5D2C', '99', '2018-07-03 00:00:00', '9f2ec079-7d0f-4fe2-90ab-8b09a8302aba');
INSERT INTO `sys_roleauthorize` VALUES ('201807031348277694', '1', '201806121756183331', '1', '4B2140D3-E61D-488E-ADF6-FF0EBCBC5D2C', '99', '2018-07-03 00:00:00', '9f2ec079-7d0f-4fe2-90ab-8b09a8302aba');
INSERT INTO `sys_roleauthorize` VALUES ('201807031348276828', '1', '201806141709552969', '1', '4B2140D3-E61D-488E-ADF6-FF0EBCBC5D2C', '99', '2018-07-03 00:00:00', '9f2ec079-7d0f-4fe2-90ab-8b09a8302aba');
INSERT INTO `sys_roleauthorize` VALUES ('7475c7933a8248d7804ba0cd8853d847', '1', '2019091617553784926464', '1', '2691AB91-3010-465F-8D92-60A97425A45E', '99', '2019-11-22 00:00:00', '9f2ec079-7d0f-4fe2-90ab-8b09a8302aba');
INSERT INTO `sys_roleauthorize` VALUES ('ad1d5355a0884d9fb295365a2d5882fb', '1', '2019112218412636121817', '1', '2691AB91-3010-465F-8D92-60A97425A45E', '99', '2019-11-22 00:00:00', '9f2ec079-7d0f-4fe2-90ab-8b09a8302aba');
INSERT INTO `sys_roleauthorize` VALUES ('043638a1a4484913850a0b29a0b793a8', '1', '2019112218412636369758', '1', '2691AB91-3010-465F-8D92-60A97425A45E', '99', '2019-11-22 00:00:00', '9f2ec079-7d0f-4fe2-90ab-8b09a8302aba');
INSERT INTO `sys_roleauthorize` VALUES ('201807031909536804', '1', '201806151648245135', '1', '201807031908525978', '99', '2018-07-03 00:00:00', '9f2ec079-7d0f-4fe2-90ab-8b09a8302aba');
INSERT INTO `sys_roleauthorize` VALUES ('201807031909533533', '1', '201806141709092545', '1', '201807031908525978', '99', '2018-07-03 00:00:00', '9f2ec079-7d0f-4fe2-90ab-8b09a8302aba');
INSERT INTO `sys_roleauthorize` VALUES ('201807031909546685', '1', '201806191534108835', '1', '201807031908525978', '99', '2018-07-03 00:00:00', '9f2ec079-7d0f-4fe2-90ab-8b09a8302aba');
INSERT INTO `sys_roleauthorize` VALUES ('201807031909548205', '1', '201806191534375158', '1', '201807031908525978', '99', '2018-07-03 00:00:00', '9f2ec079-7d0f-4fe2-90ab-8b09a8302aba');
INSERT INTO `sys_roleauthorize` VALUES ('201807031909542124', '1', '201806191534597869', '1', '201807031908525978', '99', '2018-07-03 00:00:00', '9f2ec079-7d0f-4fe2-90ab-8b09a8302aba');
INSERT INTO `sys_roleauthorize` VALUES ('201807031909543129', '1', '201806191535218441', '1', '201807031908525978', '99', '2018-07-03 00:00:00', '9f2ec079-7d0f-4fe2-90ab-8b09a8302aba');
INSERT INTO `sys_roleauthorize` VALUES ('201807031909549336', '1', '201806191535455597', '1', '201807031908525978', '99', '2018-07-03 00:00:00', '9f2ec079-7d0f-4fe2-90ab-8b09a8302aba');
INSERT INTO `sys_roleauthorize` VALUES ('201807031909542401', '1', '201806141709398781', '1', '201807031908525978', '99', '2018-07-03 00:00:00', '9f2ec079-7d0f-4fe2-90ab-8b09a8302aba');
INSERT INTO `sys_roleauthorize` VALUES ('201807031909546440', '1', '201806121738224258', '1', '201807031908525978', '99', '2018-07-03 00:00:00', '9f2ec079-7d0f-4fe2-90ab-8b09a8302aba');
INSERT INTO `sys_roleauthorize` VALUES ('201807031909545143', '1', '201806121738564697', '1', '201807031908525978', '99', '2018-07-03 00:00:00', '9f2ec079-7d0f-4fe2-90ab-8b09a8302aba');
INSERT INTO `sys_roleauthorize` VALUES ('201807031909541667', '1', '201806121739254212', '1', '201807031908525978', '99', '2018-07-03 00:00:00', '9f2ec079-7d0f-4fe2-90ab-8b09a8302aba');
INSERT INTO `sys_roleauthorize` VALUES ('201807031909553851', '1', '201806121732216653', '1', '201807031908525978', '99', '2018-07-03 00:00:00', '9f2ec079-7d0f-4fe2-90ab-8b09a8302aba');
INSERT INTO `sys_roleauthorize` VALUES ('40c1446207b142b1bf36d751c98c8a63', '1', '201806141508359155', '1', '42C44AC0-27FA-482D-B5E3-8F9B38B80A6A', '99', '2019-06-08 00:00:00', '9f2ec079-7d0f-4fe2-90ab-8b09a8302aba');
INSERT INTO `sys_roleauthorize` VALUES ('ec2b8ea0042d4491a98e21a13b66a829', '1', '201806141706047854', '1', '42C44AC0-27FA-482D-B5E3-8F9B38B80A6A', '99', '2019-06-08 00:00:00', '9f2ec079-7d0f-4fe2-90ab-8b09a8302aba');
INSERT INTO `sys_roleauthorize` VALUES ('43a3c161de24427087d05553282b378d', '1', '201806141708045542', '1', '42C44AC0-27FA-482D-B5E3-8F9B38B80A6A', '99', '2019-06-08 00:00:00', '9f2ec079-7d0f-4fe2-90ab-8b09a8302aba');
INSERT INTO `sys_roleauthorize` VALUES ('e9b6df7e5e184dbcbf246004be039b3d', '1', '201806151623264198', '1', '42C44AC0-27FA-482D-B5E3-8F9B38B80A6A', '99', '2019-06-08 00:00:00', '9f2ec079-7d0f-4fe2-90ab-8b09a8302aba');
INSERT INTO `sys_roleauthorize` VALUES ('a93e2bacc0834adc8d670300e5969249', '1', '201806151623488475', '1', '42C44AC0-27FA-482D-B5E3-8F9B38B80A6A', '99', '2019-06-08 00:00:00', '9f2ec079-7d0f-4fe2-90ab-8b09a8302aba');
INSERT INTO `sys_roleauthorize` VALUES ('b4d842e7ac5d47749cae426ac93354c5', '1', '201806281727481608', '1', '42C44AC0-27FA-482D-B5E3-8F9B38B80A6A', '99', '2019-06-08 00:00:00', '9f2ec079-7d0f-4fe2-90ab-8b09a8302aba');
INSERT INTO `sys_roleauthorize` VALUES ('8338541a095d452caeea17fb7e52a6eb', '1', '201806141738016113', '1', '42C44AC0-27FA-482D-B5E3-8F9B38B80A6A', '99', '2019-06-08 00:00:00', '9f2ec079-7d0f-4fe2-90ab-8b09a8302aba');
INSERT INTO `sys_roleauthorize` VALUES ('cc1cb850cba24e1cb26afdfbd972c261', '1', '201806141738276995', '1', '42C44AC0-27FA-482D-B5E3-8F9B38B80A6A', '99', '2019-06-08 00:00:00', '9f2ec079-7d0f-4fe2-90ab-8b09a8302aba');
INSERT INTO `sys_roleauthorize` VALUES ('8d857ab76dae4925bac64f6202cf22f8', '1', '201806141739388107', '1', '42C44AC0-27FA-482D-B5E3-8F9B38B80A6A', '99', '2019-06-08 00:00:00', '9f2ec079-7d0f-4fe2-90ab-8b09a8302aba');
INSERT INTO `sys_roleauthorize` VALUES ('59722156c3ed4683a92e977d3cc22ade', '1', '201806141708257654', '1', '42C44AC0-27FA-482D-B5E3-8F9B38B80A6A', '99', '2019-06-08 00:00:00', '9f2ec079-7d0f-4fe2-90ab-8b09a8302aba');
INSERT INTO `sys_roleauthorize` VALUES ('252b71276ded46ffa2ae779628721d5a', '1', '201806281727481608', '1', '2691AB91-3010-465F-8D92-60A97425A45E', '99', '2019-11-22 00:00:00', '9f2ec079-7d0f-4fe2-90ab-8b09a8302aba');
INSERT INTO `sys_roleauthorize` VALUES ('370f1b1368a4426ba55cd2f83662a43c', '1', '2019091522243094719269', '1', '2691AB91-3010-465F-8D92-60A97425A45E', '99', '2019-11-22 00:00:00', '9f2ec079-7d0f-4fe2-90ab-8b09a8302aba');
INSERT INTO `sys_roleauthorize` VALUES ('1abf7a9016484c2691200c09850e48b1', '1', '2019091617541655863381', '1', '2691AB91-3010-465F-8D92-60A97425A45E', '99', '2019-11-22 00:00:00', '9f2ec079-7d0f-4fe2-90ab-8b09a8302aba');
INSERT INTO `sys_roleauthorize` VALUES ('2f84b77b226e4ef8a1e51ea0532ce89a', '1', '201806281727481608', '1', '41652BB4-E2DC-420E-AA8A-8C92784B76E3', '99', '2019-06-05 00:00:00', '9f2ec079-7d0f-4fe2-90ab-8b09a8302aba');
INSERT INTO `sys_roleauthorize` VALUES ('201807031408053514', '1', '201806141734439890', '1', '7A9CF301-FCDF-4BC9-A52B-A7D4FAE2D344', '99', '2018-07-03 00:00:00', '9f2ec079-7d0f-4fe2-90ab-8b09a8302aba');
INSERT INTO `sys_roleauthorize` VALUES ('201807031408059212', '1', '201806141735049597', '1', '7A9CF301-FCDF-4BC9-A52B-A7D4FAE2D344', '99', '2018-07-03 00:00:00', '9f2ec079-7d0f-4fe2-90ab-8b09a8302aba');
INSERT INTO `sys_roleauthorize` VALUES ('201807031408055095', '1', '201806141735267958', '1', '7A9CF301-FCDF-4BC9-A52B-A7D4FAE2D344', '99', '2018-07-03 00:00:00', '9f2ec079-7d0f-4fe2-90ab-8b09a8302aba');
INSERT INTO `sys_roleauthorize` VALUES ('201807031408059975', '1', '201806281727481608', '1', '7A9CF301-FCDF-4BC9-A52B-A7D4FAE2D344', '99', '2018-07-03 00:00:00', '9f2ec079-7d0f-4fe2-90ab-8b09a8302aba');
INSERT INTO `sys_roleauthorize` VALUES ('201807031408054841', '1', '201806141708257654', '1', '7A9CF301-FCDF-4BC9-A52B-A7D4FAE2D344', '99', '2018-07-03 00:00:00', '9f2ec079-7d0f-4fe2-90ab-8b09a8302aba');
INSERT INTO `sys_roleauthorize` VALUES ('201807031408053690', '1', '201806130932038005', '1', '7A9CF301-FCDF-4BC9-A52B-A7D4FAE2D344', '99', '2018-07-03 00:00:00', '9f2ec079-7d0f-4fe2-90ab-8b09a8302aba');
INSERT INTO `sys_roleauthorize` VALUES ('201807031408053268', '1', '201806130932356710', '1', '7A9CF301-FCDF-4BC9-A52B-A7D4FAE2D344', '99', '2018-07-03 00:00:00', '9f2ec079-7d0f-4fe2-90ab-8b09a8302aba');
INSERT INTO `sys_roleauthorize` VALUES ('201807031408058138', '1', '201806130933236819', '1', '7A9CF301-FCDF-4BC9-A52B-A7D4FAE2D344', '99', '2018-07-03 00:00:00', '9f2ec079-7d0f-4fe2-90ab-8b09a8302aba');
INSERT INTO `sys_roleauthorize` VALUES ('201807031408057749', '1', '201806130934116700', '1', '7A9CF301-FCDF-4BC9-A52B-A7D4FAE2D344', '99', '2018-07-03 00:00:00', '9f2ec079-7d0f-4fe2-90ab-8b09a8302aba');
INSERT INTO `sys_roleauthorize` VALUES ('201807031408053076', '1', '201806130934348913', '1', '7A9CF301-FCDF-4BC9-A52B-A7D4FAE2D344', '99', '2018-07-03 00:00:00', '9f2ec079-7d0f-4fe2-90ab-8b09a8302aba');
INSERT INTO `sys_roleauthorize` VALUES ('201807031408056606', '1', '201806130937163369', '1', '7A9CF301-FCDF-4BC9-A52B-A7D4FAE2D344', '99', '2018-07-03 00:00:00', '9f2ec079-7d0f-4fe2-90ab-8b09a8302aba');
INSERT INTO `sys_roleauthorize` VALUES ('201807031408054981', '1', '201806141709398781', '1', '7A9CF301-FCDF-4BC9-A52B-A7D4FAE2D344', '99', '2018-07-03 00:00:00', '9f2ec079-7d0f-4fe2-90ab-8b09a8302aba');
INSERT INTO `sys_roleauthorize` VALUES ('201807031408064648', '1', '201806121738224258', '1', '7A9CF301-FCDF-4BC9-A52B-A7D4FAE2D344', '99', '2018-07-03 00:00:00', '9f2ec079-7d0f-4fe2-90ab-8b09a8302aba');
INSERT INTO `sys_roleauthorize` VALUES ('201807031408065406', '1', '201806121738564697', '1', '7A9CF301-FCDF-4BC9-A52B-A7D4FAE2D344', '99', '2018-07-03 00:00:00', '9f2ec079-7d0f-4fe2-90ab-8b09a8302aba');
INSERT INTO `sys_roleauthorize` VALUES ('201807031408066018', '1', '201806121739254212', '1', '7A9CF301-FCDF-4BC9-A52B-A7D4FAE2D344', '99', '2018-07-03 00:00:00', '9f2ec079-7d0f-4fe2-90ab-8b09a8302aba');
INSERT INTO `sys_roleauthorize` VALUES ('201807031408063289', '1', '201806121732216653', '1', '7A9CF301-FCDF-4BC9-A52B-A7D4FAE2D344', '99', '2018-07-03 00:00:00', '9f2ec079-7d0f-4fe2-90ab-8b09a8302aba');
INSERT INTO `sys_roleauthorize` VALUES ('201807031408066453', '1', '201806121736525032', '1', '7A9CF301-FCDF-4BC9-A52B-A7D4FAE2D344', '99', '2018-07-03 00:00:00', '9f2ec079-7d0f-4fe2-90ab-8b09a8302aba');
INSERT INTO `sys_roleauthorize` VALUES ('201807031408063502', '1', '201806141711594384', '1', '7A9CF301-FCDF-4BC9-A52B-A7D4FAE2D344', '99', '2018-07-03 00:00:00', '9f2ec079-7d0f-4fe2-90ab-8b09a8302aba');
INSERT INTO `sys_roleauthorize` VALUES ('201807031408068777', '1', '201806121752548933', '1', '7A9CF301-FCDF-4BC9-A52B-A7D4FAE2D344', '99', '2018-07-03 00:00:00', '9f2ec079-7d0f-4fe2-90ab-8b09a8302aba');
INSERT INTO `sys_roleauthorize` VALUES ('201807031408063826', '1', '201806121753402255', '1', '7A9CF301-FCDF-4BC9-A52B-A7D4FAE2D344', '99', '2018-07-03 00:00:00', '9f2ec079-7d0f-4fe2-90ab-8b09a8302aba');
INSERT INTO `sys_roleauthorize` VALUES ('201807031408068593', '1', '201806121754091238', '1', '7A9CF301-FCDF-4BC9-A52B-A7D4FAE2D344', '99', '2018-07-03 00:00:00', '9f2ec079-7d0f-4fe2-90ab-8b09a8302aba');
INSERT INTO `sys_roleauthorize` VALUES ('201807031408066095', '1', '201806121754476244', '1', '7A9CF301-FCDF-4BC9-A52B-A7D4FAE2D344', '99', '2018-07-03 00:00:00', '9f2ec079-7d0f-4fe2-90ab-8b09a8302aba');
INSERT INTO `sys_roleauthorize` VALUES ('201807031408068058', '1', '201806121756183331', '1', '7A9CF301-FCDF-4BC9-A52B-A7D4FAE2D344', '99', '2018-07-03 00:00:00', '9f2ec079-7d0f-4fe2-90ab-8b09a8302aba');
INSERT INTO `sys_roleauthorize` VALUES ('201807031408066914', '1', '201806141709552969', '1', '7A9CF301-FCDF-4BC9-A52B-A7D4FAE2D344', '99', '2018-07-03 00:00:00', '9f2ec079-7d0f-4fe2-90ab-8b09a8302aba');
INSERT INTO `sys_roleauthorize` VALUES ('201807031408069582', '1', '201806151625184572', '1', '7A9CF301-FCDF-4BC9-A52B-A7D4FAE2D344', '99', '2018-07-03 00:00:00', '9f2ec079-7d0f-4fe2-90ab-8b09a8302aba');
INSERT INTO `sys_roleauthorize` VALUES ('201807031408065771', '1', '201806151625522203', '1', '7A9CF301-FCDF-4BC9-A52B-A7D4FAE2D344', '99', '2018-07-03 00:00:00', '9f2ec079-7d0f-4fe2-90ab-8b09a8302aba');
INSERT INTO `sys_roleauthorize` VALUES ('201807031408065626', '1', '201806151627232936', '1', '7A9CF301-FCDF-4BC9-A52B-A7D4FAE2D344', '99', '2018-07-03 00:00:00', '9f2ec079-7d0f-4fe2-90ab-8b09a8302aba');
INSERT INTO `sys_roleauthorize` VALUES ('201807031408061894', '1', '201806151627549488', '1', '7A9CF301-FCDF-4BC9-A52B-A7D4FAE2D344', '99', '2018-07-03 00:00:00', '9f2ec079-7d0f-4fe2-90ab-8b09a8302aba');
INSERT INTO `sys_roleauthorize` VALUES ('201807031408067191', '1', '201806151628143610', '1', '7A9CF301-FCDF-4BC9-A52B-A7D4FAE2D344', '99', '2018-07-03 00:00:00', '9f2ec079-7d0f-4fe2-90ab-8b09a8302aba');
INSERT INTO `sys_roleauthorize` VALUES ('201807031909503095', '1', '201806141508359155', '1', '201807031908525978', '99', '2018-07-03 00:00:00', '9f2ec079-7d0f-4fe2-90ab-8b09a8302aba');
INSERT INTO `sys_roleauthorize` VALUES ('201807031909501924', '1', '201806141706047854', '1', '201807031908525978', '99', '2018-07-03 00:00:00', '9f2ec079-7d0f-4fe2-90ab-8b09a8302aba');
INSERT INTO `sys_roleauthorize` VALUES ('201807031909502557', '1', '201806141707228857', '1', '201807031908525978', '99', '2018-07-03 00:00:00', '9f2ec079-7d0f-4fe2-90ab-8b09a8302aba');
INSERT INTO `sys_roleauthorize` VALUES ('201807031909506319', '1', '201806141732481293', '1', '201807031908525978', '99', '2018-07-03 00:00:00', '9f2ec079-7d0f-4fe2-90ab-8b09a8302aba');
INSERT INTO `sys_roleauthorize` VALUES ('201807031909506784', '1', '201806141733061627', '1', '201807031908525978', '99', '2018-07-03 00:00:00', '9f2ec079-7d0f-4fe2-90ab-8b09a8302aba');
INSERT INTO `sys_roleauthorize` VALUES ('201807031909516162', '1', '201806141734439890', '1', '201807031908525978', '99', '2018-07-03 00:00:00', '9f2ec079-7d0f-4fe2-90ab-8b09a8302aba');
INSERT INTO `sys_roleauthorize` VALUES ('201807031909514864', '1', '201806141735049597', '1', '201807031908525978', '99', '2018-07-03 00:00:00', '9f2ec079-7d0f-4fe2-90ab-8b09a8302aba');
INSERT INTO `sys_roleauthorize` VALUES ('201807031909516287', '1', '201806141735267958', '1', '201807031908525978', '99', '2018-07-03 00:00:00', '9f2ec079-7d0f-4fe2-90ab-8b09a8302aba');
INSERT INTO `sys_roleauthorize` VALUES ('201807031909511733', '1', '201806141708045542', '1', '201807031908525978', '99', '2018-07-03 00:00:00', '9f2ec079-7d0f-4fe2-90ab-8b09a8302aba');
INSERT INTO `sys_roleauthorize` VALUES ('201807031909519313', '1', '201806151623264198', '1', '201807031908525978', '99', '2018-07-03 00:00:00', '9f2ec079-7d0f-4fe2-90ab-8b09a8302aba');
INSERT INTO `sys_roleauthorize` VALUES ('201807031909517458', '1', '201806151623488475', '1', '201807031908525978', '99', '2018-07-03 00:00:00', '9f2ec079-7d0f-4fe2-90ab-8b09a8302aba');
INSERT INTO `sys_roleauthorize` VALUES ('201807031909523362', '1', '201806281727481608', '1', '201807031908525978', '99', '2018-07-03 00:00:00', '9f2ec079-7d0f-4fe2-90ab-8b09a8302aba');
INSERT INTO `sys_roleauthorize` VALUES ('201807031909525807', '1', '201806141738016113', '1', '201807031908525978', '99', '2018-07-03 00:00:00', '9f2ec079-7d0f-4fe2-90ab-8b09a8302aba');
INSERT INTO `sys_roleauthorize` VALUES ('201807031909523185', '1', '201806141738276995', '1', '201807031908525978', '99', '2018-07-03 00:00:00', '9f2ec079-7d0f-4fe2-90ab-8b09a8302aba');
INSERT INTO `sys_roleauthorize` VALUES ('201807031909529485', '1', '201806141739388107', '1', '201807031908525978', '99', '2018-07-03 00:00:00', '9f2ec079-7d0f-4fe2-90ab-8b09a8302aba');
INSERT INTO `sys_roleauthorize` VALUES ('201807031909523830', '1', '201806141708257654', '1', '201807031908525978', '99', '2018-07-03 00:00:00', '9f2ec079-7d0f-4fe2-90ab-8b09a8302aba');
INSERT INTO `sys_roleauthorize` VALUES ('201807031909521863', '1', '201806130932038005', '1', '201807031908525978', '99', '2018-07-03 00:00:00', '9f2ec079-7d0f-4fe2-90ab-8b09a8302aba');
INSERT INTO `sys_roleauthorize` VALUES ('201807031909529442', '1', '201806130932356710', '1', '201807031908525978', '99', '2018-07-03 00:00:00', '9f2ec079-7d0f-4fe2-90ab-8b09a8302aba');
INSERT INTO `sys_roleauthorize` VALUES ('201807031909523659', '1', '201806130933236819', '1', '201807031908525978', '99', '2018-07-03 00:00:00', '9f2ec079-7d0f-4fe2-90ab-8b09a8302aba');
INSERT INTO `sys_roleauthorize` VALUES ('201807031909523803', '1', '201806130934116700', '1', '201807031908525978', '99', '2018-07-03 00:00:00', '9f2ec079-7d0f-4fe2-90ab-8b09a8302aba');
INSERT INTO `sys_roleauthorize` VALUES ('201807031909535468', '1', '201806130934348913', '1', '201807031908525978', '99', '2018-07-03 00:00:00', '9f2ec079-7d0f-4fe2-90ab-8b09a8302aba');
INSERT INTO `sys_roleauthorize` VALUES ('201807031909535985', '1', '201806130937163369', '1', '201807031908525978', '99', '2018-07-03 00:00:00', '9f2ec079-7d0f-4fe2-90ab-8b09a8302aba');
INSERT INTO `sys_roleauthorize` VALUES ('201807031909538811', '1', '201806141708443099', '1', '201807031908525978', '99', '2018-07-03 00:00:00', '9f2ec079-7d0f-4fe2-90ab-8b09a8302aba');
INSERT INTO `sys_roleauthorize` VALUES ('201807031909534035', '1', '201806151647007714', '1', '201807031908525978', '99', '2018-07-03 00:00:00', '9f2ec079-7d0f-4fe2-90ab-8b09a8302aba');
INSERT INTO `sys_roleauthorize` VALUES ('201807031909533492', '1', '201806151647238497', '1', '201807031908525978', '99', '2018-07-03 00:00:00', '9f2ec079-7d0f-4fe2-90ab-8b09a8302aba');
INSERT INTO `sys_roleauthorize` VALUES ('201807031909539884', '1', '201806151647431807', '1', '201807031908525978', '99', '2018-07-03 00:00:00', '9f2ec079-7d0f-4fe2-90ab-8b09a8302aba');
INSERT INTO `sys_roleauthorize` VALUES ('201807031909534566', '1', '201806151648069140', '1', '201807031908525978', '99', '2018-07-03 00:00:00', '9f2ec079-7d0f-4fe2-90ab-8b09a8302aba');
INSERT INTO `sys_roleauthorize` VALUES ('4da1e2d26c714345816c81d7e6aa46c7', '1', '2019112218412636587505', '1', '2691AB91-3010-465F-8D92-60A97425A45E', '99', '2019-11-22 00:00:00', '9f2ec079-7d0f-4fe2-90ab-8b09a8302aba');
INSERT INTO `sys_roleauthorize` VALUES ('1f97834a0bff4f3cb8673808f32792cd', '1', '2019112218412636815288', '1', '2691AB91-3010-465F-8D92-60A97425A45E', '99', '2019-11-22 00:00:00', '9f2ec079-7d0f-4fe2-90ab-8b09a8302aba');
INSERT INTO `sys_roleauthorize` VALUES ('f4eb196edb4f475fa118ac608da0ce6c', '1', '2019112218412637063559', '1', '2691AB91-3010-465F-8D92-60A97425A45E', '99', '2019-11-22 00:00:00', '9f2ec079-7d0f-4fe2-90ab-8b09a8302aba');
INSERT INTO `sys_roleauthorize` VALUES ('b7330793c55048b194ac0d2fd1cfe3a4', '1', '2019112218442801371715', '1', '2691AB91-3010-465F-8D92-60A97425A45E', '99', '2019-11-22 00:00:00', '9f2ec079-7d0f-4fe2-90ab-8b09a8302aba');
INSERT INTO `sys_roleauthorize` VALUES ('aac4a18ee2ad4589bd35cb186bac36dc', '1', '2019112218442801666949', '1', '2691AB91-3010-465F-8D92-60A97425A45E', '99', '2019-11-22 00:00:00', '9f2ec079-7d0f-4fe2-90ab-8b09a8302aba');
INSERT INTO `sys_roleauthorize` VALUES ('890f1af74d2e493ebc5bebf64ec950f7', '1', '2019112218442801883494', '1', '2691AB91-3010-465F-8D92-60A97425A45E', '99', '2019-11-22 00:00:00', '9f2ec079-7d0f-4fe2-90ab-8b09a8302aba');
INSERT INTO `sys_roleauthorize` VALUES ('d9819ea58856499b8cbc453a68bc99a9', '1', '2019112218442802096873', '1', '2691AB91-3010-465F-8D92-60A97425A45E', '99', '2019-11-22 00:00:00', '9f2ec079-7d0f-4fe2-90ab-8b09a8302aba');
INSERT INTO `sys_roleauthorize` VALUES ('aa0d7db85fe147ac94adf4ed8ce498ad', '1', '2019112218442802322581', '1', '2691AB91-3010-465F-8D92-60A97425A45E', '99', '2019-11-22 00:00:00', '9f2ec079-7d0f-4fe2-90ab-8b09a8302aba');
INSERT INTO `sys_roleauthorize` VALUES ('68f8440f2e014cc7b73a93bc320a8f1c', '1', '2019112218442802552785', '1', '2691AB91-3010-465F-8D92-60A97425A45E', '99', '2019-11-22 00:00:00', '9f2ec079-7d0f-4fe2-90ab-8b09a8302aba');
INSERT INTO `sys_roleauthorize` VALUES ('f912a12fd61c44bb8a810100eaea3d8d', '1', '2019112218432541045775', '1', '2691AB91-3010-465F-8D92-60A97425A45E', '99', '2019-11-22 00:00:00', '9f2ec079-7d0f-4fe2-90ab-8b09a8302aba');
INSERT INTO `sys_roleauthorize` VALUES ('14a2f736224e443496c495a7d9423160', '1', '2019112218432541796672', '1', '2691AB91-3010-465F-8D92-60A97425A45E', '99', '2019-11-22 00:00:00', '9f2ec079-7d0f-4fe2-90ab-8b09a8302aba');
INSERT INTO `sys_roleauthorize` VALUES ('5455058c96154dbbb361679618220c4c', '1', '2019112218432542013857', '1', '2691AB91-3010-465F-8D92-60A97425A45E', '99', '2019-11-22 00:00:00', '9f2ec079-7d0f-4fe2-90ab-8b09a8302aba');
INSERT INTO `sys_roleauthorize` VALUES ('58a775d5de5044d0a853400c923a48d0', '1', '2019112218432542233438', '1', '2691AB91-3010-465F-8D92-60A97425A45E', '99', '2019-11-22 00:00:00', '9f2ec079-7d0f-4fe2-90ab-8b09a8302aba');
INSERT INTO `sys_roleauthorize` VALUES ('3300fd52252e401193449496a595ca07', '1', '201806141745132709', '1', '2691AB91-3010-465F-8D92-60A97425A45E', '99', '2019-11-22 00:00:00', '9f2ec079-7d0f-4fe2-90ab-8b09a8302aba');
INSERT INTO `sys_roleauthorize` VALUES ('dc14d99c171949d2970aba3e0dcdb6bf', '1', '201806281618273055', '1', '2691AB91-3010-465F-8D92-60A97425A45E', '99', '2019-11-22 00:00:00', '9f2ec079-7d0f-4fe2-90ab-8b09a8302aba');
INSERT INTO `sys_roleauthorize` VALUES ('80e059af76324857a1a4ea5fc0ccf625', '1', '201806281619225960', '1', '2691AB91-3010-465F-8D92-60A97425A45E', '99', '2019-11-22 00:00:00', '9f2ec079-7d0f-4fe2-90ab-8b09a8302aba');
INSERT INTO `sys_roleauthorize` VALUES ('119bb36935f948cabae0f66fff721baf', '1', '201806301459221696', '1', '2691AB91-3010-465F-8D92-60A97425A45E', '99', '2019-11-22 00:00:00', '9f2ec079-7d0f-4fe2-90ab-8b09a8302aba');
INSERT INTO `sys_roleauthorize` VALUES ('79e39ffb3a94444b949ae9e066c35cac', '1', '201806130932038005', '1', '42C44AC0-27FA-482D-B5E3-8F9B38B80A6A', '99', '2019-06-08 00:00:00', '9f2ec079-7d0f-4fe2-90ab-8b09a8302aba');
INSERT INTO `sys_roleauthorize` VALUES ('8b328153ef8e487da5a065585a7f4d84', '1', '201806130932356710', '1', '42C44AC0-27FA-482D-B5E3-8F9B38B80A6A', '99', '2019-06-08 00:00:00', '9f2ec079-7d0f-4fe2-90ab-8b09a8302aba');
INSERT INTO `sys_roleauthorize` VALUES ('be21120590d64d7686fcd35644315da0', '1', '201806130933236819', '1', '42C44AC0-27FA-482D-B5E3-8F9B38B80A6A', '99', '2019-06-08 00:00:00', '9f2ec079-7d0f-4fe2-90ab-8b09a8302aba');
INSERT INTO `sys_roleauthorize` VALUES ('b732cf08a1a3481883064f53c82917d3', '1', '201806130934116700', '1', '42C44AC0-27FA-482D-B5E3-8F9B38B80A6A', '99', '2019-06-08 00:00:00', '9f2ec079-7d0f-4fe2-90ab-8b09a8302aba');
INSERT INTO `sys_roleauthorize` VALUES ('7f46b798a1f947d984e72c81b6205810', '1', '201806130934348913', '1', '42C44AC0-27FA-482D-B5E3-8F9B38B80A6A', '99', '2019-06-08 00:00:00', '9f2ec079-7d0f-4fe2-90ab-8b09a8302aba');
INSERT INTO `sys_roleauthorize` VALUES ('f1ef05cd1e2a45c280a4b68f5e81bc06', '1', '201806130937163369', '1', '42C44AC0-27FA-482D-B5E3-8F9B38B80A6A', '99', '2019-06-08 00:00:00', '9f2ec079-7d0f-4fe2-90ab-8b09a8302aba');
INSERT INTO `sys_roleauthorize` VALUES ('5a318ca5039d4549b84acd0ad8b0966b', '1', '201806141708443099', '1', '42C44AC0-27FA-482D-B5E3-8F9B38B80A6A', '99', '2019-06-08 00:00:00', '9f2ec079-7d0f-4fe2-90ab-8b09a8302aba');
INSERT INTO `sys_roleauthorize` VALUES ('284f74df5c344fecbeadbdc5cca631de', '1', '201806151647007714', '1', '42C44AC0-27FA-482D-B5E3-8F9B38B80A6A', '99', '2019-06-08 00:00:00', '9f2ec079-7d0f-4fe2-90ab-8b09a8302aba');
INSERT INTO `sys_roleauthorize` VALUES ('80376b6fa5fb4fbab38f85674a7f446c', '1', '201806151647238497', '1', '42C44AC0-27FA-482D-B5E3-8F9B38B80A6A', '99', '2019-06-08 00:00:00', '9f2ec079-7d0f-4fe2-90ab-8b09a8302aba');
INSERT INTO `sys_roleauthorize` VALUES ('b63b97f089674a8192843fd1ef9e8432', '1', '201806151647431807', '1', '42C44AC0-27FA-482D-B5E3-8F9B38B80A6A', '99', '2019-06-08 00:00:00', '9f2ec079-7d0f-4fe2-90ab-8b09a8302aba');
INSERT INTO `sys_roleauthorize` VALUES ('73b524f4da704103848ff9c38a03f2fa', '1', '201806151648069140', '1', '42C44AC0-27FA-482D-B5E3-8F9B38B80A6A', '99', '2019-06-08 00:00:00', '9f2ec079-7d0f-4fe2-90ab-8b09a8302aba');
INSERT INTO `sys_roleauthorize` VALUES ('eb1487f82b3340c39aa8cce3f1ebdfdb', '1', '201806151648245135', '1', '42C44AC0-27FA-482D-B5E3-8F9B38B80A6A', '99', '2019-06-08 00:00:00', '9f2ec079-7d0f-4fe2-90ab-8b09a8302aba');
INSERT INTO `sys_roleauthorize` VALUES ('a87e3ea66871411fb01f17497ebdf37d', '1', '201806141709092545', '1', '42C44AC0-27FA-482D-B5E3-8F9B38B80A6A', '99', '2019-06-08 00:00:00', '9f2ec079-7d0f-4fe2-90ab-8b09a8302aba');
INSERT INTO `sys_roleauthorize` VALUES ('b9f2368795ff41a39ee3b6f882452216', '1', '201806191534108835', '1', '42C44AC0-27FA-482D-B5E3-8F9B38B80A6A', '99', '2019-06-08 00:00:00', '9f2ec079-7d0f-4fe2-90ab-8b09a8302aba');
INSERT INTO `sys_roleauthorize` VALUES ('2ea0cae5000a4750b0bd2de2a08854ed', '1', '201806191534375158', '1', '42C44AC0-27FA-482D-B5E3-8F9B38B80A6A', '99', '2019-06-08 00:00:00', '9f2ec079-7d0f-4fe2-90ab-8b09a8302aba');
INSERT INTO `sys_roleauthorize` VALUES ('6bbf3aec59584078bc248cc74bbfc8e5', '1', '201806191534597869', '1', '42C44AC0-27FA-482D-B5E3-8F9B38B80A6A', '99', '2019-06-08 00:00:00', '9f2ec079-7d0f-4fe2-90ab-8b09a8302aba');
INSERT INTO `sys_roleauthorize` VALUES ('348372ca14224e4885cfc48afca21c9e', '1', '201806191535218441', '1', '42C44AC0-27FA-482D-B5E3-8F9B38B80A6A', '99', '2019-06-08 00:00:00', '9f2ec079-7d0f-4fe2-90ab-8b09a8302aba');
INSERT INTO `sys_roleauthorize` VALUES ('1cce42b846ee45f4b096133cf5a1a383', '1', '201806191535455597', '1', '42C44AC0-27FA-482D-B5E3-8F9B38B80A6A', '99', '2019-06-08 00:00:00', '9f2ec079-7d0f-4fe2-90ab-8b09a8302aba');
INSERT INTO `sys_roleauthorize` VALUES ('71765eb8aa744f428574280a7948754a', '1', '201806141709398781', '1', '42C44AC0-27FA-482D-B5E3-8F9B38B80A6A', '99', '2019-06-08 00:00:00', '9f2ec079-7d0f-4fe2-90ab-8b09a8302aba');
INSERT INTO `sys_roleauthorize` VALUES ('8608b74b47644d7f9fd5e17f11cf6c6c', '1', '201806121738224258', '1', '42C44AC0-27FA-482D-B5E3-8F9B38B80A6A', '99', '2019-06-08 00:00:00', '9f2ec079-7d0f-4fe2-90ab-8b09a8302aba');
INSERT INTO `sys_roleauthorize` VALUES ('020bf0e0582b4a049c3f880bebc1afb0', '1', '201806121738564697', '1', '42C44AC0-27FA-482D-B5E3-8F9B38B80A6A', '99', '2019-06-08 00:00:00', '9f2ec079-7d0f-4fe2-90ab-8b09a8302aba');
INSERT INTO `sys_roleauthorize` VALUES ('8ff8f91fdc914355b5a70bd393748205', '1', '201806121739254212', '1', '42C44AC0-27FA-482D-B5E3-8F9B38B80A6A', '99', '2019-06-08 00:00:00', '9f2ec079-7d0f-4fe2-90ab-8b09a8302aba');
INSERT INTO `sys_roleauthorize` VALUES ('85d8f9c38a2648d0a6cf767e1b1ae19c', '1', '201806121732216653', '1', '42C44AC0-27FA-482D-B5E3-8F9B38B80A6A', '99', '2019-06-08 00:00:00', '9f2ec079-7d0f-4fe2-90ab-8b09a8302aba');
INSERT INTO `sys_roleauthorize` VALUES ('5ca402cbdd2f478e9fe14255c9b74171', '1', '201806121736525032', '1', '42C44AC0-27FA-482D-B5E3-8F9B38B80A6A', '99', '2019-06-08 00:00:00', '9f2ec079-7d0f-4fe2-90ab-8b09a8302aba');
INSERT INTO `sys_roleauthorize` VALUES ('e28c0c58e73e45e2bd34db9b5e76cec7', '1', '201806141711594384', '1', '42C44AC0-27FA-482D-B5E3-8F9B38B80A6A', '99', '2019-06-08 00:00:00', '9f2ec079-7d0f-4fe2-90ab-8b09a8302aba');
INSERT INTO `sys_roleauthorize` VALUES ('a1fb40eae6bb421b8066674fb93bf31d', '1', '201806121752548933', '1', '42C44AC0-27FA-482D-B5E3-8F9B38B80A6A', '99', '2019-06-08 00:00:00', '9f2ec079-7d0f-4fe2-90ab-8b09a8302aba');
INSERT INTO `sys_roleauthorize` VALUES ('b066dccf520b4dc385bf7fadec5df795', '1', '201806121753402255', '1', '42C44AC0-27FA-482D-B5E3-8F9B38B80A6A', '99', '2019-06-08 00:00:00', '9f2ec079-7d0f-4fe2-90ab-8b09a8302aba');
INSERT INTO `sys_roleauthorize` VALUES ('299892fb0e124314922af62d20bc4cda', '1', '201806121754091238', '1', '42C44AC0-27FA-482D-B5E3-8F9B38B80A6A', '99', '2019-06-08 00:00:00', '9f2ec079-7d0f-4fe2-90ab-8b09a8302aba');
INSERT INTO `sys_roleauthorize` VALUES ('6c5ffea7cb09438f97a2f8fa981745ca', '1', '201806121754476244', '1', '42C44AC0-27FA-482D-B5E3-8F9B38B80A6A', '99', '2019-06-08 00:00:00', '9f2ec079-7d0f-4fe2-90ab-8b09a8302aba');
INSERT INTO `sys_roleauthorize` VALUES ('773babcc20db4227befdb1da9983f279', '1', '201806121756183331', '1', '42C44AC0-27FA-482D-B5E3-8F9B38B80A6A', '99', '2019-06-08 00:00:00', '9f2ec079-7d0f-4fe2-90ab-8b09a8302aba');
INSERT INTO `sys_roleauthorize` VALUES ('975a5a07d7524b4690815623998d59cd', '1', '201806141709552969', '1', '42C44AC0-27FA-482D-B5E3-8F9B38B80A6A', '99', '2019-06-08 00:00:00', '9f2ec079-7d0f-4fe2-90ab-8b09a8302aba');
INSERT INTO `sys_roleauthorize` VALUES ('4fe6a2c54dd84fba87b31469218e8272', '1', '201806151625184572', '1', '42C44AC0-27FA-482D-B5E3-8F9B38B80A6A', '99', '2019-06-08 00:00:00', '9f2ec079-7d0f-4fe2-90ab-8b09a8302aba');
INSERT INTO `sys_roleauthorize` VALUES ('848cdbd9ba5c499b9de5958a95042435', '1', '201806151625522203', '1', '42C44AC0-27FA-482D-B5E3-8F9B38B80A6A', '99', '2019-06-08 00:00:00', '9f2ec079-7d0f-4fe2-90ab-8b09a8302aba');
INSERT INTO `sys_roleauthorize` VALUES ('b9f95448a6c0433aa18ccd3dcbbc99ef', '1', '201806151627232936', '1', '42C44AC0-27FA-482D-B5E3-8F9B38B80A6A', '99', '2019-06-08 00:00:00', '9f2ec079-7d0f-4fe2-90ab-8b09a8302aba');
INSERT INTO `sys_roleauthorize` VALUES ('50ec4da92c5947e5bad75c7134c598d9', '1', '201806151627549488', '1', '42C44AC0-27FA-482D-B5E3-8F9B38B80A6A', '99', '2019-06-08 00:00:00', '9f2ec079-7d0f-4fe2-90ab-8b09a8302aba');
INSERT INTO `sys_roleauthorize` VALUES ('a191fa8dafad448c9eddfdd4167a27c1', '1', '201806151628143610', '1', '42C44AC0-27FA-482D-B5E3-8F9B38B80A6A', '99', '2019-06-08 00:00:00', '9f2ec079-7d0f-4fe2-90ab-8b09a8302aba');
INSERT INTO `sys_roleauthorize` VALUES ('ec26a5724337453baba8fe84ff6b833a', '1', '201806291507012967', '1', '42C44AC0-27FA-482D-B5E3-8F9B38B80A6A', '99', '2019-06-08 00:00:00', '9f2ec079-7d0f-4fe2-90ab-8b09a8302aba');
INSERT INTO `sys_roleauthorize` VALUES ('6f7719429bf24d13865af94e201b4d58', '1', '201806291507516845', '1', '42C44AC0-27FA-482D-B5E3-8F9B38B80A6A', '99', '2019-06-08 00:00:00', '9f2ec079-7d0f-4fe2-90ab-8b09a8302aba');
INSERT INTO `sys_roleauthorize` VALUES ('5317aa81622840de93ac434372cd59ec', '1', '201806291508137616', '1', '42C44AC0-27FA-482D-B5E3-8F9B38B80A6A', '99', '2019-06-08 00:00:00', '9f2ec079-7d0f-4fe2-90ab-8b09a8302aba');
INSERT INTO `sys_roleauthorize` VALUES ('3660eb0435bb413580f3512ad3b8bc98', '1', '201806291508381594', '1', '42C44AC0-27FA-482D-B5E3-8F9B38B80A6A', '99', '2019-06-08 00:00:00', '9f2ec079-7d0f-4fe2-90ab-8b09a8302aba');
INSERT INTO `sys_roleauthorize` VALUES ('90082dfff60047ba8f1ae6672071f750', '1', '201806291509564720', '1', '42C44AC0-27FA-482D-B5E3-8F9B38B80A6A', '99', '2019-06-08 00:00:00', '9f2ec079-7d0f-4fe2-90ab-8b09a8302aba');
INSERT INTO `sys_roleauthorize` VALUES ('beb6ebb1811a4c58a98188ac6625b12b', '1', '201806291509349411', '1', '42C44AC0-27FA-482D-B5E3-8F9B38B80A6A', '99', '2019-06-08 00:00:00', '9f2ec079-7d0f-4fe2-90ab-8b09a8302aba');
INSERT INTO `sys_roleauthorize` VALUES ('9380f8f685f44f39b9e3fd281cd03fec', '1', '201806291627413234', '1', '42C44AC0-27FA-482D-B5E3-8F9B38B80A6A', '99', '2019-06-08 00:00:00', '9f2ec079-7d0f-4fe2-90ab-8b09a8302aba');
INSERT INTO `sys_roleauthorize` VALUES ('1f75440a3ffe45999a824a4e2aa240e7', '1', '201806291628365284', '1', '42C44AC0-27FA-482D-B5E3-8F9B38B80A6A', '99', '2019-06-08 00:00:00', '9f2ec079-7d0f-4fe2-90ab-8b09a8302aba');
INSERT INTO `sys_roleauthorize` VALUES ('d42970e04537493a957a0cc274efe61a', '1', '201806151640546566', '1', '42C44AC0-27FA-482D-B5E3-8F9B38B80A6A', '99', '2019-06-08 00:00:00', '9f2ec079-7d0f-4fe2-90ab-8b09a8302aba');
INSERT INTO `sys_roleauthorize` VALUES ('2020042318282574911240', '1', '20200317152127508422775', '1', 'F0A2B36F-35A7-4660-B46C-D4AB796591EB', '99', '2020-04-23 00:00:00', '9f2ec079-7d0f-4fe2-90ab-8b09a8302aba');
INSERT INTO `sys_roleauthorize` VALUES ('295694edf4264effadbe0f207c368434', '1', '201806151642418839', '1', '42C44AC0-27FA-482D-B5E3-8F9B38B80A6A', '99', '2019-06-08 00:00:00', '9f2ec079-7d0f-4fe2-90ab-8b09a8302aba');
INSERT INTO `sys_roleauthorize` VALUES ('d74bab9e2dc34e2e9d1820ad304b337c', '1', '201806151644154586', '1', '42C44AC0-27FA-482D-B5E3-8F9B38B80A6A', '99', '2019-06-08 00:00:00', '9f2ec079-7d0f-4fe2-90ab-8b09a8302aba');
INSERT INTO `sys_roleauthorize` VALUES ('93aedaec8ad843b5b6bfbafbd9d3e967', '1', '201806151645228319', '1', '42C44AC0-27FA-482D-B5E3-8F9B38B80A6A', '99', '2019-06-08 00:00:00', '9f2ec079-7d0f-4fe2-90ab-8b09a8302aba');
INSERT INTO `sys_roleauthorize` VALUES ('adf408bec92d4f2f85e3860b6bb354a5', '1', '201806141734439890', '1', '2019091721053342871332', '99', '2020-03-17 00:00:00', '9f2ec079-7d0f-4fe2-90ab-8b09a8302aba');
INSERT INTO `sys_roleauthorize` VALUES ('1b8128872bbf4d69971eb2b6b6db6692', '1', '201806141735049597', '1', '2019091721053342871332', '99', '2020-03-17 00:00:00', '9f2ec079-7d0f-4fe2-90ab-8b09a8302aba');
INSERT INTO `sys_roleauthorize` VALUES ('f34857ca2401433ba1ee2bcfd0a9d956', '1', '201806141735267958', '1', '2019091721053342871332', '99', '2020-03-17 00:00:00', '9f2ec079-7d0f-4fe2-90ab-8b09a8302aba');
INSERT INTO `sys_roleauthorize` VALUES ('2a4e248a47da4fa7a53a7b691421e857', '1', '201806141708045542', '1', '2019091721053342871332', '99', '2020-03-17 00:00:00', '9f2ec079-7d0f-4fe2-90ab-8b09a8302aba');
INSERT INTO `sys_roleauthorize` VALUES ('dbb23ab5a9bb43588afd67f25b514d4f', '1', '201806151623264198', '1', '2019091721053342871332', '99', '2020-03-17 00:00:00', '9f2ec079-7d0f-4fe2-90ab-8b09a8302aba');
INSERT INTO `sys_roleauthorize` VALUES ('b296192fbd9a443ca6b7b53bc0877195', '1', '201806151623488475', '1', '2019091721053342871332', '99', '2020-03-17 00:00:00', '9f2ec079-7d0f-4fe2-90ab-8b09a8302aba');
INSERT INTO `sys_roleauthorize` VALUES ('2422d0a915854e18b8199960c534e28b', '1', '201806281727481608', '1', '2019091721053342871332', '99', '2020-03-17 00:00:00', '9f2ec079-7d0f-4fe2-90ab-8b09a8302aba');
INSERT INTO `sys_roleauthorize` VALUES ('af9ec1976c1f476fbd09d76c6a020781', '1', '201806141738016113', '1', '2019091721053342871332', '99', '2020-03-17 00:00:00', '9f2ec079-7d0f-4fe2-90ab-8b09a8302aba');
INSERT INTO `sys_roleauthorize` VALUES ('f77cea9fba0e47c3861b4f25c998e37f', '1', '201806141738276995', '1', '2019091721053342871332', '99', '2020-03-17 00:00:00', '9f2ec079-7d0f-4fe2-90ab-8b09a8302aba');
INSERT INTO `sys_roleauthorize` VALUES ('4ca816be56df49138b90fe5a4a68e396', '1', '201806141739388107', '1', '2019091721053342871332', '99', '2020-03-17 00:00:00', '9f2ec079-7d0f-4fe2-90ab-8b09a8302aba');
INSERT INTO `sys_roleauthorize` VALUES ('248a6ad2cce247b9abd791dac4bdc5b6', '1', '201806141708257654', '1', '2019091721053342871332', '99', '2020-03-17 00:00:00', '9f2ec079-7d0f-4fe2-90ab-8b09a8302aba');
INSERT INTO `sys_roleauthorize` VALUES ('760dc56e506c4af89a5f8f248a9c9a93', '1', '201806130932038005', '1', '2019091721053342871332', '99', '2020-03-17 00:00:00', '9f2ec079-7d0f-4fe2-90ab-8b09a8302aba');
INSERT INTO `sys_roleauthorize` VALUES ('29acc559ab48453185899a895a4dbd38', '1', '201806130932356710', '1', '2019091721053342871332', '99', '2020-03-17 00:00:00', '9f2ec079-7d0f-4fe2-90ab-8b09a8302aba');
INSERT INTO `sys_roleauthorize` VALUES ('4b7b8cd530054e84a7b32049a911d41d', '1', '201806130933236819', '1', '2019091721053342871332', '99', '2020-03-17 00:00:00', '9f2ec079-7d0f-4fe2-90ab-8b09a8302aba');
INSERT INTO `sys_roleauthorize` VALUES ('bd09118a028f4227a9b3f47aa8e02714', '1', '201806130934116700', '1', '2019091721053342871332', '99', '2020-03-17 00:00:00', '9f2ec079-7d0f-4fe2-90ab-8b09a8302aba');
INSERT INTO `sys_roleauthorize` VALUES ('2083df92c85d4639aaba0bca8c34b5f0', '1', '201806130934348913', '1', '2019091721053342871332', '99', '2020-03-17 00:00:00', '9f2ec079-7d0f-4fe2-90ab-8b09a8302aba');
INSERT INTO `sys_roleauthorize` VALUES ('1bd4c259084646ed8f68eb87bb98a199', '1', '201806130937163369', '1', '2019091721053342871332', '99', '2020-03-17 00:00:00', '9f2ec079-7d0f-4fe2-90ab-8b09a8302aba');
INSERT INTO `sys_roleauthorize` VALUES ('cde6a69f371f43f1b817e9d133af484a', '1', '201806141708443099', '1', '2019091721053342871332', '99', '2020-03-17 00:00:00', '9f2ec079-7d0f-4fe2-90ab-8b09a8302aba');
INSERT INTO `sys_roleauthorize` VALUES ('4b420ecf02e74aea872ffb038fb07869', '1', '2020010516263714244490', '1', '2019091721053342871332', '99', '2020-03-17 00:00:00', '9f2ec079-7d0f-4fe2-90ab-8b09a8302aba');
INSERT INTO `sys_roleauthorize` VALUES ('a174cf4f44c04a60b06bdeba51525147', '1', '2019121816133940871724', '1', '2019091721053342871332', '99', '2020-03-17 00:00:00', '9f2ec079-7d0f-4fe2-90ab-8b09a8302aba');
INSERT INTO `sys_roleauthorize` VALUES ('e63f15c99eb4414d881d54968e443b57', '1', '201806151647007714', '1', '2019091721053342871332', '99', '2020-03-17 00:00:00', '9f2ec079-7d0f-4fe2-90ab-8b09a8302aba');
INSERT INTO `sys_roleauthorize` VALUES ('c3822e09306e406ea7f13fba019c7e8a', '1', '201806151647238497', '1', '2019091721053342871332', '99', '2020-03-17 00:00:00', '9f2ec079-7d0f-4fe2-90ab-8b09a8302aba');
INSERT INTO `sys_roleauthorize` VALUES ('7e7569ab8e874ee9b8d185b01fd19610', '1', '201806151647431807', '1', '2019091721053342871332', '99', '2020-03-17 00:00:00', '9f2ec079-7d0f-4fe2-90ab-8b09a8302aba');
INSERT INTO `sys_roleauthorize` VALUES ('b6336819489e4042a233662f8a2a9f9c', '1', '201806151648069140', '1', '2019091721053342871332', '99', '2020-03-17 00:00:00', '9f2ec079-7d0f-4fe2-90ab-8b09a8302aba');
INSERT INTO `sys_roleauthorize` VALUES ('e5534eab0c944456bd6a03cf35623984', '1', '201806151648245135', '1', '2019091721053342871332', '99', '2020-03-17 00:00:00', '9f2ec079-7d0f-4fe2-90ab-8b09a8302aba');
INSERT INTO `sys_roleauthorize` VALUES ('02d0b2cdbfe74e76be0f10c0504eb808', '1', '201806141709092545', '1', '2019091721053342871332', '99', '2020-03-17 00:00:00', '9f2ec079-7d0f-4fe2-90ab-8b09a8302aba');
INSERT INTO `sys_roleauthorize` VALUES ('d66381eb3ea34f5bad2e9921bacd4653', '1', '201806191534108835', '1', '2019091721053342871332', '99', '2020-03-17 00:00:00', '9f2ec079-7d0f-4fe2-90ab-8b09a8302aba');
INSERT INTO `sys_roleauthorize` VALUES ('e56b88fcc1e14548b48155761cd1732f', '1', '201806191534375158', '1', '2019091721053342871332', '99', '2020-03-17 00:00:00', '9f2ec079-7d0f-4fe2-90ab-8b09a8302aba');
INSERT INTO `sys_roleauthorize` VALUES ('b036c7d3ea8f419cbb5e54750e4b653a', '1', '201806191534597869', '1', '2019091721053342871332', '99', '2020-03-17 00:00:00', '9f2ec079-7d0f-4fe2-90ab-8b09a8302aba');
INSERT INTO `sys_roleauthorize` VALUES ('cd2c1e9e41a441db8352dc3292cf7948', '1', '201806191535218441', '1', '2019091721053342871332', '99', '2020-03-17 00:00:00', '9f2ec079-7d0f-4fe2-90ab-8b09a8302aba');
INSERT INTO `sys_roleauthorize` VALUES ('56d80fd2e2e343c6b56820fb86e5cb15', '1', '201806191535455597', '1', '2019091721053342871332', '99', '2020-03-17 00:00:00', '9f2ec079-7d0f-4fe2-90ab-8b09a8302aba');
INSERT INTO `sys_roleauthorize` VALUES ('215b87622ee444a18cb1d2afe03a7c9b', '1', '201806141709398781', '1', '2019091721053342871332', '99', '2020-03-17 00:00:00', '9f2ec079-7d0f-4fe2-90ab-8b09a8302aba');
INSERT INTO `sys_roleauthorize` VALUES ('d741ccf189844eeb915703847e79c4a6', '1', '201806121738224258', '1', '2019091721053342871332', '99', '2020-03-17 00:00:00', '9f2ec079-7d0f-4fe2-90ab-8b09a8302aba');
INSERT INTO `sys_roleauthorize` VALUES ('1d120f3baacc497482a1d905135e063c', '1', '201806121738564697', '1', '2019091721053342871332', '99', '2020-03-17 00:00:00', '9f2ec079-7d0f-4fe2-90ab-8b09a8302aba');
INSERT INTO `sys_roleauthorize` VALUES ('8ad63d6756274b36b77e91c98a25029f', '1', '201806121739254212', '1', '2019091721053342871332', '99', '2020-03-17 00:00:00', '9f2ec079-7d0f-4fe2-90ab-8b09a8302aba');
INSERT INTO `sys_roleauthorize` VALUES ('58ebc8c18890484fb6a79d6518c5a260', '1', '201806121732216653', '1', '2019091721053342871332', '99', '2020-03-17 00:00:00', '9f2ec079-7d0f-4fe2-90ab-8b09a8302aba');
INSERT INTO `sys_roleauthorize` VALUES ('c58edd5cea08459fb1752dd976f62202', '1', '201806121736525032', '1', '2019091721053342871332', '99', '2020-03-17 00:00:00', '9f2ec079-7d0f-4fe2-90ab-8b09a8302aba');
INSERT INTO `sys_roleauthorize` VALUES ('178672c319014e80957e97de608d1201', '1', '201806141711594384', '1', '2019091721053342871332', '99', '2020-03-17 00:00:00', '9f2ec079-7d0f-4fe2-90ab-8b09a8302aba');
INSERT INTO `sys_roleauthorize` VALUES ('002fcba25e02403984585910cbe82230', '1', '201806121752548933', '1', '2019091721053342871332', '99', '2020-03-17 00:00:00', '9f2ec079-7d0f-4fe2-90ab-8b09a8302aba');
INSERT INTO `sys_roleauthorize` VALUES ('da266b58db554fc0957812937d091ee7', '1', '201806121753402255', '1', '2019091721053342871332', '99', '2020-03-17 00:00:00', '9f2ec079-7d0f-4fe2-90ab-8b09a8302aba');
INSERT INTO `sys_roleauthorize` VALUES ('5a16a33d7cc942a88fd99433bca994cd', '1', '201806121754091238', '1', '2019091721053342871332', '99', '2020-03-17 00:00:00', '9f2ec079-7d0f-4fe2-90ab-8b09a8302aba');
INSERT INTO `sys_roleauthorize` VALUES ('cf9b5d001a3e4ca7b77f51a6d7b8b0ac', '1', '201806121754476244', '1', '2019091721053342871332', '99', '2020-03-17 00:00:00', '9f2ec079-7d0f-4fe2-90ab-8b09a8302aba');
INSERT INTO `sys_roleauthorize` VALUES ('947d449f328441fca543eaf0c61c7ffb', '1', '201806121756183331', '1', '2019091721053342871332', '99', '2020-03-17 00:00:00', '9f2ec079-7d0f-4fe2-90ab-8b09a8302aba');
INSERT INTO `sys_roleauthorize` VALUES ('2020042318282574917091', '1', '2020031715212699663668', '1', 'F0A2B36F-35A7-4660-B46C-D4AB796591EB', '99', '2020-04-23 00:00:00', '9f2ec079-7d0f-4fe2-90ab-8b09a8302aba');
INSERT INTO `sys_roleauthorize` VALUES ('bfc0459e25974a75bcc511c5de737bf7', '1', '2019090914153515914875', '1', '2019091721053342871332', '99', '2020-03-17 00:00:00', '9f2ec079-7d0f-4fe2-90ab-8b09a8302aba');
INSERT INTO `sys_roleauthorize` VALUES ('54491d433f03436780c45393ddd9cbd6', '1', '2019090914171110549334', '1', '2019091721053342871332', '99', '2020-03-17 00:00:00', '9f2ec079-7d0f-4fe2-90ab-8b09a8302aba');
INSERT INTO `sys_roleauthorize` VALUES ('86c4d8c2e24a46bb8f357e7cae2d5796', '1', '2019090914175578729884', '1', '2019091721053342871332', '99', '2020-03-17 00:00:00', '9f2ec079-7d0f-4fe2-90ab-8b09a8302aba');
INSERT INTO `sys_roleauthorize` VALUES ('2751bdaeb3ce49259e8065ef038e6096', '1', '2019090914143743719340', '1', '2019091721053342871332', '99', '2020-03-17 00:00:00', '9f2ec079-7d0f-4fe2-90ab-8b09a8302aba');
INSERT INTO `sys_roleauthorize` VALUES ('3e26ebf2c9104c59bc3a64cf42d2af83', '1', '2019090914162270992213', '1', '2019091721053342871332', '99', '2020-03-17 00:00:00', '9f2ec079-7d0f-4fe2-90ab-8b09a8302aba');
INSERT INTO `sys_roleauthorize` VALUES ('e0927d418acd4c2ebead7622b095ecc7', '1', '201806141709552969', '1', '2019091721053342871332', '99', '2020-03-17 00:00:00', '9f2ec079-7d0f-4fe2-90ab-8b09a8302aba');
INSERT INTO `sys_roleauthorize` VALUES ('214a0acebae24fa9b136dd93a4f9f5c7', '1', '201806151625184572', '1', '2019091721053342871332', '99', '2020-03-17 00:00:00', '9f2ec079-7d0f-4fe2-90ab-8b09a8302aba');
INSERT INTO `sys_roleauthorize` VALUES ('f96d99dbd0334d178d1080906f22a591', '1', '201806151625522203', '1', '2019091721053342871332', '99', '2020-03-17 00:00:00', '9f2ec079-7d0f-4fe2-90ab-8b09a8302aba');
INSERT INTO `sys_roleauthorize` VALUES ('a03b129d90024999a8a6498485ee66b0', '1', '201806151627232936', '1', '2019091721053342871332', '99', '2020-03-17 00:00:00', '9f2ec079-7d0f-4fe2-90ab-8b09a8302aba');
INSERT INTO `sys_roleauthorize` VALUES ('51b5442c87b7448db4163cfd5b924600', '1', '201806151627549488', '1', '2019091721053342871332', '99', '2020-03-17 00:00:00', '9f2ec079-7d0f-4fe2-90ab-8b09a8302aba');
INSERT INTO `sys_roleauthorize` VALUES ('f8588ef410254956991e7c081c4ed43e', '1', '201806151628143610', '1', '2019091721053342871332', '99', '2020-03-17 00:00:00', '9f2ec079-7d0f-4fe2-90ab-8b09a8302aba');
INSERT INTO `sys_roleauthorize` VALUES ('1432ad0948ea4a29a5b07bee7909a9d1', '1', '201806291507012967', '1', '2019091721053342871332', '99', '2020-03-17 00:00:00', '9f2ec079-7d0f-4fe2-90ab-8b09a8302aba');
INSERT INTO `sys_roleauthorize` VALUES ('ea31941d6446444da835e11900b8ceff', '1', '201806291507516845', '1', '2019091721053342871332', '99', '2020-03-17 00:00:00', '9f2ec079-7d0f-4fe2-90ab-8b09a8302aba');
INSERT INTO `sys_roleauthorize` VALUES ('0be9b7a8aa4a4eaabf3ccd277110d6e2', '1', '201806291508137616', '1', '2019091721053342871332', '99', '2020-03-17 00:00:00', '9f2ec079-7d0f-4fe2-90ab-8b09a8302aba');
INSERT INTO `sys_roleauthorize` VALUES ('c6270ada572e4079bc9bd831156f940d', '1', '201806291508381594', '1', '2019091721053342871332', '99', '2020-03-17 00:00:00', '9f2ec079-7d0f-4fe2-90ab-8b09a8302aba');
INSERT INTO `sys_roleauthorize` VALUES ('6c60204b1c30440db7c7bbccf0fa47f9', '1', '201806291509564720', '1', '2019091721053342871332', '99', '2020-03-17 00:00:00', '9f2ec079-7d0f-4fe2-90ab-8b09a8302aba');
INSERT INTO `sys_roleauthorize` VALUES ('a609b78e92d24705bc0d1088b33b0429', '1', '201806291509349411', '1', '2019091721053342871332', '99', '2020-03-17 00:00:00', '9f2ec079-7d0f-4fe2-90ab-8b09a8302aba');
INSERT INTO `sys_roleauthorize` VALUES ('da6b5a50b47b4e9a882f181f4a02f1df', '1', '201806291627413234', '1', '2019091721053342871332', '99', '2020-03-17 00:00:00', '9f2ec079-7d0f-4fe2-90ab-8b09a8302aba');
INSERT INTO `sys_roleauthorize` VALUES ('5a3f3511dfb24141bb8f926f2ceec73a', '1', '201806291628365284', '1', '2019091721053342871332', '99', '2020-03-17 00:00:00', '9f2ec079-7d0f-4fe2-90ab-8b09a8302aba');
INSERT INTO `sys_roleauthorize` VALUES ('51f12646a3354ae393de7dc00fc95c79', '1', '2019092414221687875209', '1', '2019091721053342871332', '99', '2020-03-17 00:00:00', '9f2ec079-7d0f-4fe2-90ab-8b09a8302aba');
INSERT INTO `sys_roleauthorize` VALUES ('35ab6545cf9649328792470c2bfdf9c6', '1', '2019092414235667106565', '1', '2019091721053342871332', '99', '2020-03-17 00:00:00', '9f2ec079-7d0f-4fe2-90ab-8b09a8302aba');
INSERT INTO `sys_roleauthorize` VALUES ('97677b3a21104312a2d57458431dff9c', '1', '2020010516301373562450', '1', '2019091721053342871332', '99', '2020-03-17 00:00:00', '9f2ec079-7d0f-4fe2-90ab-8b09a8302aba');
INSERT INTO `sys_roleauthorize` VALUES ('a4e85636b704428684140bba4386e876', '1', '2019092414251810827911', '1', '2019091721053342871332', '99', '2020-03-17 00:00:00', '9f2ec079-7d0f-4fe2-90ab-8b09a8302aba');
INSERT INTO `sys_roleauthorize` VALUES ('927491bb01124440ac17836068d9ea16', '1', '2019092414255580541390', '1', '2019091721053342871332', '99', '2020-03-17 00:00:00', '9f2ec079-7d0f-4fe2-90ab-8b09a8302aba');
INSERT INTO `sys_roleauthorize` VALUES ('7743ab5b07854fe29e69be83d658a250', '1', '2019092414264284918761', '1', '2019091721053342871332', '99', '2020-03-17 00:00:00', '9f2ec079-7d0f-4fe2-90ab-8b09a8302aba');
INSERT INTO `sys_roleauthorize` VALUES ('cd66cdeb69ad46cca0056821521a6218', '1', '201806151640546566', '1', '2019091721053342871332', '99', '2020-03-17 00:00:00', '9f2ec079-7d0f-4fe2-90ab-8b09a8302aba');
INSERT INTO `sys_roleauthorize` VALUES ('2020042318282574914201', '1', '2020031715212722399256', '1', 'F0A2B36F-35A7-4660-B46C-D4AB796591EB', '99', '2020-04-23 00:00:00', '9f2ec079-7d0f-4fe2-90ab-8b09a8302aba');
INSERT INTO `sys_roleauthorize` VALUES ('caeebe3eb78744009d36de6553a292da', '1', '201806151642418839', '1', '2019091721053342871332', '99', '2020-03-17 00:00:00', '9f2ec079-7d0f-4fe2-90ab-8b09a8302aba');
INSERT INTO `sys_roleauthorize` VALUES ('2c4a25587a5b4fd195d7c9bd9a3c46d0', '1', '201806151644154586', '1', '2019091721053342871332', '99', '2020-03-17 00:00:00', '9f2ec079-7d0f-4fe2-90ab-8b09a8302aba');
INSERT INTO `sys_roleauthorize` VALUES ('eafa5acaa255419ea6d327c2c13f8883', '1', '201806151645228319', '1', '2019091721053342871332', '99', '2020-03-17 00:00:00', '9f2ec079-7d0f-4fe2-90ab-8b09a8302aba');
INSERT INTO `sys_roleauthorize` VALUES ('887f7181bea14ebdad93cb7bf4c6e9e8', '0', '2019091617504355197245', '1', '2019091721053342871332', '99', '2020-03-17 00:00:00', '9f2ec079-7d0f-4fe2-90ab-8b09a8302aba');
INSERT INTO `sys_roleauthorize` VALUES ('525ede2901c443bbbd6e6647e4a4f41d', '0', '201806141511351940', '1', '2019091721053342871332', '99', '2020-03-17 00:00:00', '9f2ec079-7d0f-4fe2-90ab-8b09a8302aba');
INSERT INTO `sys_roleauthorize` VALUES ('2020042318282574918152', '1', '2020040419135268957642', '1', 'F0A2B36F-35A7-4660-B46C-D4AB796591EB', '99', '2020-04-23 00:00:00', '9f2ec079-7d0f-4fe2-90ab-8b09a8302aba');
INSERT INTO `sys_roleauthorize` VALUES ('2020042318282574942448', '1', '2020041617293990301221', '1', 'F0A2B36F-35A7-4660-B46C-D4AB796591EB', '99', '2020-04-23 00:00:00', '9f2ec079-7d0f-4fe2-90ab-8b09a8302aba');
INSERT INTO `sys_roleauthorize` VALUES ('2020042318282574943924', '1', '2020040212285655786498', '1', 'F0A2B36F-35A7-4660-B46C-D4AB796591EB', '99', '2020-04-23 00:00:00', '9f2ec079-7d0f-4fe2-90ab-8b09a8302aba');
INSERT INTO `sys_roleauthorize` VALUES ('2020042318282574948382', '1', '2020040212285661966166', '1', 'F0A2B36F-35A7-4660-B46C-D4AB796591EB', '99', '2020-04-23 00:00:00', '9f2ec079-7d0f-4fe2-90ab-8b09a8302aba');
INSERT INTO `sys_roleauthorize` VALUES ('2020042318282574947589', '1', '2020040212285665972730', '1', 'F0A2B36F-35A7-4660-B46C-D4AB796591EB', '99', '2020-04-23 00:00:00', '9f2ec079-7d0f-4fe2-90ab-8b09a8302aba');
INSERT INTO `sys_roleauthorize` VALUES ('2020042318282574947719', '1', '2020040212285669962966', '1', 'F0A2B36F-35A7-4660-B46C-D4AB796591EB', '99', '2020-04-23 00:00:00', '9f2ec079-7d0f-4fe2-90ab-8b09a8302aba');
INSERT INTO `sys_roleauthorize` VALUES ('2020042318282574958014', '1', '2020040212285673947783', '1', 'F0A2B36F-35A7-4660-B46C-D4AB796591EB', '99', '2020-04-23 00:00:00', '9f2ec079-7d0f-4fe2-90ab-8b09a8302aba');
INSERT INTO `sys_roleauthorize` VALUES ('2020042318282574953687', '1', '2020040212285677534040', '1', 'F0A2B36F-35A7-4660-B46C-D4AB796591EB', '99', '2020-04-23 00:00:00', '9f2ec079-7d0f-4fe2-90ab-8b09a8302aba');
INSERT INTO `sys_roleauthorize` VALUES ('2020042318282574952186', '1', '2020040212285681937332', '1', 'F0A2B36F-35A7-4660-B46C-D4AB796591EB', '99', '2020-04-23 00:00:00', '9f2ec079-7d0f-4fe2-90ab-8b09a8302aba');
INSERT INTO `sys_roleauthorize` VALUES ('2020042318282574959105', '1', '2020032621403052089259', '1', 'F0A2B36F-35A7-4660-B46C-D4AB796591EB', '99', '2020-04-23 00:00:00', '9f2ec079-7d0f-4fe2-90ab-8b09a8302aba');
INSERT INTO `sys_roleauthorize` VALUES ('2020042318282574956959', '1', '2020032621411627492341', '1', 'F0A2B36F-35A7-4660-B46C-D4AB796591EB', '99', '2020-04-23 00:00:00', '9f2ec079-7d0f-4fe2-90ab-8b09a8302aba');
INSERT INTO `sys_roleauthorize` VALUES ('2020042318282574959187', '1', '2020032621411652922755', '1', 'F0A2B36F-35A7-4660-B46C-D4AB796591EB', '99', '2020-04-23 00:00:00', '9f2ec079-7d0f-4fe2-90ab-8b09a8302aba');
INSERT INTO `sys_roleauthorize` VALUES ('2020042318282574952112', '1', '2020032621411673282709', '1', 'F0A2B36F-35A7-4660-B46C-D4AB796591EB', '99', '2020-04-23 00:00:00', '9f2ec079-7d0f-4fe2-90ab-8b09a8302aba');
INSERT INTO `sys_roleauthorize` VALUES ('2020042318282574952215', '1', '2020032621411694009088', '1', 'F0A2B36F-35A7-4660-B46C-D4AB796591EB', '99', '2020-04-23 00:00:00', '9f2ec079-7d0f-4fe2-90ab-8b09a8302aba');
INSERT INTO `sys_roleauthorize` VALUES ('2020042318282574956712', '1', '2020032621411715526555', '1', 'F0A2B36F-35A7-4660-B46C-D4AB796591EB', '99', '2020-04-23 00:00:00', '9f2ec079-7d0f-4fe2-90ab-8b09a8302aba');
INSERT INTO `sys_roleauthorize` VALUES ('2020042318282574959102', '1', '2020032621411734285647', '1', 'F0A2B36F-35A7-4660-B46C-D4AB796591EB', '99', '2020-04-23 00:00:00', '9f2ec079-7d0f-4fe2-90ab-8b09a8302aba');
INSERT INTO `sys_roleauthorize` VALUES ('2020042318282574951726', '1', '2020032621411755002855', '1', 'F0A2B36F-35A7-4660-B46C-D4AB796591EB', '99', '2020-04-23 00:00:00', '9f2ec079-7d0f-4fe2-90ab-8b09a8302aba');
INSERT INTO `sys_roleauthorize` VALUES ('2020042318282574968150', '1', '2020032621415050317292', '1', 'F0A2B36F-35A7-4660-B46C-D4AB796591EB', '99', '2020-04-23 00:00:00', '9f2ec079-7d0f-4fe2-90ab-8b09a8302aba');
INSERT INTO `sys_roleauthorize` VALUES ('2020042318282574969384', '1', '2020032621415072232954', '1', 'F0A2B36F-35A7-4660-B46C-D4AB796591EB', '99', '2020-04-23 00:00:00', '9f2ec079-7d0f-4fe2-90ab-8b09a8302aba');
INSERT INTO `sys_roleauthorize` VALUES ('2020042318282574965496', '1', '2020032621415092661686', '1', 'F0A2B36F-35A7-4660-B46C-D4AB796591EB', '99', '2020-04-23 00:00:00', '9f2ec079-7d0f-4fe2-90ab-8b09a8302aba');
INSERT INTO `sys_roleauthorize` VALUES ('2020042318282574966984', '1', '2020032621415111827632', '1', 'F0A2B36F-35A7-4660-B46C-D4AB796591EB', '99', '2020-04-23 00:00:00', '9f2ec079-7d0f-4fe2-90ab-8b09a8302aba');
INSERT INTO `sys_roleauthorize` VALUES ('2020042318282574969763', '1', '2020032621415132198318', '1', 'F0A2B36F-35A7-4660-B46C-D4AB796591EB', '99', '2020-04-23 00:00:00', '9f2ec079-7d0f-4fe2-90ab-8b09a8302aba');
INSERT INTO `sys_roleauthorize` VALUES ('2020042318282574969260', '1', '2020032621415151684960', '1', 'F0A2B36F-35A7-4660-B46C-D4AB796591EB', '99', '2020-04-23 00:00:00', '9f2ec079-7d0f-4fe2-90ab-8b09a8302aba');
INSERT INTO `sys_roleauthorize` VALUES ('2020042318282574969242', '1', '2020032621415171166269', '1', 'F0A2B36F-35A7-4660-B46C-D4AB796591EB', '99', '2020-04-23 00:00:00', '9f2ec079-7d0f-4fe2-90ab-8b09a8302aba');
INSERT INTO `sys_roleauthorize` VALUES ('2020042318282574968450', '1', '2020032621541844477304', '1', 'F0A2B36F-35A7-4660-B46C-D4AB796591EB', '99', '2020-04-23 00:00:00', '9f2ec079-7d0f-4fe2-90ab-8b09a8302aba');
INSERT INTO `sys_roleauthorize` VALUES ('2020042318282574965409', '1', '2020032621541867679944', '1', 'F0A2B36F-35A7-4660-B46C-D4AB796591EB', '99', '2020-04-23 00:00:00', '9f2ec079-7d0f-4fe2-90ab-8b09a8302aba');
INSERT INTO `sys_roleauthorize` VALUES ('2020042318282574965490', '1', '2020032621541893262745', '1', 'F0A2B36F-35A7-4660-B46C-D4AB796591EB', '99', '2020-04-23 00:00:00', '9f2ec079-7d0f-4fe2-90ab-8b09a8302aba');
INSERT INTO `sys_roleauthorize` VALUES ('2020042318282574961631', '1', '2020032621541911406076', '1', 'F0A2B36F-35A7-4660-B46C-D4AB796591EB', '99', '2020-04-23 00:00:00', '9f2ec079-7d0f-4fe2-90ab-8b09a8302aba');
INSERT INTO `sys_roleauthorize` VALUES ('2020042318282574962448', '1', '2020032621541931959290', '1', 'F0A2B36F-35A7-4660-B46C-D4AB796591EB', '99', '2020-04-23 00:00:00', '9f2ec079-7d0f-4fe2-90ab-8b09a8302aba');
INSERT INTO `sys_roleauthorize` VALUES ('2020042318282574977714', '1', '2020032621541954956439', '1', 'F0A2B36F-35A7-4660-B46C-D4AB796591EB', '99', '2020-04-23 00:00:00', '9f2ec079-7d0f-4fe2-90ab-8b09a8302aba');
INSERT INTO `sys_roleauthorize` VALUES ('2020042318282574973307', '1', '2020032621541975199681', '1', 'F0A2B36F-35A7-4660-B46C-D4AB796591EB', '99', '2020-04-23 00:00:00', '9f2ec079-7d0f-4fe2-90ab-8b09a8302aba');
INSERT INTO `sys_roleauthorize` VALUES ('2020042318282574977230', '1', '2020032621544751046709', '1', 'F0A2B36F-35A7-4660-B46C-D4AB796591EB', '99', '2020-04-23 00:00:00', '9f2ec079-7d0f-4fe2-90ab-8b09a8302aba');
INSERT INTO `sys_roleauthorize` VALUES ('2020042318282574978123', '1', '2020032621544773079129', '1', 'F0A2B36F-35A7-4660-B46C-D4AB796591EB', '99', '2020-04-23 00:00:00', '9f2ec079-7d0f-4fe2-90ab-8b09a8302aba');
INSERT INTO `sys_roleauthorize` VALUES ('2020042318282574975230', '1', '2020032621544794704803', '1', 'F0A2B36F-35A7-4660-B46C-D4AB796591EB', '99', '2020-04-23 00:00:00', '9f2ec079-7d0f-4fe2-90ab-8b09a8302aba');
INSERT INTO `sys_roleauthorize` VALUES ('2020042318282574974223', '1', '2020032621544817748391', '1', 'F0A2B36F-35A7-4660-B46C-D4AB796591EB', '99', '2020-04-23 00:00:00', '9f2ec079-7d0f-4fe2-90ab-8b09a8302aba');
INSERT INTO `sys_roleauthorize` VALUES ('2020042318282574976455', '1', '2020032621544839281663', '1', 'F0A2B36F-35A7-4660-B46C-D4AB796591EB', '99', '2020-04-23 00:00:00', '9f2ec079-7d0f-4fe2-90ab-8b09a8302aba');
INSERT INTO `sys_roleauthorize` VALUES ('2020042318282574973017', '1', '2020032621544857881789', '1', 'F0A2B36F-35A7-4660-B46C-D4AB796591EB', '99', '2020-04-23 00:00:00', '9f2ec079-7d0f-4fe2-90ab-8b09a8302aba');
INSERT INTO `sys_roleauthorize` VALUES ('2020042318282574977638', '1', '2020032621544877954066', '1', 'F0A2B36F-35A7-4660-B46C-D4AB796591EB', '99', '2020-04-23 00:00:00', '9f2ec079-7d0f-4fe2-90ab-8b09a8302aba');
INSERT INTO `sys_roleauthorize` VALUES ('2020042318282574849568', '0', '201806141508359155', '1', 'F0A2B36F-35A7-4660-B46C-D4AB796591EB', '99', '2020-04-23 00:00:00', '9f2ec079-7d0f-4fe2-90ab-8b09a8302aba');
INSERT INTO `sys_roleauthorize` VALUES ('2020042318282574856702', '1', '201806141706047854', '1', 'F0A2B36F-35A7-4660-B46C-D4AB796591EB', '99', '2020-04-23 00:00:00', '9f2ec079-7d0f-4fe2-90ab-8b09a8302aba');
INSERT INTO `sys_roleauthorize` VALUES ('2020042318282574851823', '1', '201905041649447093', '1', 'F0A2B36F-35A7-4660-B46C-D4AB796591EB', '99', '2020-04-23 00:00:00', '9f2ec079-7d0f-4fe2-90ab-8b09a8302aba');
INSERT INTO `sys_roleauthorize` VALUES ('2020042318282574857961', '1', '2020042310491878519664', '1', 'F0A2B36F-35A7-4660-B46C-D4AB796591EB', '99', '2020-04-23 00:00:00', '9f2ec079-7d0f-4fe2-90ab-8b09a8302aba');
INSERT INTO `sys_roleauthorize` VALUES ('2020042318282574851365', '1', '201806141707228857', '1', 'F0A2B36F-35A7-4660-B46C-D4AB796591EB', '99', '2020-04-23 00:00:00', '9f2ec079-7d0f-4fe2-90ab-8b09a8302aba');
INSERT INTO `sys_roleauthorize` VALUES ('2020042318282574857646', '1', '201806141732481293', '1', 'F0A2B36F-35A7-4660-B46C-D4AB796591EB', '99', '2020-04-23 00:00:00', '9f2ec079-7d0f-4fe2-90ab-8b09a8302aba');
INSERT INTO `sys_roleauthorize` VALUES ('2020042318282574858826', '1', '201806141733061627', '1', 'F0A2B36F-35A7-4660-B46C-D4AB796591EB', '99', '2020-04-23 00:00:00', '9f2ec079-7d0f-4fe2-90ab-8b09a8302aba');
INSERT INTO `sys_roleauthorize` VALUES ('2020042318282574857002', '1', '201806141734439890', '1', 'F0A2B36F-35A7-4660-B46C-D4AB796591EB', '99', '2020-04-23 00:00:00', '9f2ec079-7d0f-4fe2-90ab-8b09a8302aba');
INSERT INTO `sys_roleauthorize` VALUES ('2020042318282574855628', '1', '201806141735049597', '1', 'F0A2B36F-35A7-4660-B46C-D4AB796591EB', '99', '2020-04-23 00:00:00', '9f2ec079-7d0f-4fe2-90ab-8b09a8302aba');
INSERT INTO `sys_roleauthorize` VALUES ('2020042318282574853454', '1', '201806141735267958', '1', 'F0A2B36F-35A7-4660-B46C-D4AB796591EB', '99', '2020-04-23 00:00:00', '9f2ec079-7d0f-4fe2-90ab-8b09a8302aba');
INSERT INTO `sys_roleauthorize` VALUES ('2020042318282574857255', '1', '201806141708045542', '1', 'F0A2B36F-35A7-4660-B46C-D4AB796591EB', '99', '2020-04-23 00:00:00', '9f2ec079-7d0f-4fe2-90ab-8b09a8302aba');
INSERT INTO `sys_roleauthorize` VALUES ('2020042318282574859965', '1', '201806151623264198', '1', 'F0A2B36F-35A7-4660-B46C-D4AB796591EB', '99', '2020-04-23 00:00:00', '9f2ec079-7d0f-4fe2-90ab-8b09a8302aba');
INSERT INTO `sys_roleauthorize` VALUES ('2020042318282574858826', '1', '201806151623488475', '1', 'F0A2B36F-35A7-4660-B46C-D4AB796591EB', '99', '2020-04-23 00:00:00', '9f2ec079-7d0f-4fe2-90ab-8b09a8302aba');
INSERT INTO `sys_roleauthorize` VALUES ('2020042318282574855325', '1', '201806281727481608', '1', 'F0A2B36F-35A7-4660-B46C-D4AB796591EB', '99', '2020-04-23 00:00:00', '9f2ec079-7d0f-4fe2-90ab-8b09a8302aba');
INSERT INTO `sys_roleauthorize` VALUES ('2020042318282574858132', '1', '201806141738016113', '1', 'F0A2B36F-35A7-4660-B46C-D4AB796591EB', '99', '2020-04-23 00:00:00', '9f2ec079-7d0f-4fe2-90ab-8b09a8302aba');
INSERT INTO `sys_roleauthorize` VALUES ('2020042318282574859706', '1', '201806141738276995', '1', 'F0A2B36F-35A7-4660-B46C-D4AB796591EB', '99', '2020-04-23 00:00:00', '9f2ec079-7d0f-4fe2-90ab-8b09a8302aba');
INSERT INTO `sys_roleauthorize` VALUES ('2020042318282574856125', '1', '201806141739388107', '1', 'F0A2B36F-35A7-4660-B46C-D4AB796591EB', '99', '2020-04-23 00:00:00', '9f2ec079-7d0f-4fe2-90ab-8b09a8302aba');
INSERT INTO `sys_roleauthorize` VALUES ('2020042318282574867716', '1', '201806141708257654', '1', 'F0A2B36F-35A7-4660-B46C-D4AB796591EB', '99', '2020-04-23 00:00:00', '9f2ec079-7d0f-4fe2-90ab-8b09a8302aba');
INSERT INTO `sys_roleauthorize` VALUES ('2020042318282574868563', '1', '201806130932038005', '1', 'F0A2B36F-35A7-4660-B46C-D4AB796591EB', '99', '2020-04-23 00:00:00', '9f2ec079-7d0f-4fe2-90ab-8b09a8302aba');
INSERT INTO `sys_roleauthorize` VALUES ('2020042318282574862303', '1', '201806130932356710', '1', 'F0A2B36F-35A7-4660-B46C-D4AB796591EB', '99', '2020-04-23 00:00:00', '9f2ec079-7d0f-4fe2-90ab-8b09a8302aba');
INSERT INTO `sys_roleauthorize` VALUES ('2020042318282574865312', '1', '201806130933236819', '1', 'F0A2B36F-35A7-4660-B46C-D4AB796591EB', '99', '2020-04-23 00:00:00', '9f2ec079-7d0f-4fe2-90ab-8b09a8302aba');
INSERT INTO `sys_roleauthorize` VALUES ('2020042318282574867815', '1', '201806130934116700', '1', 'F0A2B36F-35A7-4660-B46C-D4AB796591EB', '99', '2020-04-23 00:00:00', '9f2ec079-7d0f-4fe2-90ab-8b09a8302aba');
INSERT INTO `sys_roleauthorize` VALUES ('2020042318282574867117', '1', '201806130934348913', '1', 'F0A2B36F-35A7-4660-B46C-D4AB796591EB', '99', '2020-04-23 00:00:00', '9f2ec079-7d0f-4fe2-90ab-8b09a8302aba');
INSERT INTO `sys_roleauthorize` VALUES ('2020042318282574864370', '1', '201806130937163369', '1', 'F0A2B36F-35A7-4660-B46C-D4AB796591EB', '99', '2020-04-23 00:00:00', '9f2ec079-7d0f-4fe2-90ab-8b09a8302aba');
INSERT INTO `sys_roleauthorize` VALUES ('2020042318282574867121', '1', '2020042120155835631443', '1', 'F0A2B36F-35A7-4660-B46C-D4AB796591EB', '99', '2020-04-23 00:00:00', '9f2ec079-7d0f-4fe2-90ab-8b09a8302aba');
INSERT INTO `sys_roleauthorize` VALUES ('2020042318282574864544', '1', '201806141708443099', '1', 'F0A2B36F-35A7-4660-B46C-D4AB796591EB', '99', '2020-04-23 00:00:00', '9f2ec079-7d0f-4fe2-90ab-8b09a8302aba');
INSERT INTO `sys_roleauthorize` VALUES ('2020042318282574862167', '1', '2020010516263714244490', '1', 'F0A2B36F-35A7-4660-B46C-D4AB796591EB', '99', '2020-04-23 00:00:00', '9f2ec079-7d0f-4fe2-90ab-8b09a8302aba');
INSERT INTO `sys_roleauthorize` VALUES ('2020042318282574869275', '1', '2019121816133940871724', '1', 'F0A2B36F-35A7-4660-B46C-D4AB796591EB', '99', '2020-04-23 00:00:00', '9f2ec079-7d0f-4fe2-90ab-8b09a8302aba');
INSERT INTO `sys_roleauthorize` VALUES ('2020042318282574868678', '1', '201806151647007714', '1', 'F0A2B36F-35A7-4660-B46C-D4AB796591EB', '99', '2020-04-23 00:00:00', '9f2ec079-7d0f-4fe2-90ab-8b09a8302aba');
INSERT INTO `sys_roleauthorize` VALUES ('2020042318282574867190', '1', '201806151647238497', '1', 'F0A2B36F-35A7-4660-B46C-D4AB796591EB', '99', '2020-04-23 00:00:00', '9f2ec079-7d0f-4fe2-90ab-8b09a8302aba');
INSERT INTO `sys_roleauthorize` VALUES ('2020042318282574861894', '1', '201806151647431807', '1', 'F0A2B36F-35A7-4660-B46C-D4AB796591EB', '99', '2020-04-23 00:00:00', '9f2ec079-7d0f-4fe2-90ab-8b09a8302aba');
INSERT INTO `sys_roleauthorize` VALUES ('2020042318282574861246', '1', '201806151648069140', '1', 'F0A2B36F-35A7-4660-B46C-D4AB796591EB', '99', '2020-04-23 00:00:00', '9f2ec079-7d0f-4fe2-90ab-8b09a8302aba');
INSERT INTO `sys_roleauthorize` VALUES ('2020042318282574862532', '1', '201806151648245135', '1', 'F0A2B36F-35A7-4660-B46C-D4AB796591EB', '99', '2020-04-23 00:00:00', '9f2ec079-7d0f-4fe2-90ab-8b09a8302aba');
INSERT INTO `sys_roleauthorize` VALUES ('2020042318282574869455', '1', '201806141709092545', '1', 'F0A2B36F-35A7-4660-B46C-D4AB796591EB', '99', '2020-04-23 00:00:00', '9f2ec079-7d0f-4fe2-90ab-8b09a8302aba');
INSERT INTO `sys_roleauthorize` VALUES ('2020042318282574861557', '1', '201806191534108835', '1', 'F0A2B36F-35A7-4660-B46C-D4AB796591EB', '99', '2020-04-23 00:00:00', '9f2ec079-7d0f-4fe2-90ab-8b09a8302aba');
INSERT INTO `sys_roleauthorize` VALUES ('2020042318282574869319', '1', '201806191534375158', '1', 'F0A2B36F-35A7-4660-B46C-D4AB796591EB', '99', '2020-04-23 00:00:00', '9f2ec079-7d0f-4fe2-90ab-8b09a8302aba');
INSERT INTO `sys_roleauthorize` VALUES ('2020042318282574869770', '1', '201806191534597869', '1', 'F0A2B36F-35A7-4660-B46C-D4AB796591EB', '99', '2020-04-23 00:00:00', '9f2ec079-7d0f-4fe2-90ab-8b09a8302aba');
INSERT INTO `sys_roleauthorize` VALUES ('2020042318282574863348', '1', '201806191535218441', '1', 'F0A2B36F-35A7-4660-B46C-D4AB796591EB', '99', '2020-04-23 00:00:00', '9f2ec079-7d0f-4fe2-90ab-8b09a8302aba');
INSERT INTO `sys_roleauthorize` VALUES ('2020042318282574869632', '1', '201806191535455597', '1', 'F0A2B36F-35A7-4660-B46C-D4AB796591EB', '99', '2020-04-23 00:00:00', '9f2ec079-7d0f-4fe2-90ab-8b09a8302aba');
INSERT INTO `sys_roleauthorize` VALUES ('2020042318282574863131', '1', '2020042317464189592160', '1', 'F0A2B36F-35A7-4660-B46C-D4AB796591EB', '99', '2020-04-23 00:00:00', '9f2ec079-7d0f-4fe2-90ab-8b09a8302aba');
INSERT INTO `sys_roleauthorize` VALUES ('2020042318282574863946', '1', '2020042317475683095566', '1', 'F0A2B36F-35A7-4660-B46C-D4AB796591EB', '99', '2020-04-23 00:00:00', '9f2ec079-7d0f-4fe2-90ab-8b09a8302aba');
INSERT INTO `sys_roleauthorize` VALUES ('2020042318282574868277', '1', '2020042317482401496690', '1', 'F0A2B36F-35A7-4660-B46C-D4AB796591EB', '99', '2020-04-23 00:00:00', '9f2ec079-7d0f-4fe2-90ab-8b09a8302aba');
INSERT INTO `sys_roleauthorize` VALUES ('2020042318282574866678', '1', '2020042318262143862095', '1', 'F0A2B36F-35A7-4660-B46C-D4AB796591EB', '99', '2020-04-23 00:00:00', '9f2ec079-7d0f-4fe2-90ab-8b09a8302aba');
INSERT INTO `sys_roleauthorize` VALUES ('2020042318282574872074', '1', '201806141711594384', '1', 'F0A2B36F-35A7-4660-B46C-D4AB796591EB', '99', '2020-04-23 00:00:00', '9f2ec079-7d0f-4fe2-90ab-8b09a8302aba');
INSERT INTO `sys_roleauthorize` VALUES ('2020042318282574876995', '1', '201806121752548933', '1', 'F0A2B36F-35A7-4660-B46C-D4AB796591EB', '99', '2020-04-23 00:00:00', '9f2ec079-7d0f-4fe2-90ab-8b09a8302aba');
INSERT INTO `sys_roleauthorize` VALUES ('2020042318282574874673', '1', '201806121753402255', '1', 'F0A2B36F-35A7-4660-B46C-D4AB796591EB', '99', '2020-04-23 00:00:00', '9f2ec079-7d0f-4fe2-90ab-8b09a8302aba');
INSERT INTO `sys_roleauthorize` VALUES ('2020042318282574873915', '1', '201806121754091238', '1', 'F0A2B36F-35A7-4660-B46C-D4AB796591EB', '99', '2020-04-23 00:00:00', '9f2ec079-7d0f-4fe2-90ab-8b09a8302aba');
INSERT INTO `sys_roleauthorize` VALUES ('2020042318282574879194', '1', '201806121754476244', '1', 'F0A2B36F-35A7-4660-B46C-D4AB796591EB', '99', '2020-04-23 00:00:00', '9f2ec079-7d0f-4fe2-90ab-8b09a8302aba');
INSERT INTO `sys_roleauthorize` VALUES ('2020042318282574876000', '1', '201806121756183331', '1', 'F0A2B36F-35A7-4660-B46C-D4AB796591EB', '99', '2020-04-23 00:00:00', '9f2ec079-7d0f-4fe2-90ab-8b09a8302aba');
INSERT INTO `sys_roleauthorize` VALUES ('2020042318282574877026', '1', '2020042316131685146436', '1', 'F0A2B36F-35A7-4660-B46C-D4AB796591EB', '99', '2020-04-23 00:00:00', '9f2ec079-7d0f-4fe2-90ab-8b09a8302aba');
INSERT INTO `sys_roleauthorize` VALUES ('2020042318282574876978', '1', '2020042316135688915179', '1', 'F0A2B36F-35A7-4660-B46C-D4AB796591EB', '99', '2020-04-23 00:00:00', '9f2ec079-7d0f-4fe2-90ab-8b09a8302aba');
INSERT INTO `sys_roleauthorize` VALUES ('2020042318282574912079', '1', '2020040419135273002955', '1', 'F0A2B36F-35A7-4660-B46C-D4AB796591EB', '99', '2020-04-23 00:00:00', '9f2ec079-7d0f-4fe2-90ab-8b09a8302aba');
INSERT INTO `sys_roleauthorize` VALUES ('2020042318282574917613', '1', '2020040419135276952826', '1', 'F0A2B36F-35A7-4660-B46C-D4AB796591EB', '99', '2020-04-23 00:00:00', '9f2ec079-7d0f-4fe2-90ab-8b09a8302aba');
INSERT INTO `sys_roleauthorize` VALUES ('2020042318282574915929', '1', '2020040419135280934353', '1', 'F0A2B36F-35A7-4660-B46C-D4AB796591EB', '99', '2020-04-23 00:00:00', '9f2ec079-7d0f-4fe2-90ab-8b09a8302aba');
INSERT INTO `sys_roleauthorize` VALUES ('2020042318282574913726', '1', '2020040419135284125182', '1', 'F0A2B36F-35A7-4660-B46C-D4AB796591EB', '99', '2020-04-23 00:00:00', '9f2ec079-7d0f-4fe2-90ab-8b09a8302aba');
INSERT INTO `sys_roleauthorize` VALUES ('2020042318282574912042', '1', '2020032620151069352872', '1', 'F0A2B36F-35A7-4660-B46C-D4AB796591EB', '99', '2020-04-23 00:00:00', '9f2ec079-7d0f-4fe2-90ab-8b09a8302aba');
INSERT INTO `sys_roleauthorize` VALUES ('2020042318282574913811', '1', '2020032620171575241130', '1', 'F0A2B36F-35A7-4660-B46C-D4AB796591EB', '99', '2020-04-23 00:00:00', '9f2ec079-7d0f-4fe2-90ab-8b09a8302aba');
INSERT INTO `sys_roleauthorize` VALUES ('2020042318282574914208', '1', '2020032620171598627195', '1', 'F0A2B36F-35A7-4660-B46C-D4AB796591EB', '99', '2020-04-23 00:00:00', '9f2ec079-7d0f-4fe2-90ab-8b09a8302aba');
INSERT INTO `sys_roleauthorize` VALUES ('2020042318282574915761', '1', '2020032620171622513712', '1', 'F0A2B36F-35A7-4660-B46C-D4AB796591EB', '99', '2020-04-23 00:00:00', '9f2ec079-7d0f-4fe2-90ab-8b09a8302aba');
INSERT INTO `sys_roleauthorize` VALUES ('2020042318282574919544', '1', '2020032620171643492019', '1', 'F0A2B36F-35A7-4660-B46C-D4AB796591EB', '99', '2020-04-23 00:00:00', '9f2ec079-7d0f-4fe2-90ab-8b09a8302aba');
INSERT INTO `sys_roleauthorize` VALUES ('2020042318282574929972', '1', '2020032620171670355767', '1', 'F0A2B36F-35A7-4660-B46C-D4AB796591EB', '99', '2020-04-23 00:00:00', '9f2ec079-7d0f-4fe2-90ab-8b09a8302aba');
INSERT INTO `sys_roleauthorize` VALUES ('2020042318282574922675', '1', '2020032620171689793493', '1', 'F0A2B36F-35A7-4660-B46C-D4AB796591EB', '99', '2020-04-23 00:00:00', '9f2ec079-7d0f-4fe2-90ab-8b09a8302aba');
INSERT INTO `sys_roleauthorize` VALUES ('2020042318282574925693', '1', '2020032620171711329581', '1', 'F0A2B36F-35A7-4660-B46C-D4AB796591EB', '99', '2020-04-23 00:00:00', '9f2ec079-7d0f-4fe2-90ab-8b09a8302aba');
INSERT INTO `sys_roleauthorize` VALUES ('2020042318282574921036', '1', '2020033017313046017896', '1', 'F0A2B36F-35A7-4660-B46C-D4AB796591EB', '99', '2020-04-23 00:00:00', '9f2ec079-7d0f-4fe2-90ab-8b09a8302aba');
INSERT INTO `sys_roleauthorize` VALUES ('2020042318282574924151', '1', '2020040318330410691595', '1', 'F0A2B36F-35A7-4660-B46C-D4AB796591EB', '99', '2020-04-23 00:00:00', '9f2ec079-7d0f-4fe2-90ab-8b09a8302aba');
INSERT INTO `sys_roleauthorize` VALUES ('2020042318282574922689', '1', '2020040716474197617962', '1', 'F0A2B36F-35A7-4660-B46C-D4AB796591EB', '99', '2020-04-23 00:00:00', '9f2ec079-7d0f-4fe2-90ab-8b09a8302aba');
INSERT INTO `sys_roleauthorize` VALUES ('2020042318282574926341', '1', '2020032620241040022700', '1', 'F0A2B36F-35A7-4660-B46C-D4AB796591EB', '99', '2020-04-23 00:00:00', '9f2ec079-7d0f-4fe2-90ab-8b09a8302aba');
INSERT INTO `sys_roleauthorize` VALUES ('2020042318282574929344', '1', '2020032620241060368113', '1', 'F0A2B36F-35A7-4660-B46C-D4AB796591EB', '99', '2020-04-23 00:00:00', '9f2ec079-7d0f-4fe2-90ab-8b09a8302aba');
INSERT INTO `sys_roleauthorize` VALUES ('2020042318282574924852', '1', '2020032620241081907121', '1', 'F0A2B36F-35A7-4660-B46C-D4AB796591EB', '99', '2020-04-23 00:00:00', '9f2ec079-7d0f-4fe2-90ab-8b09a8302aba');
INSERT INTO `sys_roleauthorize` VALUES ('2020042318282574929034', '1', '2020032620241102007403', '1', 'F0A2B36F-35A7-4660-B46C-D4AB796591EB', '99', '2020-04-23 00:00:00', '9f2ec079-7d0f-4fe2-90ab-8b09a8302aba');
INSERT INTO `sys_roleauthorize` VALUES ('2020042318282574922153', '1', '2020032620241121381372', '1', 'F0A2B36F-35A7-4660-B46C-D4AB796591EB', '99', '2020-04-23 00:00:00', '9f2ec079-7d0f-4fe2-90ab-8b09a8302aba');
INSERT INTO `sys_roleauthorize` VALUES ('2020042318282574927969', '1', '2020032620241145366711', '1', 'F0A2B36F-35A7-4660-B46C-D4AB796591EB', '99', '2020-04-23 00:00:00', '9f2ec079-7d0f-4fe2-90ab-8b09a8302aba');
INSERT INTO `sys_roleauthorize` VALUES ('2020042318282574921601', '1', '2020032620241164763380', '1', 'F0A2B36F-35A7-4660-B46C-D4AB796591EB', '99', '2020-04-23 00:00:00', '9f2ec079-7d0f-4fe2-90ab-8b09a8302aba');
INSERT INTO `sys_roleauthorize` VALUES ('2020042318282574922461', '1', '2020032620254500504383', '1', 'F0A2B36F-35A7-4660-B46C-D4AB796591EB', '99', '2020-04-23 00:00:00', '9f2ec079-7d0f-4fe2-90ab-8b09a8302aba');
INSERT INTO `sys_roleauthorize` VALUES ('2020042318282574922279', '1', '2020032620254524072716', '1', 'F0A2B36F-35A7-4660-B46C-D4AB796591EB', '99', '2020-04-23 00:00:00', '9f2ec079-7d0f-4fe2-90ab-8b09a8302aba');
INSERT INTO `sys_roleauthorize` VALUES ('2020042318282574922157', '1', '2020032620254544227907', '1', 'F0A2B36F-35A7-4660-B46C-D4AB796591EB', '99', '2020-04-23 00:00:00', '9f2ec079-7d0f-4fe2-90ab-8b09a8302aba');
INSERT INTO `sys_roleauthorize` VALUES ('2020042318282574922619', '1', '2020032620254567716980', '1', 'F0A2B36F-35A7-4660-B46C-D4AB796591EB', '99', '2020-04-23 00:00:00', '9f2ec079-7d0f-4fe2-90ab-8b09a8302aba');
INSERT INTO `sys_roleauthorize` VALUES ('2020042318282574922159', '1', '2020032620254586584279', '1', 'F0A2B36F-35A7-4660-B46C-D4AB796591EB', '99', '2020-04-23 00:00:00', '9f2ec079-7d0f-4fe2-90ab-8b09a8302aba');
INSERT INTO `sys_roleauthorize` VALUES ('2020042318282574929632', '1', '2020032620254605983983', '1', 'F0A2B36F-35A7-4660-B46C-D4AB796591EB', '99', '2020-04-23 00:00:00', '9f2ec079-7d0f-4fe2-90ab-8b09a8302aba');
INSERT INTO `sys_roleauthorize` VALUES ('2020042318282574922082', '1', '2020032620254625366821', '1', 'F0A2B36F-35A7-4660-B46C-D4AB796591EB', '99', '2020-04-23 00:00:00', '9f2ec079-7d0f-4fe2-90ab-8b09a8302aba');
INSERT INTO `sys_roleauthorize` VALUES ('2020042318282574921367', '1', '2020033019063921755069', '1', 'F0A2B36F-35A7-4660-B46C-D4AB796591EB', '99', '2020-04-23 00:00:00', '9f2ec079-7d0f-4fe2-90ab-8b09a8302aba');
INSERT INTO `sys_roleauthorize` VALUES ('2020042318282574928405', '1', '2020033019063930028920', '1', 'F0A2B36F-35A7-4660-B46C-D4AB796591EB', '99', '2020-04-23 00:00:00', '9f2ec079-7d0f-4fe2-90ab-8b09a8302aba');
INSERT INTO `sys_roleauthorize` VALUES ('2020042318282574928484', '1', '2020033019063934355257', '1', 'F0A2B36F-35A7-4660-B46C-D4AB796591EB', '99', '2020-04-23 00:00:00', '9f2ec079-7d0f-4fe2-90ab-8b09a8302aba');
INSERT INTO `sys_roleauthorize` VALUES ('2020042318282574935079', '1', '2020033019063939931569', '1', 'F0A2B36F-35A7-4660-B46C-D4AB796591EB', '99', '2020-04-23 00:00:00', '9f2ec079-7d0f-4fe2-90ab-8b09a8302aba');
INSERT INTO `sys_roleauthorize` VALUES ('2020042318282574938188', '1', '2020033019063944329391', '1', 'F0A2B36F-35A7-4660-B46C-D4AB796591EB', '99', '2020-04-23 00:00:00', '9f2ec079-7d0f-4fe2-90ab-8b09a8302aba');
INSERT INTO `sys_roleauthorize` VALUES ('2020042318282574936190', '1', '2020033019063948379306', '1', 'F0A2B36F-35A7-4660-B46C-D4AB796591EB', '99', '2020-04-23 00:00:00', '9f2ec079-7d0f-4fe2-90ab-8b09a8302aba');
INSERT INTO `sys_roleauthorize` VALUES ('2020042318282574933241', '1', '2020033019063953775498', '1', 'F0A2B36F-35A7-4660-B46C-D4AB796591EB', '99', '2020-04-23 00:00:00', '9f2ec079-7d0f-4fe2-90ab-8b09a8302aba');
INSERT INTO `sys_roleauthorize` VALUES ('2020042318282574934114', '1', '2020040622022298045420', '1', 'F0A2B36F-35A7-4660-B46C-D4AB796591EB', '99', '2020-04-23 00:00:00', '9f2ec079-7d0f-4fe2-90ab-8b09a8302aba');
INSERT INTO `sys_roleauthorize` VALUES ('2020042318282574937620', '1', '2020041608433357915412', '1', 'F0A2B36F-35A7-4660-B46C-D4AB796591EB', '99', '2020-04-23 00:00:00', '9f2ec079-7d0f-4fe2-90ab-8b09a8302aba');
INSERT INTO `sys_roleauthorize` VALUES ('2020042318282574933145', '1', '2020041608433600641776', '1', 'F0A2B36F-35A7-4660-B46C-D4AB796591EB', '99', '2020-04-23 00:00:00', '9f2ec079-7d0f-4fe2-90ab-8b09a8302aba');
INSERT INTO `sys_roleauthorize` VALUES ('2020042318282574948119', '1', '2020041608433673265742', '1', 'F0A2B36F-35A7-4660-B46C-D4AB796591EB', '99', '2020-04-23 00:00:00', '9f2ec079-7d0f-4fe2-90ab-8b09a8302aba');
INSERT INTO `sys_roleauthorize` VALUES ('2020042318282574944280', '1', '2020041608433905335821', '1', 'F0A2B36F-35A7-4660-B46C-D4AB796591EB', '99', '2020-04-23 00:00:00', '9f2ec079-7d0f-4fe2-90ab-8b09a8302aba');
INSERT INTO `sys_roleauthorize` VALUES ('2020042318282574941014', '1', '2020041608434024938144', '1', 'F0A2B36F-35A7-4660-B46C-D4AB796591EB', '99', '2020-04-23 00:00:00', '9f2ec079-7d0f-4fe2-90ab-8b09a8302aba');
INSERT INTO `sys_roleauthorize` VALUES ('2020042318282574947505', '1', '2020041608434197594927', '1', 'F0A2B36F-35A7-4660-B46C-D4AB796591EB', '99', '2020-04-23 00:00:00', '9f2ec079-7d0f-4fe2-90ab-8b09a8302aba');
INSERT INTO `sys_roleauthorize` VALUES ('2020042318282574947549', '1', '2020041608434397761492', '1', 'F0A2B36F-35A7-4660-B46C-D4AB796591EB', '99', '2020-04-23 00:00:00', '9f2ec079-7d0f-4fe2-90ab-8b09a8302aba');
INSERT INTO `sys_roleauthorize` VALUES ('2020042318282574942101', '1', '2020040212281727304230', '1', 'F0A2B36F-35A7-4660-B46C-D4AB796591EB', '99', '2020-04-23 00:00:00', '9f2ec079-7d0f-4fe2-90ab-8b09a8302aba');
INSERT INTO `sys_roleauthorize` VALUES ('2020042318282574941572', '1', '2020041617293918782795', '1', 'F0A2B36F-35A7-4660-B46C-D4AB796591EB', '99', '2020-04-23 00:00:00', '9f2ec079-7d0f-4fe2-90ab-8b09a8302aba');
INSERT INTO `sys_roleauthorize` VALUES ('2020042318282574942938', '1', '2020041617293943939359', '1', 'F0A2B36F-35A7-4660-B46C-D4AB796591EB', '99', '2020-04-23 00:00:00', '9f2ec079-7d0f-4fe2-90ab-8b09a8302aba');
INSERT INTO `sys_roleauthorize` VALUES ('2020042318282574945395', '1', '2020041617293967352317', '1', 'F0A2B36F-35A7-4660-B46C-D4AB796591EB', '99', '2020-04-23 00:00:00', '9f2ec079-7d0f-4fe2-90ab-8b09a8302aba');
INSERT INTO `sys_roleauthorize` VALUES ('2020042318282574876672', '1', '201806151643345704', '1', 'F0A2B36F-35A7-4660-B46C-D4AB796591EB', '99', '2020-04-23 00:00:00', '9f2ec079-7d0f-4fe2-90ab-8b09a8302aba');
INSERT INTO `sys_roleauthorize` VALUES ('2020042318282574878239', '1', '2020042315165202048586', '1', 'F0A2B36F-35A7-4660-B46C-D4AB796591EB', '99', '2020-04-23 00:00:00', '9f2ec079-7d0f-4fe2-90ab-8b09a8302aba');
INSERT INTO `sys_roleauthorize` VALUES ('2020042318282574878241', '1', '2020042315173347506343', '1', 'F0A2B36F-35A7-4660-B46C-D4AB796591EB', '99', '2020-04-23 00:00:00', '9f2ec079-7d0f-4fe2-90ab-8b09a8302aba');
INSERT INTO `sys_roleauthorize` VALUES ('2020042318282574879289', '1', '2020042315182592374714', '1', 'F0A2B36F-35A7-4660-B46C-D4AB796591EB', '99', '2020-04-23 00:00:00', '9f2ec079-7d0f-4fe2-90ab-8b09a8302aba');
INSERT INTO `sys_roleauthorize` VALUES ('2020042318282574877121', '1', '201806151642418839', '1', 'F0A2B36F-35A7-4660-B46C-D4AB796591EB', '99', '2020-04-23 00:00:00', '9f2ec079-7d0f-4fe2-90ab-8b09a8302aba');
INSERT INTO `sys_roleauthorize` VALUES ('2020042318282574874988', '1', '2020042315043624038905', '1', 'F0A2B36F-35A7-4660-B46C-D4AB796591EB', '99', '2020-04-23 00:00:00', '9f2ec079-7d0f-4fe2-90ab-8b09a8302aba');
INSERT INTO `sys_roleauthorize` VALUES ('2020042318282574878377', '1', '201806151644154586', '1', 'F0A2B36F-35A7-4660-B46C-D4AB796591EB', '99', '2020-04-23 00:00:00', '9f2ec079-7d0f-4fe2-90ab-8b09a8302aba');
INSERT INTO `sys_roleauthorize` VALUES ('2020042318282574874356', '1', '201806141709398781', '1', 'F0A2B36F-35A7-4660-B46C-D4AB796591EB', '99', '2020-04-23 00:00:00', '9f2ec079-7d0f-4fe2-90ab-8b09a8302aba');
INSERT INTO `sys_roleauthorize` VALUES ('2020042318282574874015', '1', '201806121738224258', '1', 'F0A2B36F-35A7-4660-B46C-D4AB796591EB', '99', '2020-04-23 00:00:00', '9f2ec079-7d0f-4fe2-90ab-8b09a8302aba');
INSERT INTO `sys_roleauthorize` VALUES ('2020042318282574887086', '1', '201806121738564697', '1', 'F0A2B36F-35A7-4660-B46C-D4AB796591EB', '99', '2020-04-23 00:00:00', '9f2ec079-7d0f-4fe2-90ab-8b09a8302aba');
INSERT INTO `sys_roleauthorize` VALUES ('2020042318282574885860', '1', '201806121739254212', '1', 'F0A2B36F-35A7-4660-B46C-D4AB796591EB', '99', '2020-04-23 00:00:00', '9f2ec079-7d0f-4fe2-90ab-8b09a8302aba');
INSERT INTO `sys_roleauthorize` VALUES ('2020042318282574885974', '1', '201806121732216653', '1', 'F0A2B36F-35A7-4660-B46C-D4AB796591EB', '99', '2020-04-23 00:00:00', '9f2ec079-7d0f-4fe2-90ab-8b09a8302aba');
INSERT INTO `sys_roleauthorize` VALUES ('2020042318282574889096', '1', '201806121736525032', '1', 'F0A2B36F-35A7-4660-B46C-D4AB796591EB', '99', '2020-04-23 00:00:00', '9f2ec079-7d0f-4fe2-90ab-8b09a8302aba');
INSERT INTO `sys_roleauthorize` VALUES ('2020042318282574884545', '1', '201806141709552969', '1', 'F0A2B36F-35A7-4660-B46C-D4AB796591EB', '99', '2020-04-23 00:00:00', '9f2ec079-7d0f-4fe2-90ab-8b09a8302aba');
INSERT INTO `sys_roleauthorize` VALUES ('2020042318282574895969', '1', '201806151625184572', '1', 'F0A2B36F-35A7-4660-B46C-D4AB796591EB', '99', '2020-04-23 00:00:00', '9f2ec079-7d0f-4fe2-90ab-8b09a8302aba');
INSERT INTO `sys_roleauthorize` VALUES ('2020042318282574896907', '1', '201806151625522203', '1', 'F0A2B36F-35A7-4660-B46C-D4AB796591EB', '99', '2020-04-23 00:00:00', '9f2ec079-7d0f-4fe2-90ab-8b09a8302aba');
INSERT INTO `sys_roleauthorize` VALUES ('2020042318282574892304', '1', '201806151627232936', '1', 'F0A2B36F-35A7-4660-B46C-D4AB796591EB', '99', '2020-04-23 00:00:00', '9f2ec079-7d0f-4fe2-90ab-8b09a8302aba');
INSERT INTO `sys_roleauthorize` VALUES ('2020042318282574896348', '1', '201806151627549488', '1', 'F0A2B36F-35A7-4660-B46C-D4AB796591EB', '99', '2020-04-23 00:00:00', '9f2ec079-7d0f-4fe2-90ab-8b09a8302aba');
INSERT INTO `sys_roleauthorize` VALUES ('2020042318282574897471', '1', '201806151628143610', '1', 'F0A2B36F-35A7-4660-B46C-D4AB796591EB', '99', '2020-04-23 00:00:00', '9f2ec079-7d0f-4fe2-90ab-8b09a8302aba');
INSERT INTO `sys_roleauthorize` VALUES ('2020042318282574891313', '1', '201806151645228319', '1', 'F0A2B36F-35A7-4660-B46C-D4AB796591EB', '99', '2020-04-23 00:00:00', '9f2ec079-7d0f-4fe2-90ab-8b09a8302aba');
INSERT INTO `sys_roleauthorize` VALUES ('2020042318282574895620', '1', '201806291507012967', '1', 'F0A2B36F-35A7-4660-B46C-D4AB796591EB', '99', '2020-04-23 00:00:00', '9f2ec079-7d0f-4fe2-90ab-8b09a8302aba');
INSERT INTO `sys_roleauthorize` VALUES ('2020042318282574893968', '1', '201806291507516845', '1', 'F0A2B36F-35A7-4660-B46C-D4AB796591EB', '99', '2020-04-23 00:00:00', '9f2ec079-7d0f-4fe2-90ab-8b09a8302aba');
INSERT INTO `sys_roleauthorize` VALUES ('2020042318282574895893', '1', '201806291508137616', '1', 'F0A2B36F-35A7-4660-B46C-D4AB796591EB', '99', '2020-04-23 00:00:00', '9f2ec079-7d0f-4fe2-90ab-8b09a8302aba');
INSERT INTO `sys_roleauthorize` VALUES ('2020042318282574894570', '1', '201806291508381594', '1', 'F0A2B36F-35A7-4660-B46C-D4AB796591EB', '99', '2020-04-23 00:00:00', '9f2ec079-7d0f-4fe2-90ab-8b09a8302aba');
INSERT INTO `sys_roleauthorize` VALUES ('2020042318282574898673', '1', '201806291509564720', '1', 'F0A2B36F-35A7-4660-B46C-D4AB796591EB', '99', '2020-04-23 00:00:00', '9f2ec079-7d0f-4fe2-90ab-8b09a8302aba');
INSERT INTO `sys_roleauthorize` VALUES ('2020042318282574893578', '1', '201806291509349411', '1', 'F0A2B36F-35A7-4660-B46C-D4AB796591EB', '99', '2020-04-23 00:00:00', '9f2ec079-7d0f-4fe2-90ab-8b09a8302aba');
INSERT INTO `sys_roleauthorize` VALUES ('2020042318282574894911', '1', '201806291627413234', '1', 'F0A2B36F-35A7-4660-B46C-D4AB796591EB', '99', '2020-04-23 00:00:00', '9f2ec079-7d0f-4fe2-90ab-8b09a8302aba');
INSERT INTO `sys_roleauthorize` VALUES ('2020042318282574899983', '1', '201806291628365284', '1', 'F0A2B36F-35A7-4660-B46C-D4AB796591EB', '99', '2020-04-23 00:00:00', '9f2ec079-7d0f-4fe2-90ab-8b09a8302aba');
INSERT INTO `sys_roleauthorize` VALUES ('2020042318282574898165', '1', '2020042216532706487379', '1', 'F0A2B36F-35A7-4660-B46C-D4AB796591EB', '99', '2020-04-23 00:00:00', '9f2ec079-7d0f-4fe2-90ab-8b09a8302aba');
INSERT INTO `sys_roleauthorize` VALUES ('2020042318282574899508', '1', '2020042318270246747042', '1', 'F0A2B36F-35A7-4660-B46C-D4AB796591EB', '99', '2020-04-23 00:00:00', '9f2ec079-7d0f-4fe2-90ab-8b09a8302aba');
INSERT INTO `sys_roleauthorize` VALUES ('2020042318282574891811', '1', '2020042318272380584606', '1', 'F0A2B36F-35A7-4660-B46C-D4AB796591EB', '99', '2020-04-23 00:00:00', '9f2ec079-7d0f-4fe2-90ab-8b09a8302aba');
INSERT INTO `sys_roleauthorize` VALUES ('2020042318282574899187', '0', '201806141511351940', '1', 'F0A2B36F-35A7-4660-B46C-D4AB796591EB', '99', '2020-04-23 00:00:00', '9f2ec079-7d0f-4fe2-90ab-8b09a8302aba');
INSERT INTO `sys_roleauthorize` VALUES ('2020042318282574907748', '1', '2020031715201313373149', '1', 'F0A2B36F-35A7-4660-B46C-D4AB796591EB', '99', '2020-04-23 00:00:00', '9f2ec079-7d0f-4fe2-90ab-8b09a8302aba');
INSERT INTO `sys_roleauthorize` VALUES ('2020042318282574907088', '1', '2020031715243758885332', '1', 'F0A2B36F-35A7-4660-B46C-D4AB796591EB', '99', '2020-04-23 00:00:00', '9f2ec079-7d0f-4fe2-90ab-8b09a8302aba');
INSERT INTO `sys_roleauthorize` VALUES ('2020042318282574902109', '1', '2020031715243780802602', '1', 'F0A2B36F-35A7-4660-B46C-D4AB796591EB', '99', '2020-04-23 00:00:00', '9f2ec079-7d0f-4fe2-90ab-8b09a8302aba');
INSERT INTO `sys_roleauthorize` VALUES ('2020042318282574901829', '1', '2020031715243803533724', '1', 'F0A2B36F-35A7-4660-B46C-D4AB796591EB', '99', '2020-04-23 00:00:00', '9f2ec079-7d0f-4fe2-90ab-8b09a8302aba');
INSERT INTO `sys_roleauthorize` VALUES ('2020042318282574908750', '1', '2020031715243825721086', '1', 'F0A2B36F-35A7-4660-B46C-D4AB796591EB', '99', '2020-04-23 00:00:00', '9f2ec079-7d0f-4fe2-90ab-8b09a8302aba');
INSERT INTO `sys_roleauthorize` VALUES ('2020042318282574908804', '1', '2020031715243845398567', '1', 'F0A2B36F-35A7-4660-B46C-D4AB796591EB', '99', '2020-04-23 00:00:00', '9f2ec079-7d0f-4fe2-90ab-8b09a8302aba');
INSERT INTO `sys_roleauthorize` VALUES ('2020042318282574909733', '1', '2020031715243864131959', '1', 'F0A2B36F-35A7-4660-B46C-D4AB796591EB', '99', '2020-04-23 00:00:00', '9f2ec079-7d0f-4fe2-90ab-8b09a8302aba');
INSERT INTO `sys_roleauthorize` VALUES ('2020042318282574903318', '1', '2020031715243884065153', '1', 'F0A2B36F-35A7-4660-B46C-D4AB796591EB', '99', '2020-04-23 00:00:00', '9f2ec079-7d0f-4fe2-90ab-8b09a8302aba');
INSERT INTO `sys_roleauthorize` VALUES ('2020042318282574902507', '1', '20200317152438840651513', '1', 'F0A2B36F-35A7-4660-B46C-D4AB796591EB', '99', '2020-04-23 00:00:00', '9f2ec079-7d0f-4fe2-90ab-8b09a8302aba');
INSERT INTO `sys_roleauthorize` VALUES ('2020042318282574903811', '1', '2020032518205166404205', '1', 'F0A2B36F-35A7-4660-B46C-D4AB796591EB', '99', '2020-04-23 00:00:00', '9f2ec079-7d0f-4fe2-90ab-8b09a8302aba');
INSERT INTO `sys_roleauthorize` VALUES ('2020042318282574906652', '1', '2020032518205193456292', '1', 'F0A2B36F-35A7-4660-B46C-D4AB796591EB', '99', '2020-04-23 00:00:00', '9f2ec079-7d0f-4fe2-90ab-8b09a8302aba');
INSERT INTO `sys_roleauthorize` VALUES ('2020042318282574914395', '1', '2020032518205217322447', '1', 'F0A2B36F-35A7-4660-B46C-D4AB796591EB', '99', '2020-04-23 00:00:00', '9f2ec079-7d0f-4fe2-90ab-8b09a8302aba');
INSERT INTO `sys_roleauthorize` VALUES ('2020042318282574919953', '1', '2020032518205246821432', '1', 'F0A2B36F-35A7-4660-B46C-D4AB796591EB', '99', '2020-04-23 00:00:00', '9f2ec079-7d0f-4fe2-90ab-8b09a8302aba');
INSERT INTO `sys_roleauthorize` VALUES ('2020042318282574918240', '1', '2020032518205269131670', '1', 'F0A2B36F-35A7-4660-B46C-D4AB796591EB', '99', '2020-04-23 00:00:00', '9f2ec079-7d0f-4fe2-90ab-8b09a8302aba');
INSERT INTO `sys_roleauthorize` VALUES ('2020042318282574919513', '1', '2020032518205295972658', '1', 'F0A2B36F-35A7-4660-B46C-D4AB796591EB', '99', '2020-04-23 00:00:00', '9f2ec079-7d0f-4fe2-90ab-8b09a8302aba');
INSERT INTO `sys_roleauthorize` VALUES ('2020042318282574919985', '1', '2020032518205318574464', '1', 'F0A2B36F-35A7-4660-B46C-D4AB796591EB', '99', '2020-04-23 00:00:00', '9f2ec079-7d0f-4fe2-90ab-8b09a8302aba');
INSERT INTO `sys_roleauthorize` VALUES ('2020042318282574916240', '1', '2020031715212606333486', '1', 'F0A2B36F-35A7-4660-B46C-D4AB796591EB', '99', '2020-04-23 00:00:00', '9f2ec079-7d0f-4fe2-90ab-8b09a8302aba');
INSERT INTO `sys_roleauthorize` VALUES ('2020042318282574914544', '1', '2020031715212632039570', '1', 'F0A2B36F-35A7-4660-B46C-D4AB796591EB', '99', '2020-04-23 00:00:00', '9f2ec079-7d0f-4fe2-90ab-8b09a8302aba');
INSERT INTO `sys_roleauthorize` VALUES ('2020042318282574915425', '1', '2020031715212653551688', '1', 'F0A2B36F-35A7-4660-B46C-D4AB796591EB', '99', '2020-04-23 00:00:00', '9f2ec079-7d0f-4fe2-90ab-8b09a8302aba');

SET FOREIGN_KEY_CHECKS = 1;
