INSERT INTO `sys_app`(`Id`, `AppId`, `AppSecret`, `EncodingAESKey`, `RequestUrl`, `Token`, `IsOpenAEKey`, `DeleteMark`, `EnabledMark`, `Description`, `CreatorTime`, `CreatorUserId`, `CompanyId`, `DeptId`, `LastModifyTime`, `LastModifyUserId`, `DeleteTime`, `DeleteUserId`) VALUES ('201806291558018946', 'system', '87135AB0160F706D8B47F06BDABA6FC6', '0D32368A4029492DB8E2ADF12C5B468E', ',192.168.1.106:809,localhost,192.168.1.104:808,192.168.1.107:809,192.168.0.104:808,192.168.31.246:809,192.168.1.110:810,192.168.1.110:811,netcoreapi.ts.yuebon.com,,192.168.1.110:809;192.168.31.246:809', '0099', 1, 0, 1, NULL, '2018-06-29 00:00:00', '9f2ec079-7d0f-4fe2-90ab-8b09a8302aba', NULL, NULL, '2020-04-17 00:00:00', '9f2ec079-7d0f-4fe2-90ab-8b09a8302aba', '2001-01-01 00:00:00', NULL);
INSERT INTO `sys_app`(`Id`, `AppId`, `AppSecret`, `EncodingAESKey`, `RequestUrl`, `Token`, `IsOpenAEKey`, `DeleteMark`, `EnabledMark`, `Description`, `CreatorTime`, `CreatorUserId`, `CompanyId`, `DeptId`, `LastModifyTime`, `LastModifyUserId`, `DeleteTime`, `DeleteUserId`) VALUES ('201807031608165724', 'wmsapp', 'B8548D08B8BA023677939E3AE8A4388E', '39641FFDAED557D2D6F2F1FC08A37696', ',192.168.1.110,localhost,192.168.1.110:809,192.168.1.107:809,192.168.1.88:809,192.168.31.246:809,192.168.1.110:810,192.168.1.110:811,192.168.1.110:809,192.168.31.246:809;192.168.31.246:809', '00990l', 1, 0, 1, NULL, '2018-07-03 00:00:00', '9f2ec079-7d0f-4fe2-90ab-8b09a8302aba', '5AB270C0-5D33-4203-A54F-4552699FDA3C', '80E10CD5-7591-40B8-A005-BCDE1B961E76', '2020-04-08 00:00:00', '9f2ec079-7d0f-4fe2-90ab-8b09a8302aba', '2001-01-01 00:00:00', NULL);
INSERT INTO `sys_items`(`Id`, `ParentId`, `EnCode`, `FullName`, `IsTree`, `Layers`, `SortCode`, `DeleteMark`, `EnabledMark`, `Description`, `CreatorTime`, `CreatorUserId`, `LastModifyTime`, `LastModifyUserId`, `DeleteTime`, `DeleteUserId`) VALUES ('00F76465-DBBA-484A-B75C-E81DEE9313E6', '77070117-3F1A-41BA-BF81-B8B85BF10D5E', 'Education', '学历', 0, 2, 8, 0, 1, NULL, '2001-01-01 00:00:00', NULL, '2001-01-01 00:00:00', NULL, '2001-01-01 00:00:00', NULL);
INSERT INTO `sys_items`(`Id`, `ParentId`, `EnCode`, `FullName`, `IsTree`, `Layers`, `SortCode`, `DeleteMark`, `EnabledMark`, `Description`, `CreatorTime`, `CreatorUserId`, `LastModifyTime`, `LastModifyUserId`, `DeleteTime`, `DeleteUserId`) VALUES ('0DF5B725-5FB8-487F-B0E4-BC563A77EB04', '77070117-3F1A-41BA-BF81-B8B85BF10D5E', 'DbType', '数据库类型', 0, 2, 4, 0, 1, NULL, '2001-01-01 00:00:00', NULL, '2001-01-01 00:00:00', NULL, '2001-01-01 00:00:00', NULL);
INSERT INTO `sys_items`(`Id`, `ParentId`, `EnCode`, `FullName`, `IsTree`, `Layers`, `SortCode`, `DeleteMark`, `EnabledMark`, `Description`, `CreatorTime`, `CreatorUserId`, `LastModifyTime`, `LastModifyUserId`, `DeleteTime`, `DeleteUserId`) VALUES ('15023A4E-4856-44EB-BE71-36A106E2AA59', '77070117-3F1A-41BA-BF81-B8B85BF10D5E', '103', '民族', 0, 2, 14, 0, 1, NULL, '2001-01-01 00:00:00', NULL, '2001-01-01 00:00:00', NULL, '2001-01-01 00:00:00', NULL);
INSERT INTO `sys_items`(`Id`, `ParentId`, `EnCode`, `FullName`, `IsTree`, `Layers`, `SortCode`, `DeleteMark`, `EnabledMark`, `Description`, `CreatorTime`, `CreatorUserId`, `LastModifyTime`, `LastModifyUserId`, `DeleteTime`, `DeleteUserId`) VALUES ('201806291944303740', '77070117-3F1A-41BA-BF81-B8B85BF10D5E', 'QuestionType', '问题类型', 0, 2, 99, 0, 1, NULL, '2018-06-29 00:00:00', '9f2ec079-7d0f-4fe2-90ab-8b09a8302aba', '2001-01-01 00:00:00', NULL, '2001-01-01 00:00:00', NULL);
INSERT INTO `sys_items`(`Id`, `ParentId`, `EnCode`, `FullName`, `IsTree`, `Layers`, `SortCode`, `DeleteMark`, `EnabledMark`, `Description`, `CreatorTime`, `CreatorUserId`, `LastModifyTime`, `LastModifyUserId`, `DeleteTime`, `DeleteUserId`) VALUES ('2019111411143998775145', '77070117-3F1A-41BA-BF81-B8B85BF10D5E', 'sysIndustry', '行业', 1, 2, 67, 0, 1, NULL, '2019-11-14 00:00:00', '9f2ec079-7d0f-4fe2-90ab-8b09a8302aba', '2020-04-23 00:00:00', '9f2ec079-7d0f-4fe2-90ab-8b09a8302aba', '2001-01-01 00:00:00', NULL);
INSERT INTO `sys_items`(`Id`, `ParentId`, `EnCode`, `FullName`, `IsTree`, `Layers`, `SortCode`, `DeleteMark`, `EnabledMark`, `Description`, `CreatorTime`, `CreatorUserId`, `LastModifyTime`, `LastModifyUserId`, `DeleteTime`, `DeleteUserId`) VALUES ('2020031518363999932307', '2020031518574467761393', 'Unit', '单位', 0, 2, 11, 0, 1, NULL, '2020-03-15 00:00:00', '9f2ec079-7d0f-4fe2-90ab-8b09a8302aba', '2001-01-01 00:00:00', NULL, '2001-01-01 00:00:00', NULL);
INSERT INTO `sys_items`(`Id`, `ParentId`, `EnCode`, `FullName`, `IsTree`, `Layers`, `SortCode`, `DeleteMark`, `EnabledMark`, `Description`, `CreatorTime`, `CreatorUserId`, `LastModifyTime`, `LastModifyUserId`, `DeleteTime`, `DeleteUserId`) VALUES ('2020031518502068403513', '2020031518574467761393', 'StoreTemperatureLayer', '存放温层', 0, 2, 15, 0, 1, NULL, '2020-03-15 00:00:00', '9f2ec079-7d0f-4fe2-90ab-8b09a8302aba', '2001-01-01 00:00:00', NULL, '2001-01-01 00:00:00', NULL);
INSERT INTO `sys_items`(`Id`, `ParentId`, `EnCode`, `FullName`, `IsTree`, `Layers`, `SortCode`, `DeleteMark`, `EnabledMark`, `Description`, `CreatorTime`, `CreatorUserId`, `LastModifyTime`, `LastModifyUserId`, `DeleteTime`, `DeleteUserId`) VALUES ('2020031518574467761393', '', 'WMS', '仓储系统', 0, 1, 2, 0, 1, NULL, '2020-03-15 00:00:00', '9f2ec079-7d0f-4fe2-90ab-8b09a8302aba', '2001-01-01 00:00:00', NULL, '2001-01-01 00:00:00', NULL);
INSERT INTO `sys_items`(`Id`, `ParentId`, `EnCode`, `FullName`, `IsTree`, `Layers`, `SortCode`, `DeleteMark`, `EnabledMark`, `Description`, `CreatorTime`, `CreatorUserId`, `LastModifyTime`, `LastModifyUserId`, `DeleteTime`, `DeleteUserId`) VALUES ('2020031518590238738223', '2020031518574467761393', 'OutStockType', '出库类型', 0, 2, 1, 0, 1, NULL, '2020-03-15 00:00:00', '9f2ec079-7d0f-4fe2-90ab-8b09a8302aba', '2001-01-01 00:00:00', NULL, '2001-01-01 00:00:00', NULL);
INSERT INTO `sys_items`(`Id`, `ParentId`, `EnCode`, `FullName`, `IsTree`, `Layers`, `SortCode`, `DeleteMark`, `EnabledMark`, `Description`, `CreatorTime`, `CreatorUserId`, `LastModifyTime`, `LastModifyUserId`, `DeleteTime`, `DeleteUserId`) VALUES ('2020031518590238738718', '2020031518574467761393', 'BillingWays', '计费方式', 0, 2, 1, 0, 1, NULL, '2020-03-15 00:00:00', '9f2ec079-7d0f-4fe2-90ab-8b09a8302aba', '2001-01-01 00:00:00', NULL, '2001-01-01 00:00:00', NULL);
INSERT INTO `sys_items`(`Id`, `ParentId`, `EnCode`, `FullName`, `IsTree`, `Layers`, `SortCode`, `DeleteMark`, `EnabledMark`, `Description`, `CreatorTime`, `CreatorUserId`, `LastModifyTime`, `LastModifyUserId`, `DeleteTime`, `DeleteUserId`) VALUES ('2020031518590238738819', '2020031518574467761393', 'OutStockBillStatus', '出库单状态', 0, 2, 1, 0, 1, NULL, '2020-03-15 00:00:00', '9f2ec079-7d0f-4fe2-90ab-8b09a8302aba', '2001-01-01 00:00:00', NULL, '2001-01-01 00:00:00', NULL);
INSERT INTO `sys_items`(`Id`, `ParentId`, `EnCode`, `FullName`, `IsTree`, `Layers`, `SortCode`, `DeleteMark`, `EnabledMark`, `Description`, `CreatorTime`, `CreatorUserId`, `LastModifyTime`, `LastModifyUserId`, `DeleteTime`, `DeleteUserId`) VALUES ('2748F35F-4EE2-417C-A907-3453146AAF67', '77070117-3F1A-41BA-BF81-B8B85BF10D5E', 'Certificate', '证件名称', 0, 2, 7, 0, 1, NULL, '2001-01-01 00:00:00', NULL, '2020-04-23 00:00:00', '9f2ec079-7d0f-4fe2-90ab-8b09a8302aba', '2001-01-01 00:00:00', NULL);
INSERT INTO `sys_items`(`Id`, `ParentId`, `EnCode`, `FullName`, `IsTree`, `Layers`, `SortCode`, `DeleteMark`, `EnabledMark`, `Description`, `CreatorTime`, `CreatorUserId`, `LastModifyTime`, `LastModifyUserId`, `DeleteTime`, `DeleteUserId`) VALUES ('77070117-3F1A-41BA-BF81-B8B85BF10D5E', '', 'Sys_Items', '通用字典', 0, 1, 1, 0, 1, NULL, '2001-01-01 00:00:00', NULL, '2001-01-01 00:00:00', NULL, '2001-01-01 00:00:00', NULL);
INSERT INTO `sys_items`(`Id`, `ParentId`, `EnCode`, `FullName`, `IsTree`, `Layers`, `SortCode`, `DeleteMark`, `EnabledMark`, `Description`, `CreatorTime`, `CreatorUserId`, `LastModifyTime`, `LastModifyUserId`, `DeleteTime`, `DeleteUserId`) VALUES ('8CEB2F71-026C-4FA6-9A61-378127AE7320', '77070117-3F1A-41BA-BF81-B8B85BF10D5E', '102', '生育', 0, 2, 13, 0, 1, NULL, '2001-01-01 00:00:00', NULL, '2001-01-01 00:00:00', NULL, '2001-01-01 00:00:00', NULL);
INSERT INTO `sys_items`(`Id`, `ParentId`, `EnCode`, `FullName`, `IsTree`, `Layers`, `SortCode`, `DeleteMark`, `EnabledMark`, `Description`, `CreatorTime`, `CreatorUserId`, `LastModifyTime`, `LastModifyUserId`, `DeleteTime`, `DeleteUserId`) VALUES ('954AB9A1-9928-4C6D-820A-FC1CDC85CDE0', '77070117-3F1A-41BA-BF81-B8B85BF10D5E', 'AuditState', '审核状态', 0, 2, 6, 0, 1, NULL, '2001-01-01 00:00:00', NULL, '2001-01-01 00:00:00', NULL, '2001-01-01 00:00:00', NULL);
INSERT INTO `sys_items`(`Id`, `ParentId`, `EnCode`, `FullName`, `IsTree`, `Layers`, `SortCode`, `DeleteMark`, `EnabledMark`, `Description`, `CreatorTime`, `CreatorUserId`, `LastModifyTime`, `LastModifyUserId`, `DeleteTime`, `DeleteUserId`) VALUES ('9a7079bd-0660-4549-9c2d-db5e8616619f', '77070117-3F1A-41BA-BF81-B8B85BF10D5E', 'DbLogType', '系统日志', NULL, 0, 16, NULL, 1, NULL, '2016-07-19 00:00:00', NULL, '2001-01-01 00:00:00', NULL, '2001-01-01 00:00:00', NULL);
INSERT INTO `sys_items`(`Id`, `ParentId`, `EnCode`, `FullName`, `IsTree`, `Layers`, `SortCode`, `DeleteMark`, `EnabledMark`, `Description`, `CreatorTime`, `CreatorUserId`, `LastModifyTime`, `LastModifyUserId`, `DeleteTime`, `DeleteUserId`) VALUES ('9EB4602B-BF9A-4710-9D80-C73CE89BEC5D', '77070117-3F1A-41BA-BF81-B8B85BF10D5E', 'OrganizeCategory', '机构分类', 0, 2, 2, 0, 1, NULL, '2001-01-01 00:00:00', NULL, '2001-01-01 00:00:00', NULL, '2001-01-01 00:00:00', NULL);
INSERT INTO `sys_items`(`Id`, `ParentId`, `EnCode`, `FullName`, `IsTree`, `Layers`, `SortCode`, `DeleteMark`, `EnabledMark`, `Description`, `CreatorTime`, `CreatorUserId`, `LastModifyTime`, `LastModifyUserId`, `DeleteTime`, `DeleteUserId`) VALUES ('BDD797C3-2323-4868-9A63-C8CC3437AEAA', '77070117-3F1A-41BA-BF81-B8B85BF10D5E', '104', '性别', 0, 2, 15, 0, 1, NULL, '2001-01-01 00:00:00', NULL, '2001-01-01 00:00:00', NULL, '2001-01-01 00:00:00', NULL);
INSERT INTO `sys_items`(`Id`, `ParentId`, `EnCode`, `FullName`, `IsTree`, `Layers`, `SortCode`, `DeleteMark`, `EnabledMark`, `Description`, `CreatorTime`, `CreatorUserId`, `LastModifyTime`, `LastModifyUserId`, `DeleteTime`, `DeleteUserId`) VALUES ('D94E4DC1-C2FD-4D19-9D5D-3886D39900CE', '77070117-3F1A-41BA-BF81-B8B85BF10D5E', 'RoleType', '角色类型', 0, 2, 3, 0, 1, NULL, '2001-01-01 00:00:00', NULL, '2001-01-01 00:00:00', NULL, '2001-01-01 00:00:00', NULL);
INSERT INTO `sys_items`(`Id`, `ParentId`, `EnCode`, `FullName`, `IsTree`, `Layers`, `SortCode`, `DeleteMark`, `EnabledMark`, `Description`, `CreatorTime`, `CreatorUserId`, `LastModifyTime`, `LastModifyUserId`, `DeleteTime`, `DeleteUserId`) VALUES ('FA7537E2-1C64-4431-84BF-66158DD63269', '77070117-3F1A-41BA-BF81-B8B85BF10D5E', '101', '婚姻', 0, 2, 12, 0, 1, NULL, '2001-01-01 00:00:00', NULL, '2001-01-01 00:00:00', NULL, '2001-01-01 00:00:00', NULL);
INSERT INTO `sys_itemsdetail`(`Id`, `ItemId`, `ParentId`, `ItemCode`, `ItemName`, `SimpleSpelling`, `IsDefault`, `Layers`, `SortCode`, `DeleteMark`, `EnabledMark`, `Description`, `CreatorTime`, `CreatorUserId`, `LastModifyTime`, `LastModifyUserId`, `DeleteTime`, `DeleteUserId`) VALUES ('0096ad81-4317-486e-9144-a6a02999ff19', '2748F35F-4EE2-417C-A907-3453146AAF67', '', '4', '护照', NULL, 0, 0, 4, 0, 1, NULL, '2001-01-01 00:00:00', NULL, '2001-01-01 00:00:00', NULL, '2001-01-01', NULL);
INSERT INTO `sys_itemsdetail`(`Id`, `ItemId`, `ParentId`, `ItemCode`, `ItemName`, `SimpleSpelling`, `IsDefault`, `Layers`, `SortCode`, `DeleteMark`, `EnabledMark`, `Description`, `CreatorTime`, `CreatorUserId`, `LastModifyTime`, `LastModifyUserId`, `DeleteTime`, `DeleteUserId`) VALUES ('04aba88d-f09b-46c6-bd90-a38471399b0e', 'D94E4DC1-C2FD-4D19-9D5D-3886D39900CE', '', '2', '业务角色', NULL, 0, 0, 2, 0, 1, NULL, '2001-01-01 00:00:00', NULL, '2001-01-01 00:00:00', NULL, '2001-01-01', NULL);
INSERT INTO `sys_itemsdetail`(`Id`, `ItemId`, `ParentId`, `ItemCode`, `ItemName`, `SimpleSpelling`, `IsDefault`, `Layers`, `SortCode`, `DeleteMark`, `EnabledMark`, `Description`, `CreatorTime`, `CreatorUserId`, `LastModifyTime`, `LastModifyUserId`, `DeleteTime`, `DeleteUserId`) VALUES ('1950efdf-8685-4341-8d2c-ac85ac7addd0', '00F76465-DBBA-484A-B75C-E81DEE9313E6', '', '1', '小学', NULL, 0, 0, 1, 0, 1, NULL, '2001-01-01 00:00:00', NULL, '2001-01-01 00:00:00', NULL, '2001-01-01', NULL);
INSERT INTO `sys_itemsdetail`(`Id`, `ItemId`, `ParentId`, `ItemCode`, `ItemName`, `SimpleSpelling`, `IsDefault`, `Layers`, `SortCode`, `DeleteMark`, `EnabledMark`, `Description`, `CreatorTime`, `CreatorUserId`, `LastModifyTime`, `LastModifyUserId`, `DeleteTime`, `DeleteUserId`) VALUES ('19EE595A-E775-409D-A48F-B33CF9F262C7', '9EB4602B-BF9A-4710-9D80-C73CE89BEC5D', '', 'WorkGroup', '小组', NULL, 0, 0, 7, 0, 1, NULL, '2001-01-01 00:00:00', NULL, '2001-01-01 00:00:00', NULL, '2001-01-01', NULL);
INSERT INTO `sys_itemsdetail`(`Id`, `ItemId`, `ParentId`, `ItemCode`, `ItemName`, `SimpleSpelling`, `IsDefault`, `Layers`, `SortCode`, `DeleteMark`, `EnabledMark`, `Description`, `CreatorTime`, `CreatorUserId`, `LastModifyTime`, `LastModifyUserId`, `DeleteTime`, `DeleteUserId`) VALUES ('201806291944581505', '201806291944303740', '', '系统异常', '系统异常', NULL, 0, 0, 1, 0, 1, NULL, '2018-06-29 00:00:00', '9f2ec079-7d0f-4fe2-90ab-8b09a8302aba', '2018-06-30 00:00:00', '9f2ec079-7d0f-4fe2-90ab-8b09a8302aba', '2001-01-01', NULL);
INSERT INTO `sys_itemsdetail`(`Id`, `ItemId`, `ParentId`, `ItemCode`, `ItemName`, `SimpleSpelling`, `IsDefault`, `Layers`, `SortCode`, `DeleteMark`, `EnabledMark`, `Description`, `CreatorTime`, `CreatorUserId`, `LastModifyTime`, `LastModifyUserId`, `DeleteTime`, `DeleteUserId`) VALUES ('201806291945335901', '201806291944303740', '', '新需求', '新需求', NULL, 0, 0, 2, 0, 1, NULL, '2018-06-29 00:00:00', '9f2ec079-7d0f-4fe2-90ab-8b09a8302aba', '2018-06-30 00:00:00', '9f2ec079-7d0f-4fe2-90ab-8b09a8302aba', '2001-01-01', NULL);
INSERT INTO `sys_itemsdetail`(`Id`, `ItemId`, `ParentId`, `ItemCode`, `ItemName`, `SimpleSpelling`, `IsDefault`, `Layers`, `SortCode`, `DeleteMark`, `EnabledMark`, `Description`, `CreatorTime`, `CreatorUserId`, `LastModifyTime`, `LastModifyUserId`, `DeleteTime`, `DeleteUserId`) VALUES ('2020031518371073493219', '2020031518363999932307', '', '箱', '箱', 'xiang', 0, 0, 1, 0, 1, NULL, '2020-03-15 00:00:00', '9f2ec079-7d0f-4fe2-90ab-8b09a8302aba', '2001-01-01 00:00:00', NULL, '2001-01-01', NULL);
INSERT INTO `sys_itemsdetail`(`Id`, `ItemId`, `ParentId`, `ItemCode`, `ItemName`, `SimpleSpelling`, `IsDefault`, `Layers`, `SortCode`, `DeleteMark`, `EnabledMark`, `Description`, `CreatorTime`, `CreatorUserId`, `LastModifyTime`, `LastModifyUserId`, `DeleteTime`, `DeleteUserId`) VALUES ('2020031518371173493219', '2020031518363999932307', '', 'PC', 'PC', 'xiang', 0, 0, 1, 0, 1, NULL, '2020-03-15 00:00:00', '9f2ec079-7d0f-4fe2-90ab-8b09a8302aba', '2001-01-01 00:00:00', NULL, '2001-01-01', NULL);
INSERT INTO `sys_itemsdetail`(`Id`, `ItemId`, `ParentId`, `ItemCode`, `ItemName`, `SimpleSpelling`, `IsDefault`, `Layers`, `SortCode`, `DeleteMark`, `EnabledMark`, `Description`, `CreatorTime`, `CreatorUserId`, `LastModifyTime`, `LastModifyUserId`, `DeleteTime`, `DeleteUserId`) VALUES ('2020031518373510988350', '2020031518363999932307', '', '个', '个', 'ge', 0, 0, 2, 0, 1, NULL, '2020-03-15 00:00:00', '9f2ec079-7d0f-4fe2-90ab-8b09a8302aba', '2001-01-01 00:00:00', NULL, '2001-01-01', NULL);
INSERT INTO `sys_itemsdetail`(`Id`, `ItemId`, `ParentId`, `ItemCode`, `ItemName`, `SimpleSpelling`, `IsDefault`, `Layers`, `SortCode`, `DeleteMark`, `EnabledMark`, `Description`, `CreatorTime`, `CreatorUserId`, `LastModifyTime`, `LastModifyUserId`, `DeleteTime`, `DeleteUserId`) VALUES ('2020031518375117651872', '2020031518363999932307', '', '件', '件', 'jian', 0, 0, 3, 0, 1, NULL, '2020-03-15 00:00:00', '9f2ec079-7d0f-4fe2-90ab-8b09a8302aba', '2001-01-01 00:00:00', NULL, '2001-01-01', NULL);
INSERT INTO `sys_itemsdetail`(`Id`, `ItemId`, `ParentId`, `ItemCode`, `ItemName`, `SimpleSpelling`, `IsDefault`, `Layers`, `SortCode`, `DeleteMark`, `EnabledMark`, `Description`, `CreatorTime`, `CreatorUserId`, `LastModifyTime`, `LastModifyUserId`, `DeleteTime`, `DeleteUserId`) VALUES ('2020031518381846423927', '2020031518363999932307', '', '瓶', '瓶', 'ping', 0, 0, 4, 0, 1, NULL, '2020-03-15 00:00:00', '9f2ec079-7d0f-4fe2-90ab-8b09a8302aba', '2001-01-01 00:00:00', NULL, '2001-01-01', NULL);
INSERT INTO `sys_itemsdetail`(`Id`, `ItemId`, `ParentId`, `ItemCode`, `ItemName`, `SimpleSpelling`, `IsDefault`, `Layers`, `SortCode`, `DeleteMark`, `EnabledMark`, `Description`, `CreatorTime`, `CreatorUserId`, `LastModifyTime`, `LastModifyUserId`, `DeleteTime`, `DeleteUserId`) VALUES ('2020031518383329601924', '2020031518363999932307', '', '片', '片', 'pian', 0, 0, 5, 0, 1, NULL, '2020-03-15 00:00:00', '9f2ec079-7d0f-4fe2-90ab-8b09a8302aba', '2001-01-01 00:00:00', NULL, '2001-01-01', NULL);
INSERT INTO `sys_itemsdetail`(`Id`, `ItemId`, `ParentId`, `ItemCode`, `ItemName`, `SimpleSpelling`, `IsDefault`, `Layers`, `SortCode`, `DeleteMark`, `EnabledMark`, `Description`, `CreatorTime`, `CreatorUserId`, `LastModifyTime`, `LastModifyUserId`, `DeleteTime`, `DeleteUserId`) VALUES ('2020031518383329602924', '2020031518363999932307', '', '盒', '盒', 'he', 0, 0, 5, 0, 1, NULL, '2020-03-15 00:00:00', '9f2ec079-7d0f-4fe2-90ab-8b09a8302aba', '2001-01-01 00:00:00', NULL, '2001-01-01', NULL);
INSERT INTO `sys_itemsdetail`(`Id`, `ItemId`, `ParentId`, `ItemCode`, `ItemName`, `SimpleSpelling`, `IsDefault`, `Layers`, `SortCode`, `DeleteMark`, `EnabledMark`, `Description`, `CreatorTime`, `CreatorUserId`, `LastModifyTime`, `LastModifyUserId`, `DeleteTime`, `DeleteUserId`) VALUES ('2020031518383329605923', '2020031518363999932307', '', '条', '条', 'tiao', 0, 0, 5, 0, 1, NULL, '2020-03-15 00:00:00', '9f2ec079-7d0f-4fe2-90ab-8b09a8302aba', '2001-01-01 00:00:00', NULL, '2001-01-01', NULL);
INSERT INTO `sys_itemsdetail`(`Id`, `ItemId`, `ParentId`, `ItemCode`, `ItemName`, `SimpleSpelling`, `IsDefault`, `Layers`, `SortCode`, `DeleteMark`, `EnabledMark`, `Description`, `CreatorTime`, `CreatorUserId`, `LastModifyTime`, `LastModifyUserId`, `DeleteTime`, `DeleteUserId`) VALUES ('2020031518514008607372', '2020031518502068403513', '', '冷藏', '冷藏', 'lc', 0, 0, 1, 0, 1, NULL, '2020-03-15 00:00:00', '9f2ec079-7d0f-4fe2-90ab-8b09a8302aba', '2001-01-01 00:00:00', NULL, '2001-01-01', NULL);
INSERT INTO `sys_itemsdetail`(`Id`, `ItemId`, `ParentId`, `ItemCode`, `ItemName`, `SimpleSpelling`, `IsDefault`, `Layers`, `SortCode`, `DeleteMark`, `EnabledMark`, `Description`, `CreatorTime`, `CreatorUserId`, `LastModifyTime`, `LastModifyUserId`, `DeleteTime`, `DeleteUserId`) VALUES ('2020031518520550764804', '2020031518502068403513', '', '恒温', '恒温', 'hw', 0, 0, 2, 0, 1, NULL, '2020-03-15 00:00:00', '9f2ec079-7d0f-4fe2-90ab-8b09a8302aba', '2001-01-01 00:00:00', NULL, '2001-01-01', NULL);
INSERT INTO `sys_itemsdetail`(`Id`, `ItemId`, `ParentId`, `ItemCode`, `ItemName`, `SimpleSpelling`, `IsDefault`, `Layers`, `SortCode`, `DeleteMark`, `EnabledMark`, `Description`, `CreatorTime`, `CreatorUserId`, `LastModifyTime`, `LastModifyUserId`, `DeleteTime`, `DeleteUserId`) VALUES ('2020031518523777122682', '2020031518502068403513', '', '常温', '常温', 'cw', 0, 0, 3, 0, 1, NULL, '2020-03-15 00:00:00', '9f2ec079-7d0f-4fe2-90ab-8b09a8302aba', '2001-01-01 00:00:00', NULL, '2001-01-01', NULL);
INSERT INTO `sys_itemsdetail`(`Id`, `ItemId`, `ParentId`, `ItemCode`, `ItemName`, `SimpleSpelling`, `IsDefault`, `Layers`, `SortCode`, `DeleteMark`, `EnabledMark`, `Description`, `CreatorTime`, `CreatorUserId`, `LastModifyTime`, `LastModifyUserId`, `DeleteTime`, `DeleteUserId`) VALUES ('2020031519000746527561', '2020031518590238738718', '', '计吨', '计吨', 'jd', 0, 0, 1, 0, 1, NULL, '2020-03-15 00:00:00', '9f2ec079-7d0f-4fe2-90ab-8b09a8302aba', '2001-01-01 00:00:00', NULL, '2001-01-01', NULL);
INSERT INTO `sys_itemsdetail`(`Id`, `ItemId`, `ParentId`, `ItemCode`, `ItemName`, `SimpleSpelling`, `IsDefault`, `Layers`, `SortCode`, `DeleteMark`, `EnabledMark`, `Description`, `CreatorTime`, `CreatorUserId`, `LastModifyTime`, `LastModifyUserId`, `DeleteTime`, `DeleteUserId`) VALUES ('2020031519010257773237', '2020031518590238738718', '', '轻抛按箱', '按箱', 'qpax', 0, 0, 2, 0, 1, NULL, '2020-03-15 00:00:00', '9f2ec079-7d0f-4fe2-90ab-8b09a8302aba', '2001-01-01 00:00:00', NULL, '2001-01-01', NULL);
INSERT INTO `sys_itemsdetail`(`Id`, `ItemId`, `ParentId`, `ItemCode`, `ItemName`, `SimpleSpelling`, `IsDefault`, `Layers`, `SortCode`, `DeleteMark`, `EnabledMark`, `Description`, `CreatorTime`, `CreatorUserId`, `LastModifyTime`, `LastModifyUserId`, `DeleteTime`, `DeleteUserId`) VALUES ('2020031519013385646102', '2020031518590238738819', '', '1', '待分拣', NULL, 0, 0, 1, 0, 1, '出库单状态', '2020-03-15 00:00:00', '9f2ec079-7d0f-4fe2-90ab-8b09a8302aba', '2001-01-01 00:00:00', NULL, '2001-01-01', NULL);
INSERT INTO `sys_itemsdetail`(`Id`, `ItemId`, `ParentId`, `ItemCode`, `ItemName`, `SimpleSpelling`, `IsDefault`, `Layers`, `SortCode`, `DeleteMark`, `EnabledMark`, `Description`, `CreatorTime`, `CreatorUserId`, `LastModifyTime`, `LastModifyUserId`, `DeleteTime`, `DeleteUserId`) VALUES ('2020031519013385646103', '2020031518590238738819', '', '2', '分拣中', NULL, 0, 0, 1, 0, 1, '出库单状态', '2020-03-15 00:00:00', '9f2ec079-7d0f-4fe2-90ab-8b09a8302aba', '2001-01-01 00:00:00', NULL, '2001-01-01', NULL);
INSERT INTO `sys_itemsdetail`(`Id`, `ItemId`, `ParentId`, `ItemCode`, `ItemName`, `SimpleSpelling`, `IsDefault`, `Layers`, `SortCode`, `DeleteMark`, `EnabledMark`, `Description`, `CreatorTime`, `CreatorUserId`, `LastModifyTime`, `LastModifyUserId`, `DeleteTime`, `DeleteUserId`) VALUES ('2020031519013385646104', '2020031518590238738819', '', '3', '打包中', NULL, 0, 0, 1, 0, 1, '出库单状态', '2020-03-15 00:00:00', '9f2ec079-7d0f-4fe2-90ab-8b09a8302aba', '2001-01-01 00:00:00', NULL, '2001-01-01', NULL);
INSERT INTO `sys_itemsdetail`(`Id`, `ItemId`, `ParentId`, `ItemCode`, `ItemName`, `SimpleSpelling`, `IsDefault`, `Layers`, `SortCode`, `DeleteMark`, `EnabledMark`, `Description`, `CreatorTime`, `CreatorUserId`, `LastModifyTime`, `LastModifyUserId`, `DeleteTime`, `DeleteUserId`) VALUES ('2020031519013385646105', '2020031518590238738819', '', '4', '待出库', NULL, 0, 0, 1, 0, 1, '出库单状态', '2020-03-15 00:00:00', '9f2ec079-7d0f-4fe2-90ab-8b09a8302aba', '2001-01-01 00:00:00', NULL, '2001-01-01', NULL);
INSERT INTO `sys_itemsdetail`(`Id`, `ItemId`, `ParentId`, `ItemCode`, `ItemName`, `SimpleSpelling`, `IsDefault`, `Layers`, `SortCode`, `DeleteMark`, `EnabledMark`, `Description`, `CreatorTime`, `CreatorUserId`, `LastModifyTime`, `LastModifyUserId`, `DeleteTime`, `DeleteUserId`) VALUES ('2020031519013385646106', '2020031518590238738819', '', '5', '已出库', NULL, 0, 0, 1, 0, 1, '出库单状态', '2020-03-15 00:00:00', '9f2ec079-7d0f-4fe2-90ab-8b09a8302aba', '2001-01-01 00:00:00', NULL, '2001-01-01', NULL);
INSERT INTO `sys_itemsdetail`(`Id`, `ItemId`, `ParentId`, `ItemCode`, `ItemName`, `SimpleSpelling`, `IsDefault`, `Layers`, `SortCode`, `DeleteMark`, `EnabledMark`, `Description`, `CreatorTime`, `CreatorUserId`, `LastModifyTime`, `LastModifyUserId`, `DeleteTime`, `DeleteUserId`) VALUES ('2020031519013385646198', '2020031518590238738718', '', '整托', '整托', 'ztp', 0, 0, 1, 0, 1, '整托盘', '2020-03-15 00:00:00', '9f2ec079-7d0f-4fe2-90ab-8b09a8302aba', '2001-01-01 00:00:00', NULL, '2001-01-01', NULL);
INSERT INTO `sys_itemsdetail`(`Id`, `ItemId`, `ParentId`, `ItemCode`, `ItemName`, `SimpleSpelling`, `IsDefault`, `Layers`, `SortCode`, `DeleteMark`, `EnabledMark`, `Description`, `CreatorTime`, `CreatorUserId`, `LastModifyTime`, `LastModifyUserId`, `DeleteTime`, `DeleteUserId`) VALUES ('2020031519013385646199', '2020031518590238738819', '', '0', '待审核', NULL, 0, 0, 1, 0, 1, '出库单状态', '2020-03-15 00:00:00', '9f2ec079-7d0f-4fe2-90ab-8b09a8302aba', '2001-01-01 00:00:00', NULL, '2001-01-01', NULL);
INSERT INTO `sys_itemsdetail`(`Id`, `ItemId`, `ParentId`, `ItemCode`, `ItemName`, `SimpleSpelling`, `IsDefault`, `Layers`, `SortCode`, `DeleteMark`, `EnabledMark`, `Description`, `CreatorTime`, `CreatorUserId`, `LastModifyTime`, `LastModifyUserId`, `DeleteTime`, `DeleteUserId`) VALUES ('202003151901338564622', '2020031518590238738223', '', '1', '补货', NULL, 0, 0, 1, 0, 1, '整托盘', '2020-03-15 00:00:00', '9f2ec079-7d0f-4fe2-90ab-8b09a8302aba', '2001-01-01 00:00:00', NULL, '2001-01-01', NULL);
INSERT INTO `sys_itemsdetail`(`Id`, `ItemId`, `ParentId`, `ItemCode`, `ItemName`, `SimpleSpelling`, `IsDefault`, `Layers`, `SortCode`, `DeleteMark`, `EnabledMark`, `Description`, `CreatorTime`, `CreatorUserId`, `LastModifyTime`, `LastModifyUserId`, `DeleteTime`, `DeleteUserId`) VALUES ('202003151901338564623', '2020031518590238738223', '', '2', '其他', NULL, 0, 0, 1, 0, 1, '整托盘', '2020-03-15 00:00:00', '9f2ec079-7d0f-4fe2-90ab-8b09a8302aba', '2001-01-01 00:00:00', NULL, '2001-01-01', NULL);
INSERT INTO `sys_itemsdetail`(`Id`, `ItemId`, `ParentId`, `ItemCode`, `ItemName`, `SimpleSpelling`, `IsDefault`, `Layers`, `SortCode`, `DeleteMark`, `EnabledMark`, `Description`, `CreatorTime`, `CreatorUserId`, `LastModifyTime`, `LastModifyUserId`, `DeleteTime`, `DeleteUserId`) VALUES ('2020031519013385646298', '2020031518590238738223', '', '0', '销售出库', NULL, 0, 0, 1, 0, 1, '整托盘', '2020-03-15 00:00:00', '9f2ec079-7d0f-4fe2-90ab-8b09a8302aba', '2001-01-01 00:00:00', NULL, '2001-01-01', NULL);
INSERT INTO `sys_itemsdetail`(`Id`, `ItemId`, `ParentId`, `ItemCode`, `ItemName`, `SimpleSpelling`, `IsDefault`, `Layers`, `SortCode`, `DeleteMark`, `EnabledMark`, `Description`, `CreatorTime`, `CreatorUserId`, `LastModifyTime`, `LastModifyUserId`, `DeleteTime`, `DeleteUserId`) VALUES ('24e39617-f04e-4f6f-9209-ad71e870e7c6', '9a7079bd-0660-4549-9c2d-db5e8616619f', '', 'Submit', '提交', NULL, 0, 0, 7, NULL, 1, NULL, '2016-07-19 00:00:00', NULL, '2016-07-19 00:00:00', NULL, '2001-01-01', NULL);
INSERT INTO `sys_itemsdetail`(`Id`, `ItemId`, `ParentId`, `ItemCode`, `ItemName`, `SimpleSpelling`, `IsDefault`, `Layers`, `SortCode`, `DeleteMark`, `EnabledMark`, `Description`, `CreatorTime`, `CreatorUserId`, `LastModifyTime`, `LastModifyUserId`, `DeleteTime`, `DeleteUserId`) VALUES ('27e85cb8-04e7-447b-911d-dd1e97dfab83', '0DF5B725-5FB8-487F-B0E4-BC563A77EB04', '', 'Oracle', 'Oracle', NULL, 0, 0, 2, 0, 1, NULL, '2001-01-01 00:00:00', NULL, '2001-01-01 00:00:00', NULL, '2001-01-01', NULL);
INSERT INTO `sys_itemsdetail`(`Id`, `ItemId`, `ParentId`, `ItemCode`, `ItemName`, `SimpleSpelling`, `IsDefault`, `Layers`, `SortCode`, `DeleteMark`, `EnabledMark`, `Description`, `CreatorTime`, `CreatorUserId`, `LastModifyTime`, `LastModifyUserId`, `DeleteTime`, `DeleteUserId`) VALUES ('2B540AC5-6E64-4688-BB60-E0C01DFA982C', '9EB4602B-BF9A-4710-9D80-C73CE89BEC5D', '', 'SubCompany', '子公司', NULL, NULL, 0, 4, 0, 1, NULL, '2001-01-01 00:00:00', NULL, '2001-01-01 00:00:00', NULL, '2001-01-01', NULL);
INSERT INTO `sys_itemsdetail`(`Id`, `ItemId`, `ParentId`, `ItemCode`, `ItemName`, `SimpleSpelling`, `IsDefault`, `Layers`, `SortCode`, `DeleteMark`, `EnabledMark`, `Description`, `CreatorTime`, `CreatorUserId`, `LastModifyTime`, `LastModifyUserId`, `DeleteTime`, `DeleteUserId`) VALUES ('2C3715AC-16F7-48FC-AB40-B0931DB1E729', '9EB4602B-BF9A-4710-9D80-C73CE89BEC5D', '', 'Area', '区域', NULL, NULL, 0, 2, 0, 1, NULL, '2001-01-01 00:00:00', NULL, '2001-01-01 00:00:00', NULL, '2001-01-01', NULL);
INSERT INTO `sys_itemsdetail`(`Id`, `ItemId`, `ParentId`, `ItemCode`, `ItemName`, `SimpleSpelling`, `IsDefault`, `Layers`, `SortCode`, `DeleteMark`, `EnabledMark`, `Description`, `CreatorTime`, `CreatorUserId`, `LastModifyTime`, `LastModifyUserId`, `DeleteTime`, `DeleteUserId`) VALUES ('34222d46-e0c6-446e-8150-dbefc47a1d5f', '00F76465-DBBA-484A-B75C-E81DEE9313E6', '', '6', '本科', NULL, 0, 0, 6, 0, 1, NULL, '2001-01-01 00:00:00', NULL, '2001-01-01 00:00:00', NULL, '2001-01-01', NULL);
INSERT INTO `sys_itemsdetail`(`Id`, `ItemId`, `ParentId`, `ItemCode`, `ItemName`, `SimpleSpelling`, `IsDefault`, `Layers`, `SortCode`, `DeleteMark`, `EnabledMark`, `Description`, `CreatorTime`, `CreatorUserId`, `LastModifyTime`, `LastModifyUserId`, `DeleteTime`, `DeleteUserId`) VALUES ('34a642b2-44d4-485f-b3fc-6cce24f68b0f', '0DF5B725-5FB8-487F-B0E4-BC563A77EB04', '', 'MySql', 'MySql', NULL, 0, 0, 3, 0, 1, NULL, '2001-01-01 00:00:00', NULL, '2001-01-01 00:00:00', NULL, '2001-01-01', NULL);
INSERT INTO `sys_itemsdetail`(`Id`, `ItemId`, `ParentId`, `ItemCode`, `ItemName`, `SimpleSpelling`, `IsDefault`, `Layers`, `SortCode`, `DeleteMark`, `EnabledMark`, `Description`, `CreatorTime`, `CreatorUserId`, `LastModifyTime`, `LastModifyUserId`, `DeleteTime`, `DeleteUserId`) VALUES ('355ad7a4-c4f8-4bd3-9c72-ff07983da0f0', '00F76465-DBBA-484A-B75C-E81DEE9313E6', '', '9', '其他', NULL, 0, 0, 9, 0, 1, NULL, '2001-01-01 00:00:00', NULL, '2001-01-01 00:00:00', NULL, '2001-01-01', NULL);
INSERT INTO `sys_itemsdetail`(`Id`, `ItemId`, `ParentId`, `ItemCode`, `ItemName`, `SimpleSpelling`, `IsDefault`, `Layers`, `SortCode`, `DeleteMark`, `EnabledMark`, `Description`, `CreatorTime`, `CreatorUserId`, `LastModifyTime`, `LastModifyUserId`, `DeleteTime`, `DeleteUserId`) VALUES ('392f88a8-02c2-49eb-8aed-b2acf474272a', '9a7079bd-0660-4549-9c2d-db5e8616619f', '', 'Update', '修改', NULL, 0, 0, 6, NULL, 1, NULL, '2016-07-19 00:00:00', NULL, '2016-07-19 00:00:00', NULL, '2001-01-01', NULL);
INSERT INTO `sys_itemsdetail`(`Id`, `ItemId`, `ParentId`, `ItemCode`, `ItemName`, `SimpleSpelling`, `IsDefault`, `Layers`, `SortCode`, `DeleteMark`, `EnabledMark`, `Description`, `CreatorTime`, `CreatorUserId`, `LastModifyTime`, `LastModifyUserId`, `DeleteTime`, `DeleteUserId`) VALUES ('3c884a03-4f34-4150-b134-966387f1de2a', '9a7079bd-0660-4549-9c2d-db5e8616619f', '', 'Exit', '退出', NULL, 0, 0, 2, NULL, 1, NULL, '2016-07-19 00:00:00', NULL, '2016-07-19 00:00:00', NULL, '2001-01-01', NULL);
INSERT INTO `sys_itemsdetail`(`Id`, `ItemId`, `ParentId`, `ItemCode`, `ItemName`, `SimpleSpelling`, `IsDefault`, `Layers`, `SortCode`, `DeleteMark`, `EnabledMark`, `Description`, `CreatorTime`, `CreatorUserId`, `LastModifyTime`, `LastModifyUserId`, `DeleteTime`, `DeleteUserId`) VALUES ('3f280e2b-92f6-466c-8cc3-d7c8ff48cc8d', '00F76465-DBBA-484A-B75C-E81DEE9313E6', '', '7', '硕士', NULL, 0, 0, 7, 0, 1, NULL, '2001-01-01 00:00:00', NULL, '2001-01-01 00:00:00', NULL, '2001-01-01', NULL);
INSERT INTO `sys_itemsdetail`(`Id`, `ItemId`, `ParentId`, `ItemCode`, `ItemName`, `SimpleSpelling`, `IsDefault`, `Layers`, `SortCode`, `DeleteMark`, `EnabledMark`, `Description`, `CreatorTime`, `CreatorUserId`, `LastModifyTime`, `LastModifyUserId`, `DeleteTime`, `DeleteUserId`) VALUES ('41053517-215d-4e11-81cd-367c0e9578d7', '954AB9A1-9928-4C6D-820A-FC1CDC85CDE0', '', '3', '通过', NULL, 0, 0, 3, 0, 1, NULL, '2001-01-01 00:00:00', NULL, '2001-01-01 00:00:00', NULL, '2001-01-01', NULL);
INSERT INTO `sys_itemsdetail`(`Id`, `ItemId`, `ParentId`, `ItemCode`, `ItemName`, `SimpleSpelling`, `IsDefault`, `Layers`, `SortCode`, `DeleteMark`, `EnabledMark`, `Description`, `CreatorTime`, `CreatorUserId`, `LastModifyTime`, `LastModifyUserId`, `DeleteTime`, `DeleteUserId`) VALUES ('433511a9-78bd-41a0-ab25-e4d4b3423055', '00F76465-DBBA-484A-B75C-E81DEE9313E6', '', '2', '初中', NULL, 0, 0, 2, 0, 1, NULL, '2001-01-01 00:00:00', NULL, '2001-01-01 00:00:00', NULL, '2001-01-01', NULL);
INSERT INTO `sys_itemsdetail`(`Id`, `ItemId`, `ParentId`, `ItemCode`, `ItemName`, `SimpleSpelling`, `IsDefault`, `Layers`, `SortCode`, `DeleteMark`, `EnabledMark`, `Description`, `CreatorTime`, `CreatorUserId`, `LastModifyTime`, `LastModifyUserId`, `DeleteTime`, `DeleteUserId`) VALUES ('486a82e3-1950-425e-b2ce-b5d98f33016a', '00F76465-DBBA-484A-B75C-E81DEE9313E6', '', '5', '大专', NULL, 0, 0, 5, 0, 1, NULL, '2001-01-01 00:00:00', NULL, '2001-01-01 00:00:00', NULL, '2001-01-01', NULL);
INSERT INTO `sys_itemsdetail`(`Id`, `ItemId`, `ParentId`, `ItemCode`, `ItemName`, `SimpleSpelling`, `IsDefault`, `Layers`, `SortCode`, `DeleteMark`, `EnabledMark`, `Description`, `CreatorTime`, `CreatorUserId`, `LastModifyTime`, `LastModifyUserId`, `DeleteTime`, `DeleteUserId`) VALUES ('48c4e0f5-f570-4601-8946-6078762db3bf', '2748F35F-4EE2-417C-A907-3453146AAF67', '', '3', '军官证', NULL, 0, 0, 3, 0, 1, NULL, '2001-01-01 00:00:00', NULL, '2001-01-01 00:00:00', NULL, '2001-01-01', NULL);
INSERT INTO `sys_itemsdetail`(`Id`, `ItemId`, `ParentId`, `ItemCode`, `ItemName`, `SimpleSpelling`, `IsDefault`, `Layers`, `SortCode`, `DeleteMark`, `EnabledMark`, `Description`, `CreatorTime`, `CreatorUserId`, `LastModifyTime`, `LastModifyUserId`, `DeleteTime`, `DeleteUserId`) VALUES ('49300258-1227-4b85-b6a2-e948dbbe57a4', '15023A4E-4856-44EB-BE71-36A106E2AA59', '', '汉族', '汉族', NULL, 0, 0, 1, 0, 1, NULL, '2001-01-01 00:00:00', NULL, '2001-01-01 00:00:00', NULL, '2001-01-01', NULL);
INSERT INTO `sys_itemsdetail`(`Id`, `ItemId`, `ParentId`, `ItemCode`, `ItemName`, `SimpleSpelling`, `IsDefault`, `Layers`, `SortCode`, `DeleteMark`, `EnabledMark`, `Description`, `CreatorTime`, `CreatorUserId`, `LastModifyTime`, `LastModifyUserId`, `DeleteTime`, `DeleteUserId`) VALUES ('49b68663-ad01-4c43-b084-f98e3e23fee8', '954AB9A1-9928-4C6D-820A-FC1CDC85CDE0', '', '7', '废弃', NULL, 0, 0, 7, 0, 1, NULL, '2001-01-01 00:00:00', NULL, '2001-01-01 00:00:00', NULL, '2001-01-01', NULL);
INSERT INTO `sys_itemsdetail`(`Id`, `ItemId`, `ParentId`, `ItemCode`, `ItemName`, `SimpleSpelling`, `IsDefault`, `Layers`, `SortCode`, `DeleteMark`, `EnabledMark`, `Description`, `CreatorTime`, `CreatorUserId`, `LastModifyTime`, `LastModifyUserId`, `DeleteTime`, `DeleteUserId`) VALUES ('4c2f2428-2e00-4336-b9ce-5a61f24193f6', '2748F35F-4EE2-417C-A907-3453146AAF67', '', '2', '士兵证', NULL, 0, 0, 2, 0, 1, NULL, '2001-01-01 00:00:00', NULL, '2001-01-01 00:00:00', NULL, '2001-01-01', NULL);
INSERT INTO `sys_itemsdetail`(`Id`, `ItemId`, `ParentId`, `ItemCode`, `ItemName`, `SimpleSpelling`, `IsDefault`, `Layers`, `SortCode`, `DeleteMark`, `EnabledMark`, `Description`, `CreatorTime`, `CreatorUserId`, `LastModifyTime`, `LastModifyUserId`, `DeleteTime`, `DeleteUserId`) VALUES ('582e0b66-2ee9-4885-9f0c-3ce3ebf96e12', '8CEB2F71-026C-4FA6-9A61-378127AE7320', '', '1', '已育', NULL, 0, 0, 1, 0, 1, NULL, '2001-01-01 00:00:00', NULL, '2001-01-01 00:00:00', NULL, '2001-01-01', NULL);
INSERT INTO `sys_itemsdetail`(`Id`, `ItemId`, `ParentId`, `ItemCode`, `ItemName`, `SimpleSpelling`, `IsDefault`, `Layers`, `SortCode`, `DeleteMark`, `EnabledMark`, `Description`, `CreatorTime`, `CreatorUserId`, `LastModifyTime`, `LastModifyUserId`, `DeleteTime`, `DeleteUserId`) VALUES ('5d6def0e-e2a7-48eb-b43c-cc3631f60dd7', 'BDD797C3-2323-4868-9A63-C8CC3437AEAA', '', '1', '男', NULL, 0, 0, 1, 0, 1, NULL, '2001-01-01 00:00:00', NULL, '2001-01-01 00:00:00', NULL, '2001-01-01', NULL);
INSERT INTO `sys_itemsdetail`(`Id`, `ItemId`, `ParentId`, `ItemCode`, `ItemName`, `SimpleSpelling`, `IsDefault`, `Layers`, `SortCode`, `DeleteMark`, `EnabledMark`, `Description`, `CreatorTime`, `CreatorUserId`, `LastModifyTime`, `LastModifyUserId`, `DeleteTime`, `DeleteUserId`) VALUES ('63acf96d-6115-4d76-a994-438f59419aad', '954AB9A1-9928-4C6D-820A-FC1CDC85CDE0', '', '5', '退回', NULL, 0, 0, 5, 0, 1, NULL, '2001-01-01 00:00:00', NULL, '2001-01-01 00:00:00', NULL, '2001-01-01', NULL);
INSERT INTO `sys_itemsdetail`(`Id`, `ItemId`, `ParentId`, `ItemCode`, `ItemName`, `SimpleSpelling`, `IsDefault`, `Layers`, `SortCode`, `DeleteMark`, `EnabledMark`, `Description`, `CreatorTime`, `CreatorUserId`, `LastModifyTime`, `LastModifyUserId`, `DeleteTime`, `DeleteUserId`) VALUES ('643209c8-931b-4641-9e04-b8bdd11800af', '9a7079bd-0660-4549-9c2d-db5e8616619f', '', 'Login', '登录', NULL, 0, 0, 1, NULL, 1, NULL, '2016-07-19 00:00:00', NULL, '2016-07-19 00:00:00', NULL, '2001-01-01', NULL);
INSERT INTO `sys_itemsdetail`(`Id`, `ItemId`, `ParentId`, `ItemCode`, `ItemName`, `SimpleSpelling`, `IsDefault`, `Layers`, `SortCode`, `DeleteMark`, `EnabledMark`, `Description`, `CreatorTime`, `CreatorUserId`, `LastModifyTime`, `LastModifyUserId`, `DeleteTime`, `DeleteUserId`) VALUES ('738edf2a-d59f-4992-97ef-d847db23bcb8', 'FA7537E2-1C64-4431-84BF-66158DD63269', '', '1', '已婚', NULL, 0, 0, 1, 0, 1, NULL, '2001-01-01 00:00:00', NULL, '2001-01-01 00:00:00', NULL, '2001-01-01', NULL);
INSERT INTO `sys_itemsdetail`(`Id`, `ItemId`, `ParentId`, `ItemCode`, `ItemName`, `SimpleSpelling`, `IsDefault`, `Layers`, `SortCode`, `DeleteMark`, `EnabledMark`, `Description`, `CreatorTime`, `CreatorUserId`, `LastModifyTime`, `LastModifyUserId`, `DeleteTime`, `DeleteUserId`) VALUES ('795f2695-497a-4f5e-ab1d-706095c1edb9', '9a7079bd-0660-4549-9c2d-db5e8616619f', '', 'Other', '其他', NULL, 0, 0, 0, NULL, 1, NULL, '2016-07-19 00:00:00', NULL, '2016-07-19 00:00:00', NULL, '2001-01-01', NULL);
INSERT INTO `sys_itemsdetail`(`Id`, `ItemId`, `ParentId`, `ItemCode`, `ItemName`, `SimpleSpelling`, `IsDefault`, `Layers`, `SortCode`, `DeleteMark`, `EnabledMark`, `Description`, `CreatorTime`, `CreatorUserId`, `LastModifyTime`, `LastModifyUserId`, `DeleteTime`, `DeleteUserId`) VALUES ('7a6d1bc4-3ec7-4c57-be9b-b4c97d60d5f6', '954AB9A1-9928-4C6D-820A-FC1CDC85CDE0', '', '1', '草稿', NULL, 0, 0, 1, 0, 1, NULL, '2001-01-01 00:00:00', NULL, '2001-01-01 00:00:00', NULL, '2001-01-01', NULL);
INSERT INTO `sys_itemsdetail`(`Id`, `ItemId`, `ParentId`, `ItemCode`, `ItemName`, `SimpleSpelling`, `IsDefault`, `Layers`, `SortCode`, `DeleteMark`, `EnabledMark`, `Description`, `CreatorTime`, `CreatorUserId`, `LastModifyTime`, `LastModifyUserId`, `DeleteTime`, `DeleteUserId`) VALUES ('7c1135be-0148-43eb-ae49-62a1e16ebbe3', 'FA7537E2-1C64-4431-84BF-66158DD63269', '', '5', '其他', NULL, 0, 0, 5, 0, 1, NULL, '2001-01-01 00:00:00', NULL, '2001-01-01 00:00:00', NULL, '2001-01-01', NULL);
INSERT INTO `sys_itemsdetail`(`Id`, `ItemId`, `ParentId`, `ItemCode`, `ItemName`, `SimpleSpelling`, `IsDefault`, `Layers`, `SortCode`, `DeleteMark`, `EnabledMark`, `Description`, `CreatorTime`, `CreatorUserId`, `LastModifyTime`, `LastModifyUserId`, `DeleteTime`, `DeleteUserId`) VALUES ('7fc8fa11-4acf-409a-a771-aaf1eb81e814', '9a7079bd-0660-4549-9c2d-db5e8616619f', '', 'Exception', '异常', NULL, 0, 0, 8, NULL, 1, NULL, '2016-07-19 00:00:00', NULL, '2016-07-19 00:00:00', NULL, '2001-01-01', NULL);
INSERT INTO `sys_itemsdetail`(`Id`, `ItemId`, `ParentId`, `ItemCode`, `ItemName`, `SimpleSpelling`, `IsDefault`, `Layers`, `SortCode`, `DeleteMark`, `EnabledMark`, `Description`, `CreatorTime`, `CreatorUserId`, `LastModifyTime`, `LastModifyUserId`, `DeleteTime`, `DeleteUserId`) VALUES ('822baf7c-abdb-4257-9b78-1f550806f544', 'BDD797C3-2323-4868-9A63-C8CC3437AEAA', '', '0', '女', NULL, 0, 0, 2, 0, 1, NULL, '2001-01-01 00:00:00', NULL, '2001-01-01 00:00:00', NULL, '2001-01-01', NULL);
INSERT INTO `sys_itemsdetail`(`Id`, `ItemId`, `ParentId`, `ItemCode`, `ItemName`, `SimpleSpelling`, `IsDefault`, `Layers`, `SortCode`, `DeleteMark`, `EnabledMark`, `Description`, `CreatorTime`, `CreatorUserId`, `LastModifyTime`, `LastModifyUserId`, `DeleteTime`, `DeleteUserId`) VALUES ('8b7b38bf-07c5-4f71-a853-41c5add4a94e', '954AB9A1-9928-4C6D-820A-FC1CDC85CDE0', '', '6', '完成', NULL, 0, 0, 6, 0, 1, NULL, '2001-01-01 00:00:00', NULL, '2001-01-01 00:00:00', NULL, '2001-01-01', NULL);
INSERT INTO `sys_itemsdetail`(`Id`, `ItemId`, `ParentId`, `ItemCode`, `ItemName`, `SimpleSpelling`, `IsDefault`, `Layers`, `SortCode`, `DeleteMark`, `EnabledMark`, `Description`, `CreatorTime`, `CreatorUserId`, `LastModifyTime`, `LastModifyUserId`, `DeleteTime`, `DeleteUserId`) VALUES ('930b8de2-049f-4753-b9fd-87f484911ee4', '00F76465-DBBA-484A-B75C-E81DEE9313E6', '', '8', '博士', NULL, 0, 0, 8, 0, 1, NULL, '2001-01-01 00:00:00', NULL, '2001-01-01 00:00:00', NULL, '2001-01-01', NULL);
INSERT INTO `sys_itemsdetail`(`Id`, `ItemId`, `ParentId`, `ItemCode`, `ItemName`, `SimpleSpelling`, `IsDefault`, `Layers`, `SortCode`, `DeleteMark`, `EnabledMark`, `Description`, `CreatorTime`, `CreatorUserId`, `LastModifyTime`, `LastModifyUserId`, `DeleteTime`, `DeleteUserId`) VALUES ('9b6a2225-6138-4cf2-9845-1bbecdf9b3ed', '8CEB2F71-026C-4FA6-9A61-378127AE7320', '', '3', '其他', NULL, 0, 0, 3, 0, 1, NULL, '2001-01-01 00:00:00', NULL, '2001-01-01 00:00:00', NULL, '2001-01-01', NULL);
INSERT INTO `sys_itemsdetail`(`Id`, `ItemId`, `ParentId`, `ItemCode`, `ItemName`, `SimpleSpelling`, `IsDefault`, `Layers`, `SortCode`, `DeleteMark`, `EnabledMark`, `Description`, `CreatorTime`, `CreatorUserId`, `LastModifyTime`, `LastModifyUserId`, `DeleteTime`, `DeleteUserId`) VALUES ('a13ccf0d-ac8f-44ac-a522-4a54edf1f0fa', '9a7079bd-0660-4549-9c2d-db5e8616619f', '', 'Delete', '删除', NULL, 0, 0, 5, NULL, 1, NULL, '2016-07-19 00:00:00', NULL, '2016-07-19 00:00:00', NULL, '2001-01-01', NULL);
INSERT INTO `sys_itemsdetail`(`Id`, `ItemId`, `ParentId`, `ItemCode`, `ItemName`, `SimpleSpelling`, `IsDefault`, `Layers`, `SortCode`, `DeleteMark`, `EnabledMark`, `Description`, `CreatorTime`, `CreatorUserId`, `LastModifyTime`, `LastModifyUserId`, `DeleteTime`, `DeleteUserId`) VALUES ('a4974810-d88d-4d54-82cc-fd779875478f', '00F76465-DBBA-484A-B75C-E81DEE9313E6', '', '4', '中专', NULL, 0, 0, 4, 0, 1, NULL, '2001-01-01 00:00:00', NULL, '2001-01-01 00:00:00', NULL, '2001-01-01', NULL);
INSERT INTO `sys_itemsdetail`(`Id`, `ItemId`, `ParentId`, `ItemCode`, `ItemName`, `SimpleSpelling`, `IsDefault`, `Layers`, `SortCode`, `DeleteMark`, `EnabledMark`, `Description`, `CreatorTime`, `CreatorUserId`, `LastModifyTime`, `LastModifyUserId`, `DeleteTime`, `DeleteUserId`) VALUES ('A64EBB80-6A24-48AF-A10E-B6A532C32CA6', '9EB4602B-BF9A-4710-9D80-C73CE89BEC5D', '', 'Department', '部门', NULL, NULL, 0, 5, 0, 1, NULL, '2001-01-01 00:00:00', NULL, '2001-01-01 00:00:00', NULL, '2001-01-01', NULL);
INSERT INTO `sys_itemsdetail`(`Id`, `ItemId`, `ParentId`, `ItemCode`, `ItemName`, `SimpleSpelling`, `IsDefault`, `Layers`, `SortCode`, `DeleteMark`, `EnabledMark`, `Description`, `CreatorTime`, `CreatorUserId`, `LastModifyTime`, `LastModifyUserId`, `DeleteTime`, `DeleteUserId`) VALUES ('a6f271f9-8653-4c5c-86cf-4cd00324b3c3', 'FA7537E2-1C64-4431-84BF-66158DD63269', '', '4', '丧偶', NULL, 0, 0, 4, 0, 1, NULL, '2001-01-01 00:00:00', NULL, '2001-01-01 00:00:00', NULL, '2001-01-01', NULL);
INSERT INTO `sys_itemsdetail`(`Id`, `ItemId`, `ParentId`, `ItemCode`, `ItemName`, `SimpleSpelling`, `IsDefault`, `Layers`, `SortCode`, `DeleteMark`, `EnabledMark`, `Description`, `CreatorTime`, `CreatorUserId`, `LastModifyTime`, `LastModifyUserId`, `DeleteTime`, `DeleteUserId`) VALUES ('a7c4aba2-a891-4558-9b0a-bd7a1100a645', 'FA7537E2-1C64-4431-84BF-66158DD63269', '', '2', '未婚', NULL, 0, 0, 2, 0, 1, NULL, '2001-01-01 00:00:00', NULL, '2001-01-01 00:00:00', NULL, '2001-01-01', NULL);
INSERT INTO `sys_itemsdetail`(`Id`, `ItemId`, `ParentId`, `ItemCode`, `ItemName`, `SimpleSpelling`, `IsDefault`, `Layers`, `SortCode`, `DeleteMark`, `EnabledMark`, `Description`, `CreatorTime`, `CreatorUserId`, `LastModifyTime`, `LastModifyUserId`, `DeleteTime`, `DeleteUserId`) VALUES ('acb128a6-ff63-4e25-b1e8-0a336ed3ab18', '00F76465-DBBA-484A-B75C-E81DEE9313E6', '', '3', '高中', NULL, 0, 0, 3, 0, 1, NULL, '2001-01-01 00:00:00', NULL, '2001-01-01 00:00:00', NULL, '2001-01-01', NULL);
INSERT INTO `sys_itemsdetail`(`Id`, `ItemId`, `ParentId`, `ItemCode`, `ItemName`, `SimpleSpelling`, `IsDefault`, `Layers`, `SortCode`, `DeleteMark`, `EnabledMark`, `Description`, `CreatorTime`, `CreatorUserId`, `LastModifyTime`, `LastModifyUserId`, `DeleteTime`, `DeleteUserId`) VALUES ('ace2d5e8-56d4-4c8b-8409-34bc272df404', '2748F35F-4EE2-417C-A907-3453146AAF67', '', '5', '其它', NULL, 0, 0, 5, 0, 1, NULL, '2001-01-01 00:00:00', NULL, '2001-01-01 00:00:00', NULL, '2001-01-01', NULL);
INSERT INTO `sys_itemsdetail`(`Id`, `ItemId`, `ParentId`, `ItemCode`, `ItemName`, `SimpleSpelling`, `IsDefault`, `Layers`, `SortCode`, `DeleteMark`, `EnabledMark`, `Description`, `CreatorTime`, `CreatorUserId`, `LastModifyTime`, `LastModifyUserId`, `DeleteTime`, `DeleteUserId`) VALUES ('B97BD7F5-B212-40C1-A1F7-DD9A2E63EEF2', '9EB4602B-BF9A-4710-9D80-C73CE89BEC5D', '', 'Group', '集团', NULL, NULL, 0, 1, 0, 1, NULL, '2001-01-01 00:00:00', NULL, '2001-01-01 00:00:00', NULL, '2001-01-01', NULL);
INSERT INTO `sys_itemsdetail`(`Id`, `ItemId`, `ParentId`, `ItemCode`, `ItemName`, `SimpleSpelling`, `IsDefault`, `Layers`, `SortCode`, `DeleteMark`, `EnabledMark`, `Description`, `CreatorTime`, `CreatorUserId`, `LastModifyTime`, `LastModifyUserId`, `DeleteTime`, `DeleteUserId`) VALUES ('cc6daa5c-a71c-4b2c-9a98-336bc3ee13c8', 'D94E4DC1-C2FD-4D19-9D5D-3886D39900CE', '', '3', '其他角色', NULL, 0, 0, 3, 0, 1, NULL, '2001-01-01 00:00:00', NULL, '2001-01-01 00:00:00', NULL, '2001-01-01', NULL);
INSERT INTO `sys_itemsdetail`(`Id`, `ItemId`, `ParentId`, `ItemCode`, `ItemName`, `SimpleSpelling`, `IsDefault`, `Layers`, `SortCode`, `DeleteMark`, `EnabledMark`, `Description`, `CreatorTime`, `CreatorUserId`, `LastModifyTime`, `LastModifyUserId`, `DeleteTime`, `DeleteUserId`) VALUES ('ccc8e274-75da-4eb8-bed0-69008ab7c41c', '9a7079bd-0660-4549-9c2d-db5e8616619f', '', 'Visit', '访问', NULL, 0, 0, 3, NULL, 1, NULL, '2016-07-19 00:00:00', NULL, '2016-07-19 00:00:00', NULL, '2001-01-01', NULL);
INSERT INTO `sys_itemsdetail`(`Id`, `ItemId`, `ParentId`, `ItemCode`, `ItemName`, `SimpleSpelling`, `IsDefault`, `Layers`, `SortCode`, `DeleteMark`, `EnabledMark`, `Description`, `CreatorTime`, `CreatorUserId`, `LastModifyTime`, `LastModifyUserId`, `DeleteTime`, `DeleteUserId`) VALUES ('ce340c73-5048-4940-b86e-e3b3d53fdb2c', '954AB9A1-9928-4C6D-820A-FC1CDC85CDE0', '', '2', '提交', NULL, 0, 0, 2, 0, 1, NULL, '2001-01-01 00:00:00', NULL, '2001-01-01 00:00:00', NULL, '2001-01-01', NULL);
INSERT INTO `sys_itemsdetail`(`Id`, `ItemId`, `ParentId`, `ItemCode`, `ItemName`, `SimpleSpelling`, `IsDefault`, `Layers`, `SortCode`, `DeleteMark`, `EnabledMark`, `Description`, `CreatorTime`, `CreatorUserId`, `LastModifyTime`, `LastModifyUserId`, `DeleteTime`, `DeleteUserId`) VALUES ('D082BDB9-5C34-49BF-BD51-4E85D7BFF646', '9EB4602B-BF9A-4710-9D80-C73CE89BEC5D', '', 'Company', '公司', NULL, NULL, 0, 3, 0, 1, NULL, '2001-01-01 00:00:00', NULL, '2001-01-01 00:00:00', NULL, '2001-01-01', NULL);
INSERT INTO `sys_itemsdetail`(`Id`, `ItemId`, `ParentId`, `ItemCode`, `ItemName`, `SimpleSpelling`, `IsDefault`, `Layers`, `SortCode`, `DeleteMark`, `EnabledMark`, `Description`, `CreatorTime`, `CreatorUserId`, `LastModifyTime`, `LastModifyUserId`, `DeleteTime`, `DeleteUserId`) VALUES ('D1F439B9-D80E-4547-9EF0-163391854AB5', '9EB4602B-BF9A-4710-9D80-C73CE89BEC5D', '', 'SubDepartment', '子部门', NULL, NULL, 0, 6, 0, 1, NULL, '2001-01-01 00:00:00', NULL, '2001-01-01 00:00:00', NULL, '2001-01-01', NULL);
INSERT INTO `sys_itemsdetail`(`Id`, `ItemId`, `ParentId`, `ItemCode`, `ItemName`, `SimpleSpelling`, `IsDefault`, `Layers`, `SortCode`, `DeleteMark`, `EnabledMark`, `Description`, `CreatorTime`, `CreatorUserId`, `LastModifyTime`, `LastModifyUserId`, `DeleteTime`, `DeleteUserId`) VALUES ('d69cb819-2bb3-4e1d-9917-33b9a439233d', '2748F35F-4EE2-417C-A907-3453146AAF67', '', '1', '身份证', NULL, 0, 0, 1, 0, 1, NULL, '2001-01-01 00:00:00', NULL, '2001-01-01 00:00:00', NULL, '2001-01-01', NULL);
INSERT INTO `sys_itemsdetail`(`Id`, `ItemId`, `ParentId`, `ItemCode`, `ItemName`, `SimpleSpelling`, `IsDefault`, `Layers`, `SortCode`, `DeleteMark`, `EnabledMark`, `Description`, `CreatorTime`, `CreatorUserId`, `LastModifyTime`, `LastModifyUserId`, `DeleteTime`, `DeleteUserId`) VALUES ('de2167f3-40fe-4bf7-b8cb-5b1c554bad7a', '8CEB2F71-026C-4FA6-9A61-378127AE7320', '', '2', '未育', NULL, 0, 0, 2, 0, 1, NULL, '2001-01-01 00:00:00', NULL, '2001-01-01 00:00:00', NULL, '2001-01-01', NULL);
INSERT INTO `sys_itemsdetail`(`Id`, `ItemId`, `ParentId`, `ItemCode`, `ItemName`, `SimpleSpelling`, `IsDefault`, `Layers`, `SortCode`, `DeleteMark`, `EnabledMark`, `Description`, `CreatorTime`, `CreatorUserId`, `LastModifyTime`, `LastModifyUserId`, `DeleteTime`, `DeleteUserId`) VALUES ('e1979a4f-7fc1-42b9-a0e2-52d7059e8fb9', '954AB9A1-9928-4C6D-820A-FC1CDC85CDE0', '', '4', '待审', NULL, 0, 0, 4, 0, 1, NULL, '2001-01-01 00:00:00', NULL, '2001-01-01 00:00:00', NULL, '2001-01-01', NULL);
INSERT INTO `sys_itemsdetail`(`Id`, `ItemId`, `ParentId`, `ItemCode`, `ItemName`, `SimpleSpelling`, `IsDefault`, `Layers`, `SortCode`, `DeleteMark`, `EnabledMark`, `Description`, `CreatorTime`, `CreatorUserId`, `LastModifyTime`, `LastModifyUserId`, `DeleteTime`, `DeleteUserId`) VALUES ('e5079bae-a8c0-4209-9019-6a2b4a3a7dac', 'D94E4DC1-C2FD-4D19-9D5D-3886D39900CE', '', '1', '系统角色', NULL, 0, 0, 1, 0, 1, NULL, '2001-01-01 00:00:00', NULL, '2001-01-01 00:00:00', NULL, '2001-01-01', NULL);
INSERT INTO `sys_itemsdetail`(`Id`, `ItemId`, `ParentId`, `ItemCode`, `ItemName`, `SimpleSpelling`, `IsDefault`, `Layers`, `SortCode`, `DeleteMark`, `EnabledMark`, `Description`, `CreatorTime`, `CreatorUserId`, `LastModifyTime`, `LastModifyUserId`, `DeleteTime`, `DeleteUserId`) VALUES ('e545061c-93fd-4ca2-ab29-b43db9db798b', '9a7079bd-0660-4549-9c2d-db5e8616619f', '', 'Create', '新增', NULL, 0, 0, 4, NULL, 1, NULL, '2016-07-19 00:00:00', NULL, '2016-07-19 00:00:00', NULL, '2001-01-01', NULL);
INSERT INTO `sys_itemsdetail`(`Id`, `ItemId`, `ParentId`, `ItemCode`, `ItemName`, `SimpleSpelling`, `IsDefault`, `Layers`, `SortCode`, `DeleteMark`, `EnabledMark`, `Description`, `CreatorTime`, `CreatorUserId`, `LastModifyTime`, `LastModifyUserId`, `DeleteTime`, `DeleteUserId`) VALUES ('f9609400-7caf-49af-ae3c-7671a9292fb3', 'FA7537E2-1C64-4431-84BF-66158DD63269', '', '3', '离异', NULL, 0, 0, 3, 0, 1, NULL, '2001-01-01 00:00:00', NULL, '2001-01-01 00:00:00', NULL, '2001-01-01', NULL);
INSERT INTO `sys_itemsdetail`(`Id`, `ItemId`, `ParentId`, `ItemCode`, `ItemName`, `SimpleSpelling`, `IsDefault`, `Layers`, `SortCode`, `DeleteMark`, `EnabledMark`, `Description`, `CreatorTime`, `CreatorUserId`, `LastModifyTime`, `LastModifyUserId`, `DeleteTime`, `DeleteUserId`) VALUES ('fa6c1873-888c-4b70-a2cc-59fccbb22078', '0DF5B725-5FB8-487F-B0E4-BC563A77EB04', '', 'SqlServer', 'SqlServer', NULL, 0, 0, 1, 0, 1, NULL, '2001-01-01 00:00:00', NULL, '2001-01-01 00:00:00', NULL, '2001-01-01', NULL);
INSERT INTO `sys_menu`(`Id`, `SystemTypeId`, `ParentId`, `Layers`, `EnCode`, `FullName`, `Icon`, `UrlAddress`, `Component`, `Target`, `MenuType`, `IsExpand`, `IsFrame`, `IsShow`, `IsCache`, `IsPublic`, `AllowEdit`, `AllowDelete`, `SortCode`, `DeleteMark`, `EnabledMark`, `Description`, `CreatorTime`, `CreatorUserId`, `LastModifyTime`, `LastModifyUserId`, `DeleteTime`, `DeleteUserId`) VALUES ('1', '201806141508359155', '', 1, 'Security', '系统管理', 'icon-set', '/setting', NULL, 'expand', 'C', 1, 0, 1, 0, 0, 1, 1, 996, 0, 1, NULL, '2018-06-03 00:00:00', '9f2ec079-7d0f-4fe2-90ab-8b09a8302aba', '2021-01-04 11:46:33', '9f2ec079-7d0f-4fe2-90ab-8b09a8302aba', '2018-06-03 00:00:00', '9f2ec079-7d0f-4fe2-90ab-8b09a8302aba');
INSERT INTO `sys_menu`(`Id`, `SystemTypeId`, `ParentId`, `Layers`, `EnCode`, `FullName`, `Icon`, `UrlAddress`, `Component`, `Target`, `MenuType`, `IsExpand`, `IsFrame`, `IsShow`, `IsCache`, `IsPublic`, `AllowEdit`, `AllowDelete`, `SortCode`, `DeleteMark`, `EnabledMark`, `Description`, `CreatorTime`, `CreatorUserId`, `LastModifyTime`, `LastModifyUserId`, `DeleteTime`, `DeleteUserId`) VALUES ('201806040726499682', '201806141508359155', '9', 2, 'DbTools', '数据库连接', 'icon-databaseserverst', '/tool/dbtools', 'tool/dbtools', 'iframe', 'M', 0, 0, 1, 0, 0, 1, 1, 100, 0, 1, NULL, '2018-06-04 00:00:00', '9f2ec079-7d0f-4fe2-90ab-8b09a8302aba', '2020-04-22 00:00:00', '9f2ec079-7d0f-4fe2-90ab-8b09a8302aba', '2001-01-01 00:00:00', NULL);
INSERT INTO `sys_menu`(`Id`, `SystemTypeId`, `ParentId`, `Layers`, `EnCode`, `FullName`, `Icon`, `UrlAddress`, `Component`, `Target`, `MenuType`, `IsExpand`, `IsFrame`, `IsShow`, `IsCache`, `IsPublic`, `AllowEdit`, `AllowDelete`, `SortCode`, `DeleteMark`, `EnabledMark`, `Description`, `CreatorTime`, `CreatorUserId`, `LastModifyTime`, `LastModifyUserId`, `DeleteTime`, `DeleteUserId`) VALUES ('201806120821141288', '201806141508359155', '', 1, 'SysLog', '日志管理', 'icon-log', '/log', NULL, 'expand', 'C', 0, 0, 1, 0, 0, 1, 1, 998, 0, 1, NULL, '2018-06-12 00:00:00', '9f2ec079-7d0f-4fe2-90ab-8b09a8302aba', '2021-01-04 11:47:15', '9f2ec079-7d0f-4fe2-90ab-8b09a8302aba', '2001-01-01 00:00:00', NULL);
INSERT INTO `sys_menu`(`Id`, `SystemTypeId`, `ParentId`, `Layers`, `EnCode`, `FullName`, `Icon`, `UrlAddress`, `Component`, `Target`, `MenuType`, `IsExpand`, `IsFrame`, `IsShow`, `IsCache`, `IsPublic`, `AllowEdit`, `AllowDelete`, `SortCode`, `DeleteMark`, `EnabledMark`, `Description`, `CreatorTime`, `CreatorUserId`, `LastModifyTime`, `LastModifyUserId`, `DeleteTime`, `DeleteUserId`) VALUES ('201806121608404625', '201806141508359155', '9', 2, 'Menu', '功能模块', 'icon-module', '/menu/index', 'menu/index', 'iframe', 'M', 0, 0, 1, 0, 0, 1, 1, 7, 0, 1, NULL, '2018-06-12 00:00:00', '9f2ec079-7d0f-4fe2-90ab-8b09a8302aba', '2021-01-03 16:48:38', '2020031712130656785909', '2001-01-01 00:00:00', NULL);
INSERT INTO `sys_menu`(`Id`, `SystemTypeId`, `ParentId`, `Layers`, `EnCode`, `FullName`, `Icon`, `UrlAddress`, `Component`, `Target`, `MenuType`, `IsExpand`, `IsFrame`, `IsShow`, `IsCache`, `IsPublic`, `AllowEdit`, `AllowDelete`, `SortCode`, `DeleteMark`, `EnabledMark`, `Description`, `CreatorTime`, `CreatorUserId`, `LastModifyTime`, `LastModifyUserId`, `DeleteTime`, `DeleteUserId`) VALUES ('201806141351101389', '201806141508359155', '9', 2, 'SystemType', '系统类型', 'icon-xitong', '/systemtype/index', 'systemtype/index', 'expand', 'M', 0, 0, 1, 0, 0, 1, 1, 5, 0, 1, NULL, '2018-06-14 00:00:00', '9f2ec079-7d0f-4fe2-90ab-8b09a8302aba', '2021-01-03 16:48:16', '2020031712130656785909', '2001-01-01 00:00:00', NULL);
INSERT INTO `sys_menu`(`Id`, `SystemTypeId`, `ParentId`, `Layers`, `EnCode`, `FullName`, `Icon`, `UrlAddress`, `Component`, `Target`, `MenuType`, `IsExpand`, `IsFrame`, `IsShow`, `IsCache`, `IsPublic`, `AllowEdit`, `AllowDelete`, `SortCode`, `DeleteMark`, `EnabledMark`, `Description`, `CreatorTime`, `CreatorUserId`, `LastModifyTime`, `LastModifyUserId`, `DeleteTime`, `DeleteUserId`) VALUES ('201806291506346894', '201806141508359155', '9', 2, 'APP', '应用管理', 'icon-app', '/app/index', 'app/index', 'iframe', 'M', 0, 0, 1, 0, 0, 1, 1, 6, 0, 1, NULL, '2018-06-29 00:00:00', '9f2ec079-7d0f-4fe2-90ab-8b09a8302aba', '2021-01-03 16:48:26', '2020031712130656785909', '2001-01-01 00:00:00', NULL);
INSERT INTO `sys_menu`(`Id`, `SystemTypeId`, `ParentId`, `Layers`, `EnCode`, `FullName`, `Icon`, `UrlAddress`, `Component`, `Target`, `MenuType`, `IsExpand`, `IsFrame`, `IsShow`, `IsCache`, `IsPublic`, `AllowEdit`, `AllowDelete`, `SortCode`, `DeleteMark`, `EnabledMark`, `Description`, `CreatorTime`, `CreatorUserId`, `LastModifyTime`, `LastModifyUserId`, `DeleteTime`, `DeleteUserId`) VALUES ('201905041649159560', '201806141508359155', '1', 2, 'SysSetting', '系统设置', 'icon-set', '/setting/index', 'setting/index', 'iframe', 'M', 0, 0, 1, 0, 0, 1, 1, 1, 0, 1, NULL, '2019-05-04 00:00:00', '9f2ec079-7d0f-4fe2-90ab-8b09a8302aba', '2021-01-08 20:05:01', '9f2ec079-7d0f-4fe2-90ab-8b09a8302aba', '2001-01-01 00:00:00', NULL);
INSERT INTO `sys_menu`(`Id`, `SystemTypeId`, `ParentId`, `Layers`, `EnCode`, `FullName`, `Icon`, `UrlAddress`, `Component`, `Target`, `MenuType`, `IsExpand`, `IsFrame`, `IsShow`, `IsCache`, `IsPublic`, `AllowEdit`, `AllowDelete`, `SortCode`, `DeleteMark`, `EnabledMark`, `Description`, `CreatorTime`, `CreatorUserId`, `LastModifyTime`, `LastModifyUserId`, `DeleteTime`, `DeleteUserId`) VALUES ('2020042216381028741066', '201806141508359155', '9', 2, 'CodeGenerator', '代码生成器', 'icon-code', '/tool/index', 'tool/index', NULL, 'M', 0, 0, 1, 0, 0, 1, 1, 99, 0, 1, NULL, '2020-04-22 00:00:00', '9f2ec079-7d0f-4fe2-90ab-8b09a8302aba', '2020-04-22 00:00:00', '9f2ec079-7d0f-4fe2-90ab-8b09a8302aba', '2001-01-01 00:00:00', NULL);
INSERT INTO `sys_menu`(`Id`, `SystemTypeId`, `ParentId`, `Layers`, `EnCode`, `FullName`, `Icon`, `UrlAddress`, `Component`, `Target`, `MenuType`, `IsExpand`, `IsFrame`, `IsShow`, `IsCache`, `IsPublic`, `AllowEdit`, `AllowDelete`, `SortCode`, `DeleteMark`, `EnabledMark`, `Description`, `CreatorTime`, `CreatorUserId`, `LastModifyTime`, `LastModifyUserId`, `DeleteTime`, `DeleteUserId`) VALUES ('2020042316122987266087', '201806141508359155', '1', 2, 'UploadFile', '文件管理', 'icon-emaxcitygerenxinxitubiaoji03', '/uploadfile/index', 'uploadfile/index', NULL, 'M', 0, 0, 1, 0, 1, 1, 1, 99, 0, 1, NULL, '2020-04-23 00:00:00', '9f2ec079-7d0f-4fe2-90ab-8b09a8302aba', '2021-01-03 16:46:19', '2020031712130656785909', '2001-01-01 00:00:00', NULL);
INSERT INTO `sys_menu`(`Id`, `SystemTypeId`, `ParentId`, `Layers`, `EnCode`, `FullName`, `Icon`, `UrlAddress`, `Component`, `Target`, `MenuType`, `IsExpand`, `IsFrame`, `IsShow`, `IsCache`, `IsPublic`, `AllowEdit`, `AllowDelete`, `SortCode`, `DeleteMark`, `EnabledMark`, `Description`, `CreatorTime`, `CreatorUserId`, `LastModifyTime`, `LastModifyUserId`, `DeleteTime`, `DeleteUserId`) VALUES ('2020110314123396328561', '201806141508359155', '1', 2, 'Tenant', '多租户', 'icon-shequ', '/tenant/index', 'tenant/index', NULL, 'M', 0, 0, 1, 0, 1, 1, 1, 99, 0, 1, NULL, '2020-11-03 14:12:34', '9f2ec079-7d0f-4fe2-90ab-8b09a8302aba', '2021-01-03 16:46:32', '2020031712130656785909', NULL, NULL);
INSERT INTO `sys_menu`(`Id`, `SystemTypeId`, `ParentId`, `Layers`, `EnCode`, `FullName`, `Icon`, `UrlAddress`, `Component`, `Target`, `MenuType`, `IsExpand`, `IsFrame`, `IsShow`, `IsCache`, `IsPublic`, `AllowEdit`, `AllowDelete`, `SortCode`, `DeleteMark`, `EnabledMark`, `Description`, `CreatorTime`, `CreatorUserId`, `LastModifyTime`, `LastModifyUserId`, `DeleteTime`, `DeleteUserId`) VALUES ('2020110314142274602075', '201806141508359155', '', 1, 'Task', '定时任务', 'icon-time', '/taskmanager', NULL, NULL, 'C', 0, 0, 1, 0, 0, 1, 1, 997, 0, 1, NULL, '2020-11-03 14:14:23', '9f2ec079-7d0f-4fe2-90ab-8b09a8302aba', '2021-01-04 11:46:46', '9f2ec079-7d0f-4fe2-90ab-8b09a8302aba', NULL, NULL);
INSERT INTO `sys_menu`(`Id`, `SystemTypeId`, `ParentId`, `Layers`, `EnCode`, `FullName`, `Icon`, `UrlAddress`, `Component`, `Target`, `MenuType`, `IsExpand`, `IsFrame`, `IsShow`, `IsCache`, `IsPublic`, `AllowEdit`, `AllowDelete`, `SortCode`, `DeleteMark`, `EnabledMark`, `Description`, `CreatorTime`, `CreatorUserId`, `LastModifyTime`, `LastModifyUserId`, `DeleteTime`, `DeleteUserId`) VALUES ('2020110314161523904459', '201806141508359155', '2020110314142274602075', 2, 'TaskManager', '任务列表', 'icon-time', '/taskmanager/index', 'taskmanager/index', NULL, 'M', 0, 0, 1, 0, 0, 1, 1, 99, 0, 1, NULL, '2020-11-03 14:16:15', '9f2ec079-7d0f-4fe2-90ab-8b09a8302aba', '2021-01-03 16:47:39', '2020031712130656785909', NULL, NULL);
INSERT INTO `sys_menu`(`Id`, `SystemTypeId`, `ParentId`, `Layers`, `EnCode`, `FullName`, `Icon`, `UrlAddress`, `Component`, `Target`, `MenuType`, `IsExpand`, `IsFrame`, `IsShow`, `IsCache`, `IsPublic`, `AllowEdit`, `AllowDelete`, `SortCode`, `DeleteMark`, `EnabledMark`, `Description`, `CreatorTime`, `CreatorUserId`, `LastModifyTime`, `LastModifyUserId`, `DeleteTime`, `DeleteUserId`) VALUES ('2020110314165224964779', '201806141508359155', '2020110314142274602075', 2, 'TaskJobsLog', '任务日志', 'icon-log', '/taskmanager/log', 'taskmanager/log', NULL, 'M', 0, 0, 1, 0, 0, 1, 1, 99, 0, 1, NULL, '2020-11-03 14:16:52', '9f2ec079-7d0f-4fe2-90ab-8b09a8302aba', '2021-01-03 16:47:15', '2020031712130656785909', NULL, NULL);
INSERT INTO `sys_menu`(`Id`, `SystemTypeId`, `ParentId`, `Layers`, `EnCode`, `FullName`, `Icon`, `UrlAddress`, `Component`, `Target`, `MenuType`, `IsExpand`, `IsFrame`, `IsShow`, `IsCache`, `IsPublic`, `AllowEdit`, `AllowDelete`, `SortCode`, `DeleteMark`, `EnabledMark`, `Description`, `CreatorTime`, `CreatorUserId`, `LastModifyTime`, `LastModifyUserId`, `DeleteTime`, `DeleteUserId`) VALUES ('2020110314182794069057', '201806141508359155', '', 1, 'DocumentConfig', '单据配置', 'icon-emaxcitygerenxinxitubiaoji03', '/seq', NULL, NULL, 'C', 0, 0, 1, 0, 0, 1, 1, 997, 0, 1, NULL, '2020-11-03 14:18:28', '9f2ec079-7d0f-4fe2-90ab-8b09a8302aba', '2021-01-04 11:46:59', '9f2ec079-7d0f-4fe2-90ab-8b09a8302aba', NULL, NULL);
INSERT INTO `sys_menu`(`Id`, `SystemTypeId`, `ParentId`, `Layers`, `EnCode`, `FullName`, `Icon`, `UrlAddress`, `Component`, `Target`, `MenuType`, `IsExpand`, `IsFrame`, `IsShow`, `IsCache`, `IsPublic`, `AllowEdit`, `AllowDelete`, `SortCode`, `DeleteMark`, `EnabledMark`, `Description`, `CreatorTime`, `CreatorUserId`, `LastModifyTime`, `LastModifyUserId`, `DeleteTime`, `DeleteUserId`) VALUES ('2020110314190914102881', '201806141508359155', '2020110314182794069057', 2, 'Sequence', '业务单据编码', 'icon-xuhao', '/seq/index', 'seq/index', NULL, 'M', 0, 0, 1, 0, 0, 1, 1, 99, 0, 1, NULL, '2020-11-03 14:19:09', '9f2ec079-7d0f-4fe2-90ab-8b09a8302aba', '2021-01-03 16:47:51', '2020031712130656785909', NULL, NULL);
INSERT INTO `sys_menu`(`Id`, `SystemTypeId`, `ParentId`, `Layers`, `EnCode`, `FullName`, `Icon`, `UrlAddress`, `Component`, `Target`, `MenuType`, `IsExpand`, `IsFrame`, `IsShow`, `IsCache`, `IsPublic`, `AllowEdit`, `AllowDelete`, `SortCode`, `DeleteMark`, `EnabledMark`, `Description`, `CreatorTime`, `CreatorUserId`, `LastModifyTime`, `LastModifyUserId`, `DeleteTime`, `DeleteUserId`) VALUES ('2020110314195207514356', '201806141508359155', '2020110314182794069057', 2, 'SequenceRule', '单据编码规则', 'icon-guze', '/seq/rule', 'seq/rule', NULL, 'M', 0, 0, 1, 0, 0, 1, 1, 100, 0, 1, NULL, '2020-11-03 14:19:52', '9f2ec079-7d0f-4fe2-90ab-8b09a8302aba', '2021-01-03 16:48:02', '2020031712130656785909', NULL, NULL);
INSERT INTO `sys_menu`(`Id`, `SystemTypeId`, `ParentId`, `Layers`, `EnCode`, `FullName`, `Icon`, `UrlAddress`, `Component`, `Target`, `MenuType`, `IsExpand`, `IsFrame`, `IsShow`, `IsCache`, `IsPublic`, `AllowEdit`, `AllowDelete`, `SortCode`, `DeleteMark`, `EnabledMark`, `Description`, `CreatorTime`, `CreatorUserId`, `LastModifyTime`, `LastModifyUserId`, `DeleteTime`, `DeleteUserId`) VALUES ('2020110314220971767837', '201806141508359155', '201806120821141288', 2, 'LogList', '操作日志', 'icon-log', '/syslog/index', 'syslog/index', NULL, 'M', 0, 0, 1, 0, 0, 1, 1, 99, 0, 1, NULL, '2020-11-03 14:22:10', '9f2ec079-7d0f-4fe2-90ab-8b09a8302aba', '2021-01-08 20:10:40', '9f2ec079-7d0f-4fe2-90ab-8b09a8302aba', NULL, NULL);
INSERT INTO `sys_menu`(`Id`, `SystemTypeId`, `ParentId`, `Layers`, `EnCode`, `FullName`, `Icon`, `UrlAddress`, `Component`, `Target`, `MenuType`, `IsExpand`, `IsFrame`, `IsShow`, `IsCache`, `IsPublic`, `AllowEdit`, `AllowDelete`, `SortCode`, `DeleteMark`, `EnabledMark`, `Description`, `CreatorTime`, `CreatorUserId`, `LastModifyTime`, `LastModifyUserId`, `DeleteTime`, `DeleteUserId`) VALUES ('2020110314224299715445', '201806141508359155', '201806120821141288', 2, 'LogException', '异常日志', 'icon-log', '/syslog/exception', 'syslog/exception', NULL, 'M', 0, 0, 1, 0, 0, 1, 1, 99, 0, 1, NULL, '2020-11-03 14:22:43', '9f2ec079-7d0f-4fe2-90ab-8b09a8302aba', '2021-01-08 20:10:23', '9f2ec079-7d0f-4fe2-90ab-8b09a8302aba', NULL, NULL);
INSERT INTO `sys_menu`(`Id`, `SystemTypeId`, `ParentId`, `Layers`, `EnCode`, `FullName`, `Icon`, `UrlAddress`, `Component`, `Target`, `MenuType`, `IsExpand`, `IsFrame`, `IsShow`, `IsCache`, `IsPublic`, `AllowEdit`, `AllowDelete`, `SortCode`, `DeleteMark`, `EnabledMark`, `Description`, `CreatorTime`, `CreatorUserId`, `LastModifyTime`, `LastModifyUserId`, `DeleteTime`, `DeleteUserId`) VALUES ('2020110314231504343408', '201806141508359155', '201806120821141288', 2, 'LogSQL', 'SQL日志', 'icon-log', '/syslog/sql', 'syslog/sql', NULL, 'M', 0, 0, 1, 0, 0, 1, 1, 99, 0, 1, NULL, '2020-11-03 14:23:15', '9f2ec079-7d0f-4fe2-90ab-8b09a8302aba', '2021-01-08 20:10:55', '9f2ec079-7d0f-4fe2-90ab-8b09a8302aba', NULL, NULL);
INSERT INTO `sys_menu`(`Id`, `SystemTypeId`, `ParentId`, `Layers`, `EnCode`, `FullName`, `Icon`, `UrlAddress`, `Component`, `Target`, `MenuType`, `IsExpand`, `IsFrame`, `IsShow`, `IsCache`, `IsPublic`, `AllowEdit`, `AllowDelete`, `SortCode`, `DeleteMark`, `EnabledMark`, `Description`, `CreatorTime`, `CreatorUserId`, `LastModifyTime`, `LastModifyUserId`, `DeleteTime`, `DeleteUserId`) VALUES ('2021010314265872439474', '201806141508359155', '201905041649159560', 3, 'SysSetting/GetSysInfo', '获取系统信息', '', '', '', NULL, 'F', 0, 0, 1, 0, 0, NULL, NULL, 99, 0, 1, NULL, '2021-01-03 14:26:59', '2020031712130656785909', NULL, NULL, NULL, NULL);
INSERT INTO `sys_menu`(`Id`, `SystemTypeId`, `ParentId`, `Layers`, `EnCode`, `FullName`, `Icon`, `UrlAddress`, `Component`, `Target`, `MenuType`, `IsExpand`, `IsFrame`, `IsShow`, `IsCache`, `IsPublic`, `AllowEdit`, `AllowDelete`, `SortCode`, `DeleteMark`, `EnabledMark`, `Description`, `CreatorTime`, `CreatorUserId`, `LastModifyTime`, `LastModifyUserId`, `DeleteTime`, `DeleteUserId`) VALUES ('2021010314280909099314', '201806141508359155', '201905041649159560', 3, 'SysSetting/Edit', '修改', '', '', '', NULL, 'F', 0, 0, 1, 0, 0, NULL, NULL, 99, 0, 1, NULL, '2021-01-03 14:28:09', '2020031712130656785909', NULL, NULL, NULL, NULL);
INSERT INTO `sys_menu`(`Id`, `SystemTypeId`, `ParentId`, `Layers`, `EnCode`, `FullName`, `Icon`, `UrlAddress`, `Component`, `Target`, `MenuType`, `IsExpand`, `IsFrame`, `IsShow`, `IsCache`, `IsPublic`, `AllowEdit`, `AllowDelete`, `SortCode`, `DeleteMark`, `EnabledMark`, `Description`, `CreatorTime`, `CreatorUserId`, `LastModifyTime`, `LastModifyUserId`, `DeleteTime`, `DeleteUserId`) VALUES ('2021010314293148672477', '201806141508359155', '3', 3, 'Organize/Add', '新增', 'el-icon-plus', '', '', NULL, 'F', 0, 0, 1, 0, 0, NULL, NULL, 1, 0, 1, NULL, '2021-01-03 14:29:31', '2020031712130656785909', '2021-01-03 19:01:38', '2020031712130656785909', NULL, NULL);
INSERT INTO `sys_menu`(`Id`, `SystemTypeId`, `ParentId`, `Layers`, `EnCode`, `FullName`, `Icon`, `UrlAddress`, `Component`, `Target`, `MenuType`, `IsExpand`, `IsFrame`, `IsShow`, `IsCache`, `IsPublic`, `AllowEdit`, `AllowDelete`, `SortCode`, `DeleteMark`, `EnabledMark`, `Description`, `CreatorTime`, `CreatorUserId`, `LastModifyTime`, `LastModifyUserId`, `DeleteTime`, `DeleteUserId`) VALUES ('2021010314302276644526', '201806141508359155', '3', 3, 'Organize/Edit', '修改', '', '', '', NULL, 'F', 0, 0, 1, 0, 0, NULL, NULL, 2, 0, 1, NULL, '2021-01-03 14:30:23', '2020031712130656785909', '2021-01-03 14:53:24', '2020031712130656785909', NULL, NULL);
INSERT INTO `sys_menu`(`Id`, `SystemTypeId`, `ParentId`, `Layers`, `EnCode`, `FullName`, `Icon`, `UrlAddress`, `Component`, `Target`, `MenuType`, `IsExpand`, `IsFrame`, `IsShow`, `IsCache`, `IsPublic`, `AllowEdit`, `AllowDelete`, `SortCode`, `DeleteMark`, `EnabledMark`, `Description`, `CreatorTime`, `CreatorUserId`, `LastModifyTime`, `LastModifyUserId`, `DeleteTime`, `DeleteUserId`) VALUES ('2021010314473160136431', '201806141508359155', '3', 3, 'Organize/Delete', '删除', '', '', '', NULL, 'F', 0, 0, 1, 0, 0, NULL, NULL, 3, 0, 1, NULL, '2021-01-03 14:47:32', '2020031712130656785909', '2021-01-03 14:51:53', '2020031712130656785909', NULL, NULL);
INSERT INTO `sys_menu`(`Id`, `SystemTypeId`, `ParentId`, `Layers`, `EnCode`, `FullName`, `Icon`, `UrlAddress`, `Component`, `Target`, `MenuType`, `IsExpand`, `IsFrame`, `IsShow`, `IsCache`, `IsPublic`, `AllowEdit`, `AllowDelete`, `SortCode`, `DeleteMark`, `EnabledMark`, `Description`, `CreatorTime`, `CreatorUserId`, `LastModifyTime`, `LastModifyUserId`, `DeleteTime`, `DeleteUserId`) VALUES ('2021010314525585211515', '201806141508359155', '3', 3, 'Organize/Enable', '启用', '', '', '', NULL, 'F', 0, 0, 1, 0, 0, NULL, NULL, 4, 0, 1, NULL, '2021-01-03 14:52:56', '2020031712130656785909', '2021-01-03 14:53:08', '2020031712130656785909', NULL, NULL);
INSERT INTO `sys_menu`(`Id`, `SystemTypeId`, `ParentId`, `Layers`, `EnCode`, `FullName`, `Icon`, `UrlAddress`, `Component`, `Target`, `MenuType`, `IsExpand`, `IsFrame`, `IsShow`, `IsCache`, `IsPublic`, `AllowEdit`, `AllowDelete`, `SortCode`, `DeleteMark`, `EnabledMark`, `Description`, `CreatorTime`, `CreatorUserId`, `LastModifyTime`, `LastModifyUserId`, `DeleteTime`, `DeleteUserId`) VALUES ('2021010314535010864350', '201806141508359155', '3', 3, 'Organize/Enable', '禁用', '', '', '', NULL, 'F', 0, 0, 1, 0, 0, NULL, NULL, 5, 0, 1, NULL, '2021-01-03 14:53:50', '2020031712130656785909', NULL, NULL, NULL, NULL);
INSERT INTO `sys_menu`(`Id`, `SystemTypeId`, `ParentId`, `Layers`, `EnCode`, `FullName`, `Icon`, `UrlAddress`, `Component`, `Target`, `MenuType`, `IsExpand`, `IsFrame`, `IsShow`, `IsCache`, `IsPublic`, `AllowEdit`, `AllowDelete`, `SortCode`, `DeleteMark`, `EnabledMark`, `Description`, `CreatorTime`, `CreatorUserId`, `LastModifyTime`, `LastModifyUserId`, `DeleteTime`, `DeleteUserId`) VALUES ('2021010315063384478437', '201806141508359155', '4', 3, 'User/List', '列表', '', '', '', NULL, 'F', 0, 0, 0, 0, 0, NULL, NULL, 99, 0, 1, NULL, '2021-01-03 15:06:34', '2020031712130656785909', NULL, NULL, NULL, NULL);
INSERT INTO `sys_menu`(`Id`, `SystemTypeId`, `ParentId`, `Layers`, `EnCode`, `FullName`, `Icon`, `UrlAddress`, `Component`, `Target`, `MenuType`, `IsExpand`, `IsFrame`, `IsShow`, `IsCache`, `IsPublic`, `AllowEdit`, `AllowDelete`, `SortCode`, `DeleteMark`, `EnabledMark`, `Description`, `CreatorTime`, `CreatorUserId`, `LastModifyTime`, `LastModifyUserId`, `DeleteTime`, `DeleteUserId`) VALUES ('2021010315063387468705', '201806141508359155', '4', 3, 'User/Add', '新增', 'el-icon-plus', '', '', NULL, 'F', 0, 0, 1, 0, 0, NULL, NULL, 1, 0, 1, NULL, '2021-01-03 15:06:34', '2020031712130656785909', NULL, NULL, NULL, NULL);
INSERT INTO `sys_menu`(`Id`, `SystemTypeId`, `ParentId`, `Layers`, `EnCode`, `FullName`, `Icon`, `UrlAddress`, `Component`, `Target`, `MenuType`, `IsExpand`, `IsFrame`, `IsShow`, `IsCache`, `IsPublic`, `AllowEdit`, `AllowDelete`, `SortCode`, `DeleteMark`, `EnabledMark`, `Description`, `CreatorTime`, `CreatorUserId`, `LastModifyTime`, `LastModifyUserId`, `DeleteTime`, `DeleteUserId`) VALUES ('2021010315063389314029', '201806141508359155', '4', 3, 'User/Edit', '修改', 'el-icon-edit', '', '', NULL, 'F', 0, 0, 1, 0, 0, NULL, NULL, 2, 0, 1, NULL, '2021-01-03 15:06:34', '2020031712130656785909', NULL, NULL, NULL, NULL);
INSERT INTO `sys_menu`(`Id`, `SystemTypeId`, `ParentId`, `Layers`, `EnCode`, `FullName`, `Icon`, `UrlAddress`, `Component`, `Target`, `MenuType`, `IsExpand`, `IsFrame`, `IsShow`, `IsCache`, `IsPublic`, `AllowEdit`, `AllowDelete`, `SortCode`, `DeleteMark`, `EnabledMark`, `Description`, `CreatorTime`, `CreatorUserId`, `LastModifyTime`, `LastModifyUserId`, `DeleteTime`, `DeleteUserId`) VALUES ('2021010315063392168016', '201806141508359155', '4', 3, 'User/Enable', '禁用', 'el-icon-video-pause', '', '', NULL, 'F', 0, 0, 1, 0, 0, NULL, NULL, 3, 0, 1, NULL, '2021-01-03 15:06:34', '2020031712130656785909', NULL, NULL, NULL, NULL);
INSERT INTO `sys_menu`(`Id`, `SystemTypeId`, `ParentId`, `Layers`, `EnCode`, `FullName`, `Icon`, `UrlAddress`, `Component`, `Target`, `MenuType`, `IsExpand`, `IsFrame`, `IsShow`, `IsCache`, `IsPublic`, `AllowEdit`, `AllowDelete`, `SortCode`, `DeleteMark`, `EnabledMark`, `Description`, `CreatorTime`, `CreatorUserId`, `LastModifyTime`, `LastModifyUserId`, `DeleteTime`, `DeleteUserId`) VALUES ('2021010315063394048962', '201806141508359155', '4', 3, 'User/Enable', '启用', 'el-icon-video-play', '', '', NULL, 'F', 0, 0, 1, 0, 0, NULL, NULL, 4, 0, 1, NULL, '2021-01-03 15:06:34', '2020031712130656785909', NULL, NULL, NULL, NULL);
INSERT INTO `sys_menu`(`Id`, `SystemTypeId`, `ParentId`, `Layers`, `EnCode`, `FullName`, `Icon`, `UrlAddress`, `Component`, `Target`, `MenuType`, `IsExpand`, `IsFrame`, `IsShow`, `IsCache`, `IsPublic`, `AllowEdit`, `AllowDelete`, `SortCode`, `DeleteMark`, `EnabledMark`, `Description`, `CreatorTime`, `CreatorUserId`, `LastModifyTime`, `LastModifyUserId`, `DeleteTime`, `DeleteUserId`) VALUES ('2021010315063395829111', '201806141508359155', '4', 3, 'User/DeleteSoft', '软删除', 'el-icon-delete', '', '', NULL, 'F', 0, 0, 1, 0, 0, NULL, NULL, 5, 0, 1, NULL, '2021-01-03 15:06:34', '2020031712130656785909', NULL, NULL, NULL, NULL);
INSERT INTO `sys_menu`(`Id`, `SystemTypeId`, `ParentId`, `Layers`, `EnCode`, `FullName`, `Icon`, `UrlAddress`, `Component`, `Target`, `MenuType`, `IsExpand`, `IsFrame`, `IsShow`, `IsCache`, `IsPublic`, `AllowEdit`, `AllowDelete`, `SortCode`, `DeleteMark`, `EnabledMark`, `Description`, `CreatorTime`, `CreatorUserId`, `LastModifyTime`, `LastModifyUserId`, `DeleteTime`, `DeleteUserId`) VALUES ('2021010315063397424616', '201806141508359155', '4', 3, 'User/Delete', '删除', 'el-icon-delete', '', '', NULL, 'F', 0, 0, 1, 0, 0, NULL, NULL, 6, 0, 1, NULL, '2021-01-03 15:06:34', '2020031712130656785909', NULL, NULL, NULL, NULL);
INSERT INTO `sys_menu`(`Id`, `SystemTypeId`, `ParentId`, `Layers`, `EnCode`, `FullName`, `Icon`, `UrlAddress`, `Component`, `Target`, `MenuType`, `IsExpand`, `IsFrame`, `IsShow`, `IsCache`, `IsPublic`, `AllowEdit`, `AllowDelete`, `SortCode`, `DeleteMark`, `EnabledMark`, `Description`, `CreatorTime`, `CreatorUserId`, `LastModifyTime`, `LastModifyUserId`, `DeleteTime`, `DeleteUserId`) VALUES ('2021010315075515608293', '201806141508359155', '5', 3, 'Role/List', '列表', '', '', '', NULL, 'F', 0, 0, 0, 0, 0, NULL, NULL, 1, 0, 1, NULL, '2021-01-03 15:07:55', '2020031712130656785909', NULL, NULL, NULL, NULL);
INSERT INTO `sys_menu`(`Id`, `SystemTypeId`, `ParentId`, `Layers`, `EnCode`, `FullName`, `Icon`, `UrlAddress`, `Component`, `Target`, `MenuType`, `IsExpand`, `IsFrame`, `IsShow`, `IsCache`, `IsPublic`, `AllowEdit`, `AllowDelete`, `SortCode`, `DeleteMark`, `EnabledMark`, `Description`, `CreatorTime`, `CreatorUserId`, `LastModifyTime`, `LastModifyUserId`, `DeleteTime`, `DeleteUserId`) VALUES ('2021010315075517418867', '201806141508359155', '5', 3, 'Role/Add', '新增', 'el-icon-plus', '', '', NULL, 'F', 0, 0, 1, 0, 0, NULL, NULL, 1, 0, 1, NULL, '2021-01-03 15:07:55', '2020031712130656785909', NULL, NULL, NULL, NULL);
INSERT INTO `sys_menu`(`Id`, `SystemTypeId`, `ParentId`, `Layers`, `EnCode`, `FullName`, `Icon`, `UrlAddress`, `Component`, `Target`, `MenuType`, `IsExpand`, `IsFrame`, `IsShow`, `IsCache`, `IsPublic`, `AllowEdit`, `AllowDelete`, `SortCode`, `DeleteMark`, `EnabledMark`, `Description`, `CreatorTime`, `CreatorUserId`, `LastModifyTime`, `LastModifyUserId`, `DeleteTime`, `DeleteUserId`) VALUES ('2021010315075519656824', '201806141508359155', '5', 3, 'Role/Edit', '修改', 'el-icon-edit', '', '', NULL, 'F', 0, 0, 1, 0, 0, NULL, NULL, 2, 0, 1, NULL, '2021-01-03 15:07:55', '2020031712130656785909', NULL, NULL, NULL, NULL);
INSERT INTO `sys_menu`(`Id`, `SystemTypeId`, `ParentId`, `Layers`, `EnCode`, `FullName`, `Icon`, `UrlAddress`, `Component`, `Target`, `MenuType`, `IsExpand`, `IsFrame`, `IsShow`, `IsCache`, `IsPublic`, `AllowEdit`, `AllowDelete`, `SortCode`, `DeleteMark`, `EnabledMark`, `Description`, `CreatorTime`, `CreatorUserId`, `LastModifyTime`, `LastModifyUserId`, `DeleteTime`, `DeleteUserId`) VALUES ('2021010315075521218314', '201806141508359155', '5', 3, 'Role/Enable', '禁用', 'el-icon-video-pause', '', '', NULL, 'F', 0, 0, 1, 0, 0, NULL, NULL, 3, 0, 1, NULL, '2021-01-03 15:07:55', '2020031712130656785909', NULL, NULL, NULL, NULL);
INSERT INTO `sys_menu`(`Id`, `SystemTypeId`, `ParentId`, `Layers`, `EnCode`, `FullName`, `Icon`, `UrlAddress`, `Component`, `Target`, `MenuType`, `IsExpand`, `IsFrame`, `IsShow`, `IsCache`, `IsPublic`, `AllowEdit`, `AllowDelete`, `SortCode`, `DeleteMark`, `EnabledMark`, `Description`, `CreatorTime`, `CreatorUserId`, `LastModifyTime`, `LastModifyUserId`, `DeleteTime`, `DeleteUserId`) VALUES ('2021010315075522857783', '201806141508359155', '5', 3, 'Role/Enable', '启用', 'el-icon-video-play', '', '', NULL, 'F', 0, 0, 1, 0, 0, NULL, NULL, 4, 0, 1, NULL, '2021-01-03 15:07:55', '2020031712130656785909', NULL, NULL, NULL, NULL);
INSERT INTO `sys_menu`(`Id`, `SystemTypeId`, `ParentId`, `Layers`, `EnCode`, `FullName`, `Icon`, `UrlAddress`, `Component`, `Target`, `MenuType`, `IsExpand`, `IsFrame`, `IsShow`, `IsCache`, `IsPublic`, `AllowEdit`, `AllowDelete`, `SortCode`, `DeleteMark`, `EnabledMark`, `Description`, `CreatorTime`, `CreatorUserId`, `LastModifyTime`, `LastModifyUserId`, `DeleteTime`, `DeleteUserId`) VALUES ('2021010315075524463436', '201806141508359155', '5', 3, 'Role/DeleteSoft', '软删除', 'el-icon-delete', '', '', NULL, 'F', 0, 0, 1, 0, 0, NULL, NULL, 5, 0, 1, NULL, '2021-01-03 15:07:55', '2020031712130656785909', NULL, NULL, NULL, NULL);
INSERT INTO `sys_menu`(`Id`, `SystemTypeId`, `ParentId`, `Layers`, `EnCode`, `FullName`, `Icon`, `UrlAddress`, `Component`, `Target`, `MenuType`, `IsExpand`, `IsFrame`, `IsShow`, `IsCache`, `IsPublic`, `AllowEdit`, `AllowDelete`, `SortCode`, `DeleteMark`, `EnabledMark`, `Description`, `CreatorTime`, `CreatorUserId`, `LastModifyTime`, `LastModifyUserId`, `DeleteTime`, `DeleteUserId`) VALUES ('2021010315075525983094', '201806141508359155', '5', 3, 'Role/Delete', '删除', 'el-icon-delete', '', '', NULL, 'F', 0, 0, 1, 0, 0, NULL, NULL, 6, 0, 1, NULL, '2021-01-03 15:07:55', '2020031712130656785909', NULL, NULL, NULL, NULL);
INSERT INTO `sys_menu`(`Id`, `SystemTypeId`, `ParentId`, `Layers`, `EnCode`, `FullName`, `Icon`, `UrlAddress`, `Component`, `Target`, `MenuType`, `IsExpand`, `IsFrame`, `IsShow`, `IsCache`, `IsPublic`, `AllowEdit`, `AllowDelete`, `SortCode`, `DeleteMark`, `EnabledMark`, `Description`, `CreatorTime`, `CreatorUserId`, `LastModifyTime`, `LastModifyUserId`, `DeleteTime`, `DeleteUserId`) VALUES ('2021010315100806775237', '201806141508359155', '5', 3, 'RoleAuthorize/List', '角色功能', '', '', '', NULL, 'F', 0, 0, 0, 0, 1, NULL, NULL, 99, 0, 1, NULL, '2021-01-03 15:10:08', '2020031712130656785909', '2021-01-03 21:18:21', '9f2ec079-7d0f-4fe2-90ab-8b09a8302aba', NULL, NULL);
INSERT INTO `sys_menu`(`Id`, `SystemTypeId`, `ParentId`, `Layers`, `EnCode`, `FullName`, `Icon`, `UrlAddress`, `Component`, `Target`, `MenuType`, `IsExpand`, `IsFrame`, `IsShow`, `IsCache`, `IsPublic`, `AllowEdit`, `AllowDelete`, `SortCode`, `DeleteMark`, `EnabledMark`, `Description`, `CreatorTime`, `CreatorUserId`, `LastModifyTime`, `LastModifyUserId`, `DeleteTime`, `DeleteUserId`) VALUES ('2021010315105223757513', '201806141508359155', '5', 3, 'Role/SetAuthorize', '设置权限', 'true', '', '', NULL, 'F', 0, 0, 1, 0, 0, NULL, NULL, 8, 0, 1, NULL, '2021-01-03 15:10:52', '2020031712130656785909', NULL, NULL, NULL, NULL);
INSERT INTO `sys_menu`(`Id`, `SystemTypeId`, `ParentId`, `Layers`, `EnCode`, `FullName`, `Icon`, `UrlAddress`, `Component`, `Target`, `MenuType`, `IsExpand`, `IsFrame`, `IsShow`, `IsCache`, `IsPublic`, `AllowEdit`, `AllowDelete`, `SortCode`, `DeleteMark`, `EnabledMark`, `Description`, `CreatorTime`, `CreatorUserId`, `LastModifyTime`, `LastModifyUserId`, `DeleteTime`, `DeleteUserId`) VALUES ('2021010315132781838294', '201806141508359155', '6', 3, 'Items/List', '列表', '', '', '', NULL, 'F', 0, 0, 0, 0, 0, NULL, NULL, 99, 0, 1, NULL, '2021-01-03 15:13:28', '2020031712130656785909', NULL, NULL, NULL, NULL);
INSERT INTO `sys_menu`(`Id`, `SystemTypeId`, `ParentId`, `Layers`, `EnCode`, `FullName`, `Icon`, `UrlAddress`, `Component`, `Target`, `MenuType`, `IsExpand`, `IsFrame`, `IsShow`, `IsCache`, `IsPublic`, `AllowEdit`, `AllowDelete`, `SortCode`, `DeleteMark`, `EnabledMark`, `Description`, `CreatorTime`, `CreatorUserId`, `LastModifyTime`, `LastModifyUserId`, `DeleteTime`, `DeleteUserId`) VALUES ('2021010315132783165373', '201806141508359155', '6', 3, 'Items/Add', '新增', 'el-icon-plus', '', '', NULL, 'F', 0, 0, 1, 0, 0, NULL, NULL, 1, 0, 1, NULL, '2021-01-03 15:13:28', '2020031712130656785909', NULL, NULL, NULL, NULL);
INSERT INTO `sys_menu`(`Id`, `SystemTypeId`, `ParentId`, `Layers`, `EnCode`, `FullName`, `Icon`, `UrlAddress`, `Component`, `Target`, `MenuType`, `IsExpand`, `IsFrame`, `IsShow`, `IsCache`, `IsPublic`, `AllowEdit`, `AllowDelete`, `SortCode`, `DeleteMark`, `EnabledMark`, `Description`, `CreatorTime`, `CreatorUserId`, `LastModifyTime`, `LastModifyUserId`, `DeleteTime`, `DeleteUserId`) VALUES ('2021010315132784647036', '201806141508359155', '6', 3, 'Items/Edit', '修改', 'el-icon-edit', '', '', NULL, 'F', 0, 0, 1, 0, 0, NULL, NULL, 2, 0, 1, NULL, '2021-01-03 15:13:28', '2020031712130656785909', NULL, NULL, NULL, NULL);
INSERT INTO `sys_menu`(`Id`, `SystemTypeId`, `ParentId`, `Layers`, `EnCode`, `FullName`, `Icon`, `UrlAddress`, `Component`, `Target`, `MenuType`, `IsExpand`, `IsFrame`, `IsShow`, `IsCache`, `IsPublic`, `AllowEdit`, `AllowDelete`, `SortCode`, `DeleteMark`, `EnabledMark`, `Description`, `CreatorTime`, `CreatorUserId`, `LastModifyTime`, `LastModifyUserId`, `DeleteTime`, `DeleteUserId`) VALUES ('2021010315132786229265', '201806141508359155', '6', 3, 'Items/Enable', '禁用', 'el-icon-video-pause', '', '', NULL, 'F', 0, 0, 1, 0, 0, NULL, NULL, 3, 0, 1, NULL, '2021-01-03 15:13:28', '2020031712130656785909', NULL, NULL, NULL, NULL);
INSERT INTO `sys_menu`(`Id`, `SystemTypeId`, `ParentId`, `Layers`, `EnCode`, `FullName`, `Icon`, `UrlAddress`, `Component`, `Target`, `MenuType`, `IsExpand`, `IsFrame`, `IsShow`, `IsCache`, `IsPublic`, `AllowEdit`, `AllowDelete`, `SortCode`, `DeleteMark`, `EnabledMark`, `Description`, `CreatorTime`, `CreatorUserId`, `LastModifyTime`, `LastModifyUserId`, `DeleteTime`, `DeleteUserId`) VALUES ('2021010315132787977688', '201806141508359155', '6', 3, 'Items/Enable', '启用', 'el-icon-video-play', '', '', NULL, 'F', 0, 0, 1, 0, 0, NULL, NULL, 4, 0, 1, NULL, '2021-01-03 15:13:28', '2020031712130656785909', NULL, NULL, NULL, NULL);
INSERT INTO `sys_menu`(`Id`, `SystemTypeId`, `ParentId`, `Layers`, `EnCode`, `FullName`, `Icon`, `UrlAddress`, `Component`, `Target`, `MenuType`, `IsExpand`, `IsFrame`, `IsShow`, `IsCache`, `IsPublic`, `AllowEdit`, `AllowDelete`, `SortCode`, `DeleteMark`, `EnabledMark`, `Description`, `CreatorTime`, `CreatorUserId`, `LastModifyTime`, `LastModifyUserId`, `DeleteTime`, `DeleteUserId`) VALUES ('2021010315132789912350', '201806141508359155', '6', 3, 'Items/DeleteSoft', '软删除', 'el-icon-delete', '', '', NULL, 'F', 0, 0, 1, 0, 0, NULL, NULL, 5, 0, 1, NULL, '2021-01-03 15:13:28', '2020031712130656785909', NULL, NULL, NULL, NULL);
INSERT INTO `sys_menu`(`Id`, `SystemTypeId`, `ParentId`, `Layers`, `EnCode`, `FullName`, `Icon`, `UrlAddress`, `Component`, `Target`, `MenuType`, `IsExpand`, `IsFrame`, `IsShow`, `IsCache`, `IsPublic`, `AllowEdit`, `AllowDelete`, `SortCode`, `DeleteMark`, `EnabledMark`, `Description`, `CreatorTime`, `CreatorUserId`, `LastModifyTime`, `LastModifyUserId`, `DeleteTime`, `DeleteUserId`) VALUES ('2021010315132791643307', '201806141508359155', '6', 3, 'Items/Delete', '删除', 'el-icon-delete', '', '', NULL, 'F', 0, 0, 1, 0, 0, NULL, NULL, 6, 0, 1, NULL, '2021-01-03 15:13:28', '2020031712130656785909', NULL, NULL, NULL, NULL);
INSERT INTO `sys_menu`(`Id`, `SystemTypeId`, `ParentId`, `Layers`, `EnCode`, `FullName`, `Icon`, `UrlAddress`, `Component`, `Target`, `MenuType`, `IsExpand`, `IsFrame`, `IsShow`, `IsCache`, `IsPublic`, `AllowEdit`, `AllowDelete`, `SortCode`, `DeleteMark`, `EnabledMark`, `Description`, `CreatorTime`, `CreatorUserId`, `LastModifyTime`, `LastModifyUserId`, `DeleteTime`, `DeleteUserId`) VALUES ('2021010315175285146141', '201806141508359155', '2020110314123396328561', 3, 'Tenant/List', '列表', '', '', '', NULL, 'F', 0, 0, 0, 0, 0, NULL, NULL, 99, 0, 1, NULL, '2021-01-03 15:17:53', '2020031712130656785909', NULL, NULL, NULL, NULL);
INSERT INTO `sys_menu`(`Id`, `SystemTypeId`, `ParentId`, `Layers`, `EnCode`, `FullName`, `Icon`, `UrlAddress`, `Component`, `Target`, `MenuType`, `IsExpand`, `IsFrame`, `IsShow`, `IsCache`, `IsPublic`, `AllowEdit`, `AllowDelete`, `SortCode`, `DeleteMark`, `EnabledMark`, `Description`, `CreatorTime`, `CreatorUserId`, `LastModifyTime`, `LastModifyUserId`, `DeleteTime`, `DeleteUserId`) VALUES ('2021010315175286366578', '201806141508359155', '2020110314123396328561', 3, 'Tenant/Add', '新增', 'el-icon-plus', '', '', NULL, 'F', 0, 0, 1, 0, 0, NULL, NULL, 1, 0, 1, NULL, '2021-01-03 15:17:53', '2020031712130656785909', NULL, NULL, NULL, NULL);
INSERT INTO `sys_menu`(`Id`, `SystemTypeId`, `ParentId`, `Layers`, `EnCode`, `FullName`, `Icon`, `UrlAddress`, `Component`, `Target`, `MenuType`, `IsExpand`, `IsFrame`, `IsShow`, `IsCache`, `IsPublic`, `AllowEdit`, `AllowDelete`, `SortCode`, `DeleteMark`, `EnabledMark`, `Description`, `CreatorTime`, `CreatorUserId`, `LastModifyTime`, `LastModifyUserId`, `DeleteTime`, `DeleteUserId`) VALUES ('2021010315175287647040', '201806141508359155', '2020110314123396328561', 3, 'Tenant/Edit', '修改', 'el-icon-edit', '', '', NULL, 'F', 0, 0, 1, 0, 0, NULL, NULL, 2, 0, 1, NULL, '2021-01-03 15:17:53', '2020031712130656785909', NULL, NULL, NULL, NULL);
INSERT INTO `sys_menu`(`Id`, `SystemTypeId`, `ParentId`, `Layers`, `EnCode`, `FullName`, `Icon`, `UrlAddress`, `Component`, `Target`, `MenuType`, `IsExpand`, `IsFrame`, `IsShow`, `IsCache`, `IsPublic`, `AllowEdit`, `AllowDelete`, `SortCode`, `DeleteMark`, `EnabledMark`, `Description`, `CreatorTime`, `CreatorUserId`, `LastModifyTime`, `LastModifyUserId`, `DeleteTime`, `DeleteUserId`) VALUES ('2021010315175288886376', '201806141508359155', '2020110314123396328561', 3, 'Tenant/Enable', '禁用', 'el-icon-video-pause', '', '', NULL, 'F', 0, 0, 1, 0, 0, NULL, NULL, 3, 0, 1, NULL, '2021-01-03 15:17:53', '2020031712130656785909', NULL, NULL, NULL, NULL);
INSERT INTO `sys_menu`(`Id`, `SystemTypeId`, `ParentId`, `Layers`, `EnCode`, `FullName`, `Icon`, `UrlAddress`, `Component`, `Target`, `MenuType`, `IsExpand`, `IsFrame`, `IsShow`, `IsCache`, `IsPublic`, `AllowEdit`, `AllowDelete`, `SortCode`, `DeleteMark`, `EnabledMark`, `Description`, `CreatorTime`, `CreatorUserId`, `LastModifyTime`, `LastModifyUserId`, `DeleteTime`, `DeleteUserId`) VALUES ('2021010315175290104050', '201806141508359155', '2020110314123396328561', 3, 'Tenant/Enable', '启用', 'el-icon-video-play', '', '', NULL, 'F', 0, 0, 1, 0, 0, NULL, NULL, 4, 0, 1, NULL, '2021-01-03 15:17:53', '2020031712130656785909', NULL, NULL, NULL, NULL);
INSERT INTO `sys_menu`(`Id`, `SystemTypeId`, `ParentId`, `Layers`, `EnCode`, `FullName`, `Icon`, `UrlAddress`, `Component`, `Target`, `MenuType`, `IsExpand`, `IsFrame`, `IsShow`, `IsCache`, `IsPublic`, `AllowEdit`, `AllowDelete`, `SortCode`, `DeleteMark`, `EnabledMark`, `Description`, `CreatorTime`, `CreatorUserId`, `LastModifyTime`, `LastModifyUserId`, `DeleteTime`, `DeleteUserId`) VALUES ('2021010315175292201815', '201806141508359155', '2020110314123396328561', 3, 'Tenant/DeleteSoft', '软删除', 'el-icon-delete', '', '', NULL, 'F', 0, 0, 1, 0, 0, NULL, NULL, 5, 0, 1, NULL, '2021-01-03 15:17:53', '2020031712130656785909', NULL, NULL, NULL, NULL);
INSERT INTO `sys_menu`(`Id`, `SystemTypeId`, `ParentId`, `Layers`, `EnCode`, `FullName`, `Icon`, `UrlAddress`, `Component`, `Target`, `MenuType`, `IsExpand`, `IsFrame`, `IsShow`, `IsCache`, `IsPublic`, `AllowEdit`, `AllowDelete`, `SortCode`, `DeleteMark`, `EnabledMark`, `Description`, `CreatorTime`, `CreatorUserId`, `LastModifyTime`, `LastModifyUserId`, `DeleteTime`, `DeleteUserId`) VALUES ('2021010315175293736914', '201806141508359155', '2020110314123396328561', 3, 'Tenant/Delete', '删除', 'el-icon-delete', '', '', NULL, 'F', 0, 0, 1, 0, 0, NULL, NULL, 6, 0, 1, NULL, '2021-01-03 15:17:53', '2020031712130656785909', NULL, NULL, NULL, NULL);
INSERT INTO `sys_menu`(`Id`, `SystemTypeId`, `ParentId`, `Layers`, `EnCode`, `FullName`, `Icon`, `UrlAddress`, `Component`, `Target`, `MenuType`, `IsExpand`, `IsFrame`, `IsShow`, `IsCache`, `IsPublic`, `AllowEdit`, `AllowDelete`, `SortCode`, `DeleteMark`, `EnabledMark`, `Description`, `CreatorTime`, `CreatorUserId`, `LastModifyTime`, `LastModifyUserId`, `DeleteTime`, `DeleteUserId`) VALUES ('2021010315183150312981', '201806141508359155', '8', 3, 'FilterIP/List', '列表', '', '', '', NULL, 'F', 0, 0, 0, 0, 0, NULL, NULL, 0, 0, 1, NULL, '2021-01-03 15:18:32', '2020031712130656785909', NULL, NULL, NULL, NULL);
INSERT INTO `sys_menu`(`Id`, `SystemTypeId`, `ParentId`, `Layers`, `EnCode`, `FullName`, `Icon`, `UrlAddress`, `Component`, `Target`, `MenuType`, `IsExpand`, `IsFrame`, `IsShow`, `IsCache`, `IsPublic`, `AllowEdit`, `AllowDelete`, `SortCode`, `DeleteMark`, `EnabledMark`, `Description`, `CreatorTime`, `CreatorUserId`, `LastModifyTime`, `LastModifyUserId`, `DeleteTime`, `DeleteUserId`) VALUES ('2021010315183151659795', '201806141508359155', '8', 3, 'FilterIP/Add', '新增', 'el-icon-plus', '', '', NULL, 'F', 0, 0, 1, 0, 0, NULL, NULL, 1, 0, 1, NULL, '2021-01-03 15:18:32', '2020031712130656785909', NULL, NULL, NULL, NULL);
INSERT INTO `sys_menu`(`Id`, `SystemTypeId`, `ParentId`, `Layers`, `EnCode`, `FullName`, `Icon`, `UrlAddress`, `Component`, `Target`, `MenuType`, `IsExpand`, `IsFrame`, `IsShow`, `IsCache`, `IsPublic`, `AllowEdit`, `AllowDelete`, `SortCode`, `DeleteMark`, `EnabledMark`, `Description`, `CreatorTime`, `CreatorUserId`, `LastModifyTime`, `LastModifyUserId`, `DeleteTime`, `DeleteUserId`) VALUES ('2021010315183153249546', '201806141508359155', '8', 3, 'FilterIP/Edit', '修改', 'el-icon-edit', '', '', NULL, 'F', 0, 0, 1, 0, 0, NULL, NULL, 2, 0, 1, NULL, '2021-01-03 15:18:32', '2020031712130656785909', NULL, NULL, NULL, NULL);
INSERT INTO `sys_menu`(`Id`, `SystemTypeId`, `ParentId`, `Layers`, `EnCode`, `FullName`, `Icon`, `UrlAddress`, `Component`, `Target`, `MenuType`, `IsExpand`, `IsFrame`, `IsShow`, `IsCache`, `IsPublic`, `AllowEdit`, `AllowDelete`, `SortCode`, `DeleteMark`, `EnabledMark`, `Description`, `CreatorTime`, `CreatorUserId`, `LastModifyTime`, `LastModifyUserId`, `DeleteTime`, `DeleteUserId`) VALUES ('2021010315183154826786', '201806141508359155', '8', 3, 'FilterIP/Enable', '禁用', 'el-icon-video-pause', '', '', NULL, 'F', 0, 0, 1, 0, 0, NULL, NULL, 3, 0, 1, NULL, '2021-01-03 15:18:32', '2020031712130656785909', NULL, NULL, NULL, NULL);
INSERT INTO `sys_menu`(`Id`, `SystemTypeId`, `ParentId`, `Layers`, `EnCode`, `FullName`, `Icon`, `UrlAddress`, `Component`, `Target`, `MenuType`, `IsExpand`, `IsFrame`, `IsShow`, `IsCache`, `IsPublic`, `AllowEdit`, `AllowDelete`, `SortCode`, `DeleteMark`, `EnabledMark`, `Description`, `CreatorTime`, `CreatorUserId`, `LastModifyTime`, `LastModifyUserId`, `DeleteTime`, `DeleteUserId`) VALUES ('2021010315183156352951', '201806141508359155', '8', 3, 'FilterIP/Enable', '启用', 'el-icon-video-play', '', '', NULL, 'F', 0, 0, 1, 0, 0, NULL, NULL, 4, 0, 1, NULL, '2021-01-03 15:18:32', '2020031712130656785909', NULL, NULL, NULL, NULL);
INSERT INTO `sys_menu`(`Id`, `SystemTypeId`, `ParentId`, `Layers`, `EnCode`, `FullName`, `Icon`, `UrlAddress`, `Component`, `Target`, `MenuType`, `IsExpand`, `IsFrame`, `IsShow`, `IsCache`, `IsPublic`, `AllowEdit`, `AllowDelete`, `SortCode`, `DeleteMark`, `EnabledMark`, `Description`, `CreatorTime`, `CreatorUserId`, `LastModifyTime`, `LastModifyUserId`, `DeleteTime`, `DeleteUserId`) VALUES ('2021010315183157889290', '201806141508359155', '8', 3, 'FilterIP/DeleteSoft', '软删除', 'el-icon-delete', '', '', NULL, 'F', 0, 0, 1, 0, 0, NULL, NULL, 5, 0, 1, NULL, '2021-01-03 15:18:32', '2020031712130656785909', NULL, NULL, NULL, NULL);
INSERT INTO `sys_menu`(`Id`, `SystemTypeId`, `ParentId`, `Layers`, `EnCode`, `FullName`, `Icon`, `UrlAddress`, `Component`, `Target`, `MenuType`, `IsExpand`, `IsFrame`, `IsShow`, `IsCache`, `IsPublic`, `AllowEdit`, `AllowDelete`, `SortCode`, `DeleteMark`, `EnabledMark`, `Description`, `CreatorTime`, `CreatorUserId`, `LastModifyTime`, `LastModifyUserId`, `DeleteTime`, `DeleteUserId`) VALUES ('2021010315183159324286', '201806141508359155', '8', 3, 'FilterIP/Delete', '删除', 'el-icon-delete', '', '', NULL, 'F', 0, 0, 1, 0, 0, NULL, NULL, 6, 0, 1, NULL, '2021-01-03 15:18:32', '2020031712130656785909', NULL, NULL, NULL, NULL);
INSERT INTO `sys_menu`(`Id`, `SystemTypeId`, `ParentId`, `Layers`, `EnCode`, `FullName`, `Icon`, `UrlAddress`, `Component`, `Target`, `MenuType`, `IsExpand`, `IsFrame`, `IsShow`, `IsCache`, `IsPublic`, `AllowEdit`, `AllowDelete`, `SortCode`, `DeleteMark`, `EnabledMark`, `Description`, `CreatorTime`, `CreatorUserId`, `LastModifyTime`, `LastModifyUserId`, `DeleteTime`, `DeleteUserId`) VALUES ('2021010315194792606013', '201806141508359155', '2020110314161523904459', 3, 'TaskManager/List', '列表', '', '', '', NULL, 'F', 0, 0, 0, 0, 1, NULL, NULL, 0, 0, 1, NULL, '2021-01-03 15:19:48', '2020031712130656785909', NULL, NULL, NULL, NULL);
INSERT INTO `sys_menu`(`Id`, `SystemTypeId`, `ParentId`, `Layers`, `EnCode`, `FullName`, `Icon`, `UrlAddress`, `Component`, `Target`, `MenuType`, `IsExpand`, `IsFrame`, `IsShow`, `IsCache`, `IsPublic`, `AllowEdit`, `AllowDelete`, `SortCode`, `DeleteMark`, `EnabledMark`, `Description`, `CreatorTime`, `CreatorUserId`, `LastModifyTime`, `LastModifyUserId`, `DeleteTime`, `DeleteUserId`) VALUES ('2021010315194793896582', '201806141508359155', '2020110314161523904459', 3, 'TaskManager/Add', '新增', 'el-icon-plus', '', '', NULL, 'F', 0, 0, 1, 0, 1, NULL, NULL, 1, 0, 1, NULL, '2021-01-03 15:19:48', '2020031712130656785909', NULL, NULL, NULL, NULL);
INSERT INTO `sys_menu`(`Id`, `SystemTypeId`, `ParentId`, `Layers`, `EnCode`, `FullName`, `Icon`, `UrlAddress`, `Component`, `Target`, `MenuType`, `IsExpand`, `IsFrame`, `IsShow`, `IsCache`, `IsPublic`, `AllowEdit`, `AllowDelete`, `SortCode`, `DeleteMark`, `EnabledMark`, `Description`, `CreatorTime`, `CreatorUserId`, `LastModifyTime`, `LastModifyUserId`, `DeleteTime`, `DeleteUserId`) VALUES ('2021010315194795273488', '201806141508359155', '2020110314161523904459', 3, 'TaskManager/Edit', '修改', 'el-icon-edit', '', '', NULL, 'F', 0, 0, 1, 0, 1, NULL, NULL, 2, 0, 1, NULL, '2021-01-03 15:19:48', '2020031712130656785909', NULL, NULL, NULL, NULL);
INSERT INTO `sys_menu`(`Id`, `SystemTypeId`, `ParentId`, `Layers`, `EnCode`, `FullName`, `Icon`, `UrlAddress`, `Component`, `Target`, `MenuType`, `IsExpand`, `IsFrame`, `IsShow`, `IsCache`, `IsPublic`, `AllowEdit`, `AllowDelete`, `SortCode`, `DeleteMark`, `EnabledMark`, `Description`, `CreatorTime`, `CreatorUserId`, `LastModifyTime`, `LastModifyUserId`, `DeleteTime`, `DeleteUserId`) VALUES ('2021010315194797086431', '201806141508359155', '2020110314161523904459', 3, 'TaskManager/Enable', '禁用', 'el-icon-video-pause', '', '', NULL, 'F', 0, 0, 1, 0, 1, NULL, NULL, 3, 0, 1, NULL, '2021-01-03 15:19:48', '2020031712130656785909', NULL, NULL, NULL, NULL);
INSERT INTO `sys_menu`(`Id`, `SystemTypeId`, `ParentId`, `Layers`, `EnCode`, `FullName`, `Icon`, `UrlAddress`, `Component`, `Target`, `MenuType`, `IsExpand`, `IsFrame`, `IsShow`, `IsCache`, `IsPublic`, `AllowEdit`, `AllowDelete`, `SortCode`, `DeleteMark`, `EnabledMark`, `Description`, `CreatorTime`, `CreatorUserId`, `LastModifyTime`, `LastModifyUserId`, `DeleteTime`, `DeleteUserId`) VALUES ('2021010315194798698862', '201806141508359155', '2020110314161523904459', 3, 'TaskManager/Enable', '启用', 'el-icon-video-play', '', '', NULL, 'F', 0, 0, 1, 0, 1, NULL, NULL, 4, 0, 1, NULL, '2021-01-03 15:19:48', '2020031712130656785909', NULL, NULL, NULL, NULL);
INSERT INTO `sys_menu`(`Id`, `SystemTypeId`, `ParentId`, `Layers`, `EnCode`, `FullName`, `Icon`, `UrlAddress`, `Component`, `Target`, `MenuType`, `IsExpand`, `IsFrame`, `IsShow`, `IsCache`, `IsPublic`, `AllowEdit`, `AllowDelete`, `SortCode`, `DeleteMark`, `EnabledMark`, `Description`, `CreatorTime`, `CreatorUserId`, `LastModifyTime`, `LastModifyUserId`, `DeleteTime`, `DeleteUserId`) VALUES ('2021010315194799827547', '201806141508359155', '2020110314161523904459', 3, 'TaskManager/DeleteSoft', '软删除', 'el-icon-delete', '', '', NULL, 'F', 0, 0, 1, 0, 1, NULL, NULL, 5, 0, 1, NULL, '2021-01-03 15:19:48', '2020031712130656785909', NULL, NULL, NULL, NULL);
INSERT INTO `sys_menu`(`Id`, `SystemTypeId`, `ParentId`, `Layers`, `EnCode`, `FullName`, `Icon`, `UrlAddress`, `Component`, `Target`, `MenuType`, `IsExpand`, `IsFrame`, `IsShow`, `IsCache`, `IsPublic`, `AllowEdit`, `AllowDelete`, `SortCode`, `DeleteMark`, `EnabledMark`, `Description`, `CreatorTime`, `CreatorUserId`, `LastModifyTime`, `LastModifyUserId`, `DeleteTime`, `DeleteUserId`) VALUES ('2021010315194800999273', '201806141508359155', '2020110314161523904459', 3, 'TaskManager/Delete', '删除', 'el-icon-delete', '', '', NULL, 'F', 0, 0, 1, 0, 1, NULL, NULL, 6, 0, 1, NULL, '2021-01-03 15:19:48', '2020031712130656785909', NULL, NULL, NULL, NULL);
INSERT INTO `sys_menu`(`Id`, `SystemTypeId`, `ParentId`, `Layers`, `EnCode`, `FullName`, `Icon`, `UrlAddress`, `Component`, `Target`, `MenuType`, `IsExpand`, `IsFrame`, `IsShow`, `IsCache`, `IsPublic`, `AllowEdit`, `AllowDelete`, `SortCode`, `DeleteMark`, `EnabledMark`, `Description`, `CreatorTime`, `CreatorUserId`, `LastModifyTime`, `LastModifyUserId`, `DeleteTime`, `DeleteUserId`) VALUES ('2021010315204129496922', '201806141508359155', '2020110314161523904459', 3, 'TaskManager/ChangeStatus', '启动', '', '', '', NULL, 'F', 0, 0, 1, 0, 0, NULL, NULL, 0, 0, 1, NULL, '2021-01-03 15:20:41', '2020031712130656785909', NULL, NULL, NULL, NULL);
INSERT INTO `sys_menu`(`Id`, `SystemTypeId`, `ParentId`, `Layers`, `EnCode`, `FullName`, `Icon`, `UrlAddress`, `Component`, `Target`, `MenuType`, `IsExpand`, `IsFrame`, `IsShow`, `IsCache`, `IsPublic`, `AllowEdit`, `AllowDelete`, `SortCode`, `DeleteMark`, `EnabledMark`, `Description`, `CreatorTime`, `CreatorUserId`, `LastModifyTime`, `LastModifyUserId`, `DeleteTime`, `DeleteUserId`) VALUES ('2021010315212004586381', '201806141508359155', '2020110314165224964779', 3, 'TaskJobsLog/Delete', '删除', '', '', '', NULL, 'F', 0, 0, 1, 0, 0, NULL, NULL, 0, 0, 1, NULL, '2021-01-03 15:21:20', '2020031712130656785909', NULL, NULL, NULL, NULL);
INSERT INTO `sys_menu`(`Id`, `SystemTypeId`, `ParentId`, `Layers`, `EnCode`, `FullName`, `Icon`, `UrlAddress`, `Component`, `Target`, `MenuType`, `IsExpand`, `IsFrame`, `IsShow`, `IsCache`, `IsPublic`, `AllowEdit`, `AllowDelete`, `SortCode`, `DeleteMark`, `EnabledMark`, `Description`, `CreatorTime`, `CreatorUserId`, `LastModifyTime`, `LastModifyUserId`, `DeleteTime`, `DeleteUserId`) VALUES ('2021010315215315394611', '201806141508359155', '2020110314190914102881', 3, 'Sequence/List', '列表', '', '', '', NULL, 'F', 0, 0, 0, 0, 0, NULL, NULL, 0, 0, 1, NULL, '2021-01-03 15:21:53', '2020031712130656785909', NULL, NULL, NULL, NULL);
INSERT INTO `sys_menu`(`Id`, `SystemTypeId`, `ParentId`, `Layers`, `EnCode`, `FullName`, `Icon`, `UrlAddress`, `Component`, `Target`, `MenuType`, `IsExpand`, `IsFrame`, `IsShow`, `IsCache`, `IsPublic`, `AllowEdit`, `AllowDelete`, `SortCode`, `DeleteMark`, `EnabledMark`, `Description`, `CreatorTime`, `CreatorUserId`, `LastModifyTime`, `LastModifyUserId`, `DeleteTime`, `DeleteUserId`) VALUES ('2021010315215327767703', '201806141508359155', '2020110314190914102881', 3, 'Sequence/Add', '新增', 'el-icon-plus', '', '', NULL, 'F', 0, 0, 1, 0, 0, NULL, NULL, 1, 0, 1, NULL, '2021-01-03 15:21:53', '2020031712130656785909', NULL, NULL, NULL, NULL);
INSERT INTO `sys_menu`(`Id`, `SystemTypeId`, `ParentId`, `Layers`, `EnCode`, `FullName`, `Icon`, `UrlAddress`, `Component`, `Target`, `MenuType`, `IsExpand`, `IsFrame`, `IsShow`, `IsCache`, `IsPublic`, `AllowEdit`, `AllowDelete`, `SortCode`, `DeleteMark`, `EnabledMark`, `Description`, `CreatorTime`, `CreatorUserId`, `LastModifyTime`, `LastModifyUserId`, `DeleteTime`, `DeleteUserId`) VALUES ('2021010315215328948079', '201806141508359155', '2020110314190914102881', 3, 'Sequence/Edit', '修改', 'el-icon-edit', '', '', NULL, 'F', 0, 0, 1, 0, 0, NULL, NULL, 2, 0, 1, NULL, '2021-01-03 15:21:53', '2020031712130656785909', NULL, NULL, NULL, NULL);
INSERT INTO `sys_menu`(`Id`, `SystemTypeId`, `ParentId`, `Layers`, `EnCode`, `FullName`, `Icon`, `UrlAddress`, `Component`, `Target`, `MenuType`, `IsExpand`, `IsFrame`, `IsShow`, `IsCache`, `IsPublic`, `AllowEdit`, `AllowDelete`, `SortCode`, `DeleteMark`, `EnabledMark`, `Description`, `CreatorTime`, `CreatorUserId`, `LastModifyTime`, `LastModifyUserId`, `DeleteTime`, `DeleteUserId`) VALUES ('2021010315215330182636', '201806141508359155', '2020110314190914102881', 3, 'Sequence/Enable', '禁用', 'el-icon-video-pause', '', '', NULL, 'F', 0, 0, 1, 0, 0, NULL, NULL, 3, 0, 1, NULL, '2021-01-03 15:21:53', '2020031712130656785909', NULL, NULL, NULL, NULL);
INSERT INTO `sys_menu`(`Id`, `SystemTypeId`, `ParentId`, `Layers`, `EnCode`, `FullName`, `Icon`, `UrlAddress`, `Component`, `Target`, `MenuType`, `IsExpand`, `IsFrame`, `IsShow`, `IsCache`, `IsPublic`, `AllowEdit`, `AllowDelete`, `SortCode`, `DeleteMark`, `EnabledMark`, `Description`, `CreatorTime`, `CreatorUserId`, `LastModifyTime`, `LastModifyUserId`, `DeleteTime`, `DeleteUserId`) VALUES ('2021010315215331498258', '201806141508359155', '2020110314190914102881', 3, 'Sequence/Enable', '启用', 'el-icon-video-play', '', '', NULL, 'F', 0, 0, 1, 0, 0, NULL, NULL, 4, 0, 1, NULL, '2021-01-03 15:21:53', '2020031712130656785909', NULL, NULL, NULL, NULL);
INSERT INTO `sys_menu`(`Id`, `SystemTypeId`, `ParentId`, `Layers`, `EnCode`, `FullName`, `Icon`, `UrlAddress`, `Component`, `Target`, `MenuType`, `IsExpand`, `IsFrame`, `IsShow`, `IsCache`, `IsPublic`, `AllowEdit`, `AllowDelete`, `SortCode`, `DeleteMark`, `EnabledMark`, `Description`, `CreatorTime`, `CreatorUserId`, `LastModifyTime`, `LastModifyUserId`, `DeleteTime`, `DeleteUserId`) VALUES ('2021010315215332842957', '201806141508359155', '2020110314190914102881', 3, 'Sequence/DeleteSoft', '软删除', 'el-icon-delete', '', '', NULL, 'F', 0, 0, 1, 0, 0, NULL, NULL, 5, 0, 1, NULL, '2021-01-03 15:21:53', '2020031712130656785909', NULL, NULL, NULL, NULL);
INSERT INTO `sys_menu`(`Id`, `SystemTypeId`, `ParentId`, `Layers`, `EnCode`, `FullName`, `Icon`, `UrlAddress`, `Component`, `Target`, `MenuType`, `IsExpand`, `IsFrame`, `IsShow`, `IsCache`, `IsPublic`, `AllowEdit`, `AllowDelete`, `SortCode`, `DeleteMark`, `EnabledMark`, `Description`, `CreatorTime`, `CreatorUserId`, `LastModifyTime`, `LastModifyUserId`, `DeleteTime`, `DeleteUserId`) VALUES ('2021010315215334061002', '201806141508359155', '2020110314190914102881', 3, 'Sequence/Delete', '删除', 'el-icon-delete', '', '', NULL, 'F', 0, 0, 1, 0, 0, NULL, NULL, 6, 0, 1, NULL, '2021-01-03 15:21:53', '2020031712130656785909', NULL, NULL, NULL, NULL);
INSERT INTO `sys_menu`(`Id`, `SystemTypeId`, `ParentId`, `Layers`, `EnCode`, `FullName`, `Icon`, `UrlAddress`, `Component`, `Target`, `MenuType`, `IsExpand`, `IsFrame`, `IsShow`, `IsCache`, `IsPublic`, `AllowEdit`, `AllowDelete`, `SortCode`, `DeleteMark`, `EnabledMark`, `Description`, `CreatorTime`, `CreatorUserId`, `LastModifyTime`, `LastModifyUserId`, `DeleteTime`, `DeleteUserId`) VALUES ('2021010315222503738750', '201806141508359155', '2020110314195207514356', 3, 'SequenceRule/List', '列表', '', '', '', NULL, 'F', 0, 0, 0, 0, 0, NULL, NULL, 0, 0, 1, NULL, '2021-01-03 15:22:25', '2020031712130656785909', '2021-01-03 21:03:15', '2020031712130656785909', NULL, NULL);
INSERT INTO `sys_menu`(`Id`, `SystemTypeId`, `ParentId`, `Layers`, `EnCode`, `FullName`, `Icon`, `UrlAddress`, `Component`, `Target`, `MenuType`, `IsExpand`, `IsFrame`, `IsShow`, `IsCache`, `IsPublic`, `AllowEdit`, `AllowDelete`, `SortCode`, `DeleteMark`, `EnabledMark`, `Description`, `CreatorTime`, `CreatorUserId`, `LastModifyTime`, `LastModifyUserId`, `DeleteTime`, `DeleteUserId`) VALUES ('2021010315222505099926', '201806141508359155', '2020110314195207514356', 3, 'SequenceRule/Add', '新增', 'el-icon-plus', '', '', NULL, 'F', 0, 0, 1, 0, 0, NULL, NULL, 1, 0, 1, NULL, '2021-01-03 15:22:25', '2020031712130656785909', NULL, NULL, NULL, NULL);
INSERT INTO `sys_menu`(`Id`, `SystemTypeId`, `ParentId`, `Layers`, `EnCode`, `FullName`, `Icon`, `UrlAddress`, `Component`, `Target`, `MenuType`, `IsExpand`, `IsFrame`, `IsShow`, `IsCache`, `IsPublic`, `AllowEdit`, `AllowDelete`, `SortCode`, `DeleteMark`, `EnabledMark`, `Description`, `CreatorTime`, `CreatorUserId`, `LastModifyTime`, `LastModifyUserId`, `DeleteTime`, `DeleteUserId`) VALUES ('2021010315222506982025', '201806141508359155', '2020110314195207514356', 3, 'SequenceRule/Edit', '修改', 'el-icon-edit', '', '', NULL, 'F', 0, 0, 1, 0, 0, NULL, NULL, 2, 0, 1, NULL, '2021-01-03 15:22:25', '2020031712130656785909', NULL, NULL, NULL, NULL);
INSERT INTO `sys_menu`(`Id`, `SystemTypeId`, `ParentId`, `Layers`, `EnCode`, `FullName`, `Icon`, `UrlAddress`, `Component`, `Target`, `MenuType`, `IsExpand`, `IsFrame`, `IsShow`, `IsCache`, `IsPublic`, `AllowEdit`, `AllowDelete`, `SortCode`, `DeleteMark`, `EnabledMark`, `Description`, `CreatorTime`, `CreatorUserId`, `LastModifyTime`, `LastModifyUserId`, `DeleteTime`, `DeleteUserId`) VALUES ('2021010315222508743670', '201806141508359155', '2020110314195207514356', 3, 'SequenceRule/Enable', '禁用', 'el-icon-video-pause', '', '', NULL, 'F', 0, 0, 1, 0, 0, NULL, NULL, 3, 0, 1, NULL, '2021-01-03 15:22:25', '2020031712130656785909', NULL, NULL, NULL, NULL);
INSERT INTO `sys_menu`(`Id`, `SystemTypeId`, `ParentId`, `Layers`, `EnCode`, `FullName`, `Icon`, `UrlAddress`, `Component`, `Target`, `MenuType`, `IsExpand`, `IsFrame`, `IsShow`, `IsCache`, `IsPublic`, `AllowEdit`, `AllowDelete`, `SortCode`, `DeleteMark`, `EnabledMark`, `Description`, `CreatorTime`, `CreatorUserId`, `LastModifyTime`, `LastModifyUserId`, `DeleteTime`, `DeleteUserId`) VALUES ('2021010315222510354377', '201806141508359155', '2020110314195207514356', 3, 'SequenceRule/Enable', '启用', 'el-icon-video-play', '', '', NULL, 'F', 0, 0, 1, 0, 0, NULL, NULL, 4, 0, 1, NULL, '2021-01-03 15:22:25', '2020031712130656785909', NULL, NULL, NULL, NULL);
INSERT INTO `sys_menu`(`Id`, `SystemTypeId`, `ParentId`, `Layers`, `EnCode`, `FullName`, `Icon`, `UrlAddress`, `Component`, `Target`, `MenuType`, `IsExpand`, `IsFrame`, `IsShow`, `IsCache`, `IsPublic`, `AllowEdit`, `AllowDelete`, `SortCode`, `DeleteMark`, `EnabledMark`, `Description`, `CreatorTime`, `CreatorUserId`, `LastModifyTime`, `LastModifyUserId`, `DeleteTime`, `DeleteUserId`) VALUES ('2021010315222511918449', '201806141508359155', '2020110314195207514356', 3, 'SequenceRule/DeleteSoft', '软删除', 'el-icon-delete', '', '', NULL, 'F', 0, 0, 1, 0, 0, NULL, NULL, 5, 0, 1, NULL, '2021-01-03 15:22:25', '2020031712130656785909', NULL, NULL, NULL, NULL);
INSERT INTO `sys_menu`(`Id`, `SystemTypeId`, `ParentId`, `Layers`, `EnCode`, `FullName`, `Icon`, `UrlAddress`, `Component`, `Target`, `MenuType`, `IsExpand`, `IsFrame`, `IsShow`, `IsCache`, `IsPublic`, `AllowEdit`, `AllowDelete`, `SortCode`, `DeleteMark`, `EnabledMark`, `Description`, `CreatorTime`, `CreatorUserId`, `LastModifyTime`, `LastModifyUserId`, `DeleteTime`, `DeleteUserId`) VALUES ('2021010315222513987026', '201806141508359155', '2020110314195207514356', 3, 'SequenceRule/Delete', '删除', 'el-icon-delete', '', '', NULL, 'F', 0, 0, 1, 0, 0, NULL, NULL, 6, 0, 1, NULL, '2021-01-03 15:22:25', '2020031712130656785909', NULL, NULL, NULL, NULL);
INSERT INTO `sys_menu`(`Id`, `SystemTypeId`, `ParentId`, `Layers`, `EnCode`, `FullName`, `Icon`, `UrlAddress`, `Component`, `Target`, `MenuType`, `IsExpand`, `IsFrame`, `IsShow`, `IsCache`, `IsPublic`, `AllowEdit`, `AllowDelete`, `SortCode`, `DeleteMark`, `EnabledMark`, `Description`, `CreatorTime`, `CreatorUserId`, `LastModifyTime`, `LastModifyUserId`, `DeleteTime`, `DeleteUserId`) VALUES ('2021010315233975086228', '201806141508359155', '201806141351101389', 3, 'SystemType/List', '列表', '', '', '', NULL, 'F', 0, 0, 0, 0, 0, NULL, NULL, 0, 0, 1, NULL, '2021-01-03 15:23:40', '2020031712130656785909', NULL, NULL, NULL, NULL);
INSERT INTO `sys_menu`(`Id`, `SystemTypeId`, `ParentId`, `Layers`, `EnCode`, `FullName`, `Icon`, `UrlAddress`, `Component`, `Target`, `MenuType`, `IsExpand`, `IsFrame`, `IsShow`, `IsCache`, `IsPublic`, `AllowEdit`, `AllowDelete`, `SortCode`, `DeleteMark`, `EnabledMark`, `Description`, `CreatorTime`, `CreatorUserId`, `LastModifyTime`, `LastModifyUserId`, `DeleteTime`, `DeleteUserId`) VALUES ('2021010315233976493618', '201806141508359155', '201806141351101389', 3, 'SystemType/Add', '新增', 'el-icon-plus', '', '', NULL, 'F', 0, 0, 1, 0, 0, NULL, NULL, 1, 0, 1, NULL, '2021-01-03 15:23:40', '2020031712130656785909', NULL, NULL, NULL, NULL);
INSERT INTO `sys_menu`(`Id`, `SystemTypeId`, `ParentId`, `Layers`, `EnCode`, `FullName`, `Icon`, `UrlAddress`, `Component`, `Target`, `MenuType`, `IsExpand`, `IsFrame`, `IsShow`, `IsCache`, `IsPublic`, `AllowEdit`, `AllowDelete`, `SortCode`, `DeleteMark`, `EnabledMark`, `Description`, `CreatorTime`, `CreatorUserId`, `LastModifyTime`, `LastModifyUserId`, `DeleteTime`, `DeleteUserId`) VALUES ('2021010315233978026300', '201806141508359155', '201806141351101389', 3, 'SystemType/Edit', '修改', 'el-icon-edit', '', '', NULL, 'F', 0, 0, 1, 0, 0, NULL, NULL, 2, 0, 1, NULL, '2021-01-03 15:23:40', '2020031712130656785909', NULL, NULL, NULL, NULL);
INSERT INTO `sys_menu`(`Id`, `SystemTypeId`, `ParentId`, `Layers`, `EnCode`, `FullName`, `Icon`, `UrlAddress`, `Component`, `Target`, `MenuType`, `IsExpand`, `IsFrame`, `IsShow`, `IsCache`, `IsPublic`, `AllowEdit`, `AllowDelete`, `SortCode`, `DeleteMark`, `EnabledMark`, `Description`, `CreatorTime`, `CreatorUserId`, `LastModifyTime`, `LastModifyUserId`, `DeleteTime`, `DeleteUserId`) VALUES ('2021010315233979627999', '201806141508359155', '201806141351101389', 3, 'SystemType/Enable', '禁用', 'el-icon-video-pause', '', '', NULL, 'F', 0, 0, 1, 0, 0, NULL, NULL, 3, 0, 1, NULL, '2021-01-03 15:23:40', '2020031712130656785909', NULL, NULL, NULL, NULL);
INSERT INTO `sys_menu`(`Id`, `SystemTypeId`, `ParentId`, `Layers`, `EnCode`, `FullName`, `Icon`, `UrlAddress`, `Component`, `Target`, `MenuType`, `IsExpand`, `IsFrame`, `IsShow`, `IsCache`, `IsPublic`, `AllowEdit`, `AllowDelete`, `SortCode`, `DeleteMark`, `EnabledMark`, `Description`, `CreatorTime`, `CreatorUserId`, `LastModifyTime`, `LastModifyUserId`, `DeleteTime`, `DeleteUserId`) VALUES ('2021010315233981246649', '201806141508359155', '201806141351101389', 3, 'SystemType/Enable', '启用', 'el-icon-video-play', '', '', NULL, 'F', 0, 0, 1, 0, 0, NULL, NULL, 4, 0, 1, NULL, '2021-01-03 15:23:40', '2020031712130656785909', NULL, NULL, NULL, NULL);
INSERT INTO `sys_menu`(`Id`, `SystemTypeId`, `ParentId`, `Layers`, `EnCode`, `FullName`, `Icon`, `UrlAddress`, `Component`, `Target`, `MenuType`, `IsExpand`, `IsFrame`, `IsShow`, `IsCache`, `IsPublic`, `AllowEdit`, `AllowDelete`, `SortCode`, `DeleteMark`, `EnabledMark`, `Description`, `CreatorTime`, `CreatorUserId`, `LastModifyTime`, `LastModifyUserId`, `DeleteTime`, `DeleteUserId`) VALUES ('2021010315233982801956', '201806141508359155', '201806141351101389', 3, 'SystemType/DeleteSoft', '软删除', 'el-icon-delete', '', '', NULL, 'F', 0, 0, 1, 0, 0, NULL, NULL, 5, 0, 1, NULL, '2021-01-03 15:23:40', '2020031712130656785909', NULL, NULL, NULL, NULL);
INSERT INTO `sys_menu`(`Id`, `SystemTypeId`, `ParentId`, `Layers`, `EnCode`, `FullName`, `Icon`, `UrlAddress`, `Component`, `Target`, `MenuType`, `IsExpand`, `IsFrame`, `IsShow`, `IsCache`, `IsPublic`, `AllowEdit`, `AllowDelete`, `SortCode`, `DeleteMark`, `EnabledMark`, `Description`, `CreatorTime`, `CreatorUserId`, `LastModifyTime`, `LastModifyUserId`, `DeleteTime`, `DeleteUserId`) VALUES ('2021010315233984299075', '201806141508359155', '201806141351101389', 3, 'SystemType/Delete', '删除', 'el-icon-delete', '', '', NULL, 'F', 0, 0, 1, 0, 0, NULL, NULL, 6, 0, 1, NULL, '2021-01-03 15:23:40', '2020031712130656785909', NULL, NULL, NULL, NULL);
INSERT INTO `sys_menu`(`Id`, `SystemTypeId`, `ParentId`, `Layers`, `EnCode`, `FullName`, `Icon`, `UrlAddress`, `Component`, `Target`, `MenuType`, `IsExpand`, `IsFrame`, `IsShow`, `IsCache`, `IsPublic`, `AllowEdit`, `AllowDelete`, `SortCode`, `DeleteMark`, `EnabledMark`, `Description`, `CreatorTime`, `CreatorUserId`, `LastModifyTime`, `LastModifyUserId`, `DeleteTime`, `DeleteUserId`) VALUES ('2021010315295372466127', '201806141508359155', '201806291506346894', 3, 'APP/List', '列表', '', '', '', NULL, 'F', 0, 0, 0, 0, 0, NULL, NULL, 0, 0, 1, NULL, '2021-01-03 15:29:54', '2020031712130656785909', '2021-01-03 15:33:01', '2020031712130656785909', NULL, NULL);
INSERT INTO `sys_menu`(`Id`, `SystemTypeId`, `ParentId`, `Layers`, `EnCode`, `FullName`, `Icon`, `UrlAddress`, `Component`, `Target`, `MenuType`, `IsExpand`, `IsFrame`, `IsShow`, `IsCache`, `IsPublic`, `AllowEdit`, `AllowDelete`, `SortCode`, `DeleteMark`, `EnabledMark`, `Description`, `CreatorTime`, `CreatorUserId`, `LastModifyTime`, `LastModifyUserId`, `DeleteTime`, `DeleteUserId`) VALUES ('2021010315295385481609', '201806141508359155', '201806291506346894', 3, 'APP/Add', '新增', 'el-icon-plus', '', '', NULL, 'F', 0, 0, 1, 0, 0, NULL, NULL, 1, 0, 1, NULL, '2021-01-03 15:29:54', '2020031712130656785909', NULL, NULL, NULL, NULL);
INSERT INTO `sys_menu`(`Id`, `SystemTypeId`, `ParentId`, `Layers`, `EnCode`, `FullName`, `Icon`, `UrlAddress`, `Component`, `Target`, `MenuType`, `IsExpand`, `IsFrame`, `IsShow`, `IsCache`, `IsPublic`, `AllowEdit`, `AllowDelete`, `SortCode`, `DeleteMark`, `EnabledMark`, `Description`, `CreatorTime`, `CreatorUserId`, `LastModifyTime`, `LastModifyUserId`, `DeleteTime`, `DeleteUserId`) VALUES ('2021010315295389238874', '201806141508359155', '201806291506346894', 3, 'APP/Edit', '修改', 'el-icon-edit', '', '', NULL, 'F', 0, 0, 1, 0, 0, NULL, NULL, 2, 0, 1, NULL, '2021-01-03 15:29:54', '2020031712130656785909', NULL, NULL, NULL, NULL);
INSERT INTO `sys_menu`(`Id`, `SystemTypeId`, `ParentId`, `Layers`, `EnCode`, `FullName`, `Icon`, `UrlAddress`, `Component`, `Target`, `MenuType`, `IsExpand`, `IsFrame`, `IsShow`, `IsCache`, `IsPublic`, `AllowEdit`, `AllowDelete`, `SortCode`, `DeleteMark`, `EnabledMark`, `Description`, `CreatorTime`, `CreatorUserId`, `LastModifyTime`, `LastModifyUserId`, `DeleteTime`, `DeleteUserId`) VALUES ('2021010315295390992753', '201806141508359155', '201806291506346894', 3, 'APP/Enable', '禁用', 'el-icon-video-pause', '', '', NULL, 'F', 0, 0, 1, 0, 0, NULL, NULL, 3, 0, 1, NULL, '2021-01-03 15:29:54', '2020031712130656785909', NULL, NULL, NULL, NULL);
INSERT INTO `sys_menu`(`Id`, `SystemTypeId`, `ParentId`, `Layers`, `EnCode`, `FullName`, `Icon`, `UrlAddress`, `Component`, `Target`, `MenuType`, `IsExpand`, `IsFrame`, `IsShow`, `IsCache`, `IsPublic`, `AllowEdit`, `AllowDelete`, `SortCode`, `DeleteMark`, `EnabledMark`, `Description`, `CreatorTime`, `CreatorUserId`, `LastModifyTime`, `LastModifyUserId`, `DeleteTime`, `DeleteUserId`) VALUES ('2021010315295392674499', '201806141508359155', '201806291506346894', 3, 'APP/Enable', '启用', 'el-icon-video-play', '', '', NULL, 'F', 0, 0, 1, 0, 0, NULL, NULL, 4, 0, 1, NULL, '2021-01-03 15:29:54', '2020031712130656785909', NULL, NULL, NULL, NULL);
INSERT INTO `sys_menu`(`Id`, `SystemTypeId`, `ParentId`, `Layers`, `EnCode`, `FullName`, `Icon`, `UrlAddress`, `Component`, `Target`, `MenuType`, `IsExpand`, `IsFrame`, `IsShow`, `IsCache`, `IsPublic`, `AllowEdit`, `AllowDelete`, `SortCode`, `DeleteMark`, `EnabledMark`, `Description`, `CreatorTime`, `CreatorUserId`, `LastModifyTime`, `LastModifyUserId`, `DeleteTime`, `DeleteUserId`) VALUES ('2021010315295394456942', '201806141508359155', '201806291506346894', 3, 'APP/DeleteSoft', '软删除', 'el-icon-delete', '', '', NULL, 'F', 0, 0, 1, 0, 0, NULL, NULL, 5, 0, 1, NULL, '2021-01-03 15:29:54', '2020031712130656785909', NULL, NULL, NULL, NULL);
INSERT INTO `sys_menu`(`Id`, `SystemTypeId`, `ParentId`, `Layers`, `EnCode`, `FullName`, `Icon`, `UrlAddress`, `Component`, `Target`, `MenuType`, `IsExpand`, `IsFrame`, `IsShow`, `IsCache`, `IsPublic`, `AllowEdit`, `AllowDelete`, `SortCode`, `DeleteMark`, `EnabledMark`, `Description`, `CreatorTime`, `CreatorUserId`, `LastModifyTime`, `LastModifyUserId`, `DeleteTime`, `DeleteUserId`) VALUES ('2021010315295396508020', '201806141508359155', '201806291506346894', 3, 'APP/Delete', '删除', 'el-icon-delete', '', '', NULL, 'F', 0, 0, 1, 0, 0, NULL, NULL, 6, 0, 1, NULL, '2021-01-03 15:29:54', '2020031712130656785909', NULL, NULL, NULL, NULL);
INSERT INTO `sys_menu`(`Id`, `SystemTypeId`, `ParentId`, `Layers`, `EnCode`, `FullName`, `Icon`, `UrlAddress`, `Component`, `Target`, `MenuType`, `IsExpand`, `IsFrame`, `IsShow`, `IsCache`, `IsPublic`, `AllowEdit`, `AllowDelete`, `SortCode`, `DeleteMark`, `EnabledMark`, `Description`, `CreatorTime`, `CreatorUserId`, `LastModifyTime`, `LastModifyUserId`, `DeleteTime`, `DeleteUserId`) VALUES ('2021010315304417212621', '201806141508359155', '201806121608404625', 3, 'Menu/List', '列表', '', '', '', NULL, 'F', 0, 0, 0, 0, 0, NULL, NULL, 99, 0, 1, NULL, '2021-01-03 15:30:44', '2020031712130656785909', NULL, NULL, NULL, NULL);
INSERT INTO `sys_menu`(`Id`, `SystemTypeId`, `ParentId`, `Layers`, `EnCode`, `FullName`, `Icon`, `UrlAddress`, `Component`, `Target`, `MenuType`, `IsExpand`, `IsFrame`, `IsShow`, `IsCache`, `IsPublic`, `AllowEdit`, `AllowDelete`, `SortCode`, `DeleteMark`, `EnabledMark`, `Description`, `CreatorTime`, `CreatorUserId`, `LastModifyTime`, `LastModifyUserId`, `DeleteTime`, `DeleteUserId`) VALUES ('2021010315304419294420', '201806141508359155', '201806121608404625', 3, 'Menu/Add', '新增', 'el-icon-plus', '', '', NULL, 'F', 0, 0, 1, 0, 0, NULL, NULL, 1, 0, 1, NULL, '2021-01-03 15:30:44', '2020031712130656785909', NULL, NULL, NULL, NULL);
INSERT INTO `sys_menu`(`Id`, `SystemTypeId`, `ParentId`, `Layers`, `EnCode`, `FullName`, `Icon`, `UrlAddress`, `Component`, `Target`, `MenuType`, `IsExpand`, `IsFrame`, `IsShow`, `IsCache`, `IsPublic`, `AllowEdit`, `AllowDelete`, `SortCode`, `DeleteMark`, `EnabledMark`, `Description`, `CreatorTime`, `CreatorUserId`, `LastModifyTime`, `LastModifyUserId`, `DeleteTime`, `DeleteUserId`) VALUES ('2021010315304421057774', '201806141508359155', '201806121608404625', 3, 'Menu/Edit', '修改', 'el-icon-edit', '', '', NULL, 'F', 0, 0, 1, 0, 0, NULL, NULL, 2, 0, 1, NULL, '2021-01-03 15:30:44', '2020031712130656785909', NULL, NULL, NULL, NULL);
INSERT INTO `sys_menu`(`Id`, `SystemTypeId`, `ParentId`, `Layers`, `EnCode`, `FullName`, `Icon`, `UrlAddress`, `Component`, `Target`, `MenuType`, `IsExpand`, `IsFrame`, `IsShow`, `IsCache`, `IsPublic`, `AllowEdit`, `AllowDelete`, `SortCode`, `DeleteMark`, `EnabledMark`, `Description`, `CreatorTime`, `CreatorUserId`, `LastModifyTime`, `LastModifyUserId`, `DeleteTime`, `DeleteUserId`) VALUES ('2021010315304422692928', '201806141508359155', '201806121608404625', 3, 'Menu/Enable', '禁用', 'el-icon-video-pause', '', '', NULL, 'F', 0, 0, 1, 0, 0, NULL, NULL, 3, 0, 1, NULL, '2021-01-03 15:30:44', '2020031712130656785909', NULL, NULL, NULL, NULL);
INSERT INTO `sys_menu`(`Id`, `SystemTypeId`, `ParentId`, `Layers`, `EnCode`, `FullName`, `Icon`, `UrlAddress`, `Component`, `Target`, `MenuType`, `IsExpand`, `IsFrame`, `IsShow`, `IsCache`, `IsPublic`, `AllowEdit`, `AllowDelete`, `SortCode`, `DeleteMark`, `EnabledMark`, `Description`, `CreatorTime`, `CreatorUserId`, `LastModifyTime`, `LastModifyUserId`, `DeleteTime`, `DeleteUserId`) VALUES ('2021010315304424338490', '201806141508359155', '201806121608404625', 3, 'Menu/Enable', '启用', 'el-icon-video-play', '', '', NULL, 'F', 0, 0, 1, 0, 0, NULL, NULL, 4, 0, 1, NULL, '2021-01-03 15:30:44', '2020031712130656785909', NULL, NULL, NULL, NULL);
INSERT INTO `sys_menu`(`Id`, `SystemTypeId`, `ParentId`, `Layers`, `EnCode`, `FullName`, `Icon`, `UrlAddress`, `Component`, `Target`, `MenuType`, `IsExpand`, `IsFrame`, `IsShow`, `IsCache`, `IsPublic`, `AllowEdit`, `AllowDelete`, `SortCode`, `DeleteMark`, `EnabledMark`, `Description`, `CreatorTime`, `CreatorUserId`, `LastModifyTime`, `LastModifyUserId`, `DeleteTime`, `DeleteUserId`) VALUES ('2021010315304425833907', '201806141508359155', '201806121608404625', 3, 'Menu/DeleteSoft', '软删除', 'el-icon-delete', '', '', NULL, 'F', 0, 0, 1, 0, 0, NULL, NULL, 5, 0, 1, NULL, '2021-01-03 15:30:44', '2020031712130656785909', NULL, NULL, NULL, NULL);
INSERT INTO `sys_menu`(`Id`, `SystemTypeId`, `ParentId`, `Layers`, `EnCode`, `FullName`, `Icon`, `UrlAddress`, `Component`, `Target`, `MenuType`, `IsExpand`, `IsFrame`, `IsShow`, `IsCache`, `IsPublic`, `AllowEdit`, `AllowDelete`, `SortCode`, `DeleteMark`, `EnabledMark`, `Description`, `CreatorTime`, `CreatorUserId`, `LastModifyTime`, `LastModifyUserId`, `DeleteTime`, `DeleteUserId`) VALUES ('2021010315304436069801', '201806141508359155', '201806121608404625', 3, 'Menu/Delete', '删除', 'el-icon-delete', '', '', NULL, 'F', 0, 0, 1, 0, 0, NULL, NULL, 6, 0, 1, NULL, '2021-01-03 15:30:44', '2020031712130656785909', NULL, NULL, NULL, NULL);
INSERT INTO `sys_menu`(`Id`, `SystemTypeId`, `ParentId`, `Layers`, `EnCode`, `FullName`, `Icon`, `UrlAddress`, `Component`, `Target`, `MenuType`, `IsExpand`, `IsFrame`, `IsShow`, `IsCache`, `IsPublic`, `AllowEdit`, `AllowDelete`, `SortCode`, `DeleteMark`, `EnabledMark`, `Description`, `CreatorTime`, `CreatorUserId`, `LastModifyTime`, `LastModifyUserId`, `DeleteTime`, `DeleteUserId`) VALUES ('2021010315315773909706', '201806141508359155', '201806291506346894', 3, 'APP/ResetAppSecret', '重置AppSecret', '', '', '', NULL, 'F', 0, 0, 1, 0, 0, NULL, NULL, 98, 0, 1, NULL, '2021-01-03 15:31:58', '2020031712130656785909', '2021-01-03 15:32:49', '2020031712130656785909', NULL, NULL);
INSERT INTO `sys_menu`(`Id`, `SystemTypeId`, `ParentId`, `Layers`, `EnCode`, `FullName`, `Icon`, `UrlAddress`, `Component`, `Target`, `MenuType`, `IsExpand`, `IsFrame`, `IsShow`, `IsCache`, `IsPublic`, `AllowEdit`, `AllowDelete`, `SortCode`, `DeleteMark`, `EnabledMark`, `Description`, `CreatorTime`, `CreatorUserId`, `LastModifyTime`, `LastModifyUserId`, `DeleteTime`, `DeleteUserId`) VALUES ('2021010315323086026943', '201806141508359155', '201806291506346894', 3, 'APP/ResetEncodingAESKey', '重置消息密钥', 'true', '', '', NULL, 'F', 0, 0, 1, 0, 0, NULL, NULL, 99, 0, 1, NULL, '2021-01-03 15:32:31', '2020031712130656785909', NULL, NULL, NULL, NULL);
INSERT INTO `sys_menu`(`Id`, `SystemTypeId`, `ParentId`, `Layers`, `EnCode`, `FullName`, `Icon`, `UrlAddress`, `Component`, `Target`, `MenuType`, `IsExpand`, `IsFrame`, `IsShow`, `IsCache`, `IsPublic`, `AllowEdit`, `AllowDelete`, `SortCode`, `DeleteMark`, `EnabledMark`, `Description`, `CreatorTime`, `CreatorUserId`, `LastModifyTime`, `LastModifyUserId`, `DeleteTime`, `DeleteUserId`) VALUES ('2021010315340190128841', '201806141508359155', '7', 3, 'Log/Delete', '删除', '', '', '', NULL, 'F', 0, 0, 1, 0, 0, NULL, NULL, 0, 0, 1, NULL, '2021-01-03 15:34:02', '2020031712130656785909', NULL, NULL, NULL, NULL);
INSERT INTO `sys_menu`(`Id`, `SystemTypeId`, `ParentId`, `Layers`, `EnCode`, `FullName`, `Icon`, `UrlAddress`, `Component`, `Target`, `MenuType`, `IsExpand`, `IsFrame`, `IsShow`, `IsCache`, `IsPublic`, `AllowEdit`, `AllowDelete`, `SortCode`, `DeleteMark`, `EnabledMark`, `Description`, `CreatorTime`, `CreatorUserId`, `LastModifyTime`, `LastModifyUserId`, `DeleteTime`, `DeleteUserId`) VALUES ('2021010316040698162073', '201806141508359155', '4', 3, 'User/ModifyPassword', '修改密码', '', '', '', NULL, 'F', 0, 0, 1, 0, 0, NULL, NULL, 99, 0, 1, NULL, '2021-01-03 16:04:07', '2020031712130656785909', NULL, NULL, NULL, NULL);
INSERT INTO `sys_menu`(`Id`, `SystemTypeId`, `ParentId`, `Layers`, `EnCode`, `FullName`, `Icon`, `UrlAddress`, `Component`, `Target`, `MenuType`, `IsExpand`, `IsFrame`, `IsShow`, `IsCache`, `IsPublic`, `AllowEdit`, `AllowDelete`, `SortCode`, `DeleteMark`, `EnabledMark`, `Description`, `CreatorTime`, `CreatorUserId`, `LastModifyTime`, `LastModifyUserId`, `DeleteTime`, `DeleteUserId`) VALUES ('2021010316051714119704', '201806141508359155', '4', 3, 'User/ResetPassword', '重置密码', '', '', '', NULL, 'F', 0, 0, 1, 0, 0, NULL, NULL, 99, 0, 1, NULL, '2021-01-03 16:05:17', '2020031712130656785909', NULL, NULL, NULL, NULL);
INSERT INTO `sys_menu`(`Id`, `SystemTypeId`, `ParentId`, `Layers`, `EnCode`, `FullName`, `Icon`, `UrlAddress`, `Component`, `Target`, `MenuType`, `IsExpand`, `IsFrame`, `IsShow`, `IsCache`, `IsPublic`, `AllowEdit`, `AllowDelete`, `SortCode`, `DeleteMark`, `EnabledMark`, `Description`, `CreatorTime`, `CreatorUserId`, `LastModifyTime`, `LastModifyUserId`, `DeleteTime`, `DeleteUserId`) VALUES ('2021010316083259762810', '201806141508359155', '6', 3, 'ItemsDetail', '字典明细', '', '', '', NULL, 'F', 0, 0, 0, 0, 0, NULL, NULL, 99, 0, 1, NULL, '2021-01-03 16:08:33', '2020031712130656785909', '2021-01-05 21:40:33', '2020031712130656785909', NULL, NULL);
INSERT INTO `sys_menu`(`Id`, `SystemTypeId`, `ParentId`, `Layers`, `EnCode`, `FullName`, `Icon`, `UrlAddress`, `Component`, `Target`, `MenuType`, `IsExpand`, `IsFrame`, `IsShow`, `IsCache`, `IsPublic`, `AllowEdit`, `AllowDelete`, `SortCode`, `DeleteMark`, `EnabledMark`, `Description`, `CreatorTime`, `CreatorUserId`, `LastModifyTime`, `LastModifyUserId`, `DeleteTime`, `DeleteUserId`) VALUES ('2021010316100009998659', '201806141508359155', '2021010316083259762810', 4, 'ItemsDetail/List', '列表', '', '', '', NULL, 'F', 0, 0, 0, 0, 0, NULL, NULL, 99, 0, 1, NULL, '2021-01-03 16:10:00', '2020031712130656785909', '2021-01-05 21:41:25', '2020031712130656785909', NULL, NULL);
INSERT INTO `sys_menu`(`Id`, `SystemTypeId`, `ParentId`, `Layers`, `EnCode`, `FullName`, `Icon`, `UrlAddress`, `Component`, `Target`, `MenuType`, `IsExpand`, `IsFrame`, `IsShow`, `IsCache`, `IsPublic`, `AllowEdit`, `AllowDelete`, `SortCode`, `DeleteMark`, `EnabledMark`, `Description`, `CreatorTime`, `CreatorUserId`, `LastModifyTime`, `LastModifyUserId`, `DeleteTime`, `DeleteUserId`) VALUES ('2021010316100011385581', '201806141508359155', '2021010316083259762810', 4, 'ItemsDetail/Add', '明细新增', 'el-icon-plus', '', '', NULL, 'F', 0, 0, 1, 0, 0, NULL, NULL, 1, 0, 1, NULL, '2021-01-03 16:10:00', '2020031712130656785909', '2021-01-05 21:42:21', '2020031712130656785909', NULL, NULL);
INSERT INTO `sys_menu`(`Id`, `SystemTypeId`, `ParentId`, `Layers`, `EnCode`, `FullName`, `Icon`, `UrlAddress`, `Component`, `Target`, `MenuType`, `IsExpand`, `IsFrame`, `IsShow`, `IsCache`, `IsPublic`, `AllowEdit`, `AllowDelete`, `SortCode`, `DeleteMark`, `EnabledMark`, `Description`, `CreatorTime`, `CreatorUserId`, `LastModifyTime`, `LastModifyUserId`, `DeleteTime`, `DeleteUserId`) VALUES ('2021010316100012707325', '201806141508359155', '2021010316083259762810', 4, 'ItemsDetail/Edit', '修改', 'el-icon-edit', '', '', NULL, 'F', 0, 0, 1, 0, 0, NULL, NULL, 2, 0, 1, NULL, '2021-01-03 16:10:00', '2020031712130656785909', '2021-01-05 21:42:34', '2020031712130656785909', NULL, NULL);
INSERT INTO `sys_menu`(`Id`, `SystemTypeId`, `ParentId`, `Layers`, `EnCode`, `FullName`, `Icon`, `UrlAddress`, `Component`, `Target`, `MenuType`, `IsExpand`, `IsFrame`, `IsShow`, `IsCache`, `IsPublic`, `AllowEdit`, `AllowDelete`, `SortCode`, `DeleteMark`, `EnabledMark`, `Description`, `CreatorTime`, `CreatorUserId`, `LastModifyTime`, `LastModifyUserId`, `DeleteTime`, `DeleteUserId`) VALUES ('2021010316100014008890', '201806141508359155', '2021010316083259762810', 4, 'ItemsDetail/Enable', '禁用', 'el-icon-video-pause', '', '', NULL, 'F', 0, 0, 1, 0, 0, NULL, NULL, 3, 0, 1, NULL, '2021-01-03 16:10:00', '2020031712130656785909', '2021-01-05 21:42:45', '2020031712130656785909', NULL, NULL);
INSERT INTO `sys_menu`(`Id`, `SystemTypeId`, `ParentId`, `Layers`, `EnCode`, `FullName`, `Icon`, `UrlAddress`, `Component`, `Target`, `MenuType`, `IsExpand`, `IsFrame`, `IsShow`, `IsCache`, `IsPublic`, `AllowEdit`, `AllowDelete`, `SortCode`, `DeleteMark`, `EnabledMark`, `Description`, `CreatorTime`, `CreatorUserId`, `LastModifyTime`, `LastModifyUserId`, `DeleteTime`, `DeleteUserId`) VALUES ('2021010316100015306916', '201806141508359155', '2021010316083259762810', 4, 'ItemsDetail/Enable', '启用', 'el-icon-video-play', '', '', NULL, 'F', 0, 0, 1, 0, 0, NULL, NULL, 4, 0, 1, NULL, '2021-01-03 16:10:00', '2020031712130656785909', '2021-01-05 21:42:58', '2020031712130656785909', NULL, NULL);
INSERT INTO `sys_menu`(`Id`, `SystemTypeId`, `ParentId`, `Layers`, `EnCode`, `FullName`, `Icon`, `UrlAddress`, `Component`, `Target`, `MenuType`, `IsExpand`, `IsFrame`, `IsShow`, `IsCache`, `IsPublic`, `AllowEdit`, `AllowDelete`, `SortCode`, `DeleteMark`, `EnabledMark`, `Description`, `CreatorTime`, `CreatorUserId`, `LastModifyTime`, `LastModifyUserId`, `DeleteTime`, `DeleteUserId`) VALUES ('2021010316100016609991', '201806141508359155', '2021010316083259762810', 4, 'ItemsDetail/DeleteSoft', '软删除', 'el-icon-delete', '', '', NULL, 'F', 0, 0, 1, 0, 0, NULL, NULL, 5, 0, 1, NULL, '2021-01-03 16:10:00', '2020031712130656785909', '2021-01-05 21:42:06', '2020031712130656785909', NULL, NULL);
INSERT INTO `sys_menu`(`Id`, `SystemTypeId`, `ParentId`, `Layers`, `EnCode`, `FullName`, `Icon`, `UrlAddress`, `Component`, `Target`, `MenuType`, `IsExpand`, `IsFrame`, `IsShow`, `IsCache`, `IsPublic`, `AllowEdit`, `AllowDelete`, `SortCode`, `DeleteMark`, `EnabledMark`, `Description`, `CreatorTime`, `CreatorUserId`, `LastModifyTime`, `LastModifyUserId`, `DeleteTime`, `DeleteUserId`) VALUES ('2021010316100018015698', '201806141508359155', '2021010316083259762810', 4, 'ItemsDetail/Delete', '删除', 'el-icon-delete', '', '', NULL, 'F', 0, 0, 1, 0, 0, NULL, NULL, 6, 0, 1, NULL, '2021-01-03 16:10:00', '2020031712130656785909', '2021-01-05 21:41:53', '2020031712130656785909', NULL, NULL);
INSERT INTO `sys_menu`(`Id`, `SystemTypeId`, `ParentId`, `Layers`, `EnCode`, `FullName`, `Icon`, `UrlAddress`, `Component`, `Target`, `MenuType`, `IsExpand`, `IsFrame`, `IsShow`, `IsCache`, `IsPublic`, `AllowEdit`, `AllowDelete`, `SortCode`, `DeleteMark`, `EnabledMark`, `Description`, `CreatorTime`, `CreatorUserId`, `LastModifyTime`, `LastModifyUserId`, `DeleteTime`, `DeleteUserId`) VALUES ('2021010316453710775564', '201806141508359155', '2020042316122987266087', 3, 'UploadFile/List', '列表', '', '', '', NULL, 'F', 0, 0, 0, 0, 0, NULL, NULL, 99, 0, 1, NULL, '2021-01-03 16:45:37', '2020031712130656785909', '2021-01-03 19:05:56', '2020031712130656785909', NULL, NULL);
INSERT INTO `sys_menu`(`Id`, `SystemTypeId`, `ParentId`, `Layers`, `EnCode`, `FullName`, `Icon`, `UrlAddress`, `Component`, `Target`, `MenuType`, `IsExpand`, `IsFrame`, `IsShow`, `IsCache`, `IsPublic`, `AllowEdit`, `AllowDelete`, `SortCode`, `DeleteMark`, `EnabledMark`, `Description`, `CreatorTime`, `CreatorUserId`, `LastModifyTime`, `LastModifyUserId`, `DeleteTime`, `DeleteUserId`) VALUES ('2021010316453713145150', '201806141508359155', '2020042316122987266087', 3, 'UploadFile/Add', '新增', 'el-icon-plus', '', '', NULL, 'F', 0, 0, 1, 0, 0, NULL, NULL, 1, 0, 1, NULL, '2021-01-03 16:45:37', '2020031712130656785909', NULL, NULL, NULL, NULL);
INSERT INTO `sys_menu`(`Id`, `SystemTypeId`, `ParentId`, `Layers`, `EnCode`, `FullName`, `Icon`, `UrlAddress`, `Component`, `Target`, `MenuType`, `IsExpand`, `IsFrame`, `IsShow`, `IsCache`, `IsPublic`, `AllowEdit`, `AllowDelete`, `SortCode`, `DeleteMark`, `EnabledMark`, `Description`, `CreatorTime`, `CreatorUserId`, `LastModifyTime`, `LastModifyUserId`, `DeleteTime`, `DeleteUserId`) VALUES ('2021010316453714778755', '201806141508359155', '2020042316122987266087', 3, 'UploadFile/Edit', '修改', 'el-icon-edit', '', '', NULL, 'F', 0, 0, 1, 0, 0, NULL, NULL, 2, 0, 1, NULL, '2021-01-03 16:45:37', '2020031712130656785909', NULL, NULL, NULL, NULL);
INSERT INTO `sys_menu`(`Id`, `SystemTypeId`, `ParentId`, `Layers`, `EnCode`, `FullName`, `Icon`, `UrlAddress`, `Component`, `Target`, `MenuType`, `IsExpand`, `IsFrame`, `IsShow`, `IsCache`, `IsPublic`, `AllowEdit`, `AllowDelete`, `SortCode`, `DeleteMark`, `EnabledMark`, `Description`, `CreatorTime`, `CreatorUserId`, `LastModifyTime`, `LastModifyUserId`, `DeleteTime`, `DeleteUserId`) VALUES ('2021010316453715932821', '201806141508359155', '2020042316122987266087', 3, 'UploadFile/Enable', '禁用', 'el-icon-video-pause', '', '', NULL, 'F', 0, 0, 1, 0, 0, NULL, NULL, 3, 0, 1, NULL, '2021-01-03 16:45:37', '2020031712130656785909', NULL, NULL, NULL, NULL);
INSERT INTO `sys_menu`(`Id`, `SystemTypeId`, `ParentId`, `Layers`, `EnCode`, `FullName`, `Icon`, `UrlAddress`, `Component`, `Target`, `MenuType`, `IsExpand`, `IsFrame`, `IsShow`, `IsCache`, `IsPublic`, `AllowEdit`, `AllowDelete`, `SortCode`, `DeleteMark`, `EnabledMark`, `Description`, `CreatorTime`, `CreatorUserId`, `LastModifyTime`, `LastModifyUserId`, `DeleteTime`, `DeleteUserId`) VALUES ('2021010316453717238579', '201806141508359155', '2020042316122987266087', 3, 'UploadFile/Enable', '启用', 'el-icon-video-play', '', '', NULL, 'F', 0, 0, 1, 0, 0, NULL, NULL, 4, 0, 1, NULL, '2021-01-03 16:45:37', '2020031712130656785909', NULL, NULL, NULL, NULL);
INSERT INTO `sys_menu`(`Id`, `SystemTypeId`, `ParentId`, `Layers`, `EnCode`, `FullName`, `Icon`, `UrlAddress`, `Component`, `Target`, `MenuType`, `IsExpand`, `IsFrame`, `IsShow`, `IsCache`, `IsPublic`, `AllowEdit`, `AllowDelete`, `SortCode`, `DeleteMark`, `EnabledMark`, `Description`, `CreatorTime`, `CreatorUserId`, `LastModifyTime`, `LastModifyUserId`, `DeleteTime`, `DeleteUserId`) VALUES ('2021010316453718652652', '201806141508359155', '2020042316122987266087', 3, 'UploadFile/DeleteSoft', '软删除', 'el-icon-delete', '', '', NULL, 'F', 0, 0, 1, 0, 0, NULL, NULL, 5, 0, 1, NULL, '2021-01-03 16:45:37', '2020031712130656785909', NULL, NULL, NULL, NULL);
INSERT INTO `sys_menu`(`Id`, `SystemTypeId`, `ParentId`, `Layers`, `EnCode`, `FullName`, `Icon`, `UrlAddress`, `Component`, `Target`, `MenuType`, `IsExpand`, `IsFrame`, `IsShow`, `IsCache`, `IsPublic`, `AllowEdit`, `AllowDelete`, `SortCode`, `DeleteMark`, `EnabledMark`, `Description`, `CreatorTime`, `CreatorUserId`, `LastModifyTime`, `LastModifyUserId`, `DeleteTime`, `DeleteUserId`) VALUES ('2021010316453719872053', '201806141508359155', '2020042316122987266087', 3, 'UploadFile/Delete', '删除', 'el-icon-delete', '', '', NULL, 'F', 0, 0, 1, 0, 0, NULL, NULL, 6, 0, 1, NULL, '2021-01-03 16:45:37', '2020031712130656785909', NULL, NULL, NULL, NULL);
INSERT INTO `sys_menu`(`Id`, `SystemTypeId`, `ParentId`, `Layers`, `EnCode`, `FullName`, `Icon`, `UrlAddress`, `Component`, `Target`, `MenuType`, `IsExpand`, `IsFrame`, `IsShow`, `IsCache`, `IsPublic`, `AllowEdit`, `AllowDelete`, `SortCode`, `DeleteMark`, `EnabledMark`, `Description`, `CreatorTime`, `CreatorUserId`, `LastModifyTime`, `LastModifyUserId`, `DeleteTime`, `DeleteUserId`) VALUES ('2021010320121395837658', '201806141508359155', '3', 3, 'Organize/List', '列表', '', '', '', NULL, 'F', 0, 0, 0, 0, 0, NULL, NULL, 99, 0, 1, NULL, '2021-01-03 20:12:14', '2020031712130656785909', NULL, NULL, NULL, NULL);
INSERT INTO `sys_menu`(`Id`, `SystemTypeId`, `ParentId`, `Layers`, `EnCode`, `FullName`, `Icon`, `UrlAddress`, `Component`, `Target`, `MenuType`, `IsExpand`, `IsFrame`, `IsShow`, `IsCache`, `IsPublic`, `AllowEdit`, `AllowDelete`, `SortCode`, `DeleteMark`, `EnabledMark`, `Description`, `CreatorTime`, `CreatorUserId`, `LastModifyTime`, `LastModifyUserId`, `DeleteTime`, `DeleteUserId`) VALUES ('2021010321015604704406', '201806141508359155', '2020110314165224964779', 3, 'TaskJobsLog/List', '列表', '', '', '', NULL, 'F', 0, 0, 0, 0, 0, NULL, NULL, 0, 0, 1, NULL, '2021-01-03 21:01:56', '2020031712130656785909', NULL, NULL, NULL, NULL);
INSERT INTO `sys_menu`(`Id`, `SystemTypeId`, `ParentId`, `Layers`, `EnCode`, `FullName`, `Icon`, `UrlAddress`, `Component`, `Target`, `MenuType`, `IsExpand`, `IsFrame`, `IsShow`, `IsCache`, `IsPublic`, `AllowEdit`, `AllowDelete`, `SortCode`, `DeleteMark`, `EnabledMark`, `Description`, `CreatorTime`, `CreatorUserId`, `LastModifyTime`, `LastModifyUserId`, `DeleteTime`, `DeleteUserId`) VALUES ('2021010321100441931251', '201806141508359155', '2020110314220971767837', 3, 'Log/Delete', '删除', '', '', '', NULL, 'F', 0, 0, 1, 0, 0, NULL, NULL, 0, 0, 1, NULL, '2021-01-03 21:10:04', '2020031712130656785909', NULL, NULL, NULL, NULL);
INSERT INTO `sys_menu`(`Id`, `SystemTypeId`, `ParentId`, `Layers`, `EnCode`, `FullName`, `Icon`, `UrlAddress`, `Component`, `Target`, `MenuType`, `IsExpand`, `IsFrame`, `IsShow`, `IsCache`, `IsPublic`, `AllowEdit`, `AllowDelete`, `SortCode`, `DeleteMark`, `EnabledMark`, `Description`, `CreatorTime`, `CreatorUserId`, `LastModifyTime`, `LastModifyUserId`, `DeleteTime`, `DeleteUserId`) VALUES ('2021010321102869902680', '201806141508359155', '2020110314224299715445', 3, 'Log/Delete', '删除', '', '', '', NULL, 'F', 0, 0, 1, 0, 0, NULL, NULL, 0, 0, 1, NULL, '2021-01-03 21:10:29', '2020031712130656785909', NULL, NULL, NULL, NULL);
INSERT INTO `sys_menu`(`Id`, `SystemTypeId`, `ParentId`, `Layers`, `EnCode`, `FullName`, `Icon`, `UrlAddress`, `Component`, `Target`, `MenuType`, `IsExpand`, `IsFrame`, `IsShow`, `IsCache`, `IsPublic`, `AllowEdit`, `AllowDelete`, `SortCode`, `DeleteMark`, `EnabledMark`, `Description`, `CreatorTime`, `CreatorUserId`, `LastModifyTime`, `LastModifyUserId`, `DeleteTime`, `DeleteUserId`) VALUES ('2021010321105884295252', '201806141508359155', '2020110314231504343408', 3, 'Log/Delete', '删除', 'true', '', '', NULL, 'F', 0, 0, 1, 0, 0, NULL, NULL, 0, 0, 1, NULL, '2021-01-03 21:10:59', '2020031712130656785909', NULL, NULL, NULL, NULL);
INSERT INTO `sys_menu`(`Id`, `SystemTypeId`, `ParentId`, `Layers`, `EnCode`, `FullName`, `Icon`, `UrlAddress`, `Component`, `Target`, `MenuType`, `IsExpand`, `IsFrame`, `IsShow`, `IsCache`, `IsPublic`, `AllowEdit`, `AllowDelete`, `SortCode`, `DeleteMark`, `EnabledMark`, `Description`, `CreatorTime`, `CreatorUserId`, `LastModifyTime`, `LastModifyUserId`, `DeleteTime`, `DeleteUserId`) VALUES ('2021010612383675183980', '201806141508359155', '', 1, 'Cms', '文章管理', 'icon-emaxcitygerenxinxitubiaoji03', '/cms', '', NULL, 'C', 0, 0, 1, 0, 0, NULL, NULL, 1999, 0, 1, NULL, '2021-01-06 12:38:37', '9f2ec079-7d0f-4fe2-90ab-8b09a8302aba', '2021-01-06 13:04:54', '9f2ec079-7d0f-4fe2-90ab-8b09a8302aba', NULL, NULL);
INSERT INTO `sys_menu`(`Id`, `SystemTypeId`, `ParentId`, `Layers`, `EnCode`, `FullName`, `Icon`, `UrlAddress`, `Component`, `Target`, `MenuType`, `IsExpand`, `IsFrame`, `IsShow`, `IsCache`, `IsPublic`, `AllowEdit`, `AllowDelete`, `SortCode`, `DeleteMark`, `EnabledMark`, `Description`, `CreatorTime`, `CreatorUserId`, `LastModifyTime`, `LastModifyUserId`, `DeleteTime`, `DeleteUserId`) VALUES ('2021010612464998158840', '201806141508359155', '2021010612383675183980', 2, 'Articlecategory', '文章分类', 'icon-xuhao', '/articlecategory/index', 'articlecategory/index', NULL, 'M', 0, 0, 1, 0, 0, NULL, NULL, 99, 0, 1, NULL, '2021-01-06 12:46:50', '9f2ec079-7d0f-4fe2-90ab-8b09a8302aba', '2021-01-06 13:05:33', '9f2ec079-7d0f-4fe2-90ab-8b09a8302aba', NULL, NULL);
INSERT INTO `sys_menu`(`Id`, `SystemTypeId`, `ParentId`, `Layers`, `EnCode`, `FullName`, `Icon`, `UrlAddress`, `Component`, `Target`, `MenuType`, `IsExpand`, `IsFrame`, `IsShow`, `IsCache`, `IsPublic`, `AllowEdit`, `AllowDelete`, `SortCode`, `DeleteMark`, `EnabledMark`, `Description`, `CreatorTime`, `CreatorUserId`, `LastModifyTime`, `LastModifyUserId`, `DeleteTime`, `DeleteUserId`) VALUES ('2021010612491813391450', '201806141508359155', '2021010612464998158840', 3, 'Articlecategory/List', '列表', '', '', '', NULL, 'F', 0, 0, 1, 0, 0, NULL, NULL, 99, 0, 1, NULL, '2021-01-06 12:49:18', '9f2ec079-7d0f-4fe2-90ab-8b09a8302aba', NULL, NULL, NULL, NULL);
INSERT INTO `sys_menu`(`Id`, `SystemTypeId`, `ParentId`, `Layers`, `EnCode`, `FullName`, `Icon`, `UrlAddress`, `Component`, `Target`, `MenuType`, `IsExpand`, `IsFrame`, `IsShow`, `IsCache`, `IsPublic`, `AllowEdit`, `AllowDelete`, `SortCode`, `DeleteMark`, `EnabledMark`, `Description`, `CreatorTime`, `CreatorUserId`, `LastModifyTime`, `LastModifyUserId`, `DeleteTime`, `DeleteUserId`) VALUES ('2021010612491819924157', '201806141508359155', '2021010612464998158840', 3, 'Articlecategory/Add', '新增', 'el-icon-plus', '', '', NULL, 'F', 0, 0, 1, 0, 0, NULL, NULL, 1, 0, 1, NULL, '2021-01-06 12:49:18', '9f2ec079-7d0f-4fe2-90ab-8b09a8302aba', NULL, NULL, NULL, NULL);
INSERT INTO `sys_menu`(`Id`, `SystemTypeId`, `ParentId`, `Layers`, `EnCode`, `FullName`, `Icon`, `UrlAddress`, `Component`, `Target`, `MenuType`, `IsExpand`, `IsFrame`, `IsShow`, `IsCache`, `IsPublic`, `AllowEdit`, `AllowDelete`, `SortCode`, `DeleteMark`, `EnabledMark`, `Description`, `CreatorTime`, `CreatorUserId`, `LastModifyTime`, `LastModifyUserId`, `DeleteTime`, `DeleteUserId`) VALUES ('2021010612491822062867', '201806141508359155', '2021010612464998158840', 3, 'Articlecategory/Edit', '修改', 'el-icon-edit', '', '', NULL, 'F', 0, 0, 1, 0, 0, NULL, NULL, 2, 0, 1, NULL, '2021-01-06 12:49:18', '9f2ec079-7d0f-4fe2-90ab-8b09a8302aba', NULL, NULL, NULL, NULL);
INSERT INTO `sys_menu`(`Id`, `SystemTypeId`, `ParentId`, `Layers`, `EnCode`, `FullName`, `Icon`, `UrlAddress`, `Component`, `Target`, `MenuType`, `IsExpand`, `IsFrame`, `IsShow`, `IsCache`, `IsPublic`, `AllowEdit`, `AllowDelete`, `SortCode`, `DeleteMark`, `EnabledMark`, `Description`, `CreatorTime`, `CreatorUserId`, `LastModifyTime`, `LastModifyUserId`, `DeleteTime`, `DeleteUserId`) VALUES ('2021010612491831898409', '201806141508359155', '2021010612464998158840', 3, 'Articlecategory/Enable', '禁用', 'el-icon-video-pause', '', '', NULL, 'F', 0, 0, 1, 0, 0, NULL, NULL, 3, 0, 1, NULL, '2021-01-06 12:49:18', '9f2ec079-7d0f-4fe2-90ab-8b09a8302aba', NULL, NULL, NULL, NULL);
INSERT INTO `sys_menu`(`Id`, `SystemTypeId`, `ParentId`, `Layers`, `EnCode`, `FullName`, `Icon`, `UrlAddress`, `Component`, `Target`, `MenuType`, `IsExpand`, `IsFrame`, `IsShow`, `IsCache`, `IsPublic`, `AllowEdit`, `AllowDelete`, `SortCode`, `DeleteMark`, `EnabledMark`, `Description`, `CreatorTime`, `CreatorUserId`, `LastModifyTime`, `LastModifyUserId`, `DeleteTime`, `DeleteUserId`) VALUES ('2021010612491833636611', '201806141508359155', '2021010612464998158840', 3, 'Articlecategory/Enable', '启用', 'el-icon-video-play', '', '', NULL, 'F', 0, 0, 1, 0, 0, NULL, NULL, 4, 0, 1, NULL, '2021-01-06 12:49:18', '9f2ec079-7d0f-4fe2-90ab-8b09a8302aba', NULL, NULL, NULL, NULL);
INSERT INTO `sys_menu`(`Id`, `SystemTypeId`, `ParentId`, `Layers`, `EnCode`, `FullName`, `Icon`, `UrlAddress`, `Component`, `Target`, `MenuType`, `IsExpand`, `IsFrame`, `IsShow`, `IsCache`, `IsPublic`, `AllowEdit`, `AllowDelete`, `SortCode`, `DeleteMark`, `EnabledMark`, `Description`, `CreatorTime`, `CreatorUserId`, `LastModifyTime`, `LastModifyUserId`, `DeleteTime`, `DeleteUserId`) VALUES ('2021010612491835335516', '201806141508359155', '2021010612464998158840', 3, 'Articlecategory/DeleteSoft', '软删除', 'el-icon-delete', '', '', NULL, 'F', 0, 0, 1, 0, 0, NULL, NULL, 5, 0, 1, NULL, '2021-01-06 12:49:18', '9f2ec079-7d0f-4fe2-90ab-8b09a8302aba', NULL, NULL, NULL, NULL);
INSERT INTO `sys_menu`(`Id`, `SystemTypeId`, `ParentId`, `Layers`, `EnCode`, `FullName`, `Icon`, `UrlAddress`, `Component`, `Target`, `MenuType`, `IsExpand`, `IsFrame`, `IsShow`, `IsCache`, `IsPublic`, `AllowEdit`, `AllowDelete`, `SortCode`, `DeleteMark`, `EnabledMark`, `Description`, `CreatorTime`, `CreatorUserId`, `LastModifyTime`, `LastModifyUserId`, `DeleteTime`, `DeleteUserId`) VALUES ('2021010612491836859838', '201806141508359155', '2021010612464998158840', 3, 'Articlecategory/Delete', '删除', 'el-icon-delete', '', '', NULL, 'F', 0, 0, 1, 0, 0, NULL, NULL, 6, 0, 1, NULL, '2021-01-06 12:49:18', '9f2ec079-7d0f-4fe2-90ab-8b09a8302aba', NULL, NULL, NULL, NULL);
INSERT INTO `sys_menu`(`Id`, `SystemTypeId`, `ParentId`, `Layers`, `EnCode`, `FullName`, `Icon`, `UrlAddress`, `Component`, `Target`, `MenuType`, `IsExpand`, `IsFrame`, `IsShow`, `IsCache`, `IsPublic`, `AllowEdit`, `AllowDelete`, `SortCode`, `DeleteMark`, `EnabledMark`, `Description`, `CreatorTime`, `CreatorUserId`, `LastModifyTime`, `LastModifyUserId`, `DeleteTime`, `DeleteUserId`) VALUES ('2021010612514163234452', '201806141508359155', '2021010612383675183980', 2, 'Articlenews', '文章列表', 'icon-emaxcitygerenxinxitubiaoji03', '/articlenews/index', 'articlenews/index', NULL, 'M', 0, 0, 1, 0, 0, NULL, NULL, 99, 0, 1, NULL, '2021-01-06 12:51:42', '9f2ec079-7d0f-4fe2-90ab-8b09a8302aba', '2021-01-06 13:04:41', '9f2ec079-7d0f-4fe2-90ab-8b09a8302aba', NULL, NULL);
INSERT INTO `sys_menu`(`Id`, `SystemTypeId`, `ParentId`, `Layers`, `EnCode`, `FullName`, `Icon`, `UrlAddress`, `Component`, `Target`, `MenuType`, `IsExpand`, `IsFrame`, `IsShow`, `IsCache`, `IsPublic`, `AllowEdit`, `AllowDelete`, `SortCode`, `DeleteMark`, `EnabledMark`, `Description`, `CreatorTime`, `CreatorUserId`, `LastModifyTime`, `LastModifyUserId`, `DeleteTime`, `DeleteUserId`) VALUES ('2021010612522823068793', '201806141508359155', '2021010612514163234452', 3, 'Articlenews/List', '列表', '', '', '', NULL, 'F', 0, 0, 1, 0, 0, NULL, NULL, 99, 0, 1, NULL, '2021-01-06 12:52:28', '9f2ec079-7d0f-4fe2-90ab-8b09a8302aba', NULL, NULL, NULL, NULL);
INSERT INTO `sys_menu`(`Id`, `SystemTypeId`, `ParentId`, `Layers`, `EnCode`, `FullName`, `Icon`, `UrlAddress`, `Component`, `Target`, `MenuType`, `IsExpand`, `IsFrame`, `IsShow`, `IsCache`, `IsPublic`, `AllowEdit`, `AllowDelete`, `SortCode`, `DeleteMark`, `EnabledMark`, `Description`, `CreatorTime`, `CreatorUserId`, `LastModifyTime`, `LastModifyUserId`, `DeleteTime`, `DeleteUserId`) VALUES ('2021010612522824805771', '201806141508359155', '2021010612514163234452', 3, 'Articlenews/Add', '新增', 'el-icon-plus', '', '', NULL, 'F', 0, 0, 1, 0, 0, NULL, NULL, 1, 0, 1, NULL, '2021-01-06 12:52:28', '9f2ec079-7d0f-4fe2-90ab-8b09a8302aba', NULL, NULL, NULL, NULL);
INSERT INTO `sys_menu`(`Id`, `SystemTypeId`, `ParentId`, `Layers`, `EnCode`, `FullName`, `Icon`, `UrlAddress`, `Component`, `Target`, `MenuType`, `IsExpand`, `IsFrame`, `IsShow`, `IsCache`, `IsPublic`, `AllowEdit`, `AllowDelete`, `SortCode`, `DeleteMark`, `EnabledMark`, `Description`, `CreatorTime`, `CreatorUserId`, `LastModifyTime`, `LastModifyUserId`, `DeleteTime`, `DeleteUserId`) VALUES ('2021010612522826599230', '201806141508359155', '2021010612514163234452', 3, 'Articlenews/Edit', '修改', 'el-icon-edit', '', '', NULL, 'F', 0, 0, 1, 0, 0, NULL, NULL, 2, 0, 1, NULL, '2021-01-06 12:52:28', '9f2ec079-7d0f-4fe2-90ab-8b09a8302aba', NULL, NULL, NULL, NULL);
INSERT INTO `sys_menu`(`Id`, `SystemTypeId`, `ParentId`, `Layers`, `EnCode`, `FullName`, `Icon`, `UrlAddress`, `Component`, `Target`, `MenuType`, `IsExpand`, `IsFrame`, `IsShow`, `IsCache`, `IsPublic`, `AllowEdit`, `AllowDelete`, `SortCode`, `DeleteMark`, `EnabledMark`, `Description`, `CreatorTime`, `CreatorUserId`, `LastModifyTime`, `LastModifyUserId`, `DeleteTime`, `DeleteUserId`) VALUES ('2021010612522828498318', '201806141508359155', '2021010612514163234452', 3, 'Articlenews/Enable', '禁用', 'el-icon-video-pause', '', '', NULL, 'F', 0, 0, 1, 0, 0, NULL, NULL, 3, 0, 1, NULL, '2021-01-06 12:52:28', '9f2ec079-7d0f-4fe2-90ab-8b09a8302aba', NULL, NULL, NULL, NULL);
INSERT INTO `sys_menu`(`Id`, `SystemTypeId`, `ParentId`, `Layers`, `EnCode`, `FullName`, `Icon`, `UrlAddress`, `Component`, `Target`, `MenuType`, `IsExpand`, `IsFrame`, `IsShow`, `IsCache`, `IsPublic`, `AllowEdit`, `AllowDelete`, `SortCode`, `DeleteMark`, `EnabledMark`, `Description`, `CreatorTime`, `CreatorUserId`, `LastModifyTime`, `LastModifyUserId`, `DeleteTime`, `DeleteUserId`) VALUES ('2021010612522830229383', '201806141508359155', '2021010612514163234452', 3, 'Articlenews/Enable', '启用', 'el-icon-video-play', '', '', NULL, 'F', 0, 0, 1, 0, 0, NULL, NULL, 4, 0, 1, NULL, '2021-01-06 12:52:28', '9f2ec079-7d0f-4fe2-90ab-8b09a8302aba', NULL, NULL, NULL, NULL);
INSERT INTO `sys_menu`(`Id`, `SystemTypeId`, `ParentId`, `Layers`, `EnCode`, `FullName`, `Icon`, `UrlAddress`, `Component`, `Target`, `MenuType`, `IsExpand`, `IsFrame`, `IsShow`, `IsCache`, `IsPublic`, `AllowEdit`, `AllowDelete`, `SortCode`, `DeleteMark`, `EnabledMark`, `Description`, `CreatorTime`, `CreatorUserId`, `LastModifyTime`, `LastModifyUserId`, `DeleteTime`, `DeleteUserId`) VALUES ('2021010612522832039767', '201806141508359155', '2021010612514163234452', 3, 'Articlenews/DeleteSoft', '软删除', 'el-icon-delete', '', '', NULL, 'F', 0, 0, 1, 0, 0, NULL, NULL, 5, 0, 1, NULL, '2021-01-06 12:52:28', '9f2ec079-7d0f-4fe2-90ab-8b09a8302aba', NULL, NULL, NULL, NULL);
INSERT INTO `sys_menu`(`Id`, `SystemTypeId`, `ParentId`, `Layers`, `EnCode`, `FullName`, `Icon`, `UrlAddress`, `Component`, `Target`, `MenuType`, `IsExpand`, `IsFrame`, `IsShow`, `IsCache`, `IsPublic`, `AllowEdit`, `AllowDelete`, `SortCode`, `DeleteMark`, `EnabledMark`, `Description`, `CreatorTime`, `CreatorUserId`, `LastModifyTime`, `LastModifyUserId`, `DeleteTime`, `DeleteUserId`) VALUES ('2021010612522833744963', '201806141508359155', '2021010612514163234452', 3, 'Articlenews/Delete', '删除', 'el-icon-delete', '', '', NULL, 'F', 0, 0, 1, 0, 0, NULL, NULL, 6, 0, 1, NULL, '2021-01-06 12:52:28', '9f2ec079-7d0f-4fe2-90ab-8b09a8302aba', NULL, NULL, NULL, NULL);
INSERT INTO `sys_menu`(`Id`, `SystemTypeId`, `ParentId`, `Layers`, `EnCode`, `FullName`, `Icon`, `UrlAddress`, `Component`, `Target`, `MenuType`, `IsExpand`, `IsFrame`, `IsShow`, `IsCache`, `IsPublic`, `AllowEdit`, `AllowDelete`, `SortCode`, `DeleteMark`, `EnabledMark`, `Description`, `CreatorTime`, `CreatorUserId`, `LastModifyTime`, `LastModifyUserId`, `DeleteTime`, `DeleteUserId`) VALUES ('3', '201806141508359155', '1', 2, 'Organize', '机构管理', 'icon-jigou', '/organize/index', 'organize/index', 'iframe', 'M', 0, 0, 1, 0, 0, 1, 1, 1, 0, 1, NULL, '2018-06-03 00:00:00', '9f2ec079-7d0f-4fe2-90ab-8b09a8302aba', '2021-01-03 15:57:36', '2020031712130656785909', '2001-01-01 00:00:00', NULL);
INSERT INTO `sys_menu`(`Id`, `SystemTypeId`, `ParentId`, `Layers`, `EnCode`, `FullName`, `Icon`, `UrlAddress`, `Component`, `Target`, `MenuType`, `IsExpand`, `IsFrame`, `IsShow`, `IsCache`, `IsPublic`, `AllowEdit`, `AllowDelete`, `SortCode`, `DeleteMark`, `EnabledMark`, `Description`, `CreatorTime`, `CreatorUserId`, `LastModifyTime`, `LastModifyUserId`, `DeleteTime`, `DeleteUserId`) VALUES ('4', '201806141508359155', '1', 2, 'User', '用户管理', 'icon-friend', '/user/index', 'user/index', 'iframe', 'M', 0, 0, 1, 0, 0, 1, 1, 3, 0, 1, NULL, '2018-06-03 00:00:00', '9f2ec079-7d0f-4fe2-90ab-8b09a8302aba', '2021-01-03 16:05:49', '2020031712130656785909', '2001-01-01 00:00:00', NULL);
INSERT INTO `sys_menu`(`Id`, `SystemTypeId`, `ParentId`, `Layers`, `EnCode`, `FullName`, `Icon`, `UrlAddress`, `Component`, `Target`, `MenuType`, `IsExpand`, `IsFrame`, `IsShow`, `IsCache`, `IsPublic`, `AllowEdit`, `AllowDelete`, `SortCode`, `DeleteMark`, `EnabledMark`, `Description`, `CreatorTime`, `CreatorUserId`, `LastModifyTime`, `LastModifyUserId`, `DeleteTime`, `DeleteUserId`) VALUES ('5', '201806141508359155', '1', 2, 'Role', '岗位角色', 'icon-jiaose3-01', '/role/index', 'role/index', 'iframe', 'M', 0, 0, 1, 0, 0, 1, 1, 4, 0, 1, NULL, '2018-06-03 00:00:00', '9f2ec079-7d0f-4fe2-90ab-8b09a8302aba', '2021-01-03 16:06:00', '2020031712130656785909', '2001-01-01 00:00:00', NULL);
INSERT INTO `sys_menu`(`Id`, `SystemTypeId`, `ParentId`, `Layers`, `EnCode`, `FullName`, `Icon`, `UrlAddress`, `Component`, `Target`, `MenuType`, `IsExpand`, `IsFrame`, `IsShow`, `IsCache`, `IsPublic`, `AllowEdit`, `AllowDelete`, `SortCode`, `DeleteMark`, `EnabledMark`, `Description`, `CreatorTime`, `CreatorUserId`, `LastModifyTime`, `LastModifyUserId`, `DeleteTime`, `DeleteUserId`) VALUES ('6', '201806141508359155', '1', 2, 'Items', '数据字典', 'icon-zidian', '/items/index', 'items/index', 'iframe', 'M', 0, 0, 1, 0, 0, 1, 1, 6, 0, 1, NULL, '2018-06-03 00:00:00', '9f2ec079-7d0f-4fe2-90ab-8b09a8302aba', '2021-01-03 16:44:52', '2020031712130656785909', '2001-01-01 00:00:00', NULL);
INSERT INTO `sys_menu`(`Id`, `SystemTypeId`, `ParentId`, `Layers`, `EnCode`, `FullName`, `Icon`, `UrlAddress`, `Component`, `Target`, `MenuType`, `IsExpand`, `IsFrame`, `IsShow`, `IsCache`, `IsPublic`, `AllowEdit`, `AllowDelete`, `SortCode`, `DeleteMark`, `EnabledMark`, `Description`, `CreatorTime`, `CreatorUserId`, `LastModifyTime`, `LastModifyUserId`, `DeleteTime`, `DeleteUserId`) VALUES ('7', '201806141508359155', '201806120821141288', 2, 'LogLogin', '登录日志', 'icon-log', '/syslog/login', 'syslog/login', 'iframe', 'M', 0, 0, 1, 0, 0, 1, 1, 7, 0, 1, NULL, '2018-06-03 00:00:00', '9f2ec079-7d0f-4fe2-90ab-8b09a8302aba', '2021-01-08 20:10:48', '9f2ec079-7d0f-4fe2-90ab-8b09a8302aba', '2001-01-01 00:00:00', NULL);
INSERT INTO `sys_menu`(`Id`, `SystemTypeId`, `ParentId`, `Layers`, `EnCode`, `FullName`, `Icon`, `UrlAddress`, `Component`, `Target`, `MenuType`, `IsExpand`, `IsFrame`, `IsShow`, `IsCache`, `IsPublic`, `AllowEdit`, `AllowDelete`, `SortCode`, `DeleteMark`, `EnabledMark`, `Description`, `CreatorTime`, `CreatorUserId`, `LastModifyTime`, `LastModifyUserId`, `DeleteTime`, `DeleteUserId`) VALUES ('8', '201806141508359155', '1', 2, 'FilterIP', '访问控制', 'icon-adjust', '/filterip/index', 'filterip/index', 'iframe', 'M', 0, 0, 1, 0, 0, 1, 1, 102, 0, 1, NULL, '2018-06-03 00:00:00', '9f2ec079-7d0f-4fe2-90ab-8b09a8302aba', '2021-01-03 16:46:43', '2020031712130656785909', '2001-01-01 00:00:00', NULL);
INSERT INTO `sys_menu`(`Id`, `SystemTypeId`, `ParentId`, `Layers`, `EnCode`, `FullName`, `Icon`, `UrlAddress`, `Component`, `Target`, `MenuType`, `IsExpand`, `IsFrame`, `IsShow`, `IsCache`, `IsPublic`, `AllowEdit`, `AllowDelete`, `SortCode`, `DeleteMark`, `EnabledMark`, `Description`, `CreatorTime`, `CreatorUserId`, `LastModifyTime`, `LastModifyUserId`, `DeleteTime`, `DeleteUserId`) VALUES ('9', '201806141508359155', '', 1, 'Tools', '开发者', 'icon-kaifazhe', '/tool', NULL, 'expand', 'C', 0, 0, 1, 0, 0, 1, 1, 1003, 0, 1, NULL, '2018-06-04 00:00:00', '9f2ec079-7d0f-4fe2-90ab-8b09a8302aba', '2021-01-04 11:47:29', '9f2ec079-7d0f-4fe2-90ab-8b09a8302aba', '2001-01-01 00:00:00', NULL);
INSERT INTO `sys_organize`(`Id`, `ParentId`, `Layers`, `EnCode`, `FullName`, `ShortName`, `CategoryId`, `ManagerId`, `TelePhone`, `MobilePhone`, `WeChat`, `Fax`, `Email`, `AreaId`, `Address`, `AllowEdit`, `AllowDelete`, `SortCode`, `DeleteMark`, `EnabledMark`, `Description`, `CreatorTime`, `CreatorUserId`, `LastModifyTime`, `LastModifyUserId`, `DeleteTime`, `DeleteUserId`) VALUES ('201806122217567448', '554C61CE-6AE0-44EB-B33D-A462BE7EB3E1', 4, 'Development', '定制开发组', '定开组', 'WorkGroup', 'aryy', '021-728384234', '1380013800', '2323', '1212', '2323@yuebon.com', NULL, '121212', 0, 0, 99, 0, 1, '', '2018-06-12 00:00:00', '9f2ec079-7d0f-4fe2-90ab-8b09a8302aba', '2020-11-03 13:53:10', '9f2ec079-7d0f-4fe2-90ab-8b09a8302aba', '2001-01-01 00:00:00', NULL);
INSERT INTO `sys_organize`(`Id`, `ParentId`, `Layers`, `EnCode`, `FullName`, `ShortName`, `CategoryId`, `ManagerId`, `TelePhone`, `MobilePhone`, `WeChat`, `Fax`, `Email`, `AreaId`, `Address`, `AllowEdit`, `AllowDelete`, `SortCode`, `DeleteMark`, `EnabledMark`, `Description`, `CreatorTime`, `CreatorUserId`, `LastModifyTime`, `LastModifyUserId`, `DeleteTime`, `DeleteUserId`) VALUES ('201806131523019338', '5AB270C0-5D33-4203-A54F-4552699FDA3C', 2, '001', '越邦上海总部', '越邦科技', 'Company', '陈青文', '021-61974937', '13800013800', 'cqinwn', NULL, NULL, NULL, NULL, 0, 0, 99, 0, 1, NULL, '2018-06-13 00:00:00', '9f2ec079-7d0f-4fe2-90ab-8b09a8302aba', '2020-04-22 00:00:00', '9f2ec079-7d0f-4fe2-90ab-8b09a8302aba', '2001-01-01 00:00:00', NULL);
INSERT INTO `sys_organize`(`Id`, `ParentId`, `Layers`, `EnCode`, `FullName`, `ShortName`, `CategoryId`, `ManagerId`, `TelePhone`, `MobilePhone`, `WeChat`, `Fax`, `Email`, `AreaId`, `Address`, `AllowEdit`, `AllowDelete`, `SortCode`, `DeleteMark`, `EnabledMark`, `Description`, `CreatorTime`, `CreatorUserId`, `LastModifyTime`, `LastModifyUserId`, `DeleteTime`, `DeleteUserId`) VALUES ('201806131926145404', '554C61CE-6AE0-44EB-B33D-A462BE7EB3E1', 4, 'Kingdee', 'Kingdee组', '金蝶', 'WorkGroup', '邹大烈', '021-61974937', '13800013800', 'cqinwn', NULL, 'cqinwn@qq.com', NULL, NULL, 0, 0, 99, 0, 1, NULL, '2018-06-13 00:00:00', '9f2ec079-7d0f-4fe2-90ab-8b09a8302aba', '2018-06-29 00:00:00', '9f2ec079-7d0f-4fe2-90ab-8b09a8302aba', '2001-01-01 00:00:00', NULL);
INSERT INTO `sys_organize`(`Id`, `ParentId`, `Layers`, `EnCode`, `FullName`, `ShortName`, `CategoryId`, `ManagerId`, `TelePhone`, `MobilePhone`, `WeChat`, `Fax`, `Email`, `AreaId`, `Address`, `AllowEdit`, `AllowDelete`, `SortCode`, `DeleteMark`, `EnabledMark`, `Description`, `CreatorTime`, `CreatorUserId`, `LastModifyTime`, `LastModifyUserId`, `DeleteTime`, `DeleteUserId`) VALUES ('201806131957002010', 'BD830AEF-0A2E-4228-ACF8-8843C39D41D8', 3, '1', '行政部', NULL, 'Department', NULL, NULL, NULL, NULL, NULL, NULL, NULL, NULL, 0, 0, 99, 0, 1, NULL, '2018-06-13 00:00:00', '9f2ec079-7d0f-4fe2-90ab-8b09a8302aba', '2001-01-01 00:00:00', NULL, '2001-01-01 00:00:00', NULL);
INSERT INTO `sys_organize`(`Id`, `ParentId`, `Layers`, `EnCode`, `FullName`, `ShortName`, `CategoryId`, `ManagerId`, `TelePhone`, `MobilePhone`, `WeChat`, `Fax`, `Email`, `AreaId`, `Address`, `AllowEdit`, `AllowDelete`, `SortCode`, `DeleteMark`, `EnabledMark`, `Description`, `CreatorTime`, `CreatorUserId`, `LastModifyTime`, `LastModifyUserId`, `DeleteTime`, `DeleteUserId`) VALUES ('201806132002245913', 'BD830AEF-0A2E-4228-ACF8-8843C39D41D8', 3, NULL, '财务部', NULL, 'Department', NULL, NULL, NULL, NULL, NULL, NULL, NULL, NULL, 0, 0, 99, 0, 1, NULL, '2018-06-13 00:00:00', '9f2ec079-7d0f-4fe2-90ab-8b09a8302aba', '2001-01-01 00:00:00', NULL, '2001-01-01 00:00:00', NULL);
INSERT INTO `sys_organize`(`Id`, `ParentId`, `Layers`, `EnCode`, `FullName`, `ShortName`, `CategoryId`, `ManagerId`, `TelePhone`, `MobilePhone`, `WeChat`, `Fax`, `Email`, `AreaId`, `Address`, `AllowEdit`, `AllowDelete`, `SortCode`, `DeleteMark`, `EnabledMark`, `Description`, `CreatorTime`, `CreatorUserId`, `LastModifyTime`, `LastModifyUserId`, `DeleteTime`, `DeleteUserId`) VALUES ('201806291156482855', '201806131523019338', 3, 'wechatXiaochengxun', '小程序部', NULL, 'Department', NULL, NULL, NULL, NULL, NULL, NULL, NULL, NULL, 0, 0, 99, 0, 1, NULL, '2018-06-29 00:00:00', '9f2ec079-7d0f-4fe2-90ab-8b09a8302aba', '2001-01-01 00:00:00', NULL, '2001-01-01 00:00:00', NULL);
INSERT INTO `sys_organize`(`Id`, `ParentId`, `Layers`, `EnCode`, `FullName`, `ShortName`, `CategoryId`, `ManagerId`, `TelePhone`, `MobilePhone`, `WeChat`, `Fax`, `Email`, `AreaId`, `Address`, `AllowEdit`, `AllowDelete`, `SortCode`, `DeleteMark`, `EnabledMark`, `Description`, `CreatorTime`, `CreatorUserId`, `LastModifyTime`, `LastModifyUserId`, `DeleteTime`, `DeleteUserId`) VALUES ('201806301121597235', '201806131523019338', 3, 'Auto', '人工智能组', NULL, 'WorkGroup', NULL, NULL, NULL, NULL, NULL, NULL, NULL, NULL, 0, 0, 99, 0, 1, NULL, '2018-06-30 00:00:00', '9f2ec079-7d0f-4fe2-90ab-8b09a8302aba', '2020-04-17 00:00:00', '9f2ec079-7d0f-4fe2-90ab-8b09a8302aba', '2001-01-01 00:00:00', NULL);
INSERT INTO `sys_organize`(`Id`, `ParentId`, `Layers`, `EnCode`, `FullName`, `ShortName`, `CategoryId`, `ManagerId`, `TelePhone`, `MobilePhone`, `WeChat`, `Fax`, `Email`, `AreaId`, `Address`, `AllowEdit`, `AllowDelete`, `SortCode`, `DeleteMark`, `EnabledMark`, `Description`, `CreatorTime`, `CreatorUserId`, `LastModifyTime`, `LastModifyUserId`, `DeleteTime`, `DeleteUserId`) VALUES ('201906060900443360', 'BD830AEF-0A2E-4228-ACF8-8843C39D41D8', 3, '1002', 'IT开发部', 'IT开发', 'Department', NULL, NULL, NULL, NULL, NULL, NULL, NULL, NULL, 0, 0, 1, 0, 1, '', '2019-06-06 00:00:00', '9f2ec079-7d0f-4fe2-90ab-8b09a8302aba', '2020-11-09 13:09:45', '9f2ec079-7d0f-4fe2-90ab-8b09a8302aba', '2001-01-01 00:00:00', NULL);
INSERT INTO `sys_organize`(`Id`, `ParentId`, `Layers`, `EnCode`, `FullName`, `ShortName`, `CategoryId`, `ManagerId`, `TelePhone`, `MobilePhone`, `WeChat`, `Fax`, `Email`, `AreaId`, `Address`, `AllowEdit`, `AllowDelete`, `SortCode`, `DeleteMark`, `EnabledMark`, `Description`, `CreatorTime`, `CreatorUserId`, `LastModifyTime`, `LastModifyUserId`, `DeleteTime`, `DeleteUserId`) VALUES ('253EDA1F-F158-4F3F-A778-B7E538E052A2', 'BD830AEF-0A2E-4228-ACF8-8843C39D41D8', 3, 'Manufacturing', '生产部', NULL, 'Department', NULL, NULL, NULL, NULL, NULL, NULL, NULL, NULL, 0, 0, 7, 0, 1, NULL, '2016-06-10 00:00:00', NULL, '2018-07-01 00:00:00', '9f2ec079-7d0f-4fe2-90ab-8b09a8302aba', '2001-01-01 00:00:00', NULL);
INSERT INTO `sys_organize`(`Id`, `ParentId`, `Layers`, `EnCode`, `FullName`, `ShortName`, `CategoryId`, `ManagerId`, `TelePhone`, `MobilePhone`, `WeChat`, `Fax`, `Email`, `AreaId`, `Address`, `AllowEdit`, `AllowDelete`, `SortCode`, `DeleteMark`, `EnabledMark`, `Description`, `CreatorTime`, `CreatorUserId`, `LastModifyTime`, `LastModifyUserId`, `DeleteTime`, `DeleteUserId`) VALUES ('554C61CE-6AE0-44EB-B33D-A462BE7EB3E1', '201806131523019338', 3, 'Ministry', '技术部', NULL, 'Department', NULL, NULL, NULL, NULL, NULL, NULL, NULL, NULL, 0, 0, 5, 0, 1, NULL, '2016-06-10 00:00:00', NULL, '2018-06-13 00:00:00', '9f2ec079-7d0f-4fe2-90ab-8b09a8302aba', '2001-01-01 00:00:00', NULL);
INSERT INTO `sys_organize`(`Id`, `ParentId`, `Layers`, `EnCode`, `FullName`, `ShortName`, `CategoryId`, `ManagerId`, `TelePhone`, `MobilePhone`, `WeChat`, `Fax`, `Email`, `AreaId`, `Address`, `AllowEdit`, `AllowDelete`, `SortCode`, `DeleteMark`, `EnabledMark`, `Description`, `CreatorTime`, `CreatorUserId`, `LastModifyTime`, `LastModifyUserId`, `DeleteTime`, `DeleteUserId`) VALUES ('59703D6A-0EC9-4762-824F-A8D9E62E93D2', 'BD830AEF-0A2E-4228-ACF8-8843C39D41D8', 3, 'Sales', '营销部', NULL, 'Department', NULL, NULL, NULL, NULL, NULL, NULL, NULL, NULL, 0, 0, 9, 0, 1, NULL, '2016-06-10 00:00:00', NULL, '2018-06-13 00:00:00', '9f2ec079-7d0f-4fe2-90ab-8b09a8302aba', '2001-01-01 00:00:00', NULL);
INSERT INTO `sys_organize`(`Id`, `ParentId`, `Layers`, `EnCode`, `FullName`, `ShortName`, `CategoryId`, `ManagerId`, `TelePhone`, `MobilePhone`, `WeChat`, `Fax`, `Email`, `AreaId`, `Address`, `AllowEdit`, `AllowDelete`, `SortCode`, `DeleteMark`, `EnabledMark`, `Description`, `CreatorTime`, `CreatorUserId`, `LastModifyTime`, `LastModifyUserId`, `DeleteTime`, `DeleteUserId`) VALUES ('5AB270C0-5D33-4203-A54F-4552699FDA3C', '', 1, 'Company', '上海越邦网络科技有限公司', '煦儒科技', 'Group', '陈青文', '021-61974937', '13800013800', 'cqinwn', NULL, 'admin@qq.com', NULL, '上海市松江区', 0, 0, 1, 0, 1, NULL, '2016-06-10 00:00:00', NULL, '2020-04-22 00:00:00', '9f2ec079-7d0f-4fe2-90ab-8b09a8302aba', '2001-01-01 00:00:00', NULL);
INSERT INTO `sys_organize`(`Id`, `ParentId`, `Layers`, `EnCode`, `FullName`, `ShortName`, `CategoryId`, `ManagerId`, `TelePhone`, `MobilePhone`, `WeChat`, `Fax`, `Email`, `AreaId`, `Address`, `AllowEdit`, `AllowDelete`, `SortCode`, `DeleteMark`, `EnabledMark`, `Description`, `CreatorTime`, `CreatorUserId`, `LastModifyTime`, `LastModifyUserId`, `DeleteTime`, `DeleteUserId`) VALUES ('5B417E2B-4B96-4F37-8BAA-10E5A812D05E', '201806131523019338', 3, 'Market', '市场部', NULL, 'Department', NULL, NULL, NULL, NULL, NULL, NULL, NULL, NULL, 0, 0, 3, 0, 1, NULL, '2016-06-10 00:00:00', NULL, '2018-06-13 00:00:00', '9f2ec079-7d0f-4fe2-90ab-8b09a8302aba', '2001-01-01 00:00:00', NULL);
INSERT INTO `sys_organize`(`Id`, `ParentId`, `Layers`, `EnCode`, `FullName`, `ShortName`, `CategoryId`, `ManagerId`, `TelePhone`, `MobilePhone`, `WeChat`, `Fax`, `Email`, `AreaId`, `Address`, `AllowEdit`, `AllowDelete`, `SortCode`, `DeleteMark`, `EnabledMark`, `Description`, `CreatorTime`, `CreatorUserId`, `LastModifyTime`, `LastModifyUserId`, `DeleteTime`, `DeleteUserId`) VALUES ('80E10CD5-7591-40B8-A005-BCDE1B961E76', '201806131523019338', 3, 'Administration', '行政部', NULL, 'Department', NULL, NULL, NULL, NULL, NULL, NULL, NULL, NULL, 0, 0, 2, 0, 1, NULL, '2016-06-10 00:00:00', NULL, '2018-06-13 00:00:00', '9f2ec079-7d0f-4fe2-90ab-8b09a8302aba', '2001-01-01 00:00:00', NULL);
INSERT INTO `sys_organize`(`Id`, `ParentId`, `Layers`, `EnCode`, `FullName`, `ShortName`, `CategoryId`, `ManagerId`, `TelePhone`, `MobilePhone`, `WeChat`, `Fax`, `Email`, `AreaId`, `Address`, `AllowEdit`, `AllowDelete`, `SortCode`, `DeleteMark`, `EnabledMark`, `Description`, `CreatorTime`, `CreatorUserId`, `LastModifyTime`, `LastModifyUserId`, `DeleteTime`, `DeleteUserId`) VALUES ('BD830AEF-0A2E-4228-ACF8-8843C39D41D8', '5AB270C0-5D33-4203-A54F-4552699FDA3C', 2, 'sccompany', '越邦四川分公司', NULL, 'Company', NULL, NULL, NULL, NULL, NULL, NULL, NULL, NULL, 0, 0, 6, 0, 1, NULL, '2016-06-10 00:00:00', NULL, '2020-04-22 00:00:00', '9f2ec079-7d0f-4fe2-90ab-8b09a8302aba', '2001-01-01 00:00:00', NULL);
INSERT INTO `sys_organize`(`Id`, `ParentId`, `Layers`, `EnCode`, `FullName`, `ShortName`, `CategoryId`, `ManagerId`, `TelePhone`, `MobilePhone`, `WeChat`, `Fax`, `Email`, `AreaId`, `Address`, `AllowEdit`, `AllowDelete`, `SortCode`, `DeleteMark`, `EnabledMark`, `Description`, `CreatorTime`, `CreatorUserId`, `LastModifyTime`, `LastModifyUserId`, `DeleteTime`, `DeleteUserId`) VALUES ('DFA2FB91-C909-44A3-9282-BF946102E1C9', 'BD830AEF-0A2E-4228-ACF8-8843C39D41D8', 3, 'HumanResourse', '人事部', NULL, 'Department', NULL, NULL, NULL, NULL, NULL, NULL, NULL, NULL, 0, 0, 8, 0, 1, NULL, '2016-06-10 00:00:00', NULL, '2018-06-13 00:00:00', '9f2ec079-7d0f-4fe2-90ab-8b09a8302aba', '2001-01-01 00:00:00', NULL);
INSERT INTO `sys_organize`(`Id`, `ParentId`, `Layers`, `EnCode`, `FullName`, `ShortName`, `CategoryId`, `ManagerId`, `TelePhone`, `MobilePhone`, `WeChat`, `Fax`, `Email`, `AreaId`, `Address`, `AllowEdit`, `AllowDelete`, `SortCode`, `DeleteMark`, `EnabledMark`, `Description`, `CreatorTime`, `CreatorUserId`, `LastModifyTime`, `LastModifyUserId`, `DeleteTime`, `DeleteUserId`) VALUES ('F02A66CA-3D8B-491B-8A17-C9ACA3E3B5DD', '201806131523019338', 3, 'Financial', '财务部', NULL, 'Department', NULL, NULL, NULL, NULL, NULL, NULL, NULL, NULL, 0, 0, 4, 0, 1, NULL, '2016-06-10 00:00:00', NULL, '2018-06-13 00:00:00', '9f2ec079-7d0f-4fe2-90ab-8b09a8302aba', '2001-01-01 00:00:00', NULL);
INSERT INTO `sys_role`(`Id`, `OrganizeId`, `Category`, `EnCode`, `FullName`, `Type`, `AllowEdit`, `AllowDelete`, `SortCode`, `DeleteMark`, `EnabledMark`, `Description`, `CreatorTime`, `CreatorUserId`, `LastModifyTime`, `LastModifyUserId`, `DeleteTime`, `DeleteUserId`) VALUES ('2020123019220797868356', '201806131523019338', 1, 'usermember', '普通会员', '2', NULL, NULL, 99, 0, 1, '', '2020-12-30 19:22:08', '9f2ec079-7d0f-4fe2-90ab-8b09a8302aba', NULL, NULL, NULL, NULL);
INSERT INTO `sys_role`(`Id`, `OrganizeId`, `Category`, `EnCode`, `FullName`, `Type`, `AllowEdit`, `AllowDelete`, `SortCode`, `DeleteMark`, `EnabledMark`, `Description`, `CreatorTime`, `CreatorUserId`, `LastModifyTime`, `LastModifyUserId`, `DeleteTime`, `DeleteUserId`) VALUES ('2DA8390B-61A4-4E6C-A6E7-8F6794C7EDCE', '5AB270C0-5D33-4203-A54F-4552699FDA3C', 1, 'default', '默认', '2', 0, 0, 8, 0, 1, '', '2016-07-10 00:00:00', NULL, '2020-12-30 19:02:04', '9f2ec079-7d0f-4fe2-90ab-8b09a8302aba', '2001-01-01 00:00:00', NULL);
INSERT INTO `sys_role`(`Id`, `OrganizeId`, `Category`, `EnCode`, `FullName`, `Type`, `AllowEdit`, `AllowDelete`, `SortCode`, `DeleteMark`, `EnabledMark`, `Description`, `CreatorTime`, `CreatorUserId`, `LastModifyTime`, `LastModifyUserId`, `DeleteTime`, `DeleteUserId`) VALUES ('42C44AC0-27FA-482D-B5E3-8F9B38B80A6A', '5AB270C0-5D33-4203-A54F-4552699FDA3C', 1, 'configuration', '系统配置员', '2', 0, 0, 3, 0, 1, NULL, '2016-07-10 00:00:00', NULL, '2018-06-13 00:00:00', '9f2ec079-7d0f-4fe2-90ab-8b09a8302aba', '2001-01-01 00:00:00', NULL);
INSERT INTO `sys_role`(`Id`, `OrganizeId`, `Category`, `EnCode`, `FullName`, `Type`, `AllowEdit`, `AllowDelete`, `SortCode`, `DeleteMark`, `EnabledMark`, `Description`, `CreatorTime`, `CreatorUserId`, `LastModifyTime`, `LastModifyUserId`, `DeleteTime`, `DeleteUserId`) VALUES ('4B2140D3-E61D-488E-ADF6-FF0EBCBC5D2C', '5AB270C0-5D33-4203-A54F-4552699FDA3C', 1, 'system', '系统管理员', '1', 0, 0, 2, 0, 1, NULL, '2016-07-10 00:00:00', NULL, '2020-04-17 00:00:00', '9f2ec079-7d0f-4fe2-90ab-8b09a8302aba', '2001-01-01 00:00:00', NULL);
INSERT INTO `sys_role`(`Id`, `OrganizeId`, `Category`, `EnCode`, `FullName`, `Type`, `AllowEdit`, `AllowDelete`, `SortCode`, `DeleteMark`, `EnabledMark`, `Description`, `CreatorTime`, `CreatorUserId`, `LastModifyTime`, `LastModifyUserId`, `DeleteTime`, `DeleteUserId`) VALUES ('531F7D18-C49F-4F4F-A920-0074FCB52078', '5AB270C0-5D33-4203-A54F-4552699FDA3C', 1, 'guest', '访客人员', '1', 0, 0, 7, 0, 1, NULL, '2016-07-10 00:00:00', NULL, '2019-10-24 00:00:00', '9f2ec079-7d0f-4fe2-90ab-8b09a8302aba', '2001-01-01 00:00:00', NULL);
INSERT INTO `sys_role`(`Id`, `OrganizeId`, `Category`, `EnCode`, `FullName`, `Type`, `AllowEdit`, `AllowDelete`, `SortCode`, `DeleteMark`, `EnabledMark`, `Description`, `CreatorTime`, `CreatorUserId`, `LastModifyTime`, `LastModifyUserId`, `DeleteTime`, `DeleteUserId`) VALUES ('7A9CF301-FCDF-4BC9-A52B-A7D4FAE2D344', '5AB270C0-5D33-4203-A54F-4552699FDA3C', 1, 'developer', '系统开发人员', '2', 0, 0, 4, 0, 1, NULL, '2016-07-10 00:00:00', NULL, '2018-06-13 00:00:00', '9f2ec079-7d0f-4fe2-90ab-8b09a8302aba', '2001-01-01 00:00:00', NULL);
INSERT INTO `sys_role`(`Id`, `OrganizeId`, `Category`, `EnCode`, `FullName`, `Type`, `AllowEdit`, `AllowDelete`, `SortCode`, `DeleteMark`, `EnabledMark`, `Description`, `CreatorTime`, `CreatorUserId`, `LastModifyTime`, `LastModifyUserId`, `DeleteTime`, `DeleteUserId`) VALUES ('F0A2B36F-35A7-4660-B46C-D4AB796591EB', '5AB270C0-5D33-4203-A54F-4552699FDA3C', 1, 'administrators', '超级管理员', '1', 0, 0, 1, 0, 1, NULL, '2016-07-10 00:00:00', NULL, '2019-05-22 00:00:00', '9f2ec079-7d0f-4fe2-90ab-8b09a8302aba', '2001-01-01 00:00:00', NULL);
INSERT INTO `sys_roleauthorize`(`Id`, `ItemType`, `ItemId`, `ObjectType`, `ObjectId`, `SortCode`, `CreatorTime`, `CreatorUserId`) VALUES ('2021010612530408458626', 0, '201806141508359155', 1, 'F0A2B36F-35A7-4660-B46C-D4AB796591EB', 99, '2021-01-06 12:53:04', '9f2ec079-7d0f-4fe2-90ab-8b09a8302aba');
INSERT INTO `sys_roleauthorize`(`Id`, `ItemType`, `ItemId`, `ObjectType`, `ObjectId`, `SortCode`, `CreatorTime`, `CreatorUserId`) VALUES ('2021010612530408471592', 1, '3', 1, 'F0A2B36F-35A7-4660-B46C-D4AB796591EB', 99, '2021-01-06 12:53:04', '9f2ec079-7d0f-4fe2-90ab-8b09a8302aba');
INSERT INTO `sys_roleauthorize`(`Id`, `ItemType`, `ItemId`, `ObjectType`, `ObjectId`, `SortCode`, `CreatorTime`, `CreatorUserId`) VALUES ('2021010612530408473020', 2, '2021010314280909099314', 1, 'F0A2B36F-35A7-4660-B46C-D4AB796591EB', 99, '2021-01-06 12:53:04', '9f2ec079-7d0f-4fe2-90ab-8b09a8302aba');
INSERT INTO `sys_roleauthorize`(`Id`, `ItemType`, `ItemId`, `ObjectType`, `ObjectId`, `SortCode`, `CreatorTime`, `CreatorUserId`) VALUES ('2021010612530408473733', 1, '201905041649159560', 1, 'F0A2B36F-35A7-4660-B46C-D4AB796591EB', 99, '2021-01-06 12:53:04', '9f2ec079-7d0f-4fe2-90ab-8b09a8302aba');
INSERT INTO `sys_roleauthorize`(`Id`, `ItemType`, `ItemId`, `ObjectType`, `ObjectId`, `SortCode`, `CreatorTime`, `CreatorUserId`) VALUES ('2021010612530408476246', 2, '2021010314265872439474', 1, 'F0A2B36F-35A7-4660-B46C-D4AB796591EB', 99, '2021-01-06 12:53:04', '9f2ec079-7d0f-4fe2-90ab-8b09a8302aba');
INSERT INTO `sys_roleauthorize`(`Id`, `ItemType`, `ItemId`, `ObjectType`, `ObjectId`, `SortCode`, `CreatorTime`, `CreatorUserId`) VALUES ('2021010612530408478531', 1, '1', 1, 'F0A2B36F-35A7-4660-B46C-D4AB796591EB', 99, '2021-01-06 12:53:04', '9f2ec079-7d0f-4fe2-90ab-8b09a8302aba');
INSERT INTO `sys_roleauthorize`(`Id`, `ItemType`, `ItemId`, `ObjectType`, `ObjectId`, `SortCode`, `CreatorTime`, `CreatorUserId`) VALUES ('2021010612530408479184', 2, '2021010314293148672477', 1, 'F0A2B36F-35A7-4660-B46C-D4AB796591EB', 99, '2021-01-06 12:53:04', '9f2ec079-7d0f-4fe2-90ab-8b09a8302aba');
INSERT INTO `sys_roleauthorize`(`Id`, `ItemType`, `ItemId`, `ObjectType`, `ObjectId`, `SortCode`, `CreatorTime`, `CreatorUserId`) VALUES ('2021010612530408481364', 2, '2021010320121395837658', 1, 'F0A2B36F-35A7-4660-B46C-D4AB796591EB', 99, '2021-01-06 12:53:04', '9f2ec079-7d0f-4fe2-90ab-8b09a8302aba');
INSERT INTO `sys_roleauthorize`(`Id`, `ItemType`, `ItemId`, `ObjectType`, `ObjectId`, `SortCode`, `CreatorTime`, `CreatorUserId`) VALUES ('2021010612530408481907', 2, '2021010314535010864350', 1, 'F0A2B36F-35A7-4660-B46C-D4AB796591EB', 99, '2021-01-06 12:53:04', '9f2ec079-7d0f-4fe2-90ab-8b09a8302aba');
INSERT INTO `sys_roleauthorize`(`Id`, `ItemType`, `ItemId`, `ObjectType`, `ObjectId`, `SortCode`, `CreatorTime`, `CreatorUserId`) VALUES ('2021010612530408482981', 2, '2021010314302276644526', 1, 'F0A2B36F-35A7-4660-B46C-D4AB796591EB', 99, '2021-01-06 12:53:04', '9f2ec079-7d0f-4fe2-90ab-8b09a8302aba');
INSERT INTO `sys_roleauthorize`(`Id`, `ItemType`, `ItemId`, `ObjectType`, `ObjectId`, `SortCode`, `CreatorTime`, `CreatorUserId`) VALUES ('2021010612530408483483', 2, '2021010314473160136431', 1, 'F0A2B36F-35A7-4660-B46C-D4AB796591EB', 99, '2021-01-06 12:53:04', '9f2ec079-7d0f-4fe2-90ab-8b09a8302aba');
INSERT INTO `sys_roleauthorize`(`Id`, `ItemType`, `ItemId`, `ObjectType`, `ObjectId`, `SortCode`, `CreatorTime`, `CreatorUserId`) VALUES ('2021010612530408485372', 1, '4', 1, 'F0A2B36F-35A7-4660-B46C-D4AB796591EB', 99, '2021-01-06 12:53:04', '9f2ec079-7d0f-4fe2-90ab-8b09a8302aba');
INSERT INTO `sys_roleauthorize`(`Id`, `ItemType`, `ItemId`, `ObjectType`, `ObjectId`, `SortCode`, `CreatorTime`, `CreatorUserId`) VALUES ('2021010612530408488638', 2, '2021010314525585211515', 1, 'F0A2B36F-35A7-4660-B46C-D4AB796591EB', 99, '2021-01-06 12:53:04', '9f2ec079-7d0f-4fe2-90ab-8b09a8302aba');
INSERT INTO `sys_roleauthorize`(`Id`, `ItemType`, `ItemId`, `ObjectType`, `ObjectId`, `SortCode`, `CreatorTime`, `CreatorUserId`) VALUES ('2021010612530408492364', 2, '2021010315063392168016', 1, 'F0A2B36F-35A7-4660-B46C-D4AB796591EB', 99, '2021-01-06 12:53:04', '9f2ec079-7d0f-4fe2-90ab-8b09a8302aba');
INSERT INTO `sys_roleauthorize`(`Id`, `ItemType`, `ItemId`, `ObjectType`, `ObjectId`, `SortCode`, `CreatorTime`, `CreatorUserId`) VALUES ('2021010612530408493870', 2, '2021010315063387468705', 1, 'F0A2B36F-35A7-4660-B46C-D4AB796591EB', 99, '2021-01-06 12:53:04', '9f2ec079-7d0f-4fe2-90ab-8b09a8302aba');
INSERT INTO `sys_roleauthorize`(`Id`, `ItemType`, `ItemId`, `ObjectType`, `ObjectId`, `SortCode`, `CreatorTime`, `CreatorUserId`) VALUES ('2021010612530408494568', 2, '2021010315063397424616', 1, 'F0A2B36F-35A7-4660-B46C-D4AB796591EB', 99, '2021-01-06 12:53:04', '9f2ec079-7d0f-4fe2-90ab-8b09a8302aba');
INSERT INTO `sys_roleauthorize`(`Id`, `ItemType`, `ItemId`, `ObjectType`, `ObjectId`, `SortCode`, `CreatorTime`, `CreatorUserId`) VALUES ('2021010612530408495724', 2, '2021010315063384478437', 1, 'F0A2B36F-35A7-4660-B46C-D4AB796591EB', 99, '2021-01-06 12:53:04', '9f2ec079-7d0f-4fe2-90ab-8b09a8302aba');
INSERT INTO `sys_roleauthorize`(`Id`, `ItemType`, `ItemId`, `ObjectType`, `ObjectId`, `SortCode`, `CreatorTime`, `CreatorUserId`) VALUES ('2021010612530408496885', 2, '2021010316040698162073', 1, 'F0A2B36F-35A7-4660-B46C-D4AB796591EB', 99, '2021-01-06 12:53:04', '9f2ec079-7d0f-4fe2-90ab-8b09a8302aba');
INSERT INTO `sys_roleauthorize`(`Id`, `ItemType`, `ItemId`, `ObjectType`, `ObjectId`, `SortCode`, `CreatorTime`, `CreatorUserId`) VALUES ('2021010612530408497060', 2, '2021010315063394048962', 1, 'F0A2B36F-35A7-4660-B46C-D4AB796591EB', 99, '2021-01-06 12:53:04', '9f2ec079-7d0f-4fe2-90ab-8b09a8302aba');
INSERT INTO `sys_roleauthorize`(`Id`, `ItemType`, `ItemId`, `ObjectType`, `ObjectId`, `SortCode`, `CreatorTime`, `CreatorUserId`) VALUES ('2021010612530408497959', 2, '2021010315063395829111', 1, 'F0A2B36F-35A7-4660-B46C-D4AB796591EB', 99, '2021-01-06 12:53:04', '9f2ec079-7d0f-4fe2-90ab-8b09a8302aba');
INSERT INTO `sys_roleauthorize`(`Id`, `ItemType`, `ItemId`, `ObjectType`, `ObjectId`, `SortCode`, `CreatorTime`, `CreatorUserId`) VALUES ('2021010612530408498549', 2, '2021010315063389314029', 1, 'F0A2B36F-35A7-4660-B46C-D4AB796591EB', 99, '2021-01-06 12:53:04', '9f2ec079-7d0f-4fe2-90ab-8b09a8302aba');
INSERT INTO `sys_roleauthorize`(`Id`, `ItemType`, `ItemId`, `ObjectType`, `ObjectId`, `SortCode`, `CreatorTime`, `CreatorUserId`) VALUES ('2021010612530408502448', 2, '2021010315075517418867', 1, 'F0A2B36F-35A7-4660-B46C-D4AB796591EB', 99, '2021-01-06 12:53:04', '9f2ec079-7d0f-4fe2-90ab-8b09a8302aba');
INSERT INTO `sys_roleauthorize`(`Id`, `ItemType`, `ItemId`, `ObjectType`, `ObjectId`, `SortCode`, `CreatorTime`, `CreatorUserId`) VALUES ('2021010612530408502564', 2, '2021010315075522857783', 1, 'F0A2B36F-35A7-4660-B46C-D4AB796591EB', 99, '2021-01-06 12:53:04', '9f2ec079-7d0f-4fe2-90ab-8b09a8302aba');
INSERT INTO `sys_roleauthorize`(`Id`, `ItemType`, `ItemId`, `ObjectType`, `ObjectId`, `SortCode`, `CreatorTime`, `CreatorUserId`) VALUES ('2021010612530408504648', 2, '2021010315075515608293', 1, 'F0A2B36F-35A7-4660-B46C-D4AB796591EB', 99, '2021-01-06 12:53:04', '9f2ec079-7d0f-4fe2-90ab-8b09a8302aba');
INSERT INTO `sys_roleauthorize`(`Id`, `ItemType`, `ItemId`, `ObjectType`, `ObjectId`, `SortCode`, `CreatorTime`, `CreatorUserId`) VALUES ('2021010612530408505020', 2, '2021010315075521218314', 1, 'F0A2B36F-35A7-4660-B46C-D4AB796591EB', 99, '2021-01-06 12:53:04', '9f2ec079-7d0f-4fe2-90ab-8b09a8302aba');
INSERT INTO `sys_roleauthorize`(`Id`, `ItemType`, `ItemId`, `ObjectType`, `ObjectId`, `SortCode`, `CreatorTime`, `CreatorUserId`) VALUES ('2021010612530408505523', 2, '2021010316051714119704', 1, 'F0A2B36F-35A7-4660-B46C-D4AB796591EB', 99, '2021-01-06 12:53:04', '9f2ec079-7d0f-4fe2-90ab-8b09a8302aba');
INSERT INTO `sys_roleauthorize`(`Id`, `ItemType`, `ItemId`, `ObjectType`, `ObjectId`, `SortCode`, `CreatorTime`, `CreatorUserId`) VALUES ('2021010612530408509812', 1, '5', 1, 'F0A2B36F-35A7-4660-B46C-D4AB796591EB', 99, '2021-01-06 12:53:04', '9f2ec079-7d0f-4fe2-90ab-8b09a8302aba');
INSERT INTO `sys_roleauthorize`(`Id`, `ItemType`, `ItemId`, `ObjectType`, `ObjectId`, `SortCode`, `CreatorTime`, `CreatorUserId`) VALUES ('2021010612530408509996', 2, '2021010315075519656824', 1, 'F0A2B36F-35A7-4660-B46C-D4AB796591EB', 99, '2021-01-06 12:53:04', '9f2ec079-7d0f-4fe2-90ab-8b09a8302aba');
INSERT INTO `sys_roleauthorize`(`Id`, `ItemType`, `ItemId`, `ObjectType`, `ObjectId`, `SortCode`, `CreatorTime`, `CreatorUserId`) VALUES ('2021010612530408511240', 2, '2021010315105223757513', 1, 'F0A2B36F-35A7-4660-B46C-D4AB796591EB', 99, '2021-01-06 12:53:04', '9f2ec079-7d0f-4fe2-90ab-8b09a8302aba');
INSERT INTO `sys_roleauthorize`(`Id`, `ItemType`, `ItemId`, `ObjectType`, `ObjectId`, `SortCode`, `CreatorTime`, `CreatorUserId`) VALUES ('2021010612530408511350', 2, '2021010315132784647036', 1, 'F0A2B36F-35A7-4660-B46C-D4AB796591EB', 99, '2021-01-06 12:53:04', '9f2ec079-7d0f-4fe2-90ab-8b09a8302aba');
INSERT INTO `sys_roleauthorize`(`Id`, `ItemType`, `ItemId`, `ObjectType`, `ObjectId`, `SortCode`, `CreatorTime`, `CreatorUserId`) VALUES ('2021010612530408512325', 2, '2021010315075524463436', 1, 'F0A2B36F-35A7-4660-B46C-D4AB796591EB', 99, '2021-01-06 12:53:04', '9f2ec079-7d0f-4fe2-90ab-8b09a8302aba');
INSERT INTO `sys_roleauthorize`(`Id`, `ItemType`, `ItemId`, `ObjectType`, `ObjectId`, `SortCode`, `CreatorTime`, `CreatorUserId`) VALUES ('2021010612530408512454', 2, '2021010315075525983094', 1, 'F0A2B36F-35A7-4660-B46C-D4AB796591EB', 99, '2021-01-06 12:53:04', '9f2ec079-7d0f-4fe2-90ab-8b09a8302aba');
INSERT INTO `sys_roleauthorize`(`Id`, `ItemType`, `ItemId`, `ObjectType`, `ObjectId`, `SortCode`, `CreatorTime`, `CreatorUserId`) VALUES ('2021010612530408513876', 2, '2021010315132783165373', 1, 'F0A2B36F-35A7-4660-B46C-D4AB796591EB', 99, '2021-01-06 12:53:04', '9f2ec079-7d0f-4fe2-90ab-8b09a8302aba');
INSERT INTO `sys_roleauthorize`(`Id`, `ItemType`, `ItemId`, `ObjectType`, `ObjectId`, `SortCode`, `CreatorTime`, `CreatorUserId`) VALUES ('2021010612530408514387', 2, '2021010315100806775237', 1, 'F0A2B36F-35A7-4660-B46C-D4AB796591EB', 99, '2021-01-06 12:53:04', '9f2ec079-7d0f-4fe2-90ab-8b09a8302aba');
INSERT INTO `sys_roleauthorize`(`Id`, `ItemType`, `ItemId`, `ObjectType`, `ObjectId`, `SortCode`, `CreatorTime`, `CreatorUserId`) VALUES ('2021010612530408514593', 2, '2021010315132786229265', 1, 'F0A2B36F-35A7-4660-B46C-D4AB796591EB', 99, '2021-01-06 12:53:04', '9f2ec079-7d0f-4fe2-90ab-8b09a8302aba');
INSERT INTO `sys_roleauthorize`(`Id`, `ItemType`, `ItemId`, `ObjectType`, `ObjectId`, `SortCode`, `CreatorTime`, `CreatorUserId`) VALUES ('2021010612530408515774', 1, '6', 1, 'F0A2B36F-35A7-4660-B46C-D4AB796591EB', 99, '2021-01-06 12:53:04', '9f2ec079-7d0f-4fe2-90ab-8b09a8302aba');
INSERT INTO `sys_roleauthorize`(`Id`, `ItemType`, `ItemId`, `ObjectType`, `ObjectId`, `SortCode`, `CreatorTime`, `CreatorUserId`) VALUES ('2021010612530408521390', 2, '2021010315132781838294', 1, 'F0A2B36F-35A7-4660-B46C-D4AB796591EB', 99, '2021-01-06 12:53:04', '9f2ec079-7d0f-4fe2-90ab-8b09a8302aba');
INSERT INTO `sys_roleauthorize`(`Id`, `ItemType`, `ItemId`, `ObjectType`, `ObjectId`, `SortCode`, `CreatorTime`, `CreatorUserId`) VALUES ('2021010612530408524666', 2, '2021010316100011385581', 1, 'F0A2B36F-35A7-4660-B46C-D4AB796591EB', 99, '2021-01-06 12:53:04', '9f2ec079-7d0f-4fe2-90ab-8b09a8302aba');
INSERT INTO `sys_roleauthorize`(`Id`, `ItemType`, `ItemId`, `ObjectType`, `ObjectId`, `SortCode`, `CreatorTime`, `CreatorUserId`) VALUES ('2021010612530408526768', 2, '2021010315132789912350', 1, 'F0A2B36F-35A7-4660-B46C-D4AB796591EB', 99, '2021-01-06 12:53:04', '9f2ec079-7d0f-4fe2-90ab-8b09a8302aba');
INSERT INTO `sys_roleauthorize`(`Id`, `ItemType`, `ItemId`, `ObjectType`, `ObjectId`, `SortCode`, `CreatorTime`, `CreatorUserId`) VALUES ('2021010612530408526813', 2, '2021010316083259762810', 1, 'F0A2B36F-35A7-4660-B46C-D4AB796591EB', 99, '2021-01-06 12:53:04', '9f2ec079-7d0f-4fe2-90ab-8b09a8302aba');
INSERT INTO `sys_roleauthorize`(`Id`, `ItemType`, `ItemId`, `ObjectType`, `ObjectId`, `SortCode`, `CreatorTime`, `CreatorUserId`) VALUES ('2021010612530408527337', 2, '2021010315132787977688', 1, 'F0A2B36F-35A7-4660-B46C-D4AB796591EB', 99, '2021-01-06 12:53:04', '9f2ec079-7d0f-4fe2-90ab-8b09a8302aba');
INSERT INTO `sys_roleauthorize`(`Id`, `ItemType`, `ItemId`, `ObjectType`, `ObjectId`, `SortCode`, `CreatorTime`, `CreatorUserId`) VALUES ('2021010612530408528322', 2, '2021010316100012707325', 1, 'F0A2B36F-35A7-4660-B46C-D4AB796591EB', 99, '2021-01-06 12:53:04', '9f2ec079-7d0f-4fe2-90ab-8b09a8302aba');
INSERT INTO `sys_roleauthorize`(`Id`, `ItemType`, `ItemId`, `ObjectType`, `ObjectId`, `SortCode`, `CreatorTime`, `CreatorUserId`) VALUES ('2021010612530408528989', 2, '2021010315132791643307', 1, 'F0A2B36F-35A7-4660-B46C-D4AB796591EB', 99, '2021-01-06 12:53:04', '9f2ec079-7d0f-4fe2-90ab-8b09a8302aba');
INSERT INTO `sys_roleauthorize`(`Id`, `ItemType`, `ItemId`, `ObjectType`, `ObjectId`, `SortCode`, `CreatorTime`, `CreatorUserId`) VALUES ('2021010612530408531655', 1, '2020042316122987266087', 1, 'F0A2B36F-35A7-4660-B46C-D4AB796591EB', 99, '2021-01-06 12:53:04', '9f2ec079-7d0f-4fe2-90ab-8b09a8302aba');
INSERT INTO `sys_roleauthorize`(`Id`, `ItemType`, `ItemId`, `ObjectType`, `ObjectId`, `SortCode`, `CreatorTime`, `CreatorUserId`) VALUES ('2021010612530408535710', 2, '2021010316100018015698', 1, 'F0A2B36F-35A7-4660-B46C-D4AB796591EB', 99, '2021-01-06 12:53:04', '9f2ec079-7d0f-4fe2-90ab-8b09a8302aba');
INSERT INTO `sys_roleauthorize`(`Id`, `ItemType`, `ItemId`, `ObjectType`, `ObjectId`, `SortCode`, `CreatorTime`, `CreatorUserId`) VALUES ('2021010612530408536996', 2, '2021010316453713145150', 1, 'F0A2B36F-35A7-4660-B46C-D4AB796591EB', 99, '2021-01-06 12:53:04', '9f2ec079-7d0f-4fe2-90ab-8b09a8302aba');
INSERT INTO `sys_roleauthorize`(`Id`, `ItemType`, `ItemId`, `ObjectType`, `ObjectId`, `SortCode`, `CreatorTime`, `CreatorUserId`) VALUES ('2021010612530408538757', 2, '2021010316100015306916', 1, 'F0A2B36F-35A7-4660-B46C-D4AB796591EB', 99, '2021-01-06 12:53:04', '9f2ec079-7d0f-4fe2-90ab-8b09a8302aba');
INSERT INTO `sys_roleauthorize`(`Id`, `ItemType`, `ItemId`, `ObjectType`, `ObjectId`, `SortCode`, `CreatorTime`, `CreatorUserId`) VALUES ('2021010612530408539249', 2, '2021010316100014008890', 1, 'F0A2B36F-35A7-4660-B46C-D4AB796591EB', 99, '2021-01-06 12:53:04', '9f2ec079-7d0f-4fe2-90ab-8b09a8302aba');
INSERT INTO `sys_roleauthorize`(`Id`, `ItemType`, `ItemId`, `ObjectType`, `ObjectId`, `SortCode`, `CreatorTime`, `CreatorUserId`) VALUES ('2021010612530408539643', 2, '2021010316100009998659', 1, 'F0A2B36F-35A7-4660-B46C-D4AB796591EB', 99, '2021-01-06 12:53:04', '9f2ec079-7d0f-4fe2-90ab-8b09a8302aba');
INSERT INTO `sys_roleauthorize`(`Id`, `ItemType`, `ItemId`, `ObjectType`, `ObjectId`, `SortCode`, `CreatorTime`, `CreatorUserId`) VALUES ('2021010612530408539667', 2, '2021010316100016609991', 1, 'F0A2B36F-35A7-4660-B46C-D4AB796591EB', 99, '2021-01-06 12:53:04', '9f2ec079-7d0f-4fe2-90ab-8b09a8302aba');
INSERT INTO `sys_roleauthorize`(`Id`, `ItemType`, `ItemId`, `ObjectType`, `ObjectId`, `SortCode`, `CreatorTime`, `CreatorUserId`) VALUES ('2021010612530408541599', 2, '2021010316453715932821', 1, 'F0A2B36F-35A7-4660-B46C-D4AB796591EB', 99, '2021-01-06 12:53:04', '9f2ec079-7d0f-4fe2-90ab-8b09a8302aba');
INSERT INTO `sys_roleauthorize`(`Id`, `ItemType`, `ItemId`, `ObjectType`, `ObjectId`, `SortCode`, `CreatorTime`, `CreatorUserId`) VALUES ('2021010612530408541885', 2, '2021010315175286366578', 1, 'F0A2B36F-35A7-4660-B46C-D4AB796591EB', 99, '2021-01-06 12:53:04', '9f2ec079-7d0f-4fe2-90ab-8b09a8302aba');
INSERT INTO `sys_roleauthorize`(`Id`, `ItemType`, `ItemId`, `ObjectType`, `ObjectId`, `SortCode`, `CreatorTime`, `CreatorUserId`) VALUES ('2021010612530408542656', 2, '2021010316453714778755', 1, 'F0A2B36F-35A7-4660-B46C-D4AB796591EB', 99, '2021-01-06 12:53:04', '9f2ec079-7d0f-4fe2-90ab-8b09a8302aba');
INSERT INTO `sys_roleauthorize`(`Id`, `ItemType`, `ItemId`, `ObjectType`, `ObjectId`, `SortCode`, `CreatorTime`, `CreatorUserId`) VALUES ('2021010612530408542900', 1, '2020110314123396328561', 1, 'F0A2B36F-35A7-4660-B46C-D4AB796591EB', 99, '2021-01-06 12:53:04', '9f2ec079-7d0f-4fe2-90ab-8b09a8302aba');
INSERT INTO `sys_roleauthorize`(`Id`, `ItemType`, `ItemId`, `ObjectType`, `ObjectId`, `SortCode`, `CreatorTime`, `CreatorUserId`) VALUES ('2021010612530408544438', 2, '2021010316453718652652', 1, 'F0A2B36F-35A7-4660-B46C-D4AB796591EB', 99, '2021-01-06 12:53:04', '9f2ec079-7d0f-4fe2-90ab-8b09a8302aba');
INSERT INTO `sys_roleauthorize`(`Id`, `ItemType`, `ItemId`, `ObjectType`, `ObjectId`, `SortCode`, `CreatorTime`, `CreatorUserId`) VALUES ('2021010612530408547218', 2, '2021010316453717238579', 1, 'F0A2B36F-35A7-4660-B46C-D4AB796591EB', 99, '2021-01-06 12:53:04', '9f2ec079-7d0f-4fe2-90ab-8b09a8302aba');
INSERT INTO `sys_roleauthorize`(`Id`, `ItemType`, `ItemId`, `ObjectType`, `ObjectId`, `SortCode`, `CreatorTime`, `CreatorUserId`) VALUES ('2021010612530408548189', 2, '2021010316453719872053', 1, 'F0A2B36F-35A7-4660-B46C-D4AB796591EB', 99, '2021-01-06 12:53:04', '9f2ec079-7d0f-4fe2-90ab-8b09a8302aba');
INSERT INTO `sys_roleauthorize`(`Id`, `ItemType`, `ItemId`, `ObjectType`, `ObjectId`, `SortCode`, `CreatorTime`, `CreatorUserId`) VALUES ('2021010612530408549342', 2, '2021010316453710775564', 1, 'F0A2B36F-35A7-4660-B46C-D4AB796591EB', 99, '2021-01-06 12:53:04', '9f2ec079-7d0f-4fe2-90ab-8b09a8302aba');
INSERT INTO `sys_roleauthorize`(`Id`, `ItemType`, `ItemId`, `ObjectType`, `ObjectId`, `SortCode`, `CreatorTime`, `CreatorUserId`) VALUES ('2021010612530408551169', 2, '2021010315175288886376', 1, 'F0A2B36F-35A7-4660-B46C-D4AB796591EB', 99, '2021-01-06 12:53:04', '9f2ec079-7d0f-4fe2-90ab-8b09a8302aba');
INSERT INTO `sys_roleauthorize`(`Id`, `ItemType`, `ItemId`, `ObjectType`, `ObjectId`, `SortCode`, `CreatorTime`, `CreatorUserId`) VALUES ('2021010612530408552489', 2, '2021010315175287647040', 1, 'F0A2B36F-35A7-4660-B46C-D4AB796591EB', 99, '2021-01-06 12:53:04', '9f2ec079-7d0f-4fe2-90ab-8b09a8302aba');
INSERT INTO `sys_roleauthorize`(`Id`, `ItemType`, `ItemId`, `ObjectType`, `ObjectId`, `SortCode`, `CreatorTime`, `CreatorUserId`) VALUES ('2021010612530408553906', 2, '2021010315175285146141', 1, 'F0A2B36F-35A7-4660-B46C-D4AB796591EB', 99, '2021-01-06 12:53:04', '9f2ec079-7d0f-4fe2-90ab-8b09a8302aba');
INSERT INTO `sys_roleauthorize`(`Id`, `ItemType`, `ItemId`, `ObjectType`, `ObjectId`, `SortCode`, `CreatorTime`, `CreatorUserId`) VALUES ('2021010612530408555165', 2, '2021010315175290104050', 1, 'F0A2B36F-35A7-4660-B46C-D4AB796591EB', 99, '2021-01-06 12:53:04', '9f2ec079-7d0f-4fe2-90ab-8b09a8302aba');
INSERT INTO `sys_roleauthorize`(`Id`, `ItemType`, `ItemId`, `ObjectType`, `ObjectId`, `SortCode`, `CreatorTime`, `CreatorUserId`) VALUES ('2021010612530408555200', 2, '2021010315175292201815', 1, 'F0A2B36F-35A7-4660-B46C-D4AB796591EB', 99, '2021-01-06 12:53:04', '9f2ec079-7d0f-4fe2-90ab-8b09a8302aba');
INSERT INTO `sys_roleauthorize`(`Id`, `ItemType`, `ItemId`, `ObjectType`, `ObjectId`, `SortCode`, `CreatorTime`, `CreatorUserId`) VALUES ('2021010612530408556525', 2, '2021010315183150312981', 1, 'F0A2B36F-35A7-4660-B46C-D4AB796591EB', 99, '2021-01-06 12:53:04', '9f2ec079-7d0f-4fe2-90ab-8b09a8302aba');
INSERT INTO `sys_roleauthorize`(`Id`, `ItemType`, `ItemId`, `ObjectType`, `ObjectId`, `SortCode`, `CreatorTime`, `CreatorUserId`) VALUES ('2021010612530408557700', 1, '8', 1, 'F0A2B36F-35A7-4660-B46C-D4AB796591EB', 99, '2021-01-06 12:53:04', '9f2ec079-7d0f-4fe2-90ab-8b09a8302aba');
INSERT INTO `sys_roleauthorize`(`Id`, `ItemType`, `ItemId`, `ObjectType`, `ObjectId`, `SortCode`, `CreatorTime`, `CreatorUserId`) VALUES ('2021010612530408558114', 2, '2021010315175293736914', 1, 'F0A2B36F-35A7-4660-B46C-D4AB796591EB', 99, '2021-01-06 12:53:04', '9f2ec079-7d0f-4fe2-90ab-8b09a8302aba');
INSERT INTO `sys_roleauthorize`(`Id`, `ItemType`, `ItemId`, `ObjectType`, `ObjectId`, `SortCode`, `CreatorTime`, `CreatorUserId`) VALUES ('2021010612530408561410', 2, '2021010315183151659795', 1, 'F0A2B36F-35A7-4660-B46C-D4AB796591EB', 99, '2021-01-06 12:53:04', '9f2ec079-7d0f-4fe2-90ab-8b09a8302aba');
INSERT INTO `sys_roleauthorize`(`Id`, `ItemType`, `ItemId`, `ObjectType`, `ObjectId`, `SortCode`, `CreatorTime`, `CreatorUserId`) VALUES ('2021010612530408561898', 2, '2021010315183156352951', 1, 'F0A2B36F-35A7-4660-B46C-D4AB796591EB', 99, '2021-01-06 12:53:04', '9f2ec079-7d0f-4fe2-90ab-8b09a8302aba');
INSERT INTO `sys_roleauthorize`(`Id`, `ItemType`, `ItemId`, `ObjectType`, `ObjectId`, `SortCode`, `CreatorTime`, `CreatorUserId`) VALUES ('2021010612530408563320', 1, '2020110314142274602075', 1, 'F0A2B36F-35A7-4660-B46C-D4AB796591EB', 99, '2021-01-06 12:53:04', '9f2ec079-7d0f-4fe2-90ab-8b09a8302aba');
INSERT INTO `sys_roleauthorize`(`Id`, `ItemType`, `ItemId`, `ObjectType`, `ObjectId`, `SortCode`, `CreatorTime`, `CreatorUserId`) VALUES ('2021010612530408566093', 2, '2021010315183154826786', 1, 'F0A2B36F-35A7-4660-B46C-D4AB796591EB', 99, '2021-01-06 12:53:04', '9f2ec079-7d0f-4fe2-90ab-8b09a8302aba');
INSERT INTO `sys_roleauthorize`(`Id`, `ItemType`, `ItemId`, `ObjectType`, `ObjectId`, `SortCode`, `CreatorTime`, `CreatorUserId`) VALUES ('2021010612530408566604', 2, '2021010315183159324286', 1, 'F0A2B36F-35A7-4660-B46C-D4AB796591EB', 99, '2021-01-06 12:53:04', '9f2ec079-7d0f-4fe2-90ab-8b09a8302aba');
INSERT INTO `sys_roleauthorize`(`Id`, `ItemType`, `ItemId`, `ObjectType`, `ObjectId`, `SortCode`, `CreatorTime`, `CreatorUserId`) VALUES ('2021010612530408566919', 2, '2021010315183153249546', 1, 'F0A2B36F-35A7-4660-B46C-D4AB796591EB', 99, '2021-01-06 12:53:04', '9f2ec079-7d0f-4fe2-90ab-8b09a8302aba');
INSERT INTO `sys_roleauthorize`(`Id`, `ItemType`, `ItemId`, `ObjectType`, `ObjectId`, `SortCode`, `CreatorTime`, `CreatorUserId`) VALUES ('2021010612530408567491', 2, '2021010315183157889290', 1, 'F0A2B36F-35A7-4660-B46C-D4AB796591EB', 99, '2021-01-06 12:53:04', '9f2ec079-7d0f-4fe2-90ab-8b09a8302aba');
INSERT INTO `sys_roleauthorize`(`Id`, `ItemType`, `ItemId`, `ObjectType`, `ObjectId`, `SortCode`, `CreatorTime`, `CreatorUserId`) VALUES ('2021010612530408572009', 2, '2021010315194797086431', 1, 'F0A2B36F-35A7-4660-B46C-D4AB796591EB', 99, '2021-01-06 12:53:04', '9f2ec079-7d0f-4fe2-90ab-8b09a8302aba');
INSERT INTO `sys_roleauthorize`(`Id`, `ItemType`, `ItemId`, `ObjectType`, `ObjectId`, `SortCode`, `CreatorTime`, `CreatorUserId`) VALUES ('2021010612530408572540', 2, '2021010315194793896582', 1, 'F0A2B36F-35A7-4660-B46C-D4AB796591EB', 99, '2021-01-06 12:53:04', '9f2ec079-7d0f-4fe2-90ab-8b09a8302aba');
INSERT INTO `sys_roleauthorize`(`Id`, `ItemType`, `ItemId`, `ObjectType`, `ObjectId`, `SortCode`, `CreatorTime`, `CreatorUserId`) VALUES ('2021010612530408573015', 2, '2021010315194792606013', 1, 'F0A2B36F-35A7-4660-B46C-D4AB796591EB', 99, '2021-01-06 12:53:04', '9f2ec079-7d0f-4fe2-90ab-8b09a8302aba');
INSERT INTO `sys_roleauthorize`(`Id`, `ItemType`, `ItemId`, `ObjectType`, `ObjectId`, `SortCode`, `CreatorTime`, `CreatorUserId`) VALUES ('2021010612530408574745', 2, '2021010315194795273488', 1, 'F0A2B36F-35A7-4660-B46C-D4AB796591EB', 99, '2021-01-06 12:53:04', '9f2ec079-7d0f-4fe2-90ab-8b09a8302aba');
INSERT INTO `sys_roleauthorize`(`Id`, `ItemType`, `ItemId`, `ObjectType`, `ObjectId`, `SortCode`, `CreatorTime`, `CreatorUserId`) VALUES ('2021010612530408575125', 2, '2021010315194798698862', 1, 'F0A2B36F-35A7-4660-B46C-D4AB796591EB', 99, '2021-01-06 12:53:04', '9f2ec079-7d0f-4fe2-90ab-8b09a8302aba');
INSERT INTO `sys_roleauthorize`(`Id`, `ItemType`, `ItemId`, `ObjectType`, `ObjectId`, `SortCode`, `CreatorTime`, `CreatorUserId`) VALUES ('2021010612530408576113', 2, '2021010315204129496922', 1, 'F0A2B36F-35A7-4660-B46C-D4AB796591EB', 99, '2021-01-06 12:53:04', '9f2ec079-7d0f-4fe2-90ab-8b09a8302aba');
INSERT INTO `sys_roleauthorize`(`Id`, `ItemType`, `ItemId`, `ObjectType`, `ObjectId`, `SortCode`, `CreatorTime`, `CreatorUserId`) VALUES ('2021010612530408577048', 1, '2020110314161523904459', 1, 'F0A2B36F-35A7-4660-B46C-D4AB796591EB', 99, '2021-01-06 12:53:04', '9f2ec079-7d0f-4fe2-90ab-8b09a8302aba');
INSERT INTO `sys_roleauthorize`(`Id`, `ItemType`, `ItemId`, `ObjectType`, `ObjectId`, `SortCode`, `CreatorTime`, `CreatorUserId`) VALUES ('2021010612530408577670', 2, '2021010315194799827547', 1, 'F0A2B36F-35A7-4660-B46C-D4AB796591EB', 99, '2021-01-06 12:53:04', '9f2ec079-7d0f-4fe2-90ab-8b09a8302aba');
INSERT INTO `sys_roleauthorize`(`Id`, `ItemType`, `ItemId`, `ObjectType`, `ObjectId`, `SortCode`, `CreatorTime`, `CreatorUserId`) VALUES ('2021010612530408582714', 2, '2021010315215327767703', 1, 'F0A2B36F-35A7-4660-B46C-D4AB796591EB', 99, '2021-01-06 12:53:04', '9f2ec079-7d0f-4fe2-90ab-8b09a8302aba');
INSERT INTO `sys_roleauthorize`(`Id`, `ItemType`, `ItemId`, `ObjectType`, `ObjectId`, `SortCode`, `CreatorTime`, `CreatorUserId`) VALUES ('2021010612530408582723', 2, '2021010315194800999273', 1, 'F0A2B36F-35A7-4660-B46C-D4AB796591EB', 99, '2021-01-06 12:53:04', '9f2ec079-7d0f-4fe2-90ab-8b09a8302aba');
INSERT INTO `sys_roleauthorize`(`Id`, `ItemType`, `ItemId`, `ObjectType`, `ObjectId`, `SortCode`, `CreatorTime`, `CreatorUserId`) VALUES ('2021010612530408583830', 2, '2021010315215315394611', 1, 'F0A2B36F-35A7-4660-B46C-D4AB796591EB', 99, '2021-01-06 12:53:04', '9f2ec079-7d0f-4fe2-90ab-8b09a8302aba');
INSERT INTO `sys_roleauthorize`(`Id`, `ItemType`, `ItemId`, `ObjectType`, `ObjectId`, `SortCode`, `CreatorTime`, `CreatorUserId`) VALUES ('2021010612530408584071', 2, '2021010321015604704406', 1, 'F0A2B36F-35A7-4660-B46C-D4AB796591EB', 99, '2021-01-06 12:53:04', '9f2ec079-7d0f-4fe2-90ab-8b09a8302aba');
INSERT INTO `sys_roleauthorize`(`Id`, `ItemType`, `ItemId`, `ObjectType`, `ObjectId`, `SortCode`, `CreatorTime`, `CreatorUserId`) VALUES ('2021010612530408584145', 1, '2020110314182794069057', 1, 'F0A2B36F-35A7-4660-B46C-D4AB796591EB', 99, '2021-01-06 12:53:04', '9f2ec079-7d0f-4fe2-90ab-8b09a8302aba');
INSERT INTO `sys_roleauthorize`(`Id`, `ItemType`, `ItemId`, `ObjectType`, `ObjectId`, `SortCode`, `CreatorTime`, `CreatorUserId`) VALUES ('2021010612530408585054', 2, '2021010315212004586381', 1, 'F0A2B36F-35A7-4660-B46C-D4AB796591EB', 99, '2021-01-06 12:53:04', '9f2ec079-7d0f-4fe2-90ab-8b09a8302aba');
INSERT INTO `sys_roleauthorize`(`Id`, `ItemType`, `ItemId`, `ObjectType`, `ObjectId`, `SortCode`, `CreatorTime`, `CreatorUserId`) VALUES ('2021010612530408586737', 1, '2020110314190914102881', 1, 'F0A2B36F-35A7-4660-B46C-D4AB796591EB', 99, '2021-01-06 12:53:04', '9f2ec079-7d0f-4fe2-90ab-8b09a8302aba');
INSERT INTO `sys_roleauthorize`(`Id`, `ItemType`, `ItemId`, `ObjectType`, `ObjectId`, `SortCode`, `CreatorTime`, `CreatorUserId`) VALUES ('2021010612530408589392', 1, '2020110314165224964779', 1, 'F0A2B36F-35A7-4660-B46C-D4AB796591EB', 99, '2021-01-06 12:53:04', '9f2ec079-7d0f-4fe2-90ab-8b09a8302aba');
INSERT INTO `sys_roleauthorize`(`Id`, `ItemType`, `ItemId`, `ObjectType`, `ObjectId`, `SortCode`, `CreatorTime`, `CreatorUserId`) VALUES ('2021010612530408592207', 2, '2021010315215331498258', 1, 'F0A2B36F-35A7-4660-B46C-D4AB796591EB', 99, '2021-01-06 12:53:04', '9f2ec079-7d0f-4fe2-90ab-8b09a8302aba');
INSERT INTO `sys_roleauthorize`(`Id`, `ItemType`, `ItemId`, `ObjectType`, `ObjectId`, `SortCode`, `CreatorTime`, `CreatorUserId`) VALUES ('2021010612530408594785', 2, '2021010315222503738750', 1, 'F0A2B36F-35A7-4660-B46C-D4AB796591EB', 99, '2021-01-06 12:53:04', '9f2ec079-7d0f-4fe2-90ab-8b09a8302aba');
INSERT INTO `sys_roleauthorize`(`Id`, `ItemType`, `ItemId`, `ObjectType`, `ObjectId`, `SortCode`, `CreatorTime`, `CreatorUserId`) VALUES ('2021010612530408595248', 2, '2021010315215330182636', 1, 'F0A2B36F-35A7-4660-B46C-D4AB796591EB', 99, '2021-01-06 12:53:04', '9f2ec079-7d0f-4fe2-90ab-8b09a8302aba');
INSERT INTO `sys_roleauthorize`(`Id`, `ItemType`, `ItemId`, `ObjectType`, `ObjectId`, `SortCode`, `CreatorTime`, `CreatorUserId`) VALUES ('2021010612530408598010', 2, '2021010315215334061002', 1, 'F0A2B36F-35A7-4660-B46C-D4AB796591EB', 99, '2021-01-06 12:53:04', '9f2ec079-7d0f-4fe2-90ab-8b09a8302aba');
INSERT INTO `sys_roleauthorize`(`Id`, `ItemType`, `ItemId`, `ObjectType`, `ObjectId`, `SortCode`, `CreatorTime`, `CreatorUserId`) VALUES ('2021010612530408598340', 2, '2021010315215332842957', 1, 'F0A2B36F-35A7-4660-B46C-D4AB796591EB', 99, '2021-01-06 12:53:04', '9f2ec079-7d0f-4fe2-90ab-8b09a8302aba');
INSERT INTO `sys_roleauthorize`(`Id`, `ItemType`, `ItemId`, `ObjectType`, `ObjectId`, `SortCode`, `CreatorTime`, `CreatorUserId`) VALUES ('2021010612530408598510', 2, '2021010315215328948079', 1, 'F0A2B36F-35A7-4660-B46C-D4AB796591EB', 99, '2021-01-06 12:53:04', '9f2ec079-7d0f-4fe2-90ab-8b09a8302aba');
INSERT INTO `sys_roleauthorize`(`Id`, `ItemType`, `ItemId`, `ObjectType`, `ObjectId`, `SortCode`, `CreatorTime`, `CreatorUserId`) VALUES ('2021010612530408598945', 1, '2020110314195207514356', 1, 'F0A2B36F-35A7-4660-B46C-D4AB796591EB', 99, '2021-01-06 12:53:04', '9f2ec079-7d0f-4fe2-90ab-8b09a8302aba');
INSERT INTO `sys_roleauthorize`(`Id`, `ItemType`, `ItemId`, `ObjectType`, `ObjectId`, `SortCode`, `CreatorTime`, `CreatorUserId`) VALUES ('2021010612530408602120', 1, '201806120821141288', 1, 'F0A2B36F-35A7-4660-B46C-D4AB796591EB', 99, '2021-01-06 12:53:04', '9f2ec079-7d0f-4fe2-90ab-8b09a8302aba');
INSERT INTO `sys_roleauthorize`(`Id`, `ItemType`, `ItemId`, `ObjectType`, `ObjectId`, `SortCode`, `CreatorTime`, `CreatorUserId`) VALUES ('2021010612530408603438', 2, '2021010315222510354377', 1, 'F0A2B36F-35A7-4660-B46C-D4AB796591EB', 99, '2021-01-06 12:53:04', '9f2ec079-7d0f-4fe2-90ab-8b09a8302aba');
INSERT INTO `sys_roleauthorize`(`Id`, `ItemType`, `ItemId`, `ObjectType`, `ObjectId`, `SortCode`, `CreatorTime`, `CreatorUserId`) VALUES ('2021010612530408603610', 1, '7', 1, 'F0A2B36F-35A7-4660-B46C-D4AB796591EB', 99, '2021-01-06 12:53:04', '9f2ec079-7d0f-4fe2-90ab-8b09a8302aba');
INSERT INTO `sys_roleauthorize`(`Id`, `ItemType`, `ItemId`, `ObjectType`, `ObjectId`, `SortCode`, `CreatorTime`, `CreatorUserId`) VALUES ('2021010612530408606645', 2, '2021010315222511918449', 1, 'F0A2B36F-35A7-4660-B46C-D4AB796591EB', 99, '2021-01-06 12:53:04', '9f2ec079-7d0f-4fe2-90ab-8b09a8302aba');
INSERT INTO `sys_roleauthorize`(`Id`, `ItemType`, `ItemId`, `ObjectType`, `ObjectId`, `SortCode`, `CreatorTime`, `CreatorUserId`) VALUES ('2021010612530408606774', 2, '2021010315222508743670', 1, 'F0A2B36F-35A7-4660-B46C-D4AB796591EB', 99, '2021-01-06 12:53:04', '9f2ec079-7d0f-4fe2-90ab-8b09a8302aba');
INSERT INTO `sys_roleauthorize`(`Id`, `ItemType`, `ItemId`, `ObjectType`, `ObjectId`, `SortCode`, `CreatorTime`, `CreatorUserId`) VALUES ('2021010612530408608508', 2, '2021010315222513987026', 1, 'F0A2B36F-35A7-4660-B46C-D4AB796591EB', 99, '2021-01-06 12:53:04', '9f2ec079-7d0f-4fe2-90ab-8b09a8302aba');
INSERT INTO `sys_roleauthorize`(`Id`, `ItemType`, `ItemId`, `ObjectType`, `ObjectId`, `SortCode`, `CreatorTime`, `CreatorUserId`) VALUES ('2021010612530408608664', 2, '2021010315222506982025', 1, 'F0A2B36F-35A7-4660-B46C-D4AB796591EB', 99, '2021-01-06 12:53:04', '9f2ec079-7d0f-4fe2-90ab-8b09a8302aba');
INSERT INTO `sys_roleauthorize`(`Id`, `ItemType`, `ItemId`, `ObjectType`, `ObjectId`, `SortCode`, `CreatorTime`, `CreatorUserId`) VALUES ('2021010612530408609150', 2, '2021010315222505099926', 1, 'F0A2B36F-35A7-4660-B46C-D4AB796591EB', 99, '2021-01-06 12:53:04', '9f2ec079-7d0f-4fe2-90ab-8b09a8302aba');
INSERT INTO `sys_roleauthorize`(`Id`, `ItemType`, `ItemId`, `ObjectType`, `ObjectId`, `SortCode`, `CreatorTime`, `CreatorUserId`) VALUES ('2021010612530408611060', 2, '2021010315340190128841', 1, 'F0A2B36F-35A7-4660-B46C-D4AB796591EB', 99, '2021-01-06 12:53:04', '9f2ec079-7d0f-4fe2-90ab-8b09a8302aba');
INSERT INTO `sys_roleauthorize`(`Id`, `ItemType`, `ItemId`, `ObjectType`, `ObjectId`, `SortCode`, `CreatorTime`, `CreatorUserId`) VALUES ('2021010612530408613030', 1, '2020110314220971767837', 1, 'F0A2B36F-35A7-4660-B46C-D4AB796591EB', 99, '2021-01-06 12:53:04', '9f2ec079-7d0f-4fe2-90ab-8b09a8302aba');
INSERT INTO `sys_roleauthorize`(`Id`, `ItemType`, `ItemId`, `ObjectType`, `ObjectId`, `SortCode`, `CreatorTime`, `CreatorUserId`) VALUES ('2021010612530408613288', 1, '2020110314231504343408', 1, 'F0A2B36F-35A7-4660-B46C-D4AB796591EB', 99, '2021-01-06 12:53:04', '9f2ec079-7d0f-4fe2-90ab-8b09a8302aba');
INSERT INTO `sys_roleauthorize`(`Id`, `ItemType`, `ItemId`, `ObjectType`, `ObjectId`, `SortCode`, `CreatorTime`, `CreatorUserId`) VALUES ('2021010612530408614688', 2, '2021010321105884295252', 1, 'F0A2B36F-35A7-4660-B46C-D4AB796591EB', 99, '2021-01-06 12:53:04', '9f2ec079-7d0f-4fe2-90ab-8b09a8302aba');
INSERT INTO `sys_roleauthorize`(`Id`, `ItemType`, `ItemId`, `ObjectType`, `ObjectId`, `SortCode`, `CreatorTime`, `CreatorUserId`) VALUES ('2021010612530408615220', 2, '2021010321102869902680', 1, 'F0A2B36F-35A7-4660-B46C-D4AB796591EB', 99, '2021-01-06 12:53:04', '9f2ec079-7d0f-4fe2-90ab-8b09a8302aba');
INSERT INTO `sys_roleauthorize`(`Id`, `ItemType`, `ItemId`, `ObjectType`, `ObjectId`, `SortCode`, `CreatorTime`, `CreatorUserId`) VALUES ('2021010612530408618429', 1, '2020110314224299715445', 1, 'F0A2B36F-35A7-4660-B46C-D4AB796591EB', 99, '2021-01-06 12:53:04', '9f2ec079-7d0f-4fe2-90ab-8b09a8302aba');
INSERT INTO `sys_roleauthorize`(`Id`, `ItemType`, `ItemId`, `ObjectType`, `ObjectId`, `SortCode`, `CreatorTime`, `CreatorUserId`) VALUES ('2021010612530408618922', 2, '2021010321100441931251', 1, 'F0A2B36F-35A7-4660-B46C-D4AB796591EB', 99, '2021-01-06 12:53:04', '9f2ec079-7d0f-4fe2-90ab-8b09a8302aba');
INSERT INTO `sys_roleauthorize`(`Id`, `ItemType`, `ItemId`, `ObjectType`, `ObjectId`, `SortCode`, `CreatorTime`, `CreatorUserId`) VALUES ('2021010612530408623406', 2, '2021010315233979627999', 1, 'F0A2B36F-35A7-4660-B46C-D4AB796591EB', 99, '2021-01-06 12:53:04', '9f2ec079-7d0f-4fe2-90ab-8b09a8302aba');
INSERT INTO `sys_roleauthorize`(`Id`, `ItemType`, `ItemId`, `ObjectType`, `ObjectId`, `SortCode`, `CreatorTime`, `CreatorUserId`) VALUES ('2021010612530408624124', 1, '201806141351101389', 1, 'F0A2B36F-35A7-4660-B46C-D4AB796591EB', 99, '2021-01-06 12:53:04', '9f2ec079-7d0f-4fe2-90ab-8b09a8302aba');
INSERT INTO `sys_roleauthorize`(`Id`, `ItemType`, `ItemId`, `ObjectType`, `ObjectId`, `SortCode`, `CreatorTime`, `CreatorUserId`) VALUES ('2021010612530408624286', 2, '2021010315233975086228', 1, 'F0A2B36F-35A7-4660-B46C-D4AB796591EB', 99, '2021-01-06 12:53:04', '9f2ec079-7d0f-4fe2-90ab-8b09a8302aba');
INSERT INTO `sys_roleauthorize`(`Id`, `ItemType`, `ItemId`, `ObjectType`, `ObjectId`, `SortCode`, `CreatorTime`, `CreatorUserId`) VALUES ('2021010612530408627266', 2, '2021010315233978026300', 1, 'F0A2B36F-35A7-4660-B46C-D4AB796591EB', 99, '2021-01-06 12:53:04', '9f2ec079-7d0f-4fe2-90ab-8b09a8302aba');
INSERT INTO `sys_roleauthorize`(`Id`, `ItemType`, `ItemId`, `ObjectType`, `ObjectId`, `SortCode`, `CreatorTime`, `CreatorUserId`) VALUES ('2021010612530408627445', 1, '9', 1, 'F0A2B36F-35A7-4660-B46C-D4AB796591EB', 99, '2021-01-06 12:53:04', '9f2ec079-7d0f-4fe2-90ab-8b09a8302aba');
INSERT INTO `sys_roleauthorize`(`Id`, `ItemType`, `ItemId`, `ObjectType`, `ObjectId`, `SortCode`, `CreatorTime`, `CreatorUserId`) VALUES ('2021010612530408628948', 2, '2021010315233976493618', 1, 'F0A2B36F-35A7-4660-B46C-D4AB796591EB', 99, '2021-01-06 12:53:04', '9f2ec079-7d0f-4fe2-90ab-8b09a8302aba');
INSERT INTO `sys_roleauthorize`(`Id`, `ItemType`, `ItemId`, `ObjectType`, `ObjectId`, `SortCode`, `CreatorTime`, `CreatorUserId`) VALUES ('2021010612530408631863', 2, '2021010315295385481609', 1, 'F0A2B36F-35A7-4660-B46C-D4AB796591EB', 99, '2021-01-06 12:53:04', '9f2ec079-7d0f-4fe2-90ab-8b09a8302aba');
INSERT INTO `sys_roleauthorize`(`Id`, `ItemType`, `ItemId`, `ObjectType`, `ObjectId`, `SortCode`, `CreatorTime`, `CreatorUserId`) VALUES ('2021010612530408633522', 2, '2021010315233981246649', 1, 'F0A2B36F-35A7-4660-B46C-D4AB796591EB', 99, '2021-01-06 12:53:04', '9f2ec079-7d0f-4fe2-90ab-8b09a8302aba');
INSERT INTO `sys_roleauthorize`(`Id`, `ItemType`, `ItemId`, `ObjectType`, `ObjectId`, `SortCode`, `CreatorTime`, `CreatorUserId`) VALUES ('2021010612530408633736', 1, '201806291506346894', 1, 'F0A2B36F-35A7-4660-B46C-D4AB796591EB', 99, '2021-01-06 12:53:04', '9f2ec079-7d0f-4fe2-90ab-8b09a8302aba');
INSERT INTO `sys_roleauthorize`(`Id`, `ItemType`, `ItemId`, `ObjectType`, `ObjectId`, `SortCode`, `CreatorTime`, `CreatorUserId`) VALUES ('2021010612530408636306', 2, '2021010315233984299075', 1, 'F0A2B36F-35A7-4660-B46C-D4AB796591EB', 99, '2021-01-06 12:53:04', '9f2ec079-7d0f-4fe2-90ab-8b09a8302aba');
INSERT INTO `sys_roleauthorize`(`Id`, `ItemType`, `ItemId`, `ObjectType`, `ObjectId`, `SortCode`, `CreatorTime`, `CreatorUserId`) VALUES ('2021010612530408636982', 2, '2021010315295372466127', 1, 'F0A2B36F-35A7-4660-B46C-D4AB796591EB', 99, '2021-01-06 12:53:04', '9f2ec079-7d0f-4fe2-90ab-8b09a8302aba');
INSERT INTO `sys_roleauthorize`(`Id`, `ItemType`, `ItemId`, `ObjectType`, `ObjectId`, `SortCode`, `CreatorTime`, `CreatorUserId`) VALUES ('2021010612530408638132', 2, '2021010315233982801956', 1, 'F0A2B36F-35A7-4660-B46C-D4AB796591EB', 99, '2021-01-06 12:53:04', '9f2ec079-7d0f-4fe2-90ab-8b09a8302aba');
INSERT INTO `sys_roleauthorize`(`Id`, `ItemType`, `ItemId`, `ObjectType`, `ObjectId`, `SortCode`, `CreatorTime`, `CreatorUserId`) VALUES ('2021010612530408641798', 2, '2021010315295392674499', 1, 'F0A2B36F-35A7-4660-B46C-D4AB796591EB', 99, '2021-01-06 12:53:04', '9f2ec079-7d0f-4fe2-90ab-8b09a8302aba');
INSERT INTO `sys_roleauthorize`(`Id`, `ItemType`, `ItemId`, `ObjectType`, `ObjectId`, `SortCode`, `CreatorTime`, `CreatorUserId`) VALUES ('2021010612530408642728', 2, '2021010315295390992753', 1, 'F0A2B36F-35A7-4660-B46C-D4AB796591EB', 99, '2021-01-06 12:53:04', '9f2ec079-7d0f-4fe2-90ab-8b09a8302aba');
INSERT INTO `sys_roleauthorize`(`Id`, `ItemType`, `ItemId`, `ObjectType`, `ObjectId`, `SortCode`, `CreatorTime`, `CreatorUserId`) VALUES ('2021010612530408643209', 2, '2021010315295394456942', 1, 'F0A2B36F-35A7-4660-B46C-D4AB796591EB', 99, '2021-01-06 12:53:04', '9f2ec079-7d0f-4fe2-90ab-8b09a8302aba');
INSERT INTO `sys_roleauthorize`(`Id`, `ItemType`, `ItemId`, `ObjectType`, `ObjectId`, `SortCode`, `CreatorTime`, `CreatorUserId`) VALUES ('2021010612530408645955', 2, '2021010315295389238874', 1, 'F0A2B36F-35A7-4660-B46C-D4AB796591EB', 99, '2021-01-06 12:53:04', '9f2ec079-7d0f-4fe2-90ab-8b09a8302aba');
INSERT INTO `sys_roleauthorize`(`Id`, `ItemType`, `ItemId`, `ObjectType`, `ObjectId`, `SortCode`, `CreatorTime`, `CreatorUserId`) VALUES ('2021010612530408647683', 2, '2021010315295396508020', 1, 'F0A2B36F-35A7-4660-B46C-D4AB796591EB', 99, '2021-01-06 12:53:04', '9f2ec079-7d0f-4fe2-90ab-8b09a8302aba');
INSERT INTO `sys_roleauthorize`(`Id`, `ItemType`, `ItemId`, `ObjectType`, `ObjectId`, `SortCode`, `CreatorTime`, `CreatorUserId`) VALUES ('2021010612530408651851', 1, '201806121608404625', 1, 'F0A2B36F-35A7-4660-B46C-D4AB796591EB', 99, '2021-01-06 12:53:04', '9f2ec079-7d0f-4fe2-90ab-8b09a8302aba');
INSERT INTO `sys_roleauthorize`(`Id`, `ItemType`, `ItemId`, `ObjectType`, `ObjectId`, `SortCode`, `CreatorTime`, `CreatorUserId`) VALUES ('2021010612530408651994', 2, '2021010315304419294420', 1, 'F0A2B36F-35A7-4660-B46C-D4AB796591EB', 99, '2021-01-06 12:53:04', '9f2ec079-7d0f-4fe2-90ab-8b09a8302aba');
INSERT INTO `sys_roleauthorize`(`Id`, `ItemType`, `ItemId`, `ObjectType`, `ObjectId`, `SortCode`, `CreatorTime`, `CreatorUserId`) VALUES ('2021010612530408653118', 2, '2021010315315773909706', 1, 'F0A2B36F-35A7-4660-B46C-D4AB796591EB', 99, '2021-01-06 12:53:04', '9f2ec079-7d0f-4fe2-90ab-8b09a8302aba');
INSERT INTO `sys_roleauthorize`(`Id`, `ItemType`, `ItemId`, `ObjectType`, `ObjectId`, `SortCode`, `CreatorTime`, `CreatorUserId`) VALUES ('2021010612530408655741', 2, '2021010315323086026943', 1, 'F0A2B36F-35A7-4660-B46C-D4AB796591EB', 99, '2021-01-06 12:53:04', '9f2ec079-7d0f-4fe2-90ab-8b09a8302aba');
INSERT INTO `sys_roleauthorize`(`Id`, `ItemType`, `ItemId`, `ObjectType`, `ObjectId`, `SortCode`, `CreatorTime`, `CreatorUserId`) VALUES ('2021010612530408658916', 2, '2021010315304421057774', 1, 'F0A2B36F-35A7-4660-B46C-D4AB796591EB', 99, '2021-01-06 12:53:04', '9f2ec079-7d0f-4fe2-90ab-8b09a8302aba');
INSERT INTO `sys_roleauthorize`(`Id`, `ItemType`, `ItemId`, `ObjectType`, `ObjectId`, `SortCode`, `CreatorTime`, `CreatorUserId`) VALUES ('2021010612530408659690', 2, '2021010315304422692928', 1, 'F0A2B36F-35A7-4660-B46C-D4AB796591EB', 99, '2021-01-06 12:53:04', '9f2ec079-7d0f-4fe2-90ab-8b09a8302aba');
INSERT INTO `sys_roleauthorize`(`Id`, `ItemType`, `ItemId`, `ObjectType`, `ObjectId`, `SortCode`, `CreatorTime`, `CreatorUserId`) VALUES ('2021010612530408663777', 1, '2020042216381028741066', 1, 'F0A2B36F-35A7-4660-B46C-D4AB796591EB', 99, '2021-01-06 12:53:04', '9f2ec079-7d0f-4fe2-90ab-8b09a8302aba');
INSERT INTO `sys_roleauthorize`(`Id`, `ItemType`, `ItemId`, `ObjectType`, `ObjectId`, `SortCode`, `CreatorTime`, `CreatorUserId`) VALUES ('2021010612530408664043', 2, '2021010315304425833907', 1, 'F0A2B36F-35A7-4660-B46C-D4AB796591EB', 99, '2021-01-06 12:53:04', '9f2ec079-7d0f-4fe2-90ab-8b09a8302aba');
INSERT INTO `sys_roleauthorize`(`Id`, `ItemType`, `ItemId`, `ObjectType`, `ObjectId`, `SortCode`, `CreatorTime`, `CreatorUserId`) VALUES ('2021010612530408665350', 2, '2021010315304436069801', 1, 'F0A2B36F-35A7-4660-B46C-D4AB796591EB', 99, '2021-01-06 12:53:04', '9f2ec079-7d0f-4fe2-90ab-8b09a8302aba');
INSERT INTO `sys_roleauthorize`(`Id`, `ItemType`, `ItemId`, `ObjectType`, `ObjectId`, `SortCode`, `CreatorTime`, `CreatorUserId`) VALUES ('2021010612530408666238', 2, '2021010315304417212621', 1, 'F0A2B36F-35A7-4660-B46C-D4AB796591EB', 99, '2021-01-06 12:53:04', '9f2ec079-7d0f-4fe2-90ab-8b09a8302aba');
INSERT INTO `sys_roleauthorize`(`Id`, `ItemType`, `ItemId`, `ObjectType`, `ObjectId`, `SortCode`, `CreatorTime`, `CreatorUserId`) VALUES ('2021010612530408669835', 2, '2021010315304424338490', 1, 'F0A2B36F-35A7-4660-B46C-D4AB796591EB', 99, '2021-01-06 12:53:04', '9f2ec079-7d0f-4fe2-90ab-8b09a8302aba');
INSERT INTO `sys_roleauthorize`(`Id`, `ItemType`, `ItemId`, `ObjectType`, `ObjectId`, `SortCode`, `CreatorTime`, `CreatorUserId`) VALUES ('2021010612530408671746', 1, '2021010612464998158840', 1, 'F0A2B36F-35A7-4660-B46C-D4AB796591EB', 99, '2021-01-06 12:53:04', '9f2ec079-7d0f-4fe2-90ab-8b09a8302aba');
INSERT INTO `sys_roleauthorize`(`Id`, `ItemType`, `ItemId`, `ObjectType`, `ObjectId`, `SortCode`, `CreatorTime`, `CreatorUserId`) VALUES ('2021010612530408673737', 2, '2021010612491831898409', 1, 'F0A2B36F-35A7-4660-B46C-D4AB796591EB', 99, '2021-01-06 12:53:04', '9f2ec079-7d0f-4fe2-90ab-8b09a8302aba');
INSERT INTO `sys_roleauthorize`(`Id`, `ItemType`, `ItemId`, `ObjectType`, `ObjectId`, `SortCode`, `CreatorTime`, `CreatorUserId`) VALUES ('2021010612530408674276', 1, '201806040726499682', 1, 'F0A2B36F-35A7-4660-B46C-D4AB796591EB', 99, '2021-01-06 12:53:04', '9f2ec079-7d0f-4fe2-90ab-8b09a8302aba');
INSERT INTO `sys_roleauthorize`(`Id`, `ItemType`, `ItemId`, `ObjectType`, `ObjectId`, `SortCode`, `CreatorTime`, `CreatorUserId`) VALUES ('2021010612530408674834', 2, '2021010612491819924157', 1, 'F0A2B36F-35A7-4660-B46C-D4AB796591EB', 99, '2021-01-06 12:53:04', '9f2ec079-7d0f-4fe2-90ab-8b09a8302aba');
INSERT INTO `sys_roleauthorize`(`Id`, `ItemType`, `ItemId`, `ObjectType`, `ObjectId`, `SortCode`, `CreatorTime`, `CreatorUserId`) VALUES ('2021010612530408676053', 1, '2021010612383675183980', 1, 'F0A2B36F-35A7-4660-B46C-D4AB796591EB', 99, '2021-01-06 12:53:04', '9f2ec079-7d0f-4fe2-90ab-8b09a8302aba');
INSERT INTO `sys_roleauthorize`(`Id`, `ItemType`, `ItemId`, `ObjectType`, `ObjectId`, `SortCode`, `CreatorTime`, `CreatorUserId`) VALUES ('2021010612530408677968', 2, '2021010612491822062867', 1, 'F0A2B36F-35A7-4660-B46C-D4AB796591EB', 99, '2021-01-06 12:53:04', '9f2ec079-7d0f-4fe2-90ab-8b09a8302aba');
INSERT INTO `sys_roleauthorize`(`Id`, `ItemType`, `ItemId`, `ObjectType`, `ObjectId`, `SortCode`, `CreatorTime`, `CreatorUserId`) VALUES ('2021010612530408681043', 2, '2021010612491836859838', 1, 'F0A2B36F-35A7-4660-B46C-D4AB796591EB', 99, '2021-01-06 12:53:04', '9f2ec079-7d0f-4fe2-90ab-8b09a8302aba');
INSERT INTO `sys_roleauthorize`(`Id`, `ItemType`, `ItemId`, `ObjectType`, `ObjectId`, `SortCode`, `CreatorTime`, `CreatorUserId`) VALUES ('2021010612530408683388', 2, '2021010612491835335516', 1, 'F0A2B36F-35A7-4660-B46C-D4AB796591EB', 99, '2021-01-06 12:53:04', '9f2ec079-7d0f-4fe2-90ab-8b09a8302aba');
INSERT INTO `sys_roleauthorize`(`Id`, `ItemType`, `ItemId`, `ObjectType`, `ObjectId`, `SortCode`, `CreatorTime`, `CreatorUserId`) VALUES ('2021010612530408689527', 2, '2021010612491833636611', 1, 'F0A2B36F-35A7-4660-B46C-D4AB796591EB', 99, '2021-01-06 12:53:04', '9f2ec079-7d0f-4fe2-90ab-8b09a8302aba');
INSERT INTO `sys_roleauthorize`(`Id`, `ItemType`, `ItemId`, `ObjectType`, `ObjectId`, `SortCode`, `CreatorTime`, `CreatorUserId`) VALUES ('2021010612530408692952', 2, '2021010612491813391450', 1, 'F0A2B36F-35A7-4660-B46C-D4AB796591EB', 99, '2021-01-06 12:53:04', '9f2ec079-7d0f-4fe2-90ab-8b09a8302aba');
INSERT INTO `sys_roleauthorize`(`Id`, `ItemType`, `ItemId`, `ObjectType`, `ObjectId`, `SortCode`, `CreatorTime`, `CreatorUserId`) VALUES ('2021010612530408693416', 2, '2021010612522824805771', 1, 'F0A2B36F-35A7-4660-B46C-D4AB796591EB', 99, '2021-01-06 12:53:04', '9f2ec079-7d0f-4fe2-90ab-8b09a8302aba');
INSERT INTO `sys_roleauthorize`(`Id`, `ItemType`, `ItemId`, `ObjectType`, `ObjectId`, `SortCode`, `CreatorTime`, `CreatorUserId`) VALUES ('2021010612530408697397', 2, '2021010612522826599230', 1, 'F0A2B36F-35A7-4660-B46C-D4AB796591EB', 99, '2021-01-06 12:53:04', '9f2ec079-7d0f-4fe2-90ab-8b09a8302aba');
INSERT INTO `sys_roleauthorize`(`Id`, `ItemType`, `ItemId`, `ObjectType`, `ObjectId`, `SortCode`, `CreatorTime`, `CreatorUserId`) VALUES ('2021010612530408698352', 1, '2021010612514163234452', 1, 'F0A2B36F-35A7-4660-B46C-D4AB796591EB', 99, '2021-01-06 12:53:04', '9f2ec079-7d0f-4fe2-90ab-8b09a8302aba');
INSERT INTO `sys_roleauthorize`(`Id`, `ItemType`, `ItemId`, `ObjectType`, `ObjectId`, `SortCode`, `CreatorTime`, `CreatorUserId`) VALUES ('2021010612530408699221', 2, '2021010612522828498318', 1, 'F0A2B36F-35A7-4660-B46C-D4AB796591EB', 99, '2021-01-06 12:53:04', '9f2ec079-7d0f-4fe2-90ab-8b09a8302aba');
INSERT INTO `sys_roleauthorize`(`Id`, `ItemType`, `ItemId`, `ObjectType`, `ObjectId`, `SortCode`, `CreatorTime`, `CreatorUserId`) VALUES ('2021010612530408702285', 2, '2021010612522830229383', 1, 'F0A2B36F-35A7-4660-B46C-D4AB796591EB', 99, '2021-01-06 12:53:04', '9f2ec079-7d0f-4fe2-90ab-8b09a8302aba');
INSERT INTO `sys_roleauthorize`(`Id`, `ItemType`, `ItemId`, `ObjectType`, `ObjectId`, `SortCode`, `CreatorTime`, `CreatorUserId`) VALUES ('2021010612530408702329', 2, '2021010612522832039767', 1, 'F0A2B36F-35A7-4660-B46C-D4AB796591EB', 99, '2021-01-06 12:53:04', '9f2ec079-7d0f-4fe2-90ab-8b09a8302aba');
INSERT INTO `sys_roleauthorize`(`Id`, `ItemType`, `ItemId`, `ObjectType`, `ObjectId`, `SortCode`, `CreatorTime`, `CreatorUserId`) VALUES ('2021010612530408708755', 2, '2021010612522833744963', 1, 'F0A2B36F-35A7-4660-B46C-D4AB796591EB', 99, '2021-01-06 12:53:04', '9f2ec079-7d0f-4fe2-90ab-8b09a8302aba');
INSERT INTO `sys_roleauthorize`(`Id`, `ItemType`, `ItemId`, `ObjectType`, `ObjectId`, `SortCode`, `CreatorTime`, `CreatorUserId`) VALUES ('2021010612530408712318', 2, '2021010612522823068793', 1, 'F0A2B36F-35A7-4660-B46C-D4AB796591EB', 99, '2021-01-06 12:53:04', '9f2ec079-7d0f-4fe2-90ab-8b09a8302aba');
INSERT INTO `sys_roleauthorize`(`Id`, `ItemType`, `ItemId`, `ObjectType`, `ObjectId`, `SortCode`, `CreatorTime`, `CreatorUserId`) VALUES ('2021010612530409554057', 0, '201806141508359155', 1, 'F0A2B36F-35A7-4660-B46C-D4AB796591EB', 99, '2021-01-06 12:53:04', '9f2ec079-7d0f-4fe2-90ab-8b09a8302aba');
INSERT INTO `sys_roleauthorize`(`Id`, `ItemType`, `ItemId`, `ObjectType`, `ObjectId`, `SortCode`, `CreatorTime`, `CreatorUserId`) VALUES ('2021010612535560624907', 2, '2021010314265872439474', 1, '2020123019220797868356', 99, '2021-01-06 12:53:56', '9f2ec079-7d0f-4fe2-90ab-8b09a8302aba');
INSERT INTO `sys_roleauthorize`(`Id`, `ItemType`, `ItemId`, `ObjectType`, `ObjectId`, `SortCode`, `CreatorTime`, `CreatorUserId`) VALUES ('2021010612535560626399', 1, '1', 1, '2020123019220797868356', 99, '2021-01-06 12:53:56', '9f2ec079-7d0f-4fe2-90ab-8b09a8302aba');
INSERT INTO `sys_roleauthorize`(`Id`, `ItemType`, `ItemId`, `ObjectType`, `ObjectId`, `SortCode`, `CreatorTime`, `CreatorUserId`) VALUES ('2021010612535560628378', 1, '201905041649159560', 1, '2020123019220797868356', 99, '2021-01-06 12:53:56', '9f2ec079-7d0f-4fe2-90ab-8b09a8302aba');
INSERT INTO `sys_roleauthorize`(`Id`, `ItemType`, `ItemId`, `ObjectType`, `ObjectId`, `SortCode`, `CreatorTime`, `CreatorUserId`) VALUES ('2021010612535560632587', 1, '3', 1, '2020123019220797868356', 99, '2021-01-06 12:53:56', '9f2ec079-7d0f-4fe2-90ab-8b09a8302aba');
INSERT INTO `sys_roleauthorize`(`Id`, `ItemType`, `ItemId`, `ObjectType`, `ObjectId`, `SortCode`, `CreatorTime`, `CreatorUserId`) VALUES ('2021010612535560633456', 2, '2021010314473160136431', 1, '2020123019220797868356', 99, '2021-01-06 12:53:56', '9f2ec079-7d0f-4fe2-90ab-8b09a8302aba');
INSERT INTO `sys_roleauthorize`(`Id`, `ItemType`, `ItemId`, `ObjectType`, `ObjectId`, `SortCode`, `CreatorTime`, `CreatorUserId`) VALUES ('2021010612535560633932', 2, '2021010314302276644526', 1, '2020123019220797868356', 99, '2021-01-06 12:53:56', '9f2ec079-7d0f-4fe2-90ab-8b09a8302aba');
INSERT INTO `sys_roleauthorize`(`Id`, `ItemType`, `ItemId`, `ObjectType`, `ObjectId`, `SortCode`, `CreatorTime`, `CreatorUserId`) VALUES ('2021010612535560635933', 2, '2021010314280909099314', 1, '2020123019220797868356', 99, '2021-01-06 12:53:56', '9f2ec079-7d0f-4fe2-90ab-8b09a8302aba');
INSERT INTO `sys_roleauthorize`(`Id`, `ItemType`, `ItemId`, `ObjectType`, `ObjectId`, `SortCode`, `CreatorTime`, `CreatorUserId`) VALUES ('2021010612535560638612', 2, '2021010314293148672477', 1, '2020123019220797868356', 99, '2021-01-06 12:53:56', '9f2ec079-7d0f-4fe2-90ab-8b09a8302aba');
INSERT INTO `sys_roleauthorize`(`Id`, `ItemType`, `ItemId`, `ObjectType`, `ObjectId`, `SortCode`, `CreatorTime`, `CreatorUserId`) VALUES ('2021010612535560641375', 2, '2021010314535010864350', 1, '2020123019220797868356', 99, '2021-01-06 12:53:56', '9f2ec079-7d0f-4fe2-90ab-8b09a8302aba');
INSERT INTO `sys_roleauthorize`(`Id`, `ItemType`, `ItemId`, `ObjectType`, `ObjectId`, `SortCode`, `CreatorTime`, `CreatorUserId`) VALUES ('2021010612535560643093', 2, '2021010320121395837658', 1, '2020123019220797868356', 99, '2021-01-06 12:53:56', '9f2ec079-7d0f-4fe2-90ab-8b09a8302aba');
INSERT INTO `sys_roleauthorize`(`Id`, `ItemType`, `ItemId`, `ObjectType`, `ObjectId`, `SortCode`, `CreatorTime`, `CreatorUserId`) VALUES ('2021010612535560645645', 2, '2021010315063387468705', 1, '2020123019220797868356', 99, '2021-01-06 12:53:56', '9f2ec079-7d0f-4fe2-90ab-8b09a8302aba');
INSERT INTO `sys_roleauthorize`(`Id`, `ItemType`, `ItemId`, `ObjectType`, `ObjectId`, `SortCode`, `CreatorTime`, `CreatorUserId`) VALUES ('2021010612535560647859', 2, '2021010315063389314029', 1, '2020123019220797868356', 99, '2021-01-06 12:53:56', '9f2ec079-7d0f-4fe2-90ab-8b09a8302aba');
INSERT INTO `sys_roleauthorize`(`Id`, `ItemType`, `ItemId`, `ObjectType`, `ObjectId`, `SortCode`, `CreatorTime`, `CreatorUserId`) VALUES ('2021010612535560648067', 1, '4', 1, '2020123019220797868356', 99, '2021-01-06 12:53:56', '9f2ec079-7d0f-4fe2-90ab-8b09a8302aba');
INSERT INTO `sys_roleauthorize`(`Id`, `ItemType`, `ItemId`, `ObjectType`, `ObjectId`, `SortCode`, `CreatorTime`, `CreatorUserId`) VALUES ('2021010612535560648077', 2, '2021010315063392168016', 1, '2020123019220797868356', 99, '2021-01-06 12:53:56', '9f2ec079-7d0f-4fe2-90ab-8b09a8302aba');
INSERT INTO `sys_roleauthorize`(`Id`, `ItemType`, `ItemId`, `ObjectType`, `ObjectId`, `SortCode`, `CreatorTime`, `CreatorUserId`) VALUES ('2021010612535560649030', 2, '2021010314525585211515', 1, '2020123019220797868356', 99, '2021-01-06 12:53:56', '9f2ec079-7d0f-4fe2-90ab-8b09a8302aba');
INSERT INTO `sys_roleauthorize`(`Id`, `ItemType`, `ItemId`, `ObjectType`, `ObjectId`, `SortCode`, `CreatorTime`, `CreatorUserId`) VALUES ('2021010612535560651079', 2, '2021010315063394048962', 1, '2020123019220797868356', 99, '2021-01-06 12:53:56', '9f2ec079-7d0f-4fe2-90ab-8b09a8302aba');
INSERT INTO `sys_roleauthorize`(`Id`, `ItemType`, `ItemId`, `ObjectType`, `ObjectId`, `SortCode`, `CreatorTime`, `CreatorUserId`) VALUES ('2021010612535560654782', 2, '2021010315063395829111', 1, '2020123019220797868356', 99, '2021-01-06 12:53:56', '9f2ec079-7d0f-4fe2-90ab-8b09a8302aba');
INSERT INTO `sys_roleauthorize`(`Id`, `ItemType`, `ItemId`, `ObjectType`, `ObjectId`, `SortCode`, `CreatorTime`, `CreatorUserId`) VALUES ('2021010612535560655063', 2, '2021010315063384478437', 1, '2020123019220797868356', 99, '2021-01-06 12:53:56', '9f2ec079-7d0f-4fe2-90ab-8b09a8302aba');
INSERT INTO `sys_roleauthorize`(`Id`, `ItemType`, `ItemId`, `ObjectType`, `ObjectId`, `SortCode`, `CreatorTime`, `CreatorUserId`) VALUES ('2021010612535560656205', 2, '2021010316051714119704', 1, '2020123019220797868356', 99, '2021-01-06 12:53:56', '9f2ec079-7d0f-4fe2-90ab-8b09a8302aba');
INSERT INTO `sys_roleauthorize`(`Id`, `ItemType`, `ItemId`, `ObjectType`, `ObjectId`, `SortCode`, `CreatorTime`, `CreatorUserId`) VALUES ('2021010612535560657263', 2, '2021010316040698162073', 1, '2020123019220797868356', 99, '2021-01-06 12:53:56', '9f2ec079-7d0f-4fe2-90ab-8b09a8302aba');
INSERT INTO `sys_roleauthorize`(`Id`, `ItemType`, `ItemId`, `ObjectType`, `ObjectId`, `SortCode`, `CreatorTime`, `CreatorUserId`) VALUES ('2021010612535560657752', 1, '5', 1, '2020123019220797868356', 99, '2021-01-06 12:53:56', '9f2ec079-7d0f-4fe2-90ab-8b09a8302aba');
INSERT INTO `sys_roleauthorize`(`Id`, `ItemType`, `ItemId`, `ObjectType`, `ObjectId`, `SortCode`, `CreatorTime`, `CreatorUserId`) VALUES ('2021010612535560658026', 2, '2021010315063397424616', 1, '2020123019220797868356', 99, '2021-01-06 12:53:56', '9f2ec079-7d0f-4fe2-90ab-8b09a8302aba');
INSERT INTO `sys_roleauthorize`(`Id`, `ItemType`, `ItemId`, `ObjectType`, `ObjectId`, `SortCode`, `CreatorTime`, `CreatorUserId`) VALUES ('2021010612535560661657', 2, '2021010315075521218314', 1, '2020123019220797868356', 99, '2021-01-06 12:53:56', '9f2ec079-7d0f-4fe2-90ab-8b09a8302aba');
INSERT INTO `sys_roleauthorize`(`Id`, `ItemType`, `ItemId`, `ObjectType`, `ObjectId`, `SortCode`, `CreatorTime`, `CreatorUserId`) VALUES ('2021010612535560662466', 2, '2021010315105223757513', 1, '2020123019220797868356', 99, '2021-01-06 12:53:56', '9f2ec079-7d0f-4fe2-90ab-8b09a8302aba');
INSERT INTO `sys_roleauthorize`(`Id`, `ItemType`, `ItemId`, `ObjectType`, `ObjectId`, `SortCode`, `CreatorTime`, `CreatorUserId`) VALUES ('2021010612535560664615', 2, '2021010315075522857783', 1, '2020123019220797868356', 99, '2021-01-06 12:53:56', '9f2ec079-7d0f-4fe2-90ab-8b09a8302aba');
INSERT INTO `sys_roleauthorize`(`Id`, `ItemType`, `ItemId`, `ObjectType`, `ObjectId`, `SortCode`, `CreatorTime`, `CreatorUserId`) VALUES ('2021010612535560665907', 2, '2021010315075525983094', 1, '2020123019220797868356', 99, '2021-01-06 12:53:56', '9f2ec079-7d0f-4fe2-90ab-8b09a8302aba');
INSERT INTO `sys_roleauthorize`(`Id`, `ItemType`, `ItemId`, `ObjectType`, `ObjectId`, `SortCode`, `CreatorTime`, `CreatorUserId`) VALUES ('2021010612535560667600', 2, '2021010315075517418867', 1, '2020123019220797868356', 99, '2021-01-06 12:53:56', '9f2ec079-7d0f-4fe2-90ab-8b09a8302aba');
INSERT INTO `sys_roleauthorize`(`Id`, `ItemType`, `ItemId`, `ObjectType`, `ObjectId`, `SortCode`, `CreatorTime`, `CreatorUserId`) VALUES ('2021010612535560667985', 2, '2021010315075515608293', 1, '2020123019220797868356', 99, '2021-01-06 12:53:56', '9f2ec079-7d0f-4fe2-90ab-8b09a8302aba');
INSERT INTO `sys_roleauthorize`(`Id`, `ItemType`, `ItemId`, `ObjectType`, `ObjectId`, `SortCode`, `CreatorTime`, `CreatorUserId`) VALUES ('2021010612535560668758', 2, '2021010315075519656824', 1, '2020123019220797868356', 99, '2021-01-06 12:53:56', '9f2ec079-7d0f-4fe2-90ab-8b09a8302aba');
INSERT INTO `sys_roleauthorize`(`Id`, `ItemType`, `ItemId`, `ObjectType`, `ObjectId`, `SortCode`, `CreatorTime`, `CreatorUserId`) VALUES ('2021010612535560669691', 2, '2021010315075524463436', 1, '2020123019220797868356', 99, '2021-01-06 12:53:56', '9f2ec079-7d0f-4fe2-90ab-8b09a8302aba');
INSERT INTO `sys_roleauthorize`(`Id`, `ItemType`, `ItemId`, `ObjectType`, `ObjectId`, `SortCode`, `CreatorTime`, `CreatorUserId`) VALUES ('2021010612535560671971', 2, '2021010315132783165373', 1, '2020123019220797868356', 99, '2021-01-06 12:53:56', '9f2ec079-7d0f-4fe2-90ab-8b09a8302aba');
INSERT INTO `sys_roleauthorize`(`Id`, `ItemType`, `ItemId`, `ObjectType`, `ObjectId`, `SortCode`, `CreatorTime`, `CreatorUserId`) VALUES ('2021010612535560673135', 1, '6', 1, '2020123019220797868356', 99, '2021-01-06 12:53:56', '9f2ec079-7d0f-4fe2-90ab-8b09a8302aba');
INSERT INTO `sys_roleauthorize`(`Id`, `ItemType`, `ItemId`, `ObjectType`, `ObjectId`, `SortCode`, `CreatorTime`, `CreatorUserId`) VALUES ('2021010612535560673943', 2, '2021010315132787977688', 1, '2020123019220797868356', 99, '2021-01-06 12:53:56', '9f2ec079-7d0f-4fe2-90ab-8b09a8302aba');
INSERT INTO `sys_roleauthorize`(`Id`, `ItemType`, `ItemId`, `ObjectType`, `ObjectId`, `SortCode`, `CreatorTime`, `CreatorUserId`) VALUES ('2021010612535560676205', 2, '2021010315132789912350', 1, '2020123019220797868356', 99, '2021-01-06 12:53:56', '9f2ec079-7d0f-4fe2-90ab-8b09a8302aba');
INSERT INTO `sys_roleauthorize`(`Id`, `ItemType`, `ItemId`, `ObjectType`, `ObjectId`, `SortCode`, `CreatorTime`, `CreatorUserId`) VALUES ('2021010612535560677093', 2, '2021010315132786229265', 1, '2020123019220797868356', 99, '2021-01-06 12:53:56', '9f2ec079-7d0f-4fe2-90ab-8b09a8302aba');
INSERT INTO `sys_roleauthorize`(`Id`, `ItemType`, `ItemId`, `ObjectType`, `ObjectId`, `SortCode`, `CreatorTime`, `CreatorUserId`) VALUES ('2021010612535560678700', 2, '2021010315132791643307', 1, '2020123019220797868356', 99, '2021-01-06 12:53:56', '9f2ec079-7d0f-4fe2-90ab-8b09a8302aba');
INSERT INTO `sys_roleauthorize`(`Id`, `ItemType`, `ItemId`, `ObjectType`, `ObjectId`, `SortCode`, `CreatorTime`, `CreatorUserId`) VALUES ('2021010612535560679033', 2, '2021010315100806775237', 1, '2020123019220797868356', 99, '2021-01-06 12:53:56', '9f2ec079-7d0f-4fe2-90ab-8b09a8302aba');
INSERT INTO `sys_roleauthorize`(`Id`, `ItemType`, `ItemId`, `ObjectType`, `ObjectId`, `SortCode`, `CreatorTime`, `CreatorUserId`) VALUES ('2021010612535560679489', 2, '2021010315132784647036', 1, '2020123019220797868356', 99, '2021-01-06 12:53:56', '9f2ec079-7d0f-4fe2-90ab-8b09a8302aba');
INSERT INTO `sys_roleauthorize`(`Id`, `ItemType`, `ItemId`, `ObjectType`, `ObjectId`, `SortCode`, `CreatorTime`, `CreatorUserId`) VALUES ('2021010612535560682237', 2, '2021010316100015306916', 1, '2020123019220797868356', 99, '2021-01-06 12:53:56', '9f2ec079-7d0f-4fe2-90ab-8b09a8302aba');
INSERT INTO `sys_roleauthorize`(`Id`, `ItemType`, `ItemId`, `ObjectType`, `ObjectId`, `SortCode`, `CreatorTime`, `CreatorUserId`) VALUES ('2021010612535560684410', 2, '2021010316083259762810', 1, '2020123019220797868356', 99, '2021-01-06 12:53:56', '9f2ec079-7d0f-4fe2-90ab-8b09a8302aba');
INSERT INTO `sys_roleauthorize`(`Id`, `ItemType`, `ItemId`, `ObjectType`, `ObjectId`, `SortCode`, `CreatorTime`, `CreatorUserId`) VALUES ('2021010612535560684925', 2, '2021010316100014008890', 1, '2020123019220797868356', 99, '2021-01-06 12:53:56', '9f2ec079-7d0f-4fe2-90ab-8b09a8302aba');
INSERT INTO `sys_roleauthorize`(`Id`, `ItemType`, `ItemId`, `ObjectType`, `ObjectId`, `SortCode`, `CreatorTime`, `CreatorUserId`) VALUES ('2021010612535560687639', 2, '2021010315132781838294', 1, '2020123019220797868356', 99, '2021-01-06 12:53:56', '9f2ec079-7d0f-4fe2-90ab-8b09a8302aba');
INSERT INTO `sys_roleauthorize`(`Id`, `ItemType`, `ItemId`, `ObjectType`, `ObjectId`, `SortCode`, `CreatorTime`, `CreatorUserId`) VALUES ('2021010612535560688268', 2, '2021010316100012707325', 1, '2020123019220797868356', 99, '2021-01-06 12:53:56', '9f2ec079-7d0f-4fe2-90ab-8b09a8302aba');
INSERT INTO `sys_roleauthorize`(`Id`, `ItemType`, `ItemId`, `ObjectType`, `ObjectId`, `SortCode`, `CreatorTime`, `CreatorUserId`) VALUES ('2021010612535560688915', 2, '2021010316100011385581', 1, '2020123019220797868356', 99, '2021-01-06 12:53:56', '9f2ec079-7d0f-4fe2-90ab-8b09a8302aba');
INSERT INTO `sys_roleauthorize`(`Id`, `ItemType`, `ItemId`, `ObjectType`, `ObjectId`, `SortCode`, `CreatorTime`, `CreatorUserId`) VALUES ('2021010612535560691057', 1, '2020042316122987266087', 1, '2020123019220797868356', 99, '2021-01-06 12:53:56', '9f2ec079-7d0f-4fe2-90ab-8b09a8302aba');
INSERT INTO `sys_roleauthorize`(`Id`, `ItemType`, `ItemId`, `ObjectType`, `ObjectId`, `SortCode`, `CreatorTime`, `CreatorUserId`) VALUES ('2021010612535560691736', 2, '2021010316453714778755', 1, '2020123019220797868356', 99, '2021-01-06 12:53:56', '9f2ec079-7d0f-4fe2-90ab-8b09a8302aba');
INSERT INTO `sys_roleauthorize`(`Id`, `ItemType`, `ItemId`, `ObjectType`, `ObjectId`, `SortCode`, `CreatorTime`, `CreatorUserId`) VALUES ('2021010612535560692608', 2, '2021010316100016609991', 1, '2020123019220797868356', 99, '2021-01-06 12:53:56', '9f2ec079-7d0f-4fe2-90ab-8b09a8302aba');
INSERT INTO `sys_roleauthorize`(`Id`, `ItemType`, `ItemId`, `ObjectType`, `ObjectId`, `SortCode`, `CreatorTime`, `CreatorUserId`) VALUES ('2021010612535560693087', 2, '2021010316100009998659', 1, '2020123019220797868356', 99, '2021-01-06 12:53:56', '9f2ec079-7d0f-4fe2-90ab-8b09a8302aba');
INSERT INTO `sys_roleauthorize`(`Id`, `ItemType`, `ItemId`, `ObjectType`, `ObjectId`, `SortCode`, `CreatorTime`, `CreatorUserId`) VALUES ('2021010612535560698090', 2, '2021010316453715932821', 1, '2020123019220797868356', 99, '2021-01-06 12:53:56', '9f2ec079-7d0f-4fe2-90ab-8b09a8302aba');
INSERT INTO `sys_roleauthorize`(`Id`, `ItemType`, `ItemId`, `ObjectType`, `ObjectId`, `SortCode`, `CreatorTime`, `CreatorUserId`) VALUES ('2021010612535560698972', 2, '2021010316100018015698', 1, '2020123019220797868356', 99, '2021-01-06 12:53:56', '9f2ec079-7d0f-4fe2-90ab-8b09a8302aba');
INSERT INTO `sys_roleauthorize`(`Id`, `ItemType`, `ItemId`, `ObjectType`, `ObjectId`, `SortCode`, `CreatorTime`, `CreatorUserId`) VALUES ('2021010612535560699650', 2, '2021010316453713145150', 1, '2020123019220797868356', 99, '2021-01-06 12:53:56', '9f2ec079-7d0f-4fe2-90ab-8b09a8302aba');
INSERT INTO `sys_roleauthorize`(`Id`, `ItemType`, `ItemId`, `ObjectType`, `ObjectId`, `SortCode`, `CreatorTime`, `CreatorUserId`) VALUES ('2021010612535560701512', 2, '2021010315175288886376', 1, '2020123019220797868356', 99, '2021-01-06 12:53:56', '9f2ec079-7d0f-4fe2-90ab-8b09a8302aba');
INSERT INTO `sys_roleauthorize`(`Id`, `ItemType`, `ItemId`, `ObjectType`, `ObjectId`, `SortCode`, `CreatorTime`, `CreatorUserId`) VALUES ('2021010612535560702045', 1, '2020110314123396328561', 1, '2020123019220797868356', 99, '2021-01-06 12:53:56', '9f2ec079-7d0f-4fe2-90ab-8b09a8302aba');
INSERT INTO `sys_roleauthorize`(`Id`, `ItemType`, `ItemId`, `ObjectType`, `ObjectId`, `SortCode`, `CreatorTime`, `CreatorUserId`) VALUES ('2021010612535560702076', 2, '2021010315175286366578', 1, '2020123019220797868356', 99, '2021-01-06 12:53:56', '9f2ec079-7d0f-4fe2-90ab-8b09a8302aba');
INSERT INTO `sys_roleauthorize`(`Id`, `ItemType`, `ItemId`, `ObjectType`, `ObjectId`, `SortCode`, `CreatorTime`, `CreatorUserId`) VALUES ('2021010612535560704123', 2, '2021010316453717238579', 1, '2020123019220797868356', 99, '2021-01-06 12:53:56', '9f2ec079-7d0f-4fe2-90ab-8b09a8302aba');
INSERT INTO `sys_roleauthorize`(`Id`, `ItemType`, `ItemId`, `ObjectType`, `ObjectId`, `SortCode`, `CreatorTime`, `CreatorUserId`) VALUES ('2021010612535560704831', 2, '2021010316453718652652', 1, '2020123019220797868356', 99, '2021-01-06 12:53:56', '9f2ec079-7d0f-4fe2-90ab-8b09a8302aba');
INSERT INTO `sys_roleauthorize`(`Id`, `ItemType`, `ItemId`, `ObjectType`, `ObjectId`, `SortCode`, `CreatorTime`, `CreatorUserId`) VALUES ('2021010612535560705986', 2, '2021010316453719872053', 1, '2020123019220797868356', 99, '2021-01-06 12:53:56', '9f2ec079-7d0f-4fe2-90ab-8b09a8302aba');
INSERT INTO `sys_roleauthorize`(`Id`, `ItemType`, `ItemId`, `ObjectType`, `ObjectId`, `SortCode`, `CreatorTime`, `CreatorUserId`) VALUES ('2021010612535560706061', 2, '2021010315175287647040', 1, '2020123019220797868356', 99, '2021-01-06 12:53:56', '9f2ec079-7d0f-4fe2-90ab-8b09a8302aba');
INSERT INTO `sys_roleauthorize`(`Id`, `ItemType`, `ItemId`, `ObjectType`, `ObjectId`, `SortCode`, `CreatorTime`, `CreatorUserId`) VALUES ('2021010612535560709218', 2, '2021010316453710775564', 1, '2020123019220797868356', 99, '2021-01-06 12:53:56', '9f2ec079-7d0f-4fe2-90ab-8b09a8302aba');
INSERT INTO `sys_roleauthorize`(`Id`, `ItemType`, `ItemId`, `ObjectType`, `ObjectId`, `SortCode`, `CreatorTime`, `CreatorUserId`) VALUES ('2021010612535560714109', 2, '2021010315175285146141', 1, '2020123019220797868356', 99, '2021-01-06 12:53:56', '9f2ec079-7d0f-4fe2-90ab-8b09a8302aba');
INSERT INTO `sys_roleauthorize`(`Id`, `ItemType`, `ItemId`, `ObjectType`, `ObjectId`, `SortCode`, `CreatorTime`, `CreatorUserId`) VALUES ('2021010612535560715816', 2, '2021010315175293736914', 1, '2020123019220797868356', 99, '2021-01-06 12:53:56', '9f2ec079-7d0f-4fe2-90ab-8b09a8302aba');
INSERT INTO `sys_roleauthorize`(`Id`, `ItemType`, `ItemId`, `ObjectType`, `ObjectId`, `SortCode`, `CreatorTime`, `CreatorUserId`) VALUES ('2021010612535560717387', 2, '2021010315175292201815', 1, '2020123019220797868356', 99, '2021-01-06 12:53:56', '9f2ec079-7d0f-4fe2-90ab-8b09a8302aba');
INSERT INTO `sys_roleauthorize`(`Id`, `ItemType`, `ItemId`, `ObjectType`, `ObjectId`, `SortCode`, `CreatorTime`, `CreatorUserId`) VALUES ('2021010612535560717816', 1, '8', 1, '2020123019220797868356', 99, '2021-01-06 12:53:56', '9f2ec079-7d0f-4fe2-90ab-8b09a8302aba');
INSERT INTO `sys_roleauthorize`(`Id`, `ItemType`, `ItemId`, `ObjectType`, `ObjectId`, `SortCode`, `CreatorTime`, `CreatorUserId`) VALUES ('2021010612535560718332', 2, '2021010315183150312981', 1, '2020123019220797868356', 99, '2021-01-06 12:53:56', '9f2ec079-7d0f-4fe2-90ab-8b09a8302aba');
INSERT INTO `sys_roleauthorize`(`Id`, `ItemType`, `ItemId`, `ObjectType`, `ObjectId`, `SortCode`, `CreatorTime`, `CreatorUserId`) VALUES ('2021010612535560718452', 2, '2021010315175290104050', 1, '2020123019220797868356', 99, '2021-01-06 12:53:56', '9f2ec079-7d0f-4fe2-90ab-8b09a8302aba');
INSERT INTO `sys_roleauthorize`(`Id`, `ItemType`, `ItemId`, `ObjectType`, `ObjectId`, `SortCode`, `CreatorTime`, `CreatorUserId`) VALUES ('2021010612535560723414', 2, '2021010315183153249546', 1, '2020123019220797868356', 99, '2021-01-06 12:53:56', '9f2ec079-7d0f-4fe2-90ab-8b09a8302aba');
INSERT INTO `sys_roleauthorize`(`Id`, `ItemType`, `ItemId`, `ObjectType`, `ObjectId`, `SortCode`, `CreatorTime`, `CreatorUserId`) VALUES ('2021010612535560729688', 2, '2021010315183151659795', 1, '2020123019220797868356', 99, '2021-01-06 12:53:56', '9f2ec079-7d0f-4fe2-90ab-8b09a8302aba');
INSERT INTO `sys_roleauthorize`(`Id`, `ItemType`, `ItemId`, `ObjectType`, `ObjectId`, `SortCode`, `CreatorTime`, `CreatorUserId`) VALUES ('2021010612535560734746', 2, '2021010315183154826786', 1, '2020123019220797868356', 99, '2021-01-06 12:53:56', '9f2ec079-7d0f-4fe2-90ab-8b09a8302aba');
INSERT INTO `sys_roleauthorize`(`Id`, `ItemType`, `ItemId`, `ObjectType`, `ObjectId`, `SortCode`, `CreatorTime`, `CreatorUserId`) VALUES ('2021010612535560742508', 2, '2021010315204129496922', 1, '2020123019220797868356', 99, '2021-01-06 12:53:56', '9f2ec079-7d0f-4fe2-90ab-8b09a8302aba');
INSERT INTO `sys_roleauthorize`(`Id`, `ItemType`, `ItemId`, `ObjectType`, `ObjectId`, `SortCode`, `CreatorTime`, `CreatorUserId`) VALUES ('2021010612535560743853', 2, '2021010315183159324286', 1, '2020123019220797868356', 99, '2021-01-06 12:53:56', '9f2ec079-7d0f-4fe2-90ab-8b09a8302aba');
INSERT INTO `sys_roleauthorize`(`Id`, `ItemType`, `ItemId`, `ObjectType`, `ObjectId`, `SortCode`, `CreatorTime`, `CreatorUserId`) VALUES ('2021010612535560746135', 2, '2021010315183157889290', 1, '2020123019220797868356', 99, '2021-01-06 12:53:56', '9f2ec079-7d0f-4fe2-90ab-8b09a8302aba');
INSERT INTO `sys_roleauthorize`(`Id`, `ItemType`, `ItemId`, `ObjectType`, `ObjectId`, `SortCode`, `CreatorTime`, `CreatorUserId`) VALUES ('2021010612535560747918', 1, '2020110314142274602075', 1, '2020123019220797868356', 99, '2021-01-06 12:53:56', '9f2ec079-7d0f-4fe2-90ab-8b09a8302aba');
INSERT INTO `sys_roleauthorize`(`Id`, `ItemType`, `ItemId`, `ObjectType`, `ObjectId`, `SortCode`, `CreatorTime`, `CreatorUserId`) VALUES ('2021010612535560749053', 1, '2020110314161523904459', 1, '2020123019220797868356', 99, '2021-01-06 12:53:56', '9f2ec079-7d0f-4fe2-90ab-8b09a8302aba');
INSERT INTO `sys_roleauthorize`(`Id`, `ItemType`, `ItemId`, `ObjectType`, `ObjectId`, `SortCode`, `CreatorTime`, `CreatorUserId`) VALUES ('2021010612535560749131', 2, '2021010315194792606013', 1, '2020123019220797868356', 99, '2021-01-06 12:53:56', '9f2ec079-7d0f-4fe2-90ab-8b09a8302aba');
INSERT INTO `sys_roleauthorize`(`Id`, `ItemType`, `ItemId`, `ObjectType`, `ObjectId`, `SortCode`, `CreatorTime`, `CreatorUserId`) VALUES ('2021010612535560749759', 2, '2021010315183156352951', 1, '2020123019220797868356', 99, '2021-01-06 12:53:56', '9f2ec079-7d0f-4fe2-90ab-8b09a8302aba');
INSERT INTO `sys_roleauthorize`(`Id`, `ItemType`, `ItemId`, `ObjectType`, `ObjectId`, `SortCode`, `CreatorTime`, `CreatorUserId`) VALUES ('2021010612535560752527', 2, '2021010315194798698862', 1, '2020123019220797868356', 99, '2021-01-06 12:53:56', '9f2ec079-7d0f-4fe2-90ab-8b09a8302aba');
INSERT INTO `sys_roleauthorize`(`Id`, `ItemType`, `ItemId`, `ObjectType`, `ObjectId`, `SortCode`, `CreatorTime`, `CreatorUserId`) VALUES ('2021010612535560752834', 2, '2021010315194799827547', 1, '2020123019220797868356', 99, '2021-01-06 12:53:56', '9f2ec079-7d0f-4fe2-90ab-8b09a8302aba');
INSERT INTO `sys_roleauthorize`(`Id`, `ItemType`, `ItemId`, `ObjectType`, `ObjectId`, `SortCode`, `CreatorTime`, `CreatorUserId`) VALUES ('2021010612535560754422', 2, '2021010315194800999273', 1, '2020123019220797868356', 99, '2021-01-06 12:53:56', '9f2ec079-7d0f-4fe2-90ab-8b09a8302aba');
INSERT INTO `sys_roleauthorize`(`Id`, `ItemType`, `ItemId`, `ObjectType`, `ObjectId`, `SortCode`, `CreatorTime`, `CreatorUserId`) VALUES ('2021010612535560754471', 2, '2021010315194795273488', 1, '2020123019220797868356', 99, '2021-01-06 12:53:56', '9f2ec079-7d0f-4fe2-90ab-8b09a8302aba');
INSERT INTO `sys_roleauthorize`(`Id`, `ItemType`, `ItemId`, `ObjectType`, `ObjectId`, `SortCode`, `CreatorTime`, `CreatorUserId`) VALUES ('2021010612535560756501', 2, '2021010315194797086431', 1, '2020123019220797868356', 99, '2021-01-06 12:53:56', '9f2ec079-7d0f-4fe2-90ab-8b09a8302aba');
INSERT INTO `sys_roleauthorize`(`Id`, `ItemType`, `ItemId`, `ObjectType`, `ObjectId`, `SortCode`, `CreatorTime`, `CreatorUserId`) VALUES ('2021010612535560756678', 2, '2021010315194793896582', 1, '2020123019220797868356', 99, '2021-01-06 12:53:56', '9f2ec079-7d0f-4fe2-90ab-8b09a8302aba');
INSERT INTO `sys_roleauthorize`(`Id`, `ItemType`, `ItemId`, `ObjectType`, `ObjectId`, `SortCode`, `CreatorTime`, `CreatorUserId`) VALUES ('2021010612535560762102', 2, '2021010315212004586381', 1, '2020123019220797868356', 99, '2021-01-06 12:53:56', '9f2ec079-7d0f-4fe2-90ab-8b09a8302aba');
INSERT INTO `sys_roleauthorize`(`Id`, `ItemType`, `ItemId`, `ObjectType`, `ObjectId`, `SortCode`, `CreatorTime`, `CreatorUserId`) VALUES ('2021010612535560763170', 1, '2020110314190914102881', 1, '2020123019220797868356', 99, '2021-01-06 12:53:56', '9f2ec079-7d0f-4fe2-90ab-8b09a8302aba');
INSERT INTO `sys_roleauthorize`(`Id`, `ItemType`, `ItemId`, `ObjectType`, `ObjectId`, `SortCode`, `CreatorTime`, `CreatorUserId`) VALUES ('2021010612535560765652', 2, '2021010321015604704406', 1, '2020123019220797868356', 99, '2021-01-06 12:53:56', '9f2ec079-7d0f-4fe2-90ab-8b09a8302aba');
INSERT INTO `sys_roleauthorize`(`Id`, `ItemType`, `ItemId`, `ObjectType`, `ObjectId`, `SortCode`, `CreatorTime`, `CreatorUserId`) VALUES ('2021010612535560768007', 1, '2020110314182794069057', 1, '2020123019220797868356', 99, '2021-01-06 12:53:56', '9f2ec079-7d0f-4fe2-90ab-8b09a8302aba');
INSERT INTO `sys_roleauthorize`(`Id`, `ItemType`, `ItemId`, `ObjectType`, `ObjectId`, `SortCode`, `CreatorTime`, `CreatorUserId`) VALUES ('2021010612535560769370', 1, '2020110314165224964779', 1, '2020123019220797868356', 99, '2021-01-06 12:53:56', '9f2ec079-7d0f-4fe2-90ab-8b09a8302aba');
INSERT INTO `sys_roleauthorize`(`Id`, `ItemType`, `ItemId`, `ObjectType`, `ObjectId`, `SortCode`, `CreatorTime`, `CreatorUserId`) VALUES ('2021010612535560769839', 2, '2021010315215315394611', 1, '2020123019220797868356', 99, '2021-01-06 12:53:56', '9f2ec079-7d0f-4fe2-90ab-8b09a8302aba');
INSERT INTO `sys_roleauthorize`(`Id`, `ItemType`, `ItemId`, `ObjectType`, `ObjectId`, `SortCode`, `CreatorTime`, `CreatorUserId`) VALUES ('2021010612535560771268', 2, '2021010315215334061002', 1, '2020123019220797868356', 99, '2021-01-06 12:53:56', '9f2ec079-7d0f-4fe2-90ab-8b09a8302aba');
INSERT INTO `sys_roleauthorize`(`Id`, `ItemType`, `ItemId`, `ObjectType`, `ObjectId`, `SortCode`, `CreatorTime`, `CreatorUserId`) VALUES ('2021010612535560772233', 2, '2021010315215328948079', 1, '2020123019220797868356', 99, '2021-01-06 12:53:56', '9f2ec079-7d0f-4fe2-90ab-8b09a8302aba');
INSERT INTO `sys_roleauthorize`(`Id`, `ItemType`, `ItemId`, `ObjectType`, `ObjectId`, `SortCode`, `CreatorTime`, `CreatorUserId`) VALUES ('2021010612535560773299', 1, '2020110314195207514356', 1, '2020123019220797868356', 99, '2021-01-06 12:53:56', '9f2ec079-7d0f-4fe2-90ab-8b09a8302aba');
INSERT INTO `sys_roleauthorize`(`Id`, `ItemType`, `ItemId`, `ObjectType`, `ObjectId`, `SortCode`, `CreatorTime`, `CreatorUserId`) VALUES ('2021010612535560777239', 2, '2021010315215332842957', 1, '2020123019220797868356', 99, '2021-01-06 12:53:56', '9f2ec079-7d0f-4fe2-90ab-8b09a8302aba');
INSERT INTO `sys_roleauthorize`(`Id`, `ItemType`, `ItemId`, `ObjectType`, `ObjectId`, `SortCode`, `CreatorTime`, `CreatorUserId`) VALUES ('2021010612535560777731', 2, '2021010315215330182636', 1, '2020123019220797868356', 99, '2021-01-06 12:53:56', '9f2ec079-7d0f-4fe2-90ab-8b09a8302aba');
INSERT INTO `sys_roleauthorize`(`Id`, `ItemType`, `ItemId`, `ObjectType`, `ObjectId`, `SortCode`, `CreatorTime`, `CreatorUserId`) VALUES ('2021010612535560778553', 2, '2021010315215327767703', 1, '2020123019220797868356', 99, '2021-01-06 12:53:56', '9f2ec079-7d0f-4fe2-90ab-8b09a8302aba');
INSERT INTO `sys_roleauthorize`(`Id`, `ItemType`, `ItemId`, `ObjectType`, `ObjectId`, `SortCode`, `CreatorTime`, `CreatorUserId`) VALUES ('2021010612535560778835', 2, '2021010315215331498258', 1, '2020123019220797868356', 99, '2021-01-06 12:53:56', '9f2ec079-7d0f-4fe2-90ab-8b09a8302aba');
INSERT INTO `sys_roleauthorize`(`Id`, `ItemType`, `ItemId`, `ObjectType`, `ObjectId`, `SortCode`, `CreatorTime`, `CreatorUserId`) VALUES ('2021010612535560781624', 2, '2021010315222511918449', 1, '2020123019220797868356', 99, '2021-01-06 12:53:56', '9f2ec079-7d0f-4fe2-90ab-8b09a8302aba');
INSERT INTO `sys_roleauthorize`(`Id`, `ItemType`, `ItemId`, `ObjectType`, `ObjectId`, `SortCode`, `CreatorTime`, `CreatorUserId`) VALUES ('2021010612535560784256', 2, '2021010315222503738750', 1, '2020123019220797868356', 99, '2021-01-06 12:53:56', '9f2ec079-7d0f-4fe2-90ab-8b09a8302aba');
INSERT INTO `sys_roleauthorize`(`Id`, `ItemType`, `ItemId`, `ObjectType`, `ObjectId`, `SortCode`, `CreatorTime`, `CreatorUserId`) VALUES ('2021010612535560784354', 2, '2021010315222510354377', 1, '2020123019220797868356', 99, '2021-01-06 12:53:56', '9f2ec079-7d0f-4fe2-90ab-8b09a8302aba');
INSERT INTO `sys_roleauthorize`(`Id`, `ItemType`, `ItemId`, `ObjectType`, `ObjectId`, `SortCode`, `CreatorTime`, `CreatorUserId`) VALUES ('2021010612535560785666', 2, '2021010315222508743670', 1, '2020123019220797868356', 99, '2021-01-06 12:53:56', '9f2ec079-7d0f-4fe2-90ab-8b09a8302aba');
INSERT INTO `sys_roleauthorize`(`Id`, `ItemType`, `ItemId`, `ObjectType`, `ObjectId`, `SortCode`, `CreatorTime`, `CreatorUserId`) VALUES ('2021010612535560785956', 2, '2021010315222513987026', 1, '2020123019220797868356', 99, '2021-01-06 12:53:56', '9f2ec079-7d0f-4fe2-90ab-8b09a8302aba');
INSERT INTO `sys_roleauthorize`(`Id`, `ItemType`, `ItemId`, `ObjectType`, `ObjectId`, `SortCode`, `CreatorTime`, `CreatorUserId`) VALUES ('2021010612535560786878', 2, '2021010315222506982025', 1, '2020123019220797868356', 99, '2021-01-06 12:53:56', '9f2ec079-7d0f-4fe2-90ab-8b09a8302aba');
INSERT INTO `sys_roleauthorize`(`Id`, `ItemType`, `ItemId`, `ObjectType`, `ObjectId`, `SortCode`, `CreatorTime`, `CreatorUserId`) VALUES ('2021010612535560788120', 2, '2021010315222505099926', 1, '2020123019220797868356', 99, '2021-01-06 12:53:56', '9f2ec079-7d0f-4fe2-90ab-8b09a8302aba');
INSERT INTO `sys_roleauthorize`(`Id`, `ItemType`, `ItemId`, `ObjectType`, `ObjectId`, `SortCode`, `CreatorTime`, `CreatorUserId`) VALUES ('2021010612535560791079', 1, '201806120821141288', 1, '2020123019220797868356', 99, '2021-01-06 12:53:56', '9f2ec079-7d0f-4fe2-90ab-8b09a8302aba');
INSERT INTO `sys_roleauthorize`(`Id`, `ItemType`, `ItemId`, `ObjectType`, `ObjectId`, `SortCode`, `CreatorTime`, `CreatorUserId`) VALUES ('2021010612535560794638', 1, '2020110314220971767837', 1, '2020123019220797868356', 99, '2021-01-06 12:53:56', '9f2ec079-7d0f-4fe2-90ab-8b09a8302aba');
INSERT INTO `sys_roleauthorize`(`Id`, `ItemType`, `ItemId`, `ObjectType`, `ObjectId`, `SortCode`, `CreatorTime`, `CreatorUserId`) VALUES ('2021010612535560795520', 2, '2021010321100441931251', 1, '2020123019220797868356', 99, '2021-01-06 12:53:56', '9f2ec079-7d0f-4fe2-90ab-8b09a8302aba');
INSERT INTO `sys_roleauthorize`(`Id`, `ItemType`, `ItemId`, `ObjectType`, `ObjectId`, `SortCode`, `CreatorTime`, `CreatorUserId`) VALUES ('2021010612535560796124', 2, '2021010321102869902680', 1, '2020123019220797868356', 99, '2021-01-06 12:53:56', '9f2ec079-7d0f-4fe2-90ab-8b09a8302aba');
INSERT INTO `sys_roleauthorize`(`Id`, `ItemType`, `ItemId`, `ObjectType`, `ObjectId`, `SortCode`, `CreatorTime`, `CreatorUserId`) VALUES ('2021010612535560796625', 1, '7', 1, '2020123019220797868356', 99, '2021-01-06 12:53:56', '9f2ec079-7d0f-4fe2-90ab-8b09a8302aba');
INSERT INTO `sys_roleauthorize`(`Id`, `ItemType`, `ItemId`, `ObjectType`, `ObjectId`, `SortCode`, `CreatorTime`, `CreatorUserId`) VALUES ('2021010612535560798244', 2, '2021010315340190128841', 1, '2020123019220797868356', 99, '2021-01-06 12:53:56', '9f2ec079-7d0f-4fe2-90ab-8b09a8302aba');
INSERT INTO `sys_roleauthorize`(`Id`, `ItemType`, `ItemId`, `ObjectType`, `ObjectId`, `SortCode`, `CreatorTime`, `CreatorUserId`) VALUES ('2021010612535560799133', 1, '2020110314224299715445', 1, '2020123019220797868356', 99, '2021-01-06 12:53:56', '9f2ec079-7d0f-4fe2-90ab-8b09a8302aba');
INSERT INTO `sys_roleauthorize`(`Id`, `ItemType`, `ItemId`, `ObjectType`, `ObjectId`, `SortCode`, `CreatorTime`, `CreatorUserId`) VALUES ('2021010612535560801714', 2, '2021010612491831898409', 1, '2020123019220797868356', 99, '2021-01-06 12:53:56', '9f2ec079-7d0f-4fe2-90ab-8b09a8302aba');
INSERT INTO `sys_roleauthorize`(`Id`, `ItemType`, `ItemId`, `ObjectType`, `ObjectId`, `SortCode`, `CreatorTime`, `CreatorUserId`) VALUES ('2021010612535560802187', 1, '2021010612383675183980', 1, '2020123019220797868356', 99, '2021-01-06 12:53:56', '9f2ec079-7d0f-4fe2-90ab-8b09a8302aba');
INSERT INTO `sys_roleauthorize`(`Id`, `ItemType`, `ItemId`, `ObjectType`, `ObjectId`, `SortCode`, `CreatorTime`, `CreatorUserId`) VALUES ('2021010612535560803090', 1, '2020110314231504343408', 1, '2020123019220797868356', 99, '2021-01-06 12:53:56', '9f2ec079-7d0f-4fe2-90ab-8b09a8302aba');
INSERT INTO `sys_roleauthorize`(`Id`, `ItemType`, `ItemId`, `ObjectType`, `ObjectId`, `SortCode`, `CreatorTime`, `CreatorUserId`) VALUES ('2021010612535560803908', 2, '2021010321105884295252', 1, '2020123019220797868356', 99, '2021-01-06 12:53:56', '9f2ec079-7d0f-4fe2-90ab-8b09a8302aba');
INSERT INTO `sys_roleauthorize`(`Id`, `ItemType`, `ItemId`, `ObjectType`, `ObjectId`, `SortCode`, `CreatorTime`, `CreatorUserId`) VALUES ('2021010612535560804309', 2, '2021010612491822062867', 1, '2020123019220797868356', 99, '2021-01-06 12:53:56', '9f2ec079-7d0f-4fe2-90ab-8b09a8302aba');
INSERT INTO `sys_roleauthorize`(`Id`, `ItemType`, `ItemId`, `ObjectType`, `ObjectId`, `SortCode`, `CreatorTime`, `CreatorUserId`) VALUES ('2021010612535560809222', 1, '2021010612464998158840', 1, '2020123019220797868356', 99, '2021-01-06 12:53:56', '9f2ec079-7d0f-4fe2-90ab-8b09a8302aba');
INSERT INTO `sys_roleauthorize`(`Id`, `ItemType`, `ItemId`, `ObjectType`, `ObjectId`, `SortCode`, `CreatorTime`, `CreatorUserId`) VALUES ('2021010612535560809828', 2, '2021010612491819924157', 1, '2020123019220797868356', 99, '2021-01-06 12:53:56', '9f2ec079-7d0f-4fe2-90ab-8b09a8302aba');
INSERT INTO `sys_roleauthorize`(`Id`, `ItemType`, `ItemId`, `ObjectType`, `ObjectId`, `SortCode`, `CreatorTime`, `CreatorUserId`) VALUES ('2021010612535560811002', 2, '2021010612491836859838', 1, '2020123019220797868356', 99, '2021-01-06 12:53:56', '9f2ec079-7d0f-4fe2-90ab-8b09a8302aba');
INSERT INTO `sys_roleauthorize`(`Id`, `ItemType`, `ItemId`, `ObjectType`, `ObjectId`, `SortCode`, `CreatorTime`, `CreatorUserId`) VALUES ('2021010612535560812003', 2, '2021010612491835335516', 1, '2020123019220797868356', 99, '2021-01-06 12:53:56', '9f2ec079-7d0f-4fe2-90ab-8b09a8302aba');
INSERT INTO `sys_roleauthorize`(`Id`, `ItemType`, `ItemId`, `ObjectType`, `ObjectId`, `SortCode`, `CreatorTime`, `CreatorUserId`) VALUES ('2021010612535560813632', 2, '2021010612522828498318', 1, '2020123019220797868356', 99, '2021-01-06 12:53:56', '9f2ec079-7d0f-4fe2-90ab-8b09a8302aba');
INSERT INTO `sys_roleauthorize`(`Id`, `ItemType`, `ItemId`, `ObjectType`, `ObjectId`, `SortCode`, `CreatorTime`, `CreatorUserId`) VALUES ('2021010612535560815524', 1, '2021010612514163234452', 1, '2020123019220797868356', 99, '2021-01-06 12:53:56', '9f2ec079-7d0f-4fe2-90ab-8b09a8302aba');
INSERT INTO `sys_roleauthorize`(`Id`, `ItemType`, `ItemId`, `ObjectType`, `ObjectId`, `SortCode`, `CreatorTime`, `CreatorUserId`) VALUES ('2021010612535560816272', 2, '2021010612522826599230', 1, '2020123019220797868356', 99, '2021-01-06 12:53:56', '9f2ec079-7d0f-4fe2-90ab-8b09a8302aba');
INSERT INTO `sys_roleauthorize`(`Id`, `ItemType`, `ItemId`, `ObjectType`, `ObjectId`, `SortCode`, `CreatorTime`, `CreatorUserId`) VALUES ('2021010612535560816288', 2, '2021010612491813391450', 1, '2020123019220797868356', 99, '2021-01-06 12:53:56', '9f2ec079-7d0f-4fe2-90ab-8b09a8302aba');
INSERT INTO `sys_roleauthorize`(`Id`, `ItemType`, `ItemId`, `ObjectType`, `ObjectId`, `SortCode`, `CreatorTime`, `CreatorUserId`) VALUES ('2021010612535560816728', 2, '2021010612522824805771', 1, '2020123019220797868356', 99, '2021-01-06 12:53:56', '9f2ec079-7d0f-4fe2-90ab-8b09a8302aba');
INSERT INTO `sys_roleauthorize`(`Id`, `ItemType`, `ItemId`, `ObjectType`, `ObjectId`, `SortCode`, `CreatorTime`, `CreatorUserId`) VALUES ('2021010612535560817841', 2, '2021010612491833636611', 1, '2020123019220797868356', 99, '2021-01-06 12:53:56', '9f2ec079-7d0f-4fe2-90ab-8b09a8302aba');
INSERT INTO `sys_roleauthorize`(`Id`, `ItemType`, `ItemId`, `ObjectType`, `ObjectId`, `SortCode`, `CreatorTime`, `CreatorUserId`) VALUES ('2021010612535560824839', 2, '2021010612522830229383', 1, '2020123019220797868356', 99, '2021-01-06 12:53:56', '9f2ec079-7d0f-4fe2-90ab-8b09a8302aba');
INSERT INTO `sys_roleauthorize`(`Id`, `ItemType`, `ItemId`, `ObjectType`, `ObjectId`, `SortCode`, `CreatorTime`, `CreatorUserId`) VALUES ('2021010612535560827116', 2, '2021010612522823068793', 1, '2020123019220797868356', 99, '2021-01-06 12:53:56', '9f2ec079-7d0f-4fe2-90ab-8b09a8302aba');
INSERT INTO `sys_roleauthorize`(`Id`, `ItemType`, `ItemId`, `ObjectType`, `ObjectId`, `SortCode`, `CreatorTime`, `CreatorUserId`) VALUES ('2021010612535560827305', 0, '201806141508359155', 1, '2020123019220797868356', 99, '2021-01-06 12:53:56', '9f2ec079-7d0f-4fe2-90ab-8b09a8302aba');
INSERT INTO `sys_roleauthorize`(`Id`, `ItemType`, `ItemId`, `ObjectType`, `ObjectId`, `SortCode`, `CreatorTime`, `CreatorUserId`) VALUES ('2021010612535560828377', 2, '2021010612522832039767', 1, '2020123019220797868356', 99, '2021-01-06 12:53:56', '9f2ec079-7d0f-4fe2-90ab-8b09a8302aba');
INSERT INTO `sys_roleauthorize`(`Id`, `ItemType`, `ItemId`, `ObjectType`, `ObjectId`, `SortCode`, `CreatorTime`, `CreatorUserId`) VALUES ('2021010612535560828667', 2, '2021010612522833744963', 1, '2020123019220797868356', 99, '2021-01-06 12:53:56', '9f2ec079-7d0f-4fe2-90ab-8b09a8302aba');
INSERT INTO `sys_roleauthorize`(`Id`, `ItemType`, `ItemId`, `ObjectType`, `ObjectId`, `SortCode`, `CreatorTime`, `CreatorUserId`) VALUES ('2021010612535561636802', 0, '201806141508359155', 1, '2020123019220797868356', 99, '2021-01-06 12:53:56', '9f2ec079-7d0f-4fe2-90ab-8b09a8302aba');
INSERT INTO `sys_roleauthorize`(`Id`, `ItemType`, `ItemId`, `ObjectType`, `ObjectId`, `SortCode`, `CreatorTime`, `CreatorUserId`) VALUES ('2021010612542480574089', 2, '2021010612491819924157', 1, '2DA8390B-61A4-4E6C-A6E7-8F6794C7EDCE', 99, '2021-01-06 12:54:25', '9f2ec079-7d0f-4fe2-90ab-8b09a8302aba');
INSERT INTO `sys_roleauthorize`(`Id`, `ItemType`, `ItemId`, `ObjectType`, `ObjectId`, `SortCode`, `CreatorTime`, `CreatorUserId`) VALUES ('2021010612542480578113', 1, '2021010612383675183980', 1, '2DA8390B-61A4-4E6C-A6E7-8F6794C7EDCE', 99, '2021-01-06 12:54:25', '9f2ec079-7d0f-4fe2-90ab-8b09a8302aba');
INSERT INTO `sys_roleauthorize`(`Id`, `ItemType`, `ItemId`, `ObjectType`, `ObjectId`, `SortCode`, `CreatorTime`, `CreatorUserId`) VALUES ('2021010612542480579181', 1, '2021010612464998158840', 1, '2DA8390B-61A4-4E6C-A6E7-8F6794C7EDCE', 99, '2021-01-06 12:54:25', '9f2ec079-7d0f-4fe2-90ab-8b09a8302aba');
INSERT INTO `sys_roleauthorize`(`Id`, `ItemType`, `ItemId`, `ObjectType`, `ObjectId`, `SortCode`, `CreatorTime`, `CreatorUserId`) VALUES ('2021010612542480582194', 2, '2021010612491831898409', 1, '2DA8390B-61A4-4E6C-A6E7-8F6794C7EDCE', 99, '2021-01-06 12:54:25', '9f2ec079-7d0f-4fe2-90ab-8b09a8302aba');
INSERT INTO `sys_roleauthorize`(`Id`, `ItemType`, `ItemId`, `ObjectType`, `ObjectId`, `SortCode`, `CreatorTime`, `CreatorUserId`) VALUES ('2021010612542480584363', 1, '2021010612514163234452', 1, '2DA8390B-61A4-4E6C-A6E7-8F6794C7EDCE', 99, '2021-01-06 12:54:25', '9f2ec079-7d0f-4fe2-90ab-8b09a8302aba');
INSERT INTO `sys_roleauthorize`(`Id`, `ItemType`, `ItemId`, `ObjectType`, `ObjectId`, `SortCode`, `CreatorTime`, `CreatorUserId`) VALUES ('2021010612542480584463', 2, '2021010612522826599230', 1, '2DA8390B-61A4-4E6C-A6E7-8F6794C7EDCE', 99, '2021-01-06 12:54:25', '9f2ec079-7d0f-4fe2-90ab-8b09a8302aba');
INSERT INTO `sys_roleauthorize`(`Id`, `ItemType`, `ItemId`, `ObjectType`, `ObjectId`, `SortCode`, `CreatorTime`, `CreatorUserId`) VALUES ('2021010612542480585469', 2, '2021010612522828498318', 1, '2DA8390B-61A4-4E6C-A6E7-8F6794C7EDCE', 99, '2021-01-06 12:54:25', '9f2ec079-7d0f-4fe2-90ab-8b09a8302aba');
INSERT INTO `sys_roleauthorize`(`Id`, `ItemType`, `ItemId`, `ObjectType`, `ObjectId`, `SortCode`, `CreatorTime`, `CreatorUserId`) VALUES ('2021010612542480585628', 2, '2021010612491835335516', 1, '2DA8390B-61A4-4E6C-A6E7-8F6794C7EDCE', 99, '2021-01-06 12:54:25', '9f2ec079-7d0f-4fe2-90ab-8b09a8302aba');
INSERT INTO `sys_roleauthorize`(`Id`, `ItemType`, `ItemId`, `ObjectType`, `ObjectId`, `SortCode`, `CreatorTime`, `CreatorUserId`) VALUES ('2021010612542480586030', 2, '2021010612491822062867', 1, '2DA8390B-61A4-4E6C-A6E7-8F6794C7EDCE', 99, '2021-01-06 12:54:25', '9f2ec079-7d0f-4fe2-90ab-8b09a8302aba');
INSERT INTO `sys_roleauthorize`(`Id`, `ItemType`, `ItemId`, `ObjectType`, `ObjectId`, `SortCode`, `CreatorTime`, `CreatorUserId`) VALUES ('2021010612542480586888', 2, '2021010612522824805771', 1, '2DA8390B-61A4-4E6C-A6E7-8F6794C7EDCE', 99, '2021-01-06 12:54:25', '9f2ec079-7d0f-4fe2-90ab-8b09a8302aba');
INSERT INTO `sys_roleauthorize`(`Id`, `ItemType`, `ItemId`, `ObjectType`, `ObjectId`, `SortCode`, `CreatorTime`, `CreatorUserId`) VALUES ('2021010612542480587431', 2, '2021010612491833636611', 1, '2DA8390B-61A4-4E6C-A6E7-8F6794C7EDCE', 99, '2021-01-06 12:54:25', '9f2ec079-7d0f-4fe2-90ab-8b09a8302aba');
INSERT INTO `sys_roleauthorize`(`Id`, `ItemType`, `ItemId`, `ObjectType`, `ObjectId`, `SortCode`, `CreatorTime`, `CreatorUserId`) VALUES ('2021010612542480587704', 2, '2021010612491836859838', 1, '2DA8390B-61A4-4E6C-A6E7-8F6794C7EDCE', 99, '2021-01-06 12:54:25', '9f2ec079-7d0f-4fe2-90ab-8b09a8302aba');
INSERT INTO `sys_roleauthorize`(`Id`, `ItemType`, `ItemId`, `ObjectType`, `ObjectId`, `SortCode`, `CreatorTime`, `CreatorUserId`) VALUES ('2021010612542480587929', 2, '2021010612491813391450', 1, '2DA8390B-61A4-4E6C-A6E7-8F6794C7EDCE', 99, '2021-01-06 12:54:25', '9f2ec079-7d0f-4fe2-90ab-8b09a8302aba');
INSERT INTO `sys_roleauthorize`(`Id`, `ItemType`, `ItemId`, `ObjectType`, `ObjectId`, `SortCode`, `CreatorTime`, `CreatorUserId`) VALUES ('2021010612542480591364', 2, '2021010612522833744963', 1, '2DA8390B-61A4-4E6C-A6E7-8F6794C7EDCE', 99, '2021-01-06 12:54:25', '9f2ec079-7d0f-4fe2-90ab-8b09a8302aba');
INSERT INTO `sys_roleauthorize`(`Id`, `ItemType`, `ItemId`, `ObjectType`, `ObjectId`, `SortCode`, `CreatorTime`, `CreatorUserId`) VALUES ('2021010612542480591827', 2, '2021010612522823068793', 1, '2DA8390B-61A4-4E6C-A6E7-8F6794C7EDCE', 99, '2021-01-06 12:54:25', '9f2ec079-7d0f-4fe2-90ab-8b09a8302aba');
INSERT INTO `sys_roleauthorize`(`Id`, `ItemType`, `ItemId`, `ObjectType`, `ObjectId`, `SortCode`, `CreatorTime`, `CreatorUserId`) VALUES ('2021010612542480596331', 0, '201806141508359155', 1, '2DA8390B-61A4-4E6C-A6E7-8F6794C7EDCE', 99, '2021-01-06 12:54:25', '9f2ec079-7d0f-4fe2-90ab-8b09a8302aba');
INSERT INTO `sys_roleauthorize`(`Id`, `ItemType`, `ItemId`, `ObjectType`, `ObjectId`, `SortCode`, `CreatorTime`, `CreatorUserId`) VALUES ('2021010612542480598097', 2, '2021010612522832039767', 1, '2DA8390B-61A4-4E6C-A6E7-8F6794C7EDCE', 99, '2021-01-06 12:54:25', '9f2ec079-7d0f-4fe2-90ab-8b09a8302aba');
INSERT INTO `sys_roleauthorize`(`Id`, `ItemType`, `ItemId`, `ObjectType`, `ObjectId`, `SortCode`, `CreatorTime`, `CreatorUserId`) VALUES ('2021010612542480599974', 2, '2021010612522830229383', 1, '2DA8390B-61A4-4E6C-A6E7-8F6794C7EDCE', 99, '2021-01-06 12:54:25', '9f2ec079-7d0f-4fe2-90ab-8b09a8302aba');
INSERT INTO `sys_sequence`(`Id`, `SequenceName`, `SequenceDelimiter`, `SequenceReset`, `Step`, `CurrentNo`, `CurrentCode`, `CurrentReset`, `Description`, `EnabledMark`, `DeleteMark`, `CreatorTime`, `CreatorUserId`, `CompanyId`, `DeptId`, `LastModifyTime`, `LastModifyUserId`, `DeleteTime`, `DeleteUserId`) VALUES ('2020110315524224883267', 'TaskManager', '', 'M', 1, 20, 'T202012260020', '20201226', '定时任务编号', 1, 0, '2020-11-03 15:52:42', '9f2ec079-7d0f-4fe2-90ab-8b09a8302aba', '201806131523019338', '80E10CD5-7591-40B8-A005-BCDE1B961E76', '2020-11-03 15:53:25', '9f2ec079-7d0f-4fe2-90ab-8b09a8302aba', NULL, NULL);
INSERT INTO `sys_sequencerule`(`Id`, `SequenceName`, `RuleOrder`, `RuleType`, `RuleValue`, `PaddingSide`, `PaddingWidth`, `Sys_SequenceRulecol`, `PaddingChar`, `Description`, `EnabledMark`, `DeleteMark`, `CreatorTime`, `CreatorUserId`, `CompanyId`, `DeptId`, `LastModifyTime`, `LastModifyUserId`, `DeleteTime`, `DeleteUserId`) VALUES ('2020110315525256979988', 'TaskManager', 2, 'date', '', 'None', 0, NULL, '', '1', 1, 0, '2020-11-03 15:52:53', '9f2ec079-7d0f-4fe2-90ab-8b09a8302aba', '201806131523019338', '80E10CD5-7591-40B8-A005-BCDE1B961E76', '2020-11-03 15:53:56', '9f2ec079-7d0f-4fe2-90ab-8b09a8302aba', NULL, NULL);
INSERT INTO `sys_sequencerule`(`Id`, `SequenceName`, `RuleOrder`, `RuleType`, `RuleValue`, `PaddingSide`, `PaddingWidth`, `Sys_SequenceRulecol`, `PaddingChar`, `Description`, `EnabledMark`, `DeleteMark`, `CreatorTime`, `CreatorUserId`, `CompanyId`, `DeptId`, `LastModifyTime`, `LastModifyUserId`, `DeleteTime`, `DeleteUserId`) VALUES ('2020110315534621237409', 'TaskManager', 1, 'const', 'T', 'None', 0, NULL, '', '', 1, 0, '2020-11-03 15:53:46', '9f2ec079-7d0f-4fe2-90ab-8b09a8302aba', '201806131523019338', '80E10CD5-7591-40B8-A005-BCDE1B961E76', NULL, NULL, NULL, NULL);
INSERT INTO `sys_sequencerule`(`Id`, `SequenceName`, `RuleOrder`, `RuleType`, `RuleValue`, `PaddingSide`, `PaddingWidth`, `Sys_SequenceRulecol`, `PaddingChar`, `Description`, `EnabledMark`, `DeleteMark`, `CreatorTime`, `CreatorUserId`, `CompanyId`, `DeptId`, `LastModifyTime`, `LastModifyUserId`, `DeleteTime`, `DeleteUserId`) VALUES ('2020110315543228146933', 'TaskManager', 3, 'number', '1', 'Left', 4, NULL, '0', '', 1, 0, '2020-11-03 15:54:32', '9f2ec079-7d0f-4fe2-90ab-8b09a8302aba', '201806131523019338', '80E10CD5-7591-40B8-A005-BCDE1B961E76', '2020-11-03 15:54:42', '9f2ec079-7d0f-4fe2-90ab-8b09a8302aba', NULL, NULL);
INSERT INTO `sys_systemtype`(`Id`, `EnCode`, `FullName`, `Url`, `AllowEdit`, `AllowDelete`, `SortCode`, `DeleteMark`, `EnabledMark`, `Description`, `CreatorTime`, `CreatorUserId`, `LastModifyTime`, `LastModifyUserId`, `DeleteTime`, `DeleteUserId`) VALUES ('201806141508359155', 'openauth', '权限系统', NULL, 0, 0, 1, 0, 1, '权限系统是基础系统，包含机构、岗位、角色、用户等功能', '2018-06-14 00:00:00', '9f2ec079-7d0f-4fe2-90ab-8b09a8302aba', '2018-06-14 00:00:00', '9f2ec079-7d0f-4fe2-90ab-8b09a8302aba', '2001-01-01 00:00:00', NULL);
INSERT INTO `sys_systemtype`(`Id`, `EnCode`, `FullName`, `Url`, `AllowEdit`, `AllowDelete`, `SortCode`, `DeleteMark`, `EnabledMark`, `Description`, `CreatorTime`, `CreatorUserId`, `LastModifyTime`, `LastModifyUserId`, `DeleteTime`, `DeleteUserId`) VALUES ('2021010319110318113791', 'YuebonWcs', '易分拣', 'http://localhost:9529', NULL, NULL, 99, 0, 1, '', '2021-01-03 19:11:03', '2020031712130656785909', NULL, NULL, NULL, NULL);
INSERT INTO `sys_taskmanager`(`Id`, `TaskName`, `GroupName`, `StartTime`, `EndTime`, `Cron`, `IsLocal`, `JobCallAddress`, `JobCallParams`, `LastRunTime`, `LastErrorTime`, `NextRunTime`, `RunCount`, `ErrorCount`, `Description`, `SendMail`, `EmailAddress`, `Status`, `EnabledMark`, `DeleteMark`, `CreatorTime`, `CreatorUserId`, `CompanyId`, `DeptId`, `LastModifyTime`, `LastModifyUserId`, `DeleteTime`, `DeleteUserId`) VALUES ('T202012260019', '清除系统日志', 'test', '2020-12-26 12:00:00', '2024-01-31 00:00:00', '0 0 0/3 * * ?', 1, 'Yuebon.Quartz.Jobs.SysLogJob', '', '2020-12-26 13:55:12', NULL, '2020-12-30 21:00:00', 0, 0, '', 1, '', 0, 1, 0, '2020-12-26 13:55:12', '9f2ec079-7d0f-4fe2-90ab-8b09a8302aba', '201806131523019338', '80E10CD5-7591-40B8-A005-BCDE1B961E76', '2020-12-30 19:35:25', '9f2ec079-7d0f-4fe2-90ab-8b09a8302aba', NULL, '');
INSERT INTO `sys_taskmanager`(`Id`, `TaskName`, `GroupName`, `StartTime`, `EndTime`, `Cron`, `IsLocal`, `JobCallAddress`, `JobCallParams`, `LastRunTime`, `LastErrorTime`, `NextRunTime`, `RunCount`, `ErrorCount`, `Description`, `SendMail`, `EmailAddress`, `Status`, `EnabledMark`, `DeleteMark`, `CreatorTime`, `CreatorUserId`, `CompanyId`, `DeptId`, `LastModifyTime`, `LastModifyUserId`, `DeleteTime`, `DeleteUserId`) VALUES ('T202012260020', '外部接口调用', 'test', '2020-12-26 12:00:00', '2021-01-27 00:00:00', '0 0/1 * * * ?', 0, 'https://www.ip.cn/api/index?ip=120.204.168.22&type=1', '', '2021-01-05 22:21:43', '2021-01-05 21:29:01', '2021-01-05 22:22:00', 1119, 1109, '233', 1, '', 0, 1, 0, '2020-12-26 13:59:42', '9f2ec079-7d0f-4fe2-90ab-8b09a8302aba', '201806131523019338', '80E10CD5-7591-40B8-A005-BCDE1B961E76', '2021-01-05 21:29:20', '2020031712130656785909', NULL, '');
INSERT INTO `sys_tenant`(`Id`, `TenantName`, `CompanyName`, `HostDomain`, `LinkMan`, `Telphone`, `DataSource`, `Description`, `EnabledMark`, `DeleteMark`, `CreatorTime`, `CreatorUserId`, `CompanyId`, `DeptId`, `LastModifyTime`, `LastModifyUserId`, `DeleteTime`, `DeleteUserId`) VALUES ('2020110316513684077988', 'tes12', '', '12213', '', '', '', '', 1, 0, '2020-11-03 16:51:37', '9f2ec079-7d0f-4fe2-90ab-8b09a8302aba', '201806131523019338', '80E10CD5-7591-40B8-A005-BCDE1B961E76', '2020-12-30 18:00:51', '2020031712130656785909', NULL, NULL);
INSERT INTO `sys_uploadfile`(`Id`, `FileName`, `FilePath`, `Description`, `FileType`, `FileSize`, `Extension`, `EnabledMark`, `SortCode`, `DeleteMark`, `CreatorUserId`, `CreateUserName`, `CreatorTime`, `Thumbnail`, `BelongApp`, `BelongAppId`) VALUES ('2020042418120025822475', '001.jpg', 'upload/2020/4/24/2020042418120004117515.jpg', '', '.jpg', 326228, '.jpg', 1, 0, 0, NULL, NULL, '2020-04-24 18:12:00', 'upload/2020/4/24//2020042418120004117515_300x300.jpg', '', '');
INSERT INTO `sys_user`(`Id`, `Account`, `RealName`, `NickName`, `HeadIcon`, `Gender`, `Birthday`, `MobilePhone`, `Email`, `WeChat`, `ManagerId`, `SecurityLevel`, `Signature`, `Country`, `Province`, `City`, `District`, `OrganizeId`, `DepartmentId`, `RoleId`, `DutyId`, `IsAdministrator`, `IsMember`, `MemberGradeId`, `ReferralUserId`, `UnionId`, `SortCode`, `DeleteMark`, `EnabledMark`, `Description`, `CreatorTime`, `CreatorUserId`, `LastModifyTime`, `LastModifyUserId`, `DeleteTime`, `DeleteUserId`) VALUES ('2020031712130656785909', 'test', '体验账号', '体验账号', NULL, 0, '2020-04-22 00:00:00', '23323', NULL, '2342', NULL, 0, NULL, NULL, NULL, NULL, NULL, '5AB270C0-5D33-4203-A54F-4552699FDA3C', '201906060900443360', 'F0A2B36F-35A7-4660-B46C-D4AB796591EB', '23ED024E-0AAA-4C8D-9216-D1AB93348D26', 0, NULL, NULL, NULL, NULL, 99, 0, 1, '体验账号', '2020-03-17 00:00:00', '9f2ec079-7d0f-4fe2-90ab-8b09a8302aba', '2020-12-30 17:44:24', '2020031712130656785909', '2001-01-01 00:00:00', NULL);
INSERT INTO `sys_user`(`Id`, `Account`, `RealName`, `NickName`, `HeadIcon`, `Gender`, `Birthday`, `MobilePhone`, `Email`, `WeChat`, `ManagerId`, `SecurityLevel`, `Signature`, `Country`, `Province`, `City`, `District`, `OrganizeId`, `DepartmentId`, `RoleId`, `DutyId`, `IsAdministrator`, `IsMember`, `MemberGradeId`, `ReferralUserId`, `UnionId`, `SortCode`, `DeleteMark`, `EnabledMark`, `Description`, `CreatorTime`, `CreatorUserId`, `LastModifyTime`, `LastModifyUserId`, `DeleteTime`, `DeleteUserId`) VALUES ('2020123019074188672006', 'test1', '测试', '测试', NULL, 0, NULL, NULL, 'test@qq.com', NULL, NULL, NULL, NULL, NULL, NULL, NULL, NULL, '5AB270C0-5D33-4203-A54F-4552699FDA3C', '201806131523019338', '2020123019220797868356', NULL, 0, 1, NULL, NULL, NULL, 99, 0, 1, NULL, '2020-12-30 19:07:42', '2020123019074188672006', '2021-01-03 19:24:35', '2020031712130656785909', NULL, NULL);
INSERT INTO `sys_user`(`Id`, `Account`, `RealName`, `NickName`, `HeadIcon`, `Gender`, `Birthday`, `MobilePhone`, `Email`, `WeChat`, `ManagerId`, `SecurityLevel`, `Signature`, `Country`, `Province`, `City`, `District`, `OrganizeId`, `DepartmentId`, `RoleId`, `DutyId`, `IsAdministrator`, `IsMember`, `MemberGradeId`, `ReferralUserId`, `UnionId`, `SortCode`, `DeleteMark`, `EnabledMark`, `Description`, `CreatorTime`, `CreatorUserId`, `LastModifyTime`, `LastModifyUserId`, `DeleteTime`, `DeleteUserId`) VALUES ('9f2ec079-7d0f-4fe2-90ab-8b09a8302aba', 'admin', '超级管理员', '超级管理员', NULL, 1, '1987-02-28 00:00:00', '13524343289', 'cqinwn@yuebon.com', 'cqinwn', '1', 1, NULL, NULL, NULL, NULL, NULL, '201806131523019338', '80E10CD5-7591-40B8-A005-BCDE1B961E76', 'F0A2B36F-35A7-4660-B46C-D4AB796591EB', 'B2624F67-E092-461A-AAAD-13592A9429D9', 1, NULL, NULL, NULL, NULL, 1, 0, 1, '拥有所有权限', '2001-01-01 00:00:00', NULL, '2020-04-22 00:00:00', '9f2ec079-7d0f-4fe2-90ab-8b09a8302aba', '2018-04-22 00:00:00', 'd4dc3a3ecb884a2fa446afdc2552f20d');
INSERT INTO `sys_userlogon`(`Id`, `UserId`, `UserPassword`, `UserSecretkey`, `AllowStartTime`, `AllowEndTime`, `LockStartDate`, `LockEndDate`, `FirstVisitTime`, `PreviousVisitTime`, `LastVisitTime`, `ChangePasswordDate`, `MultiUserLogin`, `LogOnCount`, `UserOnLine`, `Question`, `AnswerQuestion`, `CheckIPAddress`, `Language`, `Theme`) VALUES ('2020031712130659893499', '2020031712130656785909', '7168bcc0c0a2d9baa273a3ffab49263c', '54be494e3119b7d0', '2001-01-01 00:00:00', '2100-01-01 00:00:00', '2001-01-01 00:00:00', '2001-01-01 00:00:00', '2001-01-01 00:00:00', '2021-01-05 21:43:22', '2021-01-05 21:43:22', '2020-12-30 17:34:42', NULL, 26, 1, NULL, NULL, NULL, NULL, NULL);
INSERT INTO `sys_userlogon`(`Id`, `UserId`, `UserPassword`, `UserSecretkey`, `AllowStartTime`, `AllowEndTime`, `LockStartDate`, `LockEndDate`, `FirstVisitTime`, `PreviousVisitTime`, `LastVisitTime`, `ChangePasswordDate`, `MultiUserLogin`, `LogOnCount`, `UserOnLine`, `Question`, `AnswerQuestion`, `CheckIPAddress`, `Language`, `Theme`) VALUES ('2020041711444391798929', '2020041711444387653354', 'e13701a09c0595b06ba4db7143d68a4d', '5c7faf6506a742f4', '2001-01-01 00:00:00', '2100-01-01 00:00:00', '2001-01-01 00:00:00', '2001-01-01 00:00:00', '2001-01-01 00:00:00', '2001-01-01 00:00:00', '2001-01-01 00:00:00', '2001-01-01 00:00:00', NULL, 0, NULL, NULL, NULL, NULL, NULL, NULL);
INSERT INTO `sys_userlogon`(`Id`, `UserId`, `UserPassword`, `UserSecretkey`, `AllowStartTime`, `AllowEndTime`, `LockStartDate`, `LockEndDate`, `FirstVisitTime`, `PreviousVisitTime`, `LastVisitTime`, `ChangePasswordDate`, `MultiUserLogin`, `LogOnCount`, `UserOnLine`, `Question`, `AnswerQuestion`, `CheckIPAddress`, `Language`, `Theme`) VALUES ('2020041918484483875127', '2020041918484479709774', 'b76afb92338c02c4c69a3180f3d390b7', '1ac15cdd47fdbdb1', '2001-01-01 00:00:00', '2100-01-01 00:00:00', '2001-01-01 00:00:00', '2001-01-01 00:00:00', '2001-01-01 00:00:00', '2001-01-01 00:00:00', '2001-01-01 00:00:00', '2001-01-01 00:00:00', NULL, 0, NULL, NULL, NULL, NULL, NULL, NULL);
INSERT INTO `sys_userlogon`(`Id`, `UserId`, `UserPassword`, `UserSecretkey`, `AllowStartTime`, `AllowEndTime`, `LockStartDate`, `LockEndDate`, `FirstVisitTime`, `PreviousVisitTime`, `LastVisitTime`, `ChangePasswordDate`, `MultiUserLogin`, `LogOnCount`, `UserOnLine`, `Question`, `AnswerQuestion`, `CheckIPAddress`, `Language`, `Theme`) VALUES ('2020122617085559619338', '2020122617085558826763', '2147ec6b403e69f10055a6484a910177', 'ea47069817e96e75', '2020-12-26 17:08:56', '2120-12-26 17:08:56', '2020-12-26 17:08:56', '2020-12-26 17:08:56', '2020-12-26 17:09:13', '2020-12-26 17:13:56', '2020-12-26 17:13:56', '2020-12-26 17:08:56', 0, 5, 1, NULL, NULL, 0, NULL, NULL);
INSERT INTO `sys_userlogon`(`Id`, `UserId`, `UserPassword`, `UserSecretkey`, `AllowStartTime`, `AllowEndTime`, `LockStartDate`, `LockEndDate`, `FirstVisitTime`, `PreviousVisitTime`, `LastVisitTime`, `ChangePasswordDate`, `MultiUserLogin`, `LogOnCount`, `UserOnLine`, `Question`, `AnswerQuestion`, `CheckIPAddress`, `Language`, `Theme`) VALUES ('2020123019074189421600', '2020123019074188672006', 'a337a4ae3b7e1c95ba0094758d12d504', 'f68d1d93a83d9162', '2020-12-30 19:07:42', '2120-12-30 19:07:42', '2020-12-30 19:07:42', '2020-12-30 19:07:42', '2020-12-30 19:25:45', '2021-01-05 20:02:38', '2021-01-05 20:02:38', '2021-01-03 21:14:30', 0, 71, 0, NULL, NULL, 0, NULL, NULL);
INSERT INTO `sys_userlogon`(`Id`, `UserId`, `UserPassword`, `UserSecretkey`, `AllowStartTime`, `AllowEndTime`, `LockStartDate`, `LockEndDate`, `FirstVisitTime`, `PreviousVisitTime`, `LastVisitTime`, `ChangePasswordDate`, `MultiUserLogin`, `LogOnCount`, `UserOnLine`, `Question`, `AnswerQuestion`, `CheckIPAddress`, `Language`, `Theme`) VALUES ('9f2ec079-7d0f-4fe2-90ab-8b09a8302aba', '9f2ec079-7d0f-4fe2-90ab-8b09a8302aba', '581a55d96e74fd33bcae89a888bee81d', '268d17a08e973c14', '2001-01-01 00:00:00', '2100-01-01 00:00:00', '2001-01-01 00:00:00', '2001-01-01 00:00:00', '2001-01-01 00:00:00', '2021-01-08 23:33:36', '2021-01-08 23:33:36', '2001-01-01 00:00:00', NULL, 98, 1, NULL, NULL, NULL, NULL, NULL);
